filename,predicted_label,maximum_predicted_probability,prob_Intermediate,prob_Nanodomain,prob_Outside
testing1.jpg,Intermediate,1.0,1.0,2.7607734e-22,1.6570058e-23
testing2.jpg,Outside,1.0,2.6276714e-24,1.639335e-20,1.0
testing3.jpg,Nanodomain,1.0,0.0,1.0,0.0
testing4.jpg,Nanodomain,1.0,0.0,1.0,0.0
testing5.jpg,Nanodomain,1.0,0.0,1.0,0.0
testing6.jpg,Nanodomain,1.0,0.0,1.0,0.0
testing7.jpg,Nanodomain,1.0,0.0,1.0,0.0
testing8.jpg,Outside,1.0,3.2046745e-25,1.98268e-20,1.0
testing9.jpg,Nanodomain,1.0,0.0,1.0,0.0
testing10.jpg,Outside,1.0,1.279148e-20,3.8139786e-22,1.0
testing11.jpg,Outside,1.0,3.7573595e-35,1.8216235e-29,1.0
testing12.jpg,Outside,1.0,2.7582483e-21,8.8697325e-21,1.0
testing13.jpg,Outside,1.0,1.603209e-16,2.0251582e-20,1.0
testing14.jpg,Outside,1.0,5.51975e-29,3.4056632e-25,1.0
testing15.jpg,Outside,1.0,7.340875e-22,1.7914824e-20,1.0
testing16.jpg,Outside,1.0,1.21346655e-23,7.256866e-24,1.0
testing17.jpg,Intermediate,0.6684803,0.6684803,4.66114e-16,0.33151966
testing18.jpg,Outside,1.0,1.1978735e-11,8.621657e-16,1.0
testing19.jpg,Outside,1.0,9.067798e-18,2.1760225e-18,1.0
testing20.jpg,Outside,1.0,5.338495e-19,9.864271e-19,1.0
testing21.jpg,Outside,0.9999995,4.7261224e-07,1.4899885e-16,0.9999995
testing22.jpg,Outside,1.0,9.29112e-19,7.795903e-19,1.0
testing23.jpg,Outside,0.8141565,0.18584359,1.127752e-14,0.8141565
testing24.jpg,Outside,1.0,6.906657e-11,2.1151079e-18,1.0
testing25.jpg,Outside,1.0,5.9478084e-17,9.0788e-19,1.0
testing26.jpg,Outside,0.99999976,2.2351831e-07,6.6600877e-16,0.99999976
testing27.jpg,Outside,1.0,1.4599292e-14,1.7871568e-18,1.0
testing28.jpg,Outside,1.0,1.750926e-18,3.141166e-19,1.0
testing29.jpg,Outside,1.0,9.9523715e-20,9.033431e-21,1.0
testing30.jpg,Intermediate,0.84709984,0.84709984,6.429638e-16,0.15290019
testing31.jpg,Intermediate,0.58843493,0.58843493,2.879951e-15,0.4115651
testing32.jpg,Outside,1.0,4.5240705e-20,6.022431e-21,1.0
testing33.jpg,Outside,1.0,3.5699877e-11,1.3027136e-16,1.0
testing34.jpg,Intermediate,0.92103446,0.92103446,1.3427157e-17,0.07896548
testing35.jpg,Outside,1.0,1.2702844e-26,3.5602422e-23,1.0
testing36.jpg,Outside,1.0,2.449983e-28,2.0992112e-23,1.0
testing37.jpg,Nanodomain,1.0,0.0,1.0,0.0
testing38.jpg,Nanodomain,1.0,0.0,1.0,0.0
testing39.jpg,Nanodomain,1.0,0.0,1.0,0.0
testing40.jpg,Nanodomain,1.0,0.0,1.0,0.0
testing41.jpg,Nanodomain,1.0,0.0,1.0,0.0
testing42.jpg,Nanodomain,1.0,0.0,1.0,0.0
testing43.jpg,Nanodomain,1.0,0.0,1.0,0.0
testing44.jpg,Nanodomain,1.0,0.0,1.0,0.0
testing45.jpg,Nanodomain,1.0,0.0,1.0,0.0
testing46.jpg,Nanodomain,1.0,0.0,1.0,0.0
testing47.jpg,Nanodomain,1.0,0.0,1.0,0.0
testing48.jpg,Nanodomain,1.0,0.0,1.0,0.0
testing49.jpg,Nanodomain,1.0,0.0,1.0,0.0
testing50.jpg,Nanodomain,1.0,0.0,1.0,0.0
testing51.jpg,Outside,1.0,4.197578e-18,2.1990288e-18,1.0
testing52.jpg,Outside,0.7606142,0.23938581,1.3579928e-13,0.7606142
testing53.jpg,Outside,1.0,9.4289176e-24,1.25697254e-23,1.0
testing54.jpg,Outside,1.0,5.4616414e-24,1.5144673e-19,1.0
testing55.jpg,Intermediate,0.9539304,0.9539304,1.7906566e-12,0.046069574
testing56.jpg,Nanodomain,1.0,4.5942294e-08,1.0,7.6082565e-26
testing57.jpg,Intermediate,0.99912363,0.99912363,6.902761e-19,0.0008763657
testing58.jpg,Intermediate,0.94034487,0.94034487,1.405943e-17,0.05965507
testing59.jpg,Intermediate,1.0,1.0,1.7735241e-28,2.9033982e-26
testing60.jpg,Intermediate,1.0,1.0,1.7178781e-34,1.1521313e-29
testing61.jpg,Nanodomain,1.0,0.0,1.0,0.0
testing62.jpg,Nanodomain,1.0,0.0,1.0,0.0
testing63.jpg,Nanodomain,1.0,0.0,1.0,0.0
testing64.jpg,Nanodomain,1.0,0.0,1.0,0.0
testing65.jpg,Nanodomain,1.0,0.0,1.0,0.0
testing66.jpg,Nanodomain,1.0,0.0,1.0,0.0
testing67.jpg,Nanodomain,1.0,0.0,1.0,0.0
testing68.jpg,Nanodomain,1.0,0.0,1.0,0.0
testing69.jpg,Nanodomain,1.0,0.0,1.0,0.0
testing70.jpg,Nanodomain,1.0,0.0,1.0,0.0
testing71.jpg,Nanodomain,1.0,0.0,1.0,0.0
testing72.jpg,Nanodomain,1.0,0.0,1.0,0.0
testing73.jpg,Nanodomain,1.0,3.6192907e-37,1.0,0.0
testing74.jpg,Nanodomain,1.0,0.0,1.0,0.0
testing75.jpg,Nanodomain,1.0,0.0,1.0,0.0
testing76.jpg,Nanodomain,1.0,0.0,1.0,0.0
testing77.jpg,Nanodomain,1.0,0.0,1.0,0.0
testing78.jpg,Nanodomain,1.0,0.0,1.0,0.0
testing79.jpg,Nanodomain,1.0,0.0,1.0,0.0
testing80.jpg,Nanodomain,1.0,0.0,1.0,0.0
testing81.jpg,Nanodomain,1.0,0.0,1.0,0.0
testing82.jpg,Nanodomain,1.0,0.0,1.0,0.0
testing83.jpg,Nanodomain,1.0,0.0,1.0,0.0
testing84.jpg,Nanodomain,1.0,0.0,1.0,0.0
testing85.jpg,Nanodomain,1.0,0.0,1.0,0.0
testing86.jpg,Nanodomain,1.0,8.951388e-34,1.0,0.0
testing87.jpg,Nanodomain,1.0,2.6550847e-34,1.0,0.0
testing88.jpg,Outside,1.0,9.570277e-17,3.6433975e-20,1.0
testing89.jpg,Nanodomain,1.0,2.9959742e-33,1.0,0.0
testing90.jpg,Nanodomain,1.0,6.2924333e-30,1.0,0.0
testing91.jpg,Nanodomain,1.0,5.888355e-36,1.0,0.0
testing92.jpg,Nanodomain,0.98593014,0.014069829,0.98593014,9.673699e-23
testing93.jpg,Nanodomain,1.0,7.0326e-25,1.0,0.0
testing94.jpg,Nanodomain,0.99999964,3.0475059e-07,0.99999964,8.499966e-26
testing95.jpg,Nanodomain,1.0,0.0,1.0,0.0
testing96.jpg,Nanodomain,1.0,0.0,1.0,0.0
testing97.jpg,Nanodomain,1.0,0.0,1.0,0.0
testing98.jpg,Nanodomain,1.0,0.0,1.0,0.0
testing99.jpg,Nanodomain,1.0,0.0,1.0,0.0
testing100.jpg,Nanodomain,1.0,0.0,1.0,0.0
testing101.jpg,Nanodomain,1.0,0.0,1.0,0.0
testing102.jpg,Nanodomain,1.0,0.0,1.0,0.0
testing103.jpg,Nanodomain,1.0,0.0,1.0,0.0
testing104.jpg,Nanodomain,1.0,0.0,1.0,0.0
testing105.jpg,Nanodomain,1.0,0.0,1.0,0.0
testing106.jpg,Nanodomain,1.0,0.0,1.0,0.0
testing107.jpg,Nanodomain,1.0,0.0,1.0,0.0
testing108.jpg,Nanodomain,1.0,1.7029432e-19,1.0,0.0
testing109.jpg,Intermediate,0.99999976,0.99999976,2.4085307e-07,1.7006762e-20
testing110.jpg,Nanodomain,0.99996257,3.7409438e-05,0.99996257,1.02872566e-23
testing111.jpg,Nanodomain,1.0,1.0810145e-15,1.0,4.162369e-34
testing112.jpg,Nanodomain,1.0,2.3645412e-38,1.0,0.0
testing113.jpg,Nanodomain,1.0,7.416403e-27,1.0,0.0
testing114.jpg,Nanodomain,1.0,1.0362455e-27,1.0,0.0
testing115.jpg,Nanodomain,1.0,1.2467902e-17,1.0,8.0084213e-38
testing116.jpg,Nanodomain,1.0,1.2511977e-24,1.0,0.0
testing117.jpg,Nanodomain,0.9999999,1.0004828e-07,0.9999999,1.7843622e-27
testing118.jpg,Nanodomain,1.0,3.0771604e-13,1.0,2.3254807e-35
testing119.jpg,Nanodomain,0.9999846,1.5394751e-05,0.9999846,4.7250057e-28
testing120.jpg,Outside,1.0,3.7627567e-33,1.3506562e-30,1.0
testing121.jpg,Outside,1.0,4.0750025e-33,2.092416e-30,1.0
testing122.jpg,Outside,1.0,2.3911825e-30,2.0828935e-28,1.0
testing123.jpg,Outside,1.0,3.935662e-30,1.2917117e-26,1.0
testing124.jpg,Outside,1.0,2.648345e-36,1.7417346e-31,1.0
testing125.jpg,Outside,1.0,1.7303819e-33,1.8005854e-30,1.0
testing126.jpg,Outside,1.0,8.87864e-35,1.1597637e-30,1.0
testing127.jpg,Nanodomain,1.0,0.0,1.0,0.0
testing128.jpg,Nanodomain,1.0,0.0,1.0,0.0
testing129.jpg,Outside,1.0,3.2041407e-30,2.0639041e-27,1.0
testing130.jpg,Intermediate,1.0,1.0,2.5853432e-25,4.912162e-09
testing131.jpg,Nanodomain,1.0,0.0,1.0,0.0
testing132.jpg,Nanodomain,1.0,0.0,1.0,0.0
testing133.jpg,Nanodomain,1.0,0.0,1.0,0.0
testing134.jpg,Nanodomain,1.0,0.0,1.0,0.0
testing135.jpg,Nanodomain,1.0,0.0,1.0,0.0
testing136.jpg,Nanodomain,1.0,0.0,1.0,0.0
testing137.jpg,Nanodomain,1.0,0.0,1.0,0.0
testing138.jpg,Nanodomain,1.0,0.0,1.0,0.0
testing139.jpg,Outside,1.0,1.556221e-23,1.3679448e-21,1.0
testing140.jpg,Outside,1.0,2.1523305e-09,5.530457e-14,1.0
testing141.jpg,Outside,1.0,6.8558494e-30,9.079188e-25,1.0
testing142.jpg,Outside,1.0,2.8722864e-20,2.7856684e-20,1.0
testing143.jpg,Outside,1.0,2.2307393e-24,5.512552e-22,1.0
testing144.jpg,Outside,1.0,3.4063746e-27,3.3103933e-23,1.0
testing145.jpg,Intermediate,1.0,1.0,1.8555859e-26,1.08334634e-16
testing146.jpg,Intermediate,1.0,1.0,8.336639e-35,7.571743e-27
testing147.jpg,Intermediate,0.9999999,0.9999999,7.2818125e-08,4.3619493e-23
testing148.jpg,Intermediate,1.0,1.0,1.4239711e-10,2.2067287e-23
testing149.jpg,Intermediate,1.0,1.0,1.0121652e-09,1.4803131e-23
testing150.jpg,Intermediate,1.0,1.0,1.379568e-10,3.4512844e-23
testing151.jpg,Intermediate,1.0,1.0,6.8255757e-16,7.202226e-26
testing152.jpg,Outside,0.9999989,1.04585e-06,5.909535e-17,0.9999989
testing153.jpg,Outside,1.0,1.7894859e-15,4.0019932e-20,1.0
testing154.jpg,Outside,0.99996567,3.434305e-05,9.693146e-16,0.99996567
testing155.jpg,Outside,1.0,3.9539887e-16,1.29817394e-17,1.0
testing156.jpg,Outside,1.0,3.3613446e-08,1.5296885e-15,1.0
testing157.jpg,Outside,1.0,2.9345076e-08,1.6981195e-16,1.0
testing158.jpg,Outside,1.0,2.1215547e-12,7.922893e-21,1.0
testing159.jpg,Intermediate,1.0,1.0,1.12906464e-26,3.7660528e-14
testing160.jpg,Intermediate,1.0,1.0,8.074882e-34,1.7292105e-22
testing161.jpg,Intermediate,1.0,1.0,8.135427e-25,1.0444302e-09
testing162.jpg,Intermediate,0.99999917,0.99999917,1.5225807e-20,8.440703e-07
testing163.jpg,Outside,1.0,2.4668818e-21,2.5078426e-21,1.0
testing164.jpg,Outside,1.0,1.3526298e-24,6.274752e-20,1.0
testing165.jpg,Outside,1.0,1.351466e-14,6.0880234e-16,1.0
testing166.jpg,Nanodomain,1.0,0.0,1.0,0.0
testing167.jpg,Nanodomain,1.0,0.0,1.0,0.0
testing168.jpg,Nanodomain,1.0,0.0,1.0,0.0
testing169.jpg,Nanodomain,1.0,0.0,1.0,0.0
testing170.jpg,Nanodomain,1.0,0.0,1.0,0.0
testing171.jpg,Nanodomain,1.0,0.0,1.0,0.0
testing172.jpg,Nanodomain,1.0,0.0,1.0,0.0
testing173.jpg,Nanodomain,1.0,0.0,1.0,0.0
testing174.jpg,Nanodomain,1.0,0.0,1.0,0.0
testing175.jpg,Nanodomain,1.0,0.0,1.0,0.0
testing176.jpg,Nanodomain,1.0,0.0,1.0,0.0
testing177.jpg,Nanodomain,1.0,0.0,1.0,0.0
testing178.jpg,Nanodomain,1.0,0.0,1.0,0.0
testing179.jpg,Outside,0.9999994,6.1000844e-07,8.876829e-15,0.9999994
testing180.jpg,Outside,1.0,1.9856658e-24,1.370018e-21,1.0
testing181.jpg,Outside,1.0,2.391025e-17,1.7803989e-19,1.0
testing182.jpg,Outside,1.0,5.422578e-29,1.5127023e-24,1.0
testing183.jpg,Outside,1.0,9.116672e-32,9.475954e-28,1.0
testing184.jpg,Outside,1.0,2.889483e-29,3.174235e-24,1.0
testing185.jpg,Outside,1.0,3.6409718e-32,1.2480788e-26,1.0
testing186.jpg,Outside,1.0,3.5608993e-35,7.2092246e-29,1.0
testing187.jpg,Outside,1.0,9.43927e-34,1.9379842e-29,1.0
testing188.jpg,Nanodomain,1.0,0.0,1.0,0.0
testing189.jpg,Nanodomain,1.0,0.0,1.0,0.0
testing190.jpg,Nanodomain,1.0,0.0,1.0,0.0
testing191.jpg,Nanodomain,1.0,0.0,1.0,0.0
testing192.jpg,Nanodomain,1.0,0.0,1.0,0.0
testing193.jpg,Nanodomain,1.0,0.0,1.0,0.0
testing194.jpg,Nanodomain,1.0,0.0,1.0,0.0
testing195.jpg,Nanodomain,1.0,0.0,1.0,0.0
testing196.jpg,Nanodomain,1.0,0.0,1.0,0.0
testing197.jpg,Nanodomain,1.0,0.0,1.0,0.0
testing198.jpg,Nanodomain,1.0,0.0,1.0,0.0
testing199.jpg,Nanodomain,1.0,0.0,1.0,0.0
testing200.jpg,Nanodomain,1.0,0.0,1.0,0.0
testing201.jpg,Nanodomain,1.0,3.7079227e-35,1.0,0.0
testing202.jpg,Intermediate,1.0,1.0,6.7359206e-32,6.230022e-23
testing203.jpg,Intermediate,1.0,1.0,1.8749285e-30,7.9398615e-22
testing204.jpg,Intermediate,1.0,1.0,3.9808988e-23,6.6043484e-14
testing205.jpg,Nanodomain,1.0,0.0,1.0,0.0
testing206.jpg,Nanodomain,1.0,0.0,1.0,0.0
testing207.jpg,Nanodomain,1.0,0.0,1.0,0.0
testing208.jpg,Nanodomain,1.0,0.0,1.0,0.0
testing209.jpg,Nanodomain,1.0,0.0,1.0,0.0
testing210.jpg,Nanodomain,1.0,0.0,1.0,0.0
testing211.jpg,Nanodomain,1.0,0.0,1.0,0.0
testing212.jpg,Nanodomain,1.0,0.0,1.0,0.0
testing213.jpg,Nanodomain,1.0,3.889361e-32,1.0,0.0
testing214.jpg,Nanodomain,1.0,1.7710712e-34,1.0,0.0
testing215.jpg,Nanodomain,0.99999976,2.61838e-07,0.99999976,2.869375e-26
testing216.jpg,Outside,1.0,4.959506e-24,1.617778e-20,1.0
testing217.jpg,Nanodomain,1.0,6.0891027e-20,1.0,0.0
testing218.jpg,Nanodomain,1.0,5.693962e-23,1.0,0.0
testing219.jpg,Nanodomain,1.0,1.1900379e-10,1.0,1.577565e-31
testing220.jpg,Outside,1.0,3.5188104e-27,2.8145236e-24,1.0
testing221.jpg,Nanodomain,0.9999865,1.350766e-05,0.9999865,7.690235e-26
testing222.jpg,Nanodomain,0.9999937,6.3450775e-06,0.9999937,7.802732e-25
testing223.jpg,Nanodomain,1.0,0.0,1.0,0.0
testing224.jpg,Nanodomain,1.0,0.0,1.0,0.0
testing225.jpg,Nanodomain,1.0,0.0,1.0,0.0
testing226.jpg,Nanodomain,1.0,0.0,1.0,0.0
testing227.jpg,Nanodomain,1.0,0.0,1.0,0.0
testing228.jpg,Nanodomain,1.0,0.0,1.0,0.0
testing229.jpg,Nanodomain,1.0,0.0,1.0,0.0
testing230.jpg,Nanodomain,1.0,0.0,1.0,0.0
testing231.jpg,Nanodomain,1.0,0.0,1.0,0.0
testing232.jpg,Nanodomain,1.0,0.0,1.0,0.0
testing233.jpg,Nanodomain,1.0,0.0,1.0,0.0
testing234.jpg,Nanodomain,1.0,0.0,1.0,0.0
testing235.jpg,Nanodomain,1.0,3.8893638e-23,1.0,0.0
testing236.jpg,Nanodomain,1.0,1.282609e-10,1.0,6.585307e-32
testing237.jpg,Nanodomain,1.0,1.2564312e-15,1.0,9.7246914e-33
testing238.jpg,Nanodomain,1.0,5.506623e-23,1.0,0.0
testing239.jpg,Nanodomain,1.0,1.408235e-18,1.0,3.7488964e-36
testing240.jpg,Nanodomain,1.0,1.8911323e-24,1.0,0.0
testing241.jpg,Nanodomain,1.0,1.5709227e-24,1.0,0.0
testing242.jpg,Nanodomain,1.0,1.614367e-30,1.0,0.0
testing243.jpg,Nanodomain,1.0,9.348863e-18,1.0,5.216669e-38
testing244.jpg,Nanodomain,1.0,3.3577703e-11,1.0,1.7780319e-32
testing245.jpg,Nanodomain,1.0,8.515196e-17,1.0,0.0
testing246.jpg,Nanodomain,1.0,2.6274754e-28,1.0,0.0
testing247.jpg,Outside,1.0,4.4135302e-33,5.997643e-30,1.0
testing248.jpg,Outside,1.0,1.7612324e-29,3.8458914e-27,1.0
testing249.jpg,Outside,1.0,9.083357e-30,3.2236865e-28,1.0
testing250.jpg,Outside,1.0,1.874761e-33,7.791463e-29,1.0
testing251.jpg,Outside,1.0,7.510966e-32,9.819053e-30,1.0
testing252.jpg,Outside,1.0,5.3084956e-36,1.9333513e-32,1.0
testing253.jpg,Outside,1.0,1.4823519e-32,4.321588e-30,1.0
testing254.jpg,Outside,1.0,4.6886426e-30,2.7337283e-27,1.0
testing255.jpg,Nanodomain,1.0,2.3494203e-36,1.0,0.0
testing256.jpg,Nanodomain,1.0,1.323492e-37,1.0,0.0
testing257.jpg,Nanodomain,1.0,0.0,1.0,0.0
testing258.jpg,Nanodomain,1.0,0.0,1.0,0.0
testing259.jpg,Nanodomain,1.0,0.0,1.0,0.0
testing260.jpg,Nanodomain,1.0,0.0,1.0,0.0
testing261.jpg,Nanodomain,1.0,0.0,1.0,0.0
testing262.jpg,Nanodomain,1.0,0.0,1.0,0.0
testing263.jpg,Nanodomain,1.0,0.0,1.0,0.0
testing264.jpg,Nanodomain,1.0,0.0,1.0,0.0
testing265.jpg,Intermediate,1.0,1.0,7.164543e-20,2.2869371e-11
testing266.jpg,Outside,1.0,1.7924161e-23,2.1133948e-21,1.0
testing267.jpg,Outside,1.0,5.532446e-12,4.195433e-18,1.0
testing268.jpg,Outside,1.0,3.2620556e-23,2.2924401e-22,1.0
testing269.jpg,Outside,1.0,2.4638063e-21,6.6790713e-23,1.0
testing270.jpg,Outside,0.99994123,5.8766633e-05,4.4198124e-16,0.99994123
testing271.jpg,Outside,1.0,6.996811e-21,1.10165174e-20,1.0
testing272.jpg,Outside,0.9977986,0.0022014012,1.1752098e-15,0.9977986
testing273.jpg,Intermediate,0.98551244,0.98551244,4.505005e-16,0.01448753
testing274.jpg,Nanodomain,0.99999976,2.9505208e-07,0.99999976,9.712536e-24
testing275.jpg,Intermediate,0.9999994,0.9999994,5.9311253e-07,1.7541523e-20
testing276.jpg,Intermediate,1.0,1.0,1.812113e-23,2.6267527e-29
testing277.jpg,Intermediate,1.0,1.0,1.6175378e-12,1.3608144e-21
testing278.jpg,Intermediate,1.0,1.0,1.2959447e-21,3.1322538e-25
testing279.jpg,Intermediate,1.0,1.0,1.7111275e-09,5.682418e-23
testing280.jpg,Intermediate,1.0,1.0,1.9757812e-33,3.3226467e-19
testing281.jpg,Nanodomain,0.99999964,3.8536098e-07,0.99999964,2.8160249e-25
testing282.jpg,Intermediate,1.0,1.0,1.2863028e-26,1.8726183e-24
testing283.jpg,Intermediate,1.0,1.0,1.531493e-22,9.326961e-13
testing284.jpg,Intermediate,1.0,1.0,4.853314e-31,3.9329972e-19
testing285.jpg,Intermediate,1.0,1.0,4.066306e-26,1.7151813e-18
testing286.jpg,Intermediate,1.0,1.0,1.4378274e-21,8.9757875e-11
testing287.jpg,Intermediate,1.0,1.0,1.1481921e-20,2.524704e-09
testing288.jpg,Intermediate,1.0,1.0,2.1471527e-27,7.7205656e-16
testing289.jpg,Intermediate,0.99815685,0.99815685,1.4744298e-18,0.0018431576
testing290.jpg,Intermediate,0.9436776,0.9436776,6.407198e-17,0.056322403
testing291.jpg,Outside,1.0,2.0150072e-22,2.1202808e-23,1.0
testing292.jpg,Outside,1.0,8.810055e-34,7.680308e-27,1.0
testing293.jpg,Outside,1.0,1.256947e-33,1.4195324e-28,1.0
testing294.jpg,Nanodomain,1.0,0.0,1.0,0.0
testing295.jpg,Nanodomain,1.0,0.0,1.0,0.0
testing296.jpg,Nanodomain,1.0,0.0,1.0,0.0
testing297.jpg,Nanodomain,1.0,0.0,1.0,0.0
testing298.jpg,Nanodomain,1.0,0.0,1.0,0.0
testing299.jpg,Nanodomain,1.0,0.0,1.0,0.0
testing300.jpg,Nanodomain,1.0,0.0,1.0,0.0
testing301.jpg,Nanodomain,1.0,0.0,1.0,0.0
testing302.jpg,Nanodomain,1.0,0.0,1.0,0.0
testing303.jpg,Nanodomain,1.0,0.0,1.0,0.0
testing304.jpg,Nanodomain,1.0,0.0,1.0,0.0
testing305.jpg,Nanodomain,1.0,0.0,1.0,0.0
testing306.jpg,Outside,1.0,6.2687556e-32,8.3919085e-26,1.0
testing307.jpg,Outside,1.0,9.300008e-29,3.8372785e-25,1.0
testing308.jpg,Outside,1.0,1.2681617e-29,2.0101195e-27,1.0
testing309.jpg,Outside,1.0,3.2218245e-24,7.663149e-22,1.0
testing310.jpg,Outside,1.0,1.6276394e-27,5.8073037e-24,1.0
testing311.jpg,Outside,1.0,5.651413e-25,1.64688e-22,1.0
testing312.jpg,Outside,1.0,5.565388e-25,8.491098e-24,1.0
testing313.jpg,Outside,1.0,3.47755e-27,9.295422e-24,1.0
testing314.jpg,Outside,1.0,1.6303911e-21,6.5185293e-23,1.0
testing315.jpg,Outside,1.0,5.497611e-18,1.3101167e-20,1.0
testing316.jpg,Nanodomain,1.0,4.9122748e-20,1.0,0.0
testing317.jpg,Nanodomain,1.0,0.0,1.0,0.0
testing318.jpg,Nanodomain,1.0,0.0,1.0,0.0
testing319.jpg,Nanodomain,1.0,9.387837e-36,1.0,0.0
testing320.jpg,Nanodomain,1.0,2.505807e-35,1.0,0.0
testing321.jpg,Nanodomain,1.0,2.2158424e-35,1.0,0.0
testing322.jpg,Nanodomain,1.0,0.0,1.0,0.0
testing323.jpg,Nanodomain,1.0,0.0,1.0,0.0
testing324.jpg,Nanodomain,1.0,0.0,1.0,0.0
testing325.jpg,Nanodomain,1.0,3.681844e-37,1.0,0.0
testing326.jpg,Nanodomain,1.0,0.0,1.0,0.0
testing327.jpg,Nanodomain,1.0,7.290866e-29,1.0,0.0
testing328.jpg,Nanodomain,1.0,0.0,1.0,0.0
testing329.jpg,Nanodomain,1.0,0.0,1.0,0.0
testing330.jpg,Nanodomain,1.0,0.0,1.0,0.0
testing331.jpg,Nanodomain,1.0,4.1417425e-36,1.0,0.0
testing332.jpg,Nanodomain,1.0,1.09438876e-35,1.0,0.0
testing333.jpg,Nanodomain,1.0,7.612195e-21,1.0,0.0
testing334.jpg,Nanodomain,1.0,0.0,1.0,0.0
testing335.jpg,Nanodomain,1.0,0.0,1.0,0.0
testing336.jpg,Nanodomain,1.0,0.0,1.0,0.0
testing337.jpg,Nanodomain,1.0,0.0,1.0,0.0
testing338.jpg,Nanodomain,1.0,0.0,1.0,0.0
testing339.jpg,Nanodomain,1.0,0.0,1.0,0.0
testing340.jpg,Nanodomain,1.0,0.0,1.0,0.0
testing341.jpg,Nanodomain,1.0,0.0,1.0,0.0
testing342.jpg,Nanodomain,1.0,5.831996e-37,1.0,0.0
testing343.jpg,Nanodomain,1.0,4.2876918e-32,1.0,0.0
testing344.jpg,Nanodomain,1.0,1.3539677e-08,1.0,1.9953725e-29
testing345.jpg,Nanodomain,1.0,2.6095077e-19,1.0,0.0
testing346.jpg,Nanodomain,1.0,2.0347535e-19,1.0,0.0
testing347.jpg,Nanodomain,1.0,1.0881362e-20,1.0,0.0
testing348.jpg,Intermediate,1.0,1.0,4.0349765e-15,3.2099773e-22
testing349.jpg,Intermediate,1.0,1.0,7.827386e-15,4.0913135e-24
testing350.jpg,Intermediate,1.0,1.0,1.3707759e-10,1.9425884e-21
testing351.jpg,Nanodomain,1.0,0.0,1.0,0.0
testing352.jpg,Nanodomain,1.0,0.0,1.0,0.0
testing353.jpg,Nanodomain,1.0,0.0,1.0,0.0
testing354.jpg,Nanodomain,1.0,0.0,1.0,0.0
testing355.jpg,Nanodomain,1.0,0.0,1.0,0.0
testing356.jpg,Nanodomain,1.0,0.0,1.0,0.0
testing357.jpg,Nanodomain,1.0,0.0,1.0,0.0
testing358.jpg,Nanodomain,1.0,0.0,1.0,0.0
testing359.jpg,Nanodomain,1.0,0.0,1.0,0.0
testing360.jpg,Nanodomain,1.0,0.0,1.0,0.0
testing361.jpg,Nanodomain,1.0,0.0,1.0,0.0
testing362.jpg,Nanodomain,1.0,0.0,1.0,0.0
testing363.jpg,Nanodomain,1.0,5.6290354e-33,1.0,0.0
testing364.jpg,Nanodomain,1.0,0.0,1.0,0.0
testing365.jpg,Nanodomain,1.0,2.6262001e-30,1.0,0.0
testing366.jpg,Nanodomain,1.0,1.6392463e-14,1.0,7.235652e-35
testing367.jpg,Nanodomain,1.0,4.577046e-29,1.0,0.0
testing368.jpg,Nanodomain,1.0,9.326126e-28,1.0,0.0
testing369.jpg,Nanodomain,1.0,0.0,1.0,0.0
testing370.jpg,Nanodomain,1.0,0.0,1.0,0.0
testing371.jpg,Nanodomain,1.0,5.492871e-34,1.0,0.0
testing372.jpg,Nanodomain,1.0,0.0,1.0,0.0
testing373.jpg,Nanodomain,1.0,1.09954265e-30,1.0,0.0
testing374.jpg,Nanodomain,1.0,3.103638e-17,1.0,0.0
testing375.jpg,Nanodomain,1.0,5.3825085e-16,1.0,8.837993e-34
testing376.jpg,Outside,1.0,3.7760216e-29,1.231291e-26,1.0
testing377.jpg,Outside,1.0,0.0,2.5886433e-37,1.0
testing378.jpg,Outside,1.0,5.125764e-33,1.6761236e-29,1.0
testing379.jpg,Outside,1.0,2.9470126e-29,5.8708337e-30,1.0
testing380.jpg,Outside,1.0,4.143358e-27,4.6520582e-26,1.0
testing381.jpg,Outside,1.0,1.3566199e-38,7.073139e-34,1.0
testing382.jpg,Outside,1.0,1.2646435e-31,2.7402107e-28,1.0
testing383.jpg,Intermediate,1.0,1.0,3.7557536e-28,2.5195298e-15
testing384.jpg,Nanodomain,1.0,0.0,1.0,0.0
testing385.jpg,Nanodomain,1.0,0.0,1.0,0.0
testing386.jpg,Outside,1.0,3.918558e-28,5.1922096e-23,1.0
testing387.jpg,Nanodomain,1.0,0.0,1.0,0.0
testing388.jpg,Outside,1.0,1.3354866e-29,2.5667243e-23,1.0
testing389.jpg,Nanodomain,1.0,0.0,1.0,0.0
testing390.jpg,Nanodomain,1.0,0.0,1.0,0.0
testing391.jpg,Nanodomain,1.0,0.0,1.0,0.0
testing392.jpg,Nanodomain,1.0,0.0,1.0,0.0
testing393.jpg,Nanodomain,1.0,1.6518496e-38,1.0,0.0
testing394.jpg,Outside,1.0,4.4844592e-15,3.3626908e-12,1.0
testing395.jpg,Outside,1.0,1.4054456e-16,8.525141e-17,1.0
testing396.jpg,Outside,1.0,2.9580714e-15,2.796245e-17,1.0
testing397.jpg,Outside,1.0,2.8386421e-18,6.219284e-17,1.0
testing398.jpg,Intermediate,0.9990175,0.9990175,1.5031205e-17,0.0009825021
testing399.jpg,Outside,1.0,2.6561541e-11,4.708509e-12,1.0
testing400.jpg,Intermediate,1.0,1.0,7.0882564e-29,1.05904245e-23
testing401.jpg,Intermediate,0.99999404,0.99999404,1.6665279e-18,5.9024883e-06
testing402.jpg,Nanodomain,1.0,5.8423917e-12,1.0,1.2602184e-30
testing403.jpg,Nanodomain,1.0,1.2175539e-08,1.0,1.905046e-27
testing404.jpg,Intermediate,1.0,1.0,1.4277081e-32,1.8886206e-27
testing405.jpg,Intermediate,1.0,1.0,2.319984e-15,4.635177e-26
testing406.jpg,Nanodomain,0.52741253,0.47258744,0.52741253,4.791134e-22
testing407.jpg,Intermediate,1.0,1.0,8.947366e-25,1.7545745e-28
testing408.jpg,Intermediate,0.9967602,0.9967602,0.0032398864,1.2920178e-20
testing409.jpg,Nanodomain,0.99991953,8.049457e-05,0.99991953,3.6745668e-26
testing410.jpg,Intermediate,1.0,1.0,8.977363e-22,4.693972e-24
testing411.jpg,Outside,1.0,5.967746e-15,5.1024683e-19,1.0
testing412.jpg,Outside,1.0,3.7646414e-16,2.1304124e-18,1.0
testing413.jpg,Outside,0.58791864,0.4120814,4.2631518e-13,0.58791864
testing414.jpg,Intermediate,1.0,1.0,4.479178e-22,4.0690274e-08
testing415.jpg,Intermediate,1.0,1.0,5.3648945e-18,6.0732814e-09
testing416.jpg,Outside,1.0,3.7513216e-17,1.804861e-17,1.0
testing417.jpg,Outside,1.0,1.9267177e-17,1.9186415e-18,1.0
testing418.jpg,Outside,1.0,5.4248385e-27,4.5797127e-24,1.0
testing419.jpg,Outside,1.0,2.0005376e-31,1.9423972e-27,1.0
testing420.jpg,Outside,1.0,1.1891898e-28,3.878692e-25,1.0
testing421.jpg,Outside,1.0,5.7394188e-27,4.920838e-23,1.0
testing422.jpg,Nanodomain,1.0,0.0,1.0,0.0
testing423.jpg,Nanodomain,1.0,0.0,1.0,0.0
testing424.jpg,Nanodomain,1.0,0.0,1.0,0.0
testing425.jpg,Nanodomain,1.0,0.0,1.0,0.0
testing426.jpg,Nanodomain,1.0,0.0,1.0,0.0
testing427.jpg,Nanodomain,1.0,0.0,1.0,0.0
testing428.jpg,Nanodomain,1.0,0.0,1.0,0.0
testing429.jpg,Nanodomain,1.0,0.0,1.0,0.0
testing430.jpg,Nanodomain,1.0,0.0,1.0,0.0
testing431.jpg,Nanodomain,1.0,0.0,1.0,0.0
testing432.jpg,Nanodomain,1.0,0.0,1.0,0.0
testing433.jpg,Outside,1.0,1.8324124e-29,8.318629e-27,1.0
testing434.jpg,Outside,1.0,6.066404e-28,1.614201e-22,1.0
testing435.jpg,Outside,1.0,5.078684e-25,2.0491285e-23,1.0
testing436.jpg,Outside,1.0,1.910146e-28,1.0050435e-24,1.0
testing437.jpg,Outside,1.0,1.973674e-31,3.7030792e-25,1.0
testing438.jpg,Outside,1.0,3.9049847e-25,8.3616284e-23,1.0
testing439.jpg,Intermediate,1.0,1.0,8.2326564e-22,1.3461231e-17
testing440.jpg,Outside,1.0,4.310552e-25,6.308875e-22,1.0
testing441.jpg,Outside,1.0,8.079811e-27,3.720941e-22,1.0
testing442.jpg,Outside,1.0,5.0101554e-27,3.9237263e-24,1.0
testing443.jpg,Nanodomain,1.0,0.0,1.0,0.0
testing444.jpg,Nanodomain,1.0,0.0,1.0,0.0
testing445.jpg,Nanodomain,1.0,0.0,1.0,0.0
testing446.jpg,Nanodomain,1.0,0.0,1.0,0.0
testing447.jpg,Nanodomain,1.0,0.0,1.0,0.0
testing448.jpg,Nanodomain,1.0,1.3046485e-38,1.0,0.0
testing449.jpg,Nanodomain,1.0,0.0,1.0,0.0
testing450.jpg,Nanodomain,1.0,0.0,1.0,0.0
testing451.jpg,Nanodomain,1.0,0.0,1.0,0.0
testing452.jpg,Nanodomain,1.0,0.0,1.0,0.0
testing453.jpg,Nanodomain,1.0,9.578977e-38,1.0,0.0
testing454.jpg,Nanodomain,1.0,0.0,1.0,0.0
testing455.jpg,Nanodomain,1.0,0.0,1.0,0.0
testing456.jpg,Nanodomain,1.0,0.0,1.0,0.0
testing457.jpg,Nanodomain,1.0,0.0,1.0,0.0
testing458.jpg,Nanodomain,1.0,0.0,1.0,0.0
testing459.jpg,Nanodomain,1.0,0.0,1.0,0.0
testing460.jpg,Nanodomain,1.0,0.0,1.0,0.0
testing461.jpg,Nanodomain,1.0,0.0,1.0,0.0
testing462.jpg,Nanodomain,1.0,0.0,1.0,0.0
testing463.jpg,Nanodomain,1.0,0.0,1.0,0.0
testing464.jpg,Nanodomain,1.0,0.0,1.0,0.0
testing465.jpg,Nanodomain,1.0,0.0,1.0,0.0
testing466.jpg,Nanodomain,1.0,0.0,1.0,0.0
testing467.jpg,Nanodomain,1.0,0.0,1.0,0.0
testing468.jpg,Nanodomain,1.0,0.0,1.0,0.0
testing469.jpg,Nanodomain,1.0,4.362139e-28,1.0,0.0
testing470.jpg,Nanodomain,1.0,2.8848591e-28,1.0,0.0
testing471.jpg,Nanodomain,1.0,1.8468775e-12,1.0,6.911331e-31
testing472.jpg,Outside,1.0,3.2394796e-27,5.6600585e-27,1.0
testing473.jpg,Outside,1.0,5.173873e-26,7.362417e-21,1.0
testing474.jpg,Outside,1.0,1.9914072e-25,1.8198551e-26,1.0
testing475.jpg,Outside,1.0,3.221156e-27,1.5053342e-24,1.0
testing476.jpg,Outside,1.0,3.3293688e-28,2.2194927e-24,1.0
testing477.jpg,Nanodomain,1.0,0.0,1.0,0.0
testing478.jpg,Nanodomain,1.0,0.0,1.0,0.0
testing479.jpg,Nanodomain,1.0,0.0,1.0,0.0
testing480.jpg,Nanodomain,1.0,0.0,1.0,0.0
testing481.jpg,Nanodomain,1.0,0.0,1.0,0.0
testing482.jpg,Nanodomain,1.0,0.0,1.0,0.0
testing483.jpg,Nanodomain,1.0,0.0,1.0,0.0
testing484.jpg,Nanodomain,1.0,0.0,1.0,0.0
testing485.jpg,Nanodomain,1.0,0.0,1.0,0.0
testing486.jpg,Nanodomain,1.0,0.0,1.0,0.0
testing487.jpg,Nanodomain,1.0,0.0,1.0,0.0
testing488.jpg,Nanodomain,1.0,0.0,1.0,0.0
testing489.jpg,Nanodomain,1.0,0.0,1.0,0.0
testing490.jpg,Nanodomain,1.0,0.0,1.0,0.0
testing491.jpg,Nanodomain,1.0,3.1770562e-25,1.0,0.0
testing492.jpg,Nanodomain,1.0,4.6562756e-22,1.0,0.0
testing493.jpg,Nanodomain,0.99999976,2.6570987e-07,0.99999976,1.0151751e-28
testing494.jpg,Nanodomain,1.0,2.5306178e-29,1.0,0.0
testing495.jpg,Nanodomain,1.0,7.9699385e-21,1.0,0.0
testing496.jpg,Nanodomain,1.0,3.5240665e-25,1.0,0.0
testing497.jpg,Nanodomain,1.0,2.5508303e-33,1.0,0.0
testing498.jpg,Nanodomain,1.0,5.3681495e-33,1.0,0.0
testing499.jpg,Nanodomain,1.0,6.1918666e-26,1.0,0.0
testing500.jpg,Nanodomain,1.0,1.2217025e-29,1.0,0.0
testing501.jpg,Nanodomain,1.0,1.489861e-20,1.0,0.0
testing502.jpg,Nanodomain,1.0,1.45234e-16,1.0,0.0
testing503.jpg,Nanodomain,1.0,1.3232424e-18,1.0,1.903096e-38
testing504.jpg,Intermediate,1.0,1.0,6.716703e-24,5.384267e-19
testing505.jpg,Outside,1.0,3.597507e-26,9.7989e-27,1.0
testing506.jpg,Outside,1.0,7.7775813e-25,2.614422e-25,1.0
testing507.jpg,Outside,1.0,1.9674262e-32,5.9206016e-31,1.0
testing508.jpg,Intermediate,1.0,1.0,1.0785669e-24,5.6117447e-14
testing509.jpg,Outside,1.0,2.8059942e-29,9.370804e-29,1.0
testing510.jpg,Outside,1.0,2.0555843e-26,6.0886164e-27,1.0
testing511.jpg,Nanodomain,1.0,3.6898863e-37,1.0,0.0
testing512.jpg,Nanodomain,1.0,4.655672e-37,1.0,0.0
testing513.jpg,Nanodomain,1.0,0.0,1.0,0.0
testing514.jpg,Nanodomain,1.0,3.8369027e-30,1.0,0.0
testing515.jpg,Nanodomain,1.0,3.4988178e-32,1.0,0.0
testing516.jpg,Nanodomain,1.0,2.016993e-28,1.0,0.0
testing517.jpg,Nanodomain,1.0,2.2250214e-30,1.0,0.0
testing518.jpg,Nanodomain,1.0,2.8455048e-33,1.0,0.0
testing519.jpg,Nanodomain,1.0,1.1675761e-23,1.0,0.0
testing520.jpg,Nanodomain,1.0,2.690078e-16,1.0,1.4749695e-38
testing521.jpg,Nanodomain,1.0,7.7066176e-31,1.0,0.0
testing522.jpg,Outside,1.0,9.8960195e-24,1.0398244e-21,1.0
testing523.jpg,Nanodomain,1.0,2.5446519e-31,1.0,0.0
testing524.jpg,Outside,1.0,3.586742e-23,3.7715458e-21,1.0
testing525.jpg,Outside,0.9969952,0.0030047342,2.2390396e-13,0.9969952
testing526.jpg,Outside,0.9913906,0.008609437,7.3410747e-16,0.9913906
testing527.jpg,Outside,0.99999905,1.0072943e-06,1.516046e-16,0.99999905
testing528.jpg,Outside,1.0,8.437288e-13,7.854982e-18,1.0
testing529.jpg,Intermediate,0.82589245,0.82589245,4.11612e-14,0.17410757
testing530.jpg,Intermediate,0.98844993,0.98844993,0.011550035,1.5588218e-22
testing531.jpg,Intermediate,1.0,1.0,2.8852095e-29,3.271995e-19
testing532.jpg,Intermediate,1.0,1.0,9.638668e-27,7.318226e-15
testing533.jpg,Nanodomain,0.9999291,7.088003e-05,0.9999291,1.2176324e-23
testing534.jpg,Intermediate,1.0,1.0,4.019564e-13,1.26403135e-23
testing535.jpg,Outside,0.8242929,0.17570707,3.5010425e-13,0.8242929
testing536.jpg,Intermediate,1.0,1.0,2.4618008e-32,6.970807e-29
testing537.jpg,Intermediate,1.0,1.0,7.190925e-31,1.6890321e-28
testing538.jpg,Intermediate,1.0,1.0,1.66785e-23,6.878153e-27
testing539.jpg,Outside,0.99999976,2.966001e-07,5.3150985e-14,0.99999976
testing540.jpg,Outside,1.0,2.2702797e-10,3.0738385e-18,1.0
testing541.jpg,Outside,1.0,1.0123811e-17,2.9447785e-20,1.0
testing542.jpg,Outside,1.0,4.829588e-21,2.5402153e-19,1.0
testing543.jpg,Outside,1.0,1.2223349e-09,1.2322365e-17,1.0
testing544.jpg,Outside,1.0,3.158899e-21,1.9944152e-20,1.0
testing545.jpg,Outside,1.0,2.6529295e-33,6.765962e-28,1.0
testing546.jpg,Outside,1.0,1.574101e-33,2.3017667e-27,1.0
testing547.jpg,Outside,1.0,3.899806e-24,8.2174073e-22,1.0
testing548.jpg,Outside,1.0,6.0587343e-25,5.0728273e-21,1.0
testing549.jpg,Outside,1.0,6.472083e-27,6.406584e-23,1.0
testing550.jpg,Nanodomain,1.0,0.0,1.0,0.0
testing551.jpg,Nanodomain,1.0,0.0,1.0,0.0
testing552.jpg,Nanodomain,1.0,0.0,1.0,0.0
testing553.jpg,Nanodomain,1.0,0.0,1.0,0.0
testing554.jpg,Nanodomain,1.0,0.0,1.0,0.0
testing555.jpg,Nanodomain,1.0,0.0,1.0,0.0
testing556.jpg,Nanodomain,1.0,0.0,1.0,0.0
testing557.jpg,Nanodomain,1.0,0.0,1.0,0.0
testing558.jpg,Nanodomain,1.0,0.0,1.0,0.0
testing559.jpg,Nanodomain,1.0,0.0,1.0,0.0
testing560.jpg,Outside,1.0,6.4158404e-27,3.6271114e-23,1.0
testing561.jpg,Outside,1.0,1.556995e-28,1.516815e-26,1.0
testing562.jpg,Outside,1.0,1.4438782e-22,3.0774037e-19,1.0
testing563.jpg,Outside,1.0,4.7017843e-17,1.5085242e-17,1.0
testing564.jpg,Outside,1.0,7.8069077e-28,4.5196085e-25,1.0
testing565.jpg,Outside,1.0,4.400584e-26,5.756075e-22,1.0
testing566.jpg,Outside,1.0,2.3091792e-28,3.9913735e-24,1.0
testing567.jpg,Outside,1.0,3.4830808e-30,8.794175e-26,1.0
testing568.jpg,Outside,1.0,5.3992175e-27,5.1625424e-24,1.0
testing569.jpg,Outside,1.0,2.7564504e-28,3.1702782e-24,1.0
testing570.jpg,Outside,1.0,3.1455844e-23,3.8186248e-21,1.0
testing571.jpg,Outside,1.0,5.3035863e-25,7.680294e-23,1.0
testing572.jpg,Nanodomain,1.0,1.4918558e-22,1.0,0.0
testing573.jpg,Nanodomain,1.0,1.5998761e-35,1.0,0.0
testing574.jpg,Nanodomain,1.0,4.3680576e-17,1.0,3.5127608e-35
testing575.jpg,Nanodomain,1.0,0.0,1.0,0.0
testing576.jpg,Nanodomain,1.0,2.6012236e-38,1.0,0.0
testing577.jpg,Nanodomain,1.0,3.5504825e-35,1.0,0.0
testing578.jpg,Intermediate,1.0,1.0,5.1924853e-31,2.7249085e-28
testing579.jpg,Nanodomain,0.9997429,0.00025712236,0.9997429,1.656696e-20
testing580.jpg,Nanodomain,1.0,0.0,1.0,0.0
testing581.jpg,Nanodomain,1.0,1.802573e-36,1.0,0.0
testing582.jpg,Nanodomain,1.0,2.2786907e-37,1.0,0.0
testing583.jpg,Nanodomain,1.0,8.046884e-38,1.0,0.0
testing584.jpg,Nanodomain,1.0,0.0,1.0,0.0
testing585.jpg,Nanodomain,1.0,0.0,1.0,0.0
testing586.jpg,Nanodomain,1.0,0.0,1.0,0.0
testing587.jpg,Nanodomain,1.0,0.0,1.0,0.0
testing588.jpg,Nanodomain,1.0,0.0,1.0,0.0
testing589.jpg,Nanodomain,1.0,0.0,1.0,0.0
testing590.jpg,Nanodomain,1.0,0.0,1.0,0.0
testing591.jpg,Nanodomain,1.0,0.0,1.0,0.0
testing592.jpg,Nanodomain,1.0,0.0,1.0,0.0
testing593.jpg,Nanodomain,1.0,0.0,1.0,0.0
testing594.jpg,Nanodomain,1.0,0.0,1.0,0.0
testing595.jpg,Nanodomain,1.0,0.0,1.0,0.0
testing596.jpg,Nanodomain,1.0,3.9782147e-29,1.0,0.0
testing597.jpg,Nanodomain,1.0,2.2660896e-27,1.0,0.0
testing598.jpg,Nanodomain,1.0,7.02724e-24,1.0,0.0
testing599.jpg,Outside,1.0,4.083116e-30,1.5278451e-23,1.0
testing600.jpg,Outside,1.0,6.748699e-33,1.1215128e-28,1.0
testing601.jpg,Outside,1.0,1.0074195e-24,2.0633516e-21,1.0
testing602.jpg,Outside,1.0,9.799755e-28,1.4945378e-23,1.0
testing603.jpg,Outside,1.0,3.8488407e-20,1.0127708e-18,1.0
testing604.jpg,Intermediate,0.9999702,0.9999702,2.2760646e-18,2.9765448e-05
testing605.jpg,Intermediate,0.96411884,0.96411884,0.03588118,1.6398911e-21
testing606.jpg,Intermediate,1.0,1.0,3.8601998e-31,7.266852e-28
testing607.jpg,Intermediate,1.0,1.0,5.3511985e-26,4.770032e-19
testing608.jpg,Intermediate,1.0,1.0,4.5962424e-28,6.2143467e-26
testing609.jpg,Intermediate,1.0,1.0,4.055037e-22,3.6637308e-13
testing610.jpg,Intermediate,1.0,1.0,9.962967e-28,7.4218425e-18
testing611.jpg,Intermediate,1.0,1.0,4.3249715e-29,3.3773404e-19
testing612.jpg,Intermediate,1.0,1.0,5.1308914e-25,3.87679e-22
testing613.jpg,Intermediate,1.0,1.0,2.919157e-26,1.277999e-13
testing614.jpg,Intermediate,0.99999976,0.99999976,6.80876e-20,2.4702297e-07
testing615.jpg,Nanodomain,1.0,5.1049734e-14,1.0,1.8954942e-32
testing616.jpg,Nanodomain,1.0,0.0,1.0,0.0
testing617.jpg,Nanodomain,1.0,0.0,1.0,0.0
testing618.jpg,Nanodomain,1.0,0.0,1.0,0.0
testing619.jpg,Nanodomain,1.0,8.79583e-16,1.0,3.0163344e-37
testing620.jpg,Nanodomain,1.0,1.3482909e-11,1.0,2.1602863e-30
testing621.jpg,Nanodomain,1.0,7.8908e-21,1.0,0.0
testing622.jpg,Nanodomain,1.0,0.0,1.0,0.0
testing623.jpg,Nanodomain,1.0,0.0,1.0,0.0
testing624.jpg,Nanodomain,1.0,0.0,1.0,0.0
testing625.jpg,Nanodomain,1.0,7.60416e-35,1.0,0.0
testing626.jpg,Nanodomain,1.0,4.8090163e-36,1.0,0.0
testing627.jpg,Nanodomain,1.0,1.267406e-31,1.0,0.0
testing628.jpg,Nanodomain,1.0,1.9512203e-34,1.0,0.0
testing629.jpg,Nanodomain,1.0,1.5522704e-18,1.0,0.0
testing630.jpg,Nanodomain,1.0,1.2990425e-22,1.0,0.0
testing631.jpg,Outside,1.0,1.3588039e-33,2.845976e-30,1.0
testing632.jpg,Outside,1.0,1.1109129e-31,6.720534e-28,1.0
testing633.jpg,Outside,1.0,2.0082406e-28,1.0880379e-25,1.0
testing634.jpg,Outside,1.0,5.9006517e-37,7.236259e-35,1.0
testing635.jpg,Outside,1.0,1.4812685e-37,2.590627e-31,1.0
testing636.jpg,Outside,1.0,4.3196203e-33,1.8015472e-30,1.0
testing637.jpg,Outside,1.0,9.056351e-34,2.0481893e-32,1.0
testing638.jpg,Outside,1.0,1.2102996e-31,3.489198e-30,1.0
testing639.jpg,Outside,1.0,9.288162e-15,1.9214614e-18,1.0
testing640.jpg,Outside,0.99999964,3.670991e-07,2.1421978e-16,0.99999964
testing641.jpg,Nanodomain,1.0,0.0,1.0,0.0
testing642.jpg,Nanodomain,1.0,3.7777543e-27,1.0,0.0
testing643.jpg,Nanodomain,1.0,6.0072787e-24,1.0,0.0
testing644.jpg,Intermediate,1.0,1.0,1.9545494e-35,6.997564e-27
testing645.jpg,Nanodomain,1.0,9.365904e-15,1.0,3.0225082e-37
testing646.jpg,Nanodomain,1.0,1.0164009e-11,1.0,1.8196413e-32
testing647.jpg,Nanodomain,1.0,5.710546e-20,1.0,1.953542e-36
testing648.jpg,Nanodomain,1.0,2.4833083e-15,1.0,3.077271e-36
testing649.jpg,Nanodomain,1.0,9.90116e-38,1.0,0.0
testing650.jpg,Nanodomain,1.0,4.0638145e-16,1.0,8.865103e-35
testing651.jpg,Nanodomain,1.0,2.2940854e-29,1.0,0.0
testing652.jpg,Outside,1.0,5.735008e-16,2.4444875e-18,1.0
testing653.jpg,Outside,1.0,3.0036322e-09,8.885832e-18,1.0
testing654.jpg,Outside,1.0,2.315203e-21,5.5755326e-22,1.0
testing655.jpg,Outside,1.0,1.681942e-26,6.6908686e-26,1.0
testing656.jpg,Outside,0.9999999,6.444884e-08,6.7799833e-15,0.9999999
testing657.jpg,Outside,1.0,3.2089782e-19,4.1924393e-19,1.0
testing658.jpg,Outside,0.9909362,0.009063783,2.4154697e-15,0.9909362
testing659.jpg,Intermediate,1.0,1.0,4.719922e-11,1.7856402e-22
testing660.jpg,Intermediate,1.0,1.0,1.0574907e-11,3.092366e-23
testing661.jpg,Nanodomain,0.802418,0.19758202,0.802418,1.4825726e-20
testing662.jpg,Intermediate,1.0,1.0,7.7072844e-26,2.3114555e-26
testing663.jpg,Intermediate,0.9999988,0.9999988,3.5272183e-20,1.2440437e-06
testing664.jpg,Intermediate,1.0,1.0,9.769759e-25,6.6280835e-22
testing665.jpg,Intermediate,1.0,1.0,2.8515166e-16,4.8569505e-21
testing666.jpg,Intermediate,0.69448924,0.69448924,1.8240558e-15,0.30551073
testing667.jpg,Nanodomain,1.0,3.5215018e-09,1.0,8.10041e-31
testing668.jpg,Nanodomain,1.0,1.1056221e-12,1.0,1.7667467e-33
testing669.jpg,Nanodomain,1.0,1.0190011e-09,1.0,3.632889e-29
testing670.jpg,Nanodomain,1.0,1.0053613e-10,1.0,4.719631e-31
testing671.jpg,Outside,1.0,5.8080924e-27,4.2318475e-22,1.0
testing672.jpg,Outside,1.0,1.0223292e-22,3.3447456e-21,1.0
testing673.jpg,Outside,1.0,6.05353e-27,1.4850131e-23,1.0
testing674.jpg,Outside,1.0,8.0602213e-22,4.0345335e-21,1.0
testing675.jpg,Outside,1.0,5.398224e-29,9.661796e-25,1.0
testing676.jpg,Outside,1.0,1.3573032e-38,4.983115e-32,1.0
testing677.jpg,Outside,1.0,3.6601437e-19,7.553907e-21,1.0
testing678.jpg,Outside,1.0,5.3115784e-27,5.315337e-24,1.0
testing679.jpg,Nanodomain,1.0,0.0,1.0,0.0
testing680.jpg,Nanodomain,1.0,0.0,1.0,0.0
testing681.jpg,Nanodomain,1.0,0.0,1.0,0.0
testing682.jpg,Nanodomain,1.0,0.0,1.0,0.0
testing683.jpg,Nanodomain,1.0,0.0,1.0,0.0
testing684.jpg,Nanodomain,1.0,0.0,1.0,0.0
testing685.jpg,Nanodomain,1.0,0.0,1.0,0.0
testing686.jpg,Nanodomain,1.0,0.0,1.0,0.0
testing687.jpg,Intermediate,0.9999845,0.9999845,6.278776e-19,1.5496209e-05
testing688.jpg,Outside,1.0,5.621245e-26,3.6572854e-25,1.0
testing689.jpg,Outside,1.0,9.0036275e-31,1.1501438e-26,1.0
testing690.jpg,Outside,1.0,1.6020695e-19,4.5589816e-19,1.0
testing691.jpg,Outside,1.0,2.6201755e-23,6.7582474e-21,1.0
testing692.jpg,Outside,1.0,3.5996863e-28,3.225526e-24,1.0
testing693.jpg,Outside,1.0,9.46288e-20,4.8886458e-20,1.0
testing694.jpg,Outside,1.0,1.2472412e-11,4.5104616e-18,1.0
testing695.jpg,Outside,1.0,1.3816758e-27,4.7279343e-25,1.0
testing696.jpg,Outside,1.0,1.8142226e-23,7.450165e-22,1.0
testing697.jpg,Outside,0.9999893,1.0776877e-05,2.2252853e-16,0.9999893
testing698.jpg,Outside,1.0,6.5115225e-30,4.536138e-25,1.0
testing699.jpg,Outside,1.0,2.682934e-24,6.817901e-23,1.0
testing700.jpg,Outside,1.0,1.3707855e-30,5.8018697e-27,1.0
testing701.jpg,Nanodomain,1.0,0.0,1.0,0.0
testing702.jpg,Nanodomain,1.0,7.063055e-34,1.0,0.0
testing703.jpg,Nanodomain,1.0,0.0,1.0,0.0
testing704.jpg,Nanodomain,1.0,0.0,1.0,0.0
testing705.jpg,Nanodomain,1.0,0.0,1.0,0.0
testing706.jpg,Nanodomain,1.0,0.0,1.0,0.0
testing707.jpg,Nanodomain,1.0,0.0,1.0,0.0
testing708.jpg,Nanodomain,1.0,0.0,1.0,0.0
testing709.jpg,Nanodomain,1.0,0.0,1.0,0.0
testing710.jpg,Nanodomain,1.0,0.0,1.0,0.0
testing711.jpg,Nanodomain,1.0,3.344018e-36,1.0,0.0
testing712.jpg,Nanodomain,1.0,0.0,1.0,0.0
testing713.jpg,Nanodomain,1.0,1.970345e-35,1.0,0.0
testing714.jpg,Nanodomain,1.0,3.1063757e-31,1.0,0.0
testing715.jpg,Nanodomain,1.0,6.3528736e-23,1.0,0.0
testing716.jpg,Nanodomain,1.0,5.567551e-26,1.0,0.0
testing717.jpg,Nanodomain,1.0,5.414806e-29,1.0,0.0
testing718.jpg,Intermediate,1.0,1.0,1.2628765e-35,4.6899306e-30
testing719.jpg,Nanodomain,1.0,3.8253e-37,1.0,0.0
testing720.jpg,Nanodomain,1.0,2.4860387e-37,1.0,0.0
testing721.jpg,Nanodomain,1.0,0.0,1.0,0.0
testing722.jpg,Nanodomain,1.0,1.2376609e-36,1.0,0.0
testing723.jpg,Nanodomain,1.0,4.0157542e-36,1.0,0.0
testing724.jpg,Nanodomain,1.0,1.2006487e-21,1.0,0.0
testing725.jpg,Intermediate,1.0,1.0,2.9926676e-29,6.677188e-30
testing726.jpg,Intermediate,1.0,1.0,5.2629545e-33,1.1604841e-24
testing727.jpg,Outside,1.0,3.8647073e-24,3.818916e-21,1.0
testing728.jpg,Outside,1.0,4.4109496e-28,1.7135345e-24,1.0
testing729.jpg,Outside,1.0,3.269301e-26,4.2467372e-24,1.0
testing730.jpg,Outside,1.0,3.0191787e-29,3.2020319e-27,1.0
testing731.jpg,Outside,1.0,5.8542395e-30,1.8440002e-25,1.0
testing732.jpg,Outside,1.0,1.5509804e-25,1.1189558e-23,1.0
testing733.jpg,Nanodomain,1.0,5.105904e-38,1.0,0.0
testing734.jpg,Nanodomain,1.0,0.0,1.0,0.0
testing735.jpg,Nanodomain,1.0,0.0,1.0,0.0
testing736.jpg,Nanodomain,1.0,0.0,1.0,0.0
testing737.jpg,Nanodomain,1.0,0.0,1.0,0.0
testing738.jpg,Nanodomain,1.0,0.0,1.0,0.0
testing739.jpg,Nanodomain,1.0,0.0,1.0,0.0
testing740.jpg,Nanodomain,1.0,0.0,1.0,0.0
testing741.jpg,Nanodomain,1.0,0.0,1.0,0.0
testing742.jpg,Nanodomain,1.0,0.0,1.0,0.0
testing743.jpg,Nanodomain,1.0,0.0,1.0,0.0
testing744.jpg,Nanodomain,1.0,0.0,1.0,0.0
testing745.jpg,Outside,1.0,8.067388e-22,2.1737745e-25,1.0
testing746.jpg,Nanodomain,1.0,6.151655e-26,1.0,0.0
testing747.jpg,Nanodomain,1.0,1.6195852e-30,1.0,0.0
testing748.jpg,Nanodomain,1.0,3.5790227e-29,1.0,0.0
testing749.jpg,Nanodomain,1.0,2.7943076e-22,1.0,0.0
testing750.jpg,Nanodomain,1.0,0.0,1.0,0.0
testing751.jpg,Nanodomain,1.0,2.6942527e-27,1.0,0.0
testing752.jpg,Intermediate,1.0,1.0,1.0450573e-29,1.32449e-25
testing753.jpg,Intermediate,1.0,1.0,0.0,1.937885e-32
testing754.jpg,Nanodomain,1.0,8.906346e-22,1.0,0.0
testing755.jpg,Nanodomain,1.0,1.2745386e-15,1.0,1.0312883e-35
testing756.jpg,Nanodomain,1.0,8.8501744e-26,1.0,0.0
testing757.jpg,Intermediate,1.0,1.0,2.6831743e-28,8.5722027e-16
testing758.jpg,Intermediate,1.0,1.0,3.966818e-22,9.562245e-14
testing759.jpg,Nanodomain,1.0,4.2316418e-20,1.0,0.0
testing760.jpg,Outside,1.0,7.490944e-30,7.736139e-29,1.0
testing761.jpg,Nanodomain,1.0,0.0,1.0,0.0
testing762.jpg,Outside,1.0,1.0282724e-33,1.7461785e-31,1.0
testing763.jpg,Outside,1.0,7.2333326e-09,3.1069059e-18,1.0
testing764.jpg,Outside,1.0,1.1127585e-30,1.823612e-29,1.0
testing765.jpg,Outside,1.0,1.3273084e-31,4.8565787e-29,1.0
testing766.jpg,Outside,1.0,5.055374e-32,2.9124123e-29,1.0
testing767.jpg,Outside,1.0,3.774956e-29,2.0445266e-26,1.0
testing768.jpg,Outside,1.0,5.9650663e-28,2.4138795e-26,1.0
testing769.jpg,Outside,1.0,9.28296e-14,1.3283911e-10,1.0
testing770.jpg,Outside,0.99999,1.0060136e-05,3.2620022e-13,0.99999
testing771.jpg,Outside,1.0,4.5791543e-16,7.167369e-17,1.0
testing772.jpg,Intermediate,1.0,1.0,1.8403476e-23,3.8556528e-12
testing773.jpg,Outside,0.99999976,2.6045333e-07,2.6106775e-15,0.99999976
testing774.jpg,Outside,0.99681085,0.003189189,8.030106e-14,0.99681085
testing775.jpg,Nanodomain,1.0,4.1354226e-16,1.0,3.2772347e-38
testing776.jpg,Nanodomain,1.0,1.3532912e-38,1.0,0.0
testing777.jpg,Nanodomain,1.0,7.8548606e-26,1.0,0.0
testing778.jpg,Nanodomain,1.0,3.5840558e-26,1.0,0.0
testing779.jpg,Nanodomain,1.0,3.6544755e-21,1.0,0.0
testing780.jpg,Outside,1.0,2.3082787e-15,1.3697752e-17,1.0
testing781.jpg,Outside,1.0,1.3500154e-18,1.0685042e-18,1.0
testing782.jpg,Outside,1.0,6.3462355e-16,1.16179e-18,1.0
testing783.jpg,Outside,1.0,1.3495734e-13,1.8004953e-16,1.0
testing784.jpg,Outside,1.0,1.2363736e-12,2.6036525e-18,1.0
testing785.jpg,Outside,1.0,2.0166712e-19,6.2743685e-20,1.0
testing786.jpg,Outside,1.0,3.5698157e-12,6.930547e-17,1.0
testing787.jpg,Outside,0.99999917,8.453028e-07,2.6612607e-17,0.99999917
testing788.jpg,Intermediate,0.9998709,0.9998709,1.3644312e-16,0.00012907492
testing789.jpg,Outside,1.0,2.0924997e-19,1.9625765e-17,1.0
testing790.jpg,Outside,1.0,2.416715e-28,3.3599183e-25,1.0
testing791.jpg,Outside,1.0,5.463283e-18,8.038525e-19,1.0
testing792.jpg,Outside,1.0,8.6553553e-19,1.2474686e-20,1.0
testing793.jpg,Intermediate,1.0,1.0,2.5018605e-29,7.0137426e-24
testing794.jpg,Outside,1.0,2.589481e-16,7.4321516e-19,1.0
testing795.jpg,Outside,1.0,6.8460668e-25,4.8767918e-23,1.0
testing796.jpg,Outside,1.0,3.7919482e-19,1.212354e-19,1.0
testing797.jpg,Outside,1.0,2.462829e-21,1.4106239e-23,1.0
testing798.jpg,Outside,1.0,3.3491144e-27,7.953863e-23,1.0
testing799.jpg,Outside,1.0,7.013667e-30,1.7129397e-24,1.0
testing800.jpg,Outside,1.0,5.0076472e-29,1.2856565e-24,1.0
testing801.jpg,Outside,1.0,6.442911e-29,3.1969472e-24,1.0
testing802.jpg,Outside,1.0,2.1179078e-27,2.6191249e-24,1.0
testing803.jpg,Outside,1.0,1.4518777e-27,1.3338162e-22,1.0
testing804.jpg,Nanodomain,1.0,6.5035343e-21,1.0,0.0
testing805.jpg,Outside,1.0,1.5834374e-31,3.3403637e-26,1.0
testing806.jpg,Nanodomain,1.0,3.828611e-31,1.0,0.0
testing807.jpg,Nanodomain,1.0,1.3201751e-28,1.0,0.0
testing808.jpg,Nanodomain,1.0,1.4821029e-25,1.0,0.0
testing809.jpg,Intermediate,1.0,1.0,1.4980558e-13,8.1445463e-20
testing810.jpg,Intermediate,1.0,1.0,4.2440595e-19,1.4169715e-23
testing811.jpg,Intermediate,1.0,1.0,2.449008e-23,1.6426618e-24
testing812.jpg,Nanodomain,1.0,1.1049188e-33,1.0,0.0
testing813.jpg,Outside,1.0,2.5496306e-28,1.03227696e-26,1.0
testing814.jpg,Outside,0.65900046,0.34099954,2.159955e-15,0.65900046
testing815.jpg,Outside,0.9640399,0.035960093,5.356449e-15,0.9640399
testing816.jpg,Outside,0.9701769,0.029823178,4.116651e-14,0.9701769
testing817.jpg,Intermediate,0.99995315,0.99995315,4.824724e-20,4.6823254e-05
testing818.jpg,Outside,1.0,1.9511182e-17,1.9778239e-19,1.0
testing819.jpg,Outside,1.0,6.5935783e-24,3.9545023e-23,1.0
testing820.jpg,Outside,1.0,1.6106777e-28,1.1697263e-28,1.0
testing821.jpg,Outside,1.0,4.313119e-17,2.902279e-19,1.0
testing822.jpg,Outside,1.0,1.3513692e-20,2.825153e-23,1.0
testing823.jpg,Outside,1.0,6.254462e-20,3.9712168e-18,1.0
testing824.jpg,Intermediate,1.0,1.0,1.4974304e-24,2.0605274e-14
testing825.jpg,Outside,1.0,1.3450852e-11,5.0371276e-16,1.0
testing826.jpg,Intermediate,0.99198216,0.99198216,1.0158899e-15,0.008017786
testing827.jpg,Outside,0.99976367,0.00023638293,1.457089e-18,0.99976367
testing828.jpg,Outside,1.0,8.073747e-18,1.8961999e-20,1.0
testing829.jpg,Nanodomain,1.0,0.0,1.0,0.0
testing830.jpg,Nanodomain,1.0,0.0,1.0,0.0
testing831.jpg,Nanodomain,1.0,0.0,1.0,0.0
testing832.jpg,Nanodomain,1.0,5.407518e-37,1.0,0.0
testing833.jpg,Nanodomain,1.0,1.3342472e-32,1.0,0.0
testing834.jpg,Nanodomain,1.0,4.7687693e-37,1.0,0.0
testing835.jpg,Nanodomain,1.0,3.730188e-32,1.0,0.0
testing836.jpg,Nanodomain,1.0,1.3095806e-37,1.0,0.0
testing837.jpg,Nanodomain,1.0,1.9809045e-34,1.0,0.0
testing838.jpg,Nanodomain,1.0,1.0744152e-24,1.0,0.0
testing839.jpg,Nanodomain,1.0,1.2441609e-35,1.0,0.0
testing840.jpg,Nanodomain,1.0,5.1534257e-19,1.0,2.4294055e-36
testing841.jpg,Outside,1.0,4.378176e-28,1.3504411e-28,1.0
testing842.jpg,Outside,1.0,1.5726092e-22,3.7603242e-22,1.0
testing843.jpg,Intermediate,1.0,1.0,6.421774e-32,1.1914622e-17
testing844.jpg,Intermediate,1.0,1.0,3.812791e-27,2.379013e-19
testing845.jpg,Intermediate,1.0,1.0,3.1357377e-22,7.1270104e-19
testing846.jpg,Intermediate,1.0,1.0,2.0303553e-36,1.9256332e-29
testing847.jpg,Intermediate,1.0,1.0,2.6330296e-24,5.5522575e-19
testing848.jpg,Intermediate,1.0,1.0,3.793909e-30,6.574895e-23
testing849.jpg,Intermediate,1.0,1.0,1.3724821e-28,6.065288e-22
testing850.jpg,Intermediate,1.0,1.0,0.0,7.661335e-30
testing851.jpg,Nanodomain,1.0,8.787996e-09,1.0,8.5638724e-30
testing852.jpg,Nanodomain,1.0,1.5394746e-17,1.0,7.053355e-36
testing853.jpg,Nanodomain,1.0,1.6509943e-10,1.0,1.6606369e-32
testing854.jpg,Intermediate,0.99999976,0.99999976,4.299969e-20,2.0589334e-07
testing855.jpg,Outside,1.0,5.1297817e-30,1.84511e-27,1.0
testing856.jpg,Outside,1.0,6.1955826e-24,2.4895014e-23,1.0
testing857.jpg,Outside,1.0,3.6400512e-34,1.44826885e-30,1.0
testing858.jpg,Outside,1.0,1.19715896e-29,1.8617108e-27,1.0
testing859.jpg,Outside,1.0,3.669375e-24,2.6041752e-21,1.0
testing860.jpg,Outside,1.0,1.4419481e-27,4.025301e-25,1.0
testing861.jpg,Nanodomain,1.0,0.0,1.0,0.0
testing862.jpg,Nanodomain,1.0,0.0,1.0,0.0
testing863.jpg,Nanodomain,1.0,0.0,1.0,0.0
testing864.jpg,Nanodomain,1.0,0.0,1.0,0.0
testing865.jpg,Nanodomain,1.0,0.0,1.0,0.0
testing866.jpg,Nanodomain,1.0,0.0,1.0,0.0
testing867.jpg,Nanodomain,1.0,0.0,1.0,0.0
testing868.jpg,Nanodomain,1.0,0.0,1.0,0.0
testing869.jpg,Nanodomain,1.0,0.0,1.0,0.0
testing870.jpg,Nanodomain,1.0,0.0,1.0,0.0
testing871.jpg,Nanodomain,1.0,0.0,1.0,0.0
testing872.jpg,Nanodomain,1.0,0.0,1.0,0.0
testing873.jpg,Nanodomain,1.0,0.0,1.0,0.0
testing874.jpg,Nanodomain,1.0,0.0,1.0,0.0
testing875.jpg,Nanodomain,1.0,1.1737713e-21,1.0,0.0
testing876.jpg,Nanodomain,1.0,1.0358798e-31,1.0,0.0
testing877.jpg,Nanodomain,1.0,2.4838358e-25,1.0,0.0
testing878.jpg,Nanodomain,1.0,1.699084e-17,1.0,0.0
testing879.jpg,Nanodomain,1.0,4.2771714e-32,1.0,0.0
testing880.jpg,Nanodomain,1.0,0.0,1.0,0.0
testing881.jpg,Nanodomain,1.0,1.9043095e-37,1.0,0.0
testing882.jpg,Nanodomain,1.0,5.1860546e-30,1.0,0.0
testing883.jpg,Nanodomain,1.0,2.7788227e-35,1.0,0.0
testing884.jpg,Nanodomain,1.0,3.7540216e-20,1.0,0.0
testing885.jpg,Nanodomain,1.0,6.452994e-22,1.0,0.0
testing886.jpg,Intermediate,1.0,1.0,2.2159484e-31,3.854685e-22
testing887.jpg,Outside,1.0,7.8333804e-25,1.1269401e-24,1.0
testing888.jpg,Nanodomain,1.0,1.3338092e-25,1.0,0.0
testing889.jpg,Nanodomain,1.0,1.9255411e-33,1.0,0.0
testing890.jpg,Nanodomain,1.0,4.053783e-30,1.0,0.0
testing891.jpg,Outside,1.0,5.045824e-37,4.1186536e-32,1.0
testing892.jpg,Outside,1.0,3.351717e-30,8.190402e-29,1.0
testing893.jpg,Outside,1.0,1.348425e-33,2.4839418e-31,1.0
testing894.jpg,Outside,1.0,1.20012375e-26,1.9562728e-27,1.0
testing895.jpg,Outside,1.0,1.6763305e-34,9.638502e-31,1.0
testing896.jpg,Outside,1.0,7.5004212e-34,1.9743988e-29,1.0
testing897.jpg,Outside,1.0,5.0011976e-28,4.716316e-25,1.0
testing898.jpg,Intermediate,1.0,1.0,5.606933e-13,1.1309567e-19
testing899.jpg,Nanodomain,1.0,7.979769e-20,1.0,0.0
testing900.jpg,Nanodomain,1.0,4.8937044e-19,1.0,0.0
testing901.jpg,Nanodomain,1.0,4.1315297e-30,1.0,0.0
testing902.jpg,Nanodomain,1.0,8.99212e-18,1.0,1.4598398e-37
testing903.jpg,Nanodomain,1.0,5.548184e-22,1.0,0.0
testing904.jpg,Nanodomain,0.99999917,8.5501335e-07,0.99999917,8.5607664e-29
testing905.jpg,Nanodomain,1.0,1.7041523e-26,1.0,0.0
testing906.jpg,Nanodomain,1.0,5.885454e-15,1.0,5.1683435e-36
testing907.jpg,Nanodomain,1.0,1.7881374e-27,1.0,0.0
testing908.jpg,Intermediate,0.9836241,0.9836241,2.2834826e-14,0.01637585
testing909.jpg,Intermediate,0.9999995,0.9999995,1.7197124e-20,4.70605e-07
testing910.jpg,Outside,1.0,3.5749248e-09,6.5571097e-16,1.0
testing911.jpg,Outside,0.9999738,2.6229209e-05,1.1406213e-15,0.9999738
testing912.jpg,Intermediate,0.99869823,0.99869823,3.4010636e-16,0.0013017588
testing913.jpg,Outside,1.0,7.0886287e-12,1.1732308e-19,1.0
testing914.jpg,Outside,1.0,1.7890547e-16,4.7964006e-18,1.0
testing915.jpg,Outside,1.0,3.849499e-10,6.965517e-14,1.0
testing916.jpg,Intermediate,0.8809103,0.8809103,1.4124718e-16,0.11908973
testing917.jpg,Outside,1.0,9.028654e-26,2.7249284e-21,1.0
testing918.jpg,Outside,1.0,8.227192e-30,2.5974715e-26,1.0
testing919.jpg,Outside,1.0,1.9278088e-29,3.9132588e-26,1.0
testing920.jpg,Outside,1.0,1.5458406e-19,4.073469e-23,1.0
testing921.jpg,Outside,0.93009937,0.06990067,7.974282e-15,0.93009937
testing922.jpg,Outside,1.0,2.5850253e-27,2.2477548e-24,1.0
testing923.jpg,Intermediate,1.0,1.0,2.4811551e-18,3.849934e-24
testing924.jpg,Intermediate,0.7547128,0.7547128,0.2452872,8.804329e-22
testing925.jpg,Intermediate,1.0,1.0,0.0,1.5209803e-27
testing926.jpg,Nanodomain,1.0,2.58485e-14,1.0,1.0520585e-34
testing927.jpg,Nanodomain,1.0,3.3387045e-20,1.0,0.0
testing928.jpg,Nanodomain,1.0,5.6458205e-14,1.0,8.54805e-36
testing929.jpg,Nanodomain,1.0,4.8919875e-19,1.0,0.0
testing930.jpg,Nanodomain,1.0,7.148871e-09,1.0,3.5766788e-27
testing931.jpg,Nanodomain,0.9999999,7.381067e-08,0.9999999,1.2434826e-27
testing932.jpg,Nanodomain,1.0,0.0,1.0,0.0
testing933.jpg,Nanodomain,1.0,1.464159e-26,1.0,0.0
testing934.jpg,Nanodomain,1.0,3.0502638e-35,1.0,0.0
testing935.jpg,Nanodomain,1.0,6.6472056e-28,1.0,0.0
testing936.jpg,Nanodomain,1.0,4.3626192e-29,1.0,0.0
testing937.jpg,Nanodomain,1.0,1.3183462e-31,1.0,0.0
testing938.jpg,Intermediate,1.0,1.0,3.9725523e-32,9.975745e-28
testing939.jpg,Intermediate,1.0,1.0,3.369334e-28,8.019739e-29
testing940.jpg,Intermediate,1.0,1.0,1.5345777e-26,9.062405e-14
testing941.jpg,Outside,1.0,1.8984214e-28,4.206345e-26,1.0
testing942.jpg,Outside,1.0,2.6541193e-14,2.7865442e-17,1.0
testing943.jpg,Nanodomain,1.0,0.0,1.0,0.0
testing944.jpg,Nanodomain,1.0,0.0,1.0,0.0
testing945.jpg,Nanodomain,1.0,0.0,1.0,0.0
testing946.jpg,Nanodomain,1.0,0.0,1.0,0.0
testing947.jpg,Nanodomain,1.0,0.0,1.0,0.0
testing948.jpg,Nanodomain,1.0,2.1001183e-36,1.0,0.0
testing949.jpg,Nanodomain,1.0,1.6652456e-28,1.0,0.0
testing950.jpg,Outside,1.0,1.6709568e-09,1.5565793e-13,1.0
testing951.jpg,Outside,1.0,9.483061e-24,1.0079938e-21,1.0
testing952.jpg,Outside,1.0,1.8904622e-12,2.2778274e-17,1.0
testing953.jpg,Outside,1.0,3.6786203e-19,7.8105146e-20,1.0
testing954.jpg,Outside,1.0,1.05019393e-19,1.6010467e-22,1.0
testing955.jpg,Outside,1.0,1.5462895e-18,1.6071087e-17,1.0
testing956.jpg,Nanodomain,1.0,3.0558704e-32,1.0,0.0
testing957.jpg,Nanodomain,1.0,1.2675804e-38,1.0,0.0
testing958.jpg,Nanodomain,1.0,0.0,1.0,0.0
testing959.jpg,Nanodomain,1.0,1.0474349e-31,1.0,0.0
testing960.jpg,Nanodomain,1.0,3.6246347e-31,1.0,0.0
testing961.jpg,Nanodomain,1.0,1.6180121e-28,1.0,0.0
testing962.jpg,Nanodomain,1.0,3.1194752e-30,1.0,0.0
testing963.jpg,Nanodomain,1.0,1.3028367e-33,1.0,0.0
testing964.jpg,Nanodomain,1.0,9.042483e-32,1.0,0.0
testing965.jpg,Nanodomain,1.0,1.2391103e-30,1.0,0.0
testing966.jpg,Nanodomain,1.0,7.4507526e-17,1.0,4.5905817e-36
testing967.jpg,Nanodomain,1.0,4.4278696e-23,1.0,0.0
testing968.jpg,Outside,1.0,2.926262e-24,3.0733986e-22,1.0
testing969.jpg,Outside,1.0,5.577503e-25,7.66241e-24,1.0
testing970.jpg,Outside,1.0,9.699378e-20,8.2141796e-22,1.0
testing971.jpg,Nanodomain,1.0,6.9894995e-29,1.0,0.0
testing972.jpg,Nanodomain,1.0,2.70009e-32,1.0,0.0
testing973.jpg,Nanodomain,1.0,5.427386e-34,1.0,0.0
testing974.jpg,Nanodomain,1.0,1.3405969e-35,1.0,0.0
testing975.jpg,Intermediate,1.0,1.0,3.5022185e-12,1.4007184e-25
testing976.jpg,Intermediate,1.0,1.0,1.9313027e-24,2.1041706e-26
testing977.jpg,Nanodomain,1.0,6.898896e-24,1.0,0.0
testing978.jpg,Nanodomain,1.0,1.0051644e-35,1.0,0.0
testing979.jpg,Nanodomain,0.9999999,7.8010174e-08,0.9999999,3.9437768e-30
testing980.jpg,Nanodomain,1.0,3.429486e-15,1.0,2.0007735e-32
testing981.jpg,Nanodomain,0.99999964,3.4877206e-07,0.99999964,4.2317642e-30
testing982.jpg,Outside,1.0,1.1631497e-28,1.9066973e-26,1.0
testing983.jpg,Outside,1.0,2.8576218e-26,1.2566849e-23,1.0
testing984.jpg,Outside,1.0,2.173496e-22,6.905647e-21,1.0
testing985.jpg,Outside,1.0,1.6227735e-26,1.0312665e-24,1.0
testing986.jpg,Outside,1.0,1.3595117e-29,4.4517625e-25,1.0
testing987.jpg,Outside,1.0,1.8992965e-22,5.442957e-19,1.0
testing988.jpg,Outside,1.0,8.416228e-29,3.518626e-25,1.0
testing989.jpg,Outside,1.0,2.2475275e-28,4.1476815e-24,1.0
testing990.jpg,Nanodomain,1.0,0.0,1.0,0.0
testing991.jpg,Nanodomain,1.0,0.0,1.0,0.0
testing992.jpg,Nanodomain,1.0,0.0,1.0,0.0
testing993.jpg,Nanodomain,1.0,0.0,1.0,0.0
testing994.jpg,Nanodomain,1.0,0.0,1.0,0.0
testing995.jpg,Nanodomain,1.0,0.0,1.0,0.0
testing996.jpg,Nanodomain,1.0,0.0,1.0,0.0
testing997.jpg,Nanodomain,1.0,0.0,1.0,0.0
testing998.jpg,Nanodomain,1.0,0.0,1.0,0.0
testing999.jpg,Nanodomain,1.0,9.486177e-38,1.0,0.0
testing1000.jpg,Nanodomain,1.0,2.1816387e-35,1.0,0.0
testing1001.jpg,Nanodomain,1.0,1.1050461e-24,1.0,0.0
testing1002.jpg,Nanodomain,1.0,1.1448924e-31,1.0,0.0
testing1003.jpg,Nanodomain,1.0,7.745822e-11,1.0,8.667523e-32
testing1004.jpg,Intermediate,1.0,1.0,2.8374592e-20,2.5148373e-20
testing1005.jpg,Intermediate,1.0,1.0,1.2687362e-16,3.3219057e-15
testing1006.jpg,Intermediate,1.0,1.0,0.0,9.8748946e-33
testing1007.jpg,Nanodomain,1.0,3.881188e-09,1.0,2.6171368e-32
testing1008.jpg,Nanodomain,1.0,2.3980836e-34,1.0,0.0
testing1009.jpg,Nanodomain,1.0,3.514641e-33,1.0,0.0
testing1010.jpg,Nanodomain,1.0,5.091e-33,1.0,0.0
testing1011.jpg,Nanodomain,1.0,6.2536005e-36,1.0,0.0
testing1012.jpg,Nanodomain,1.0,2.3111693e-22,1.0,0.0
testing1013.jpg,Nanodomain,1.0,9.702439e-22,1.0,0.0
testing1014.jpg,Nanodomain,1.0,8.627655e-21,1.0,0.0
testing1015.jpg,Nanodomain,1.0,2.460847e-14,1.0,7.1880106e-33
testing1016.jpg,Nanodomain,1.0,2.2079577e-16,1.0,4.2042106e-34
testing1017.jpg,Nanodomain,1.0,5.0114198e-26,1.0,0.0
testing1018.jpg,Nanodomain,1.0,3.8998192e-25,1.0,0.0
testing1019.jpg,Outside,1.0,1.9053439e-27,2.021297e-22,1.0
testing1020.jpg,Intermediate,1.0,1.0,2.0626848e-19,3.5365371e-25
testing1021.jpg,Nanodomain,1.0,4.771491e-14,1.0,4.6584525e-33
testing1022.jpg,Outside,1.0,5.922745e-32,4.2702164e-29,1.0
testing1023.jpg,Nanodomain,1.0,0.0,1.0,0.0
testing1024.jpg,Nanodomain,1.0,0.0,1.0,0.0
testing1025.jpg,Outside,1.0,2.2858814e-30,1.3800631e-28,1.0
testing1026.jpg,Nanodomain,0.999876,0.00012394445,0.999876,5.295458e-22
testing1027.jpg,Nanodomain,1.0,2.8153415e-38,1.0,0.0
testing1028.jpg,Nanodomain,1.0,3.916921e-17,1.0,8.116841e-37
testing1029.jpg,Nanodomain,1.0,1.8677961e-31,1.0,0.0
testing1030.jpg,Nanodomain,1.0,8.518794e-19,1.0,0.0
testing1031.jpg,Outside,0.7862649,0.21373518,7.8328137e-13,0.7862649
testing1032.jpg,Nanodomain,1.0,4.7912567e-09,1.0,8.284095e-31
testing1033.jpg,Outside,1.0,1.2754433e-30,2.1181675e-26,1.0
testing1034.jpg,Nanodomain,1.0,0.0,1.0,0.0
testing1035.jpg,Intermediate,1.0,1.0,3.112205e-35,1.6392603e-27
testing1036.jpg,Nanodomain,1.0,1.7317782e-37,1.0,0.0
testing1037.jpg,Nanodomain,1.0,1.1310053e-32,1.0,0.0
testing1038.jpg,Intermediate,1.0,1.0,6.064742e-19,1.1001613e-08
testing1039.jpg,Outside,1.0,1.45895645e-27,9.773855e-26,1.0
testing1040.jpg,Outside,1.0,2.1191859e-26,1.3465769e-22,1.0
testing1041.jpg,Outside,0.8746636,0.12533645,3.0532204e-18,0.8746636
testing1042.jpg,Outside,1.0,4.0434344e-23,3.5818883e-23,1.0
testing1043.jpg,Intermediate,1.0,1.0,2.2094434e-21,2.0015193e-08
testing1044.jpg,Intermediate,1.0,1.0,9.1371116e-24,7.1349685e-15
testing1045.jpg,Outside,1.0,8.302888e-31,1.3018726e-26,1.0
testing1046.jpg,Intermediate,0.99075377,0.99075377,3.5730814e-17,0.009246278
testing1047.jpg,Outside,1.0,4.334857e-18,2.5356593e-16,1.0
testing1048.jpg,Outside,1.0,2.874573e-23,5.9021997e-24,1.0
testing1049.jpg,Intermediate,1.0,1.0,5.29088e-16,1.4574352e-23
testing1050.jpg,Intermediate,1.0,1.0,4.688322e-22,2.6112334e-13
testing1051.jpg,Nanodomain,1.0,8.32166e-12,1.0,7.9275085e-31
testing1052.jpg,Nanodomain,0.9880343,0.011965704,0.9880343,1.0640323e-24
testing1053.jpg,Nanodomain,0.99999547,4.502647e-06,0.99999547,4.8563233e-26
testing1054.jpg,Nanodomain,1.0,2.592234e-12,1.0,3.5119044e-27
testing1055.jpg,Nanodomain,0.99999166,8.315198e-06,0.99999166,1.2570915e-23
testing1056.jpg,Intermediate,1.0,1.0,1.9977768e-24,2.2827113e-21
testing1057.jpg,Outside,0.99999094,9.072841e-06,1.5597785e-16,0.99999094
testing1058.jpg,Nanodomain,1.0,3.333997e-08,1.0,2.9105285e-26
testing1059.jpg,Intermediate,0.9823741,0.9823741,0.017625919,1.8245834e-19
testing1060.jpg,Nanodomain,1.0,3.6477847e-09,1.0,3.634164e-29
testing1061.jpg,Nanodomain,1.0,2.30324e-29,1.0,0.0
testing1062.jpg,Nanodomain,1.0,5.4079013e-25,1.0,0.0
testing1063.jpg,Nanodomain,1.0,7.405076e-32,1.0,0.0
testing1064.jpg,Nanodomain,1.0,3.2187533e-24,1.0,0.0
testing1065.jpg,Nanodomain,1.0,3.8818015e-17,1.0,1.4356818e-32
testing1066.jpg,Nanodomain,1.0,3.764083e-15,1.0,3.8458175e-35
testing1067.jpg,Intermediate,1.0,1.0,3.0617263e-18,6.859137e-25
testing1068.jpg,Nanodomain,0.987535,0.012465052,0.987535,4.8396552e-21
testing1069.jpg,Nanodomain,1.0,7.494911e-09,1.0,1.0422521e-26
testing1070.jpg,Nanodomain,1.0,0.0,1.0,0.0
testing1071.jpg,Nanodomain,1.0,0.0,1.0,0.0
testing1072.jpg,Nanodomain,1.0,0.0,1.0,0.0
testing1073.jpg,Nanodomain,1.0,0.0,1.0,0.0
testing1074.jpg,Nanodomain,1.0,0.0,1.0,0.0
testing1075.jpg,Nanodomain,1.0,0.0,1.0,0.0
testing1076.jpg,Nanodomain,1.0,0.0,1.0,0.0
testing1077.jpg,Nanodomain,1.0,0.0,1.0,0.0
testing1078.jpg,Nanodomain,1.0,0.0,1.0,0.0
testing1079.jpg,Nanodomain,1.0,1.4119533e-31,1.0,0.0
testing1080.jpg,Outside,1.0,4.6782897e-26,7.881977e-23,1.0
testing1081.jpg,Outside,1.0,2.52849e-18,1.3663228e-21,1.0
testing1082.jpg,Intermediate,0.9999995,0.9999995,2.0247574e-18,5.274559e-07
testing1083.jpg,Outside,1.0,1.8222336e-12,3.1475265e-17,1.0
testing1084.jpg,Outside,1.0,5.037689e-22,1.7957894e-24,1.0
testing1085.jpg,Outside,0.9999995,4.5802474e-07,1.5956464e-19,0.9999995
testing1086.jpg,Intermediate,0.99997663,0.99997663,3.5724643e-19,2.3396316e-05
testing1087.jpg,Intermediate,1.0,1.0,3.6842912e-28,1.9131758e-17
testing1088.jpg,Nanodomain,1.0,1.6907302e-10,1.0,1.4870982e-32
testing1089.jpg,Nanodomain,1.0,4.998502e-23,1.0,0.0
testing1090.jpg,Nanodomain,0.9999988,1.1443816e-06,0.9999988,3.494211e-25
testing1091.jpg,Nanodomain,0.99999917,8.4620297e-07,0.99999917,1.1874248e-29
testing1092.jpg,Nanodomain,1.0,7.5796895e-12,1.0,1.3660679e-28
testing1093.jpg,Nanodomain,1.0,2.5010022e-10,1.0,1.7350347e-26
testing1094.jpg,Nanodomain,0.99999964,3.2990667e-07,0.99999964,5.2787703e-28
testing1095.jpg,Intermediate,0.9931485,0.9931485,0.006851492,1.140433e-22
testing1096.jpg,Outside,1.0,4.4679067e-33,1.9291202e-27,1.0
testing1097.jpg,Outside,1.0,1.7159425e-23,2.695267e-22,1.0
testing1098.jpg,Nanodomain,1.0,6.3955523e-29,1.0,0.0
testing1099.jpg,Nanodomain,1.0,3.2403805e-28,1.0,0.0
testing1100.jpg,Nanodomain,1.0,2.810203e-22,1.0,0.0
testing1101.jpg,Nanodomain,1.0,5.785391e-24,1.0,0.0
testing1102.jpg,Nanodomain,1.0,2.2118306e-13,1.0,2.3452198e-37
testing1103.jpg,Nanodomain,1.0,5.739982e-29,1.0,0.0
testing1104.jpg,Nanodomain,1.0,1.0777164e-30,1.0,0.0
testing1105.jpg,Nanodomain,1.0,1.1274922e-21,1.0,0.0
testing1106.jpg,Nanodomain,1.0,2.5456476e-19,1.0,5.4909977e-37
testing1107.jpg,Nanodomain,1.0,1.0526465e-08,1.0,1.06816814e-29
testing1108.jpg,Nanodomain,0.9999392,6.0848666e-05,0.9999392,5.4090084e-28
testing1109.jpg,Nanodomain,1.0,6.124942e-17,1.0,4.9160614e-35
testing1110.jpg,Outside,1.0,7.7909615e-28,7.930371e-26,1.0
testing1111.jpg,Outside,1.0,2.80014e-25,3.468136e-24,1.0
testing1112.jpg,Outside,1.0,1.2732696e-31,4.5759657e-28,1.0
testing1113.jpg,Outside,1.0,9.7710437e-29,4.1176607e-26,1.0
testing1114.jpg,Outside,1.0,1.1043308e-22,2.7141897e-22,1.0
testing1115.jpg,Outside,1.0,4.1052214e-27,2.17404e-25,1.0
testing1116.jpg,Outside,1.0,1.0284504e-30,1.4126472e-25,1.0
testing1117.jpg,Intermediate,1.0,1.0,2.4086182e-26,4.958893e-12
testing1118.jpg,Outside,1.0,7.7136847e-29,6.203262e-26,1.0
testing1119.jpg,Nanodomain,1.0,0.0,1.0,0.0
testing1120.jpg,Nanodomain,1.0,5.1837496e-19,1.0,1.7271263e-38
testing1121.jpg,Nanodomain,1.0,6.791696e-34,1.0,0.0
testing1122.jpg,Intermediate,1.0,1.0,3.6795038e-27,8.3719625e-17
testing1123.jpg,Nanodomain,1.0,1.1575991e-28,1.0,0.0
testing1124.jpg,Nanodomain,1.0,5.2422122e-27,1.0,0.0
testing1125.jpg,Nanodomain,1.0,9.475385e-26,1.0,0.0
testing1126.jpg,Nanodomain,1.0,0.0,1.0,0.0
testing1127.jpg,Nanodomain,1.0,0.0,1.0,0.0
testing1128.jpg,Nanodomain,1.0,1.0901241e-24,1.0,0.0
testing1129.jpg,Nanodomain,1.0,1.5458643e-26,1.0,0.0
testing1130.jpg,Intermediate,1.0,1.0,2.3602533e-29,1.35249854e-20
testing1131.jpg,Nanodomain,1.0,0.0,1.0,0.0
testing1132.jpg,Nanodomain,1.0,2.8936952e-15,1.0,4.1958292e-35
testing1133.jpg,Nanodomain,1.0,1.004136e-15,1.0,1.424505e-38
testing1134.jpg,Nanodomain,1.0,2.6531683e-21,1.0,0.0
testing1135.jpg,Nanodomain,1.0,2.6637403e-10,1.0,1.341443e-32
testing1136.jpg,Nanodomain,1.0,6.3890285e-18,1.0,0.0
testing1137.jpg,Nanodomain,1.0,5.0283782e-14,1.0,2.4855887e-33
testing1138.jpg,Nanodomain,1.0,1.0521007e-30,1.0,0.0
testing1139.jpg,Nanodomain,1.0,2.5887001e-24,1.0,0.0
testing1140.jpg,Nanodomain,1.0,1.1260099e-20,1.0,0.0
testing1141.jpg,Nanodomain,1.0,1.4559057e-25,1.0,0.0
testing1142.jpg,Intermediate,1.0,1.0,2.353931e-30,7.28856e-21
testing1143.jpg,Outside,1.0,8.121255e-33,2.541259e-29,1.0
testing1144.jpg,Outside,1.0,7.977674e-26,7.70875e-27,1.0
testing1145.jpg,Outside,1.0,2.5503546e-32,7.383702e-30,1.0
testing1146.jpg,Outside,1.0,1.608277e-28,1.1302928e-26,1.0
testing1147.jpg,Outside,1.0,9.1293495e-30,3.5392986e-28,1.0
testing1148.jpg,Intermediate,1.0,1.0,2.2636642e-25,4.2018482e-14
testing1149.jpg,Intermediate,1.0,1.0,1.4004202e-16,4.606154e-15
testing1150.jpg,Intermediate,1.0,1.0,2.9336246e-26,5.646342e-20
testing1151.jpg,Outside,0.8591835,0.14081648,4.8522076e-12,0.8591835
testing1152.jpg,Nanodomain,1.0,0.0,1.0,0.0
testing1153.jpg,Outside,1.0,2.4493125e-26,1.2116192e-26,1.0
testing1154.jpg,Outside,1.0,4.790859e-26,6.721855e-24,1.0
testing1155.jpg,Nanodomain,1.0,0.0,1.0,0.0
testing1156.jpg,Nanodomain,1.0,0.0,1.0,0.0
testing1157.jpg,Nanodomain,1.0,0.0,1.0,0.0
testing1158.jpg,Nanodomain,1.0,0.0,1.0,0.0
testing1159.jpg,Intermediate,1.0,1.0,3.6187366e-23,4.6850144e-22
testing1160.jpg,Outside,1.0,2.7630336e-33,1.6867039e-25,1.0
testing1161.jpg,Outside,1.0,2.8779201e-30,7.560057e-26,1.0
testing1162.jpg,Nanodomain,1.0,5.5520912e-33,1.0,0.0
testing1163.jpg,Nanodomain,1.0,5.851095e-29,1.0,0.0
testing1164.jpg,Nanodomain,0.99999106,8.926542e-06,0.99999106,7.6887114e-27
testing1165.jpg,Nanodomain,1.0,1.0385516e-14,1.0,3.0460909e-34
testing1166.jpg,Nanodomain,1.0,1.6549287e-29,1.0,0.0
testing1167.jpg,Intermediate,1.0,1.0,0.0,8.423808e-29
testing1168.jpg,Outside,1.0,2.2904581e-20,1.1732308e-19,1.0
testing1169.jpg,Outside,1.0,1.07389066e-13,1.5329274e-19,1.0
testing1170.jpg,Outside,1.0,1.0463219e-10,6.121558e-16,1.0
testing1171.jpg,Outside,1.0,1.4794031e-17,8.408332e-22,1.0
testing1172.jpg,Outside,1.0,6.024818e-22,8.4565466e-23,1.0
testing1173.jpg,Outside,1.0,2.9664608e-27,5.8472717e-24,1.0
testing1174.jpg,Outside,1.0,1.7334355e-24,5.885118e-22,1.0
testing1175.jpg,Outside,1.0,1.20583365e-24,1.377265e-21,1.0
testing1176.jpg,Outside,1.0,3.2236767e-19,2.5355358e-22,1.0
testing1177.jpg,Intermediate,0.99602133,0.99602133,6.915654e-16,0.00397871
testing1178.jpg,Outside,0.997661,0.0023389873,1.1537894e-15,0.997661
testing1179.jpg,Outside,1.0,1.6046722e-15,1.4048882e-16,1.0
testing1180.jpg,Intermediate,1.0,1.0,3.1693e-23,1.9035121e-13
testing1181.jpg,Intermediate,1.0,1.0,3.405749e-28,1.03001105e-19
testing1182.jpg,Intermediate,1.0,1.0,3.320806e-36,1.926606e-26
testing1183.jpg,Intermediate,1.0,1.0,1.4453426e-24,3.0546673e-26
testing1184.jpg,Intermediate,0.76723653,0.76723653,0.23276347,4.851847e-20
testing1185.jpg,Intermediate,1.0,1.0,6.463622e-19,1.2724917e-25
testing1186.jpg,Nanodomain,1.0,0.0,1.0,0.0
testing1187.jpg,Intermediate,1.0,1.0,1.0672477e-29,2.7707583e-19
testing1188.jpg,Intermediate,1.0,1.0,2.5635403e-26,2.341865e-24
testing1189.jpg,Nanodomain,1.0,2.2464764e-14,1.0,1.868967e-29
testing1190.jpg,Nanodomain,1.0,3.9307316e-12,1.0,2.774135e-32
testing1191.jpg,Nanodomain,1.0,2.8043031e-14,1.0,8.816077e-33
testing1192.jpg,Nanodomain,1.0,2.6523338e-17,1.0,1.2616053e-35
testing1193.jpg,Nanodomain,1.0,3.6985766e-17,1.0,8.661254e-37
testing1194.jpg,Intermediate,1.0,1.0,3.5018347e-10,5.423805e-19
testing1195.jpg,Intermediate,1.0,1.0,1.1135206e-19,3.5957136e-24
testing1196.jpg,Intermediate,0.9999862,0.9999862,1.3870945e-05,1.0711772e-21
testing1197.jpg,Nanodomain,1.0,4.318049e-36,1.0,0.0
testing1198.jpg,Nanodomain,1.0,0.0,1.0,0.0
testing1199.jpg,Nanodomain,1.0,9.893802e-37,1.0,0.0
testing1200.jpg,Nanodomain,1.0,0.0,1.0,0.0
testing1201.jpg,Nanodomain,1.0,0.0,1.0,0.0
testing1202.jpg,Nanodomain,1.0,0.0,1.0,0.0
testing1203.jpg,Nanodomain,1.0,0.0,1.0,0.0
testing1204.jpg,Nanodomain,1.0,6.975643e-38,1.0,0.0
testing1205.jpg,Nanodomain,1.0,6.7266023e-31,1.0,0.0
testing1206.jpg,Nanodomain,1.0,9.967108e-36,1.0,0.0
testing1207.jpg,Nanodomain,1.0,5.570602e-29,1.0,0.0
testing1208.jpg,Nanodomain,1.0,3.0019055e-22,1.0,0.0
testing1209.jpg,Outside,1.0,2.957101e-15,7.68523e-20,1.0
testing1210.jpg,Outside,1.0,3.0436693e-15,6.353804e-20,1.0
testing1211.jpg,Outside,1.0,1.4984677e-20,1.95636e-22,1.0
testing1212.jpg,Outside,0.96706045,0.0329396,2.9125486e-17,0.96706045
testing1213.jpg,Outside,1.0,4.9118485e-18,5.730404e-20,1.0
testing1214.jpg,Outside,0.85415846,0.14584151,1.9809152e-16,0.85415846
testing1215.jpg,Nanodomain,1.0,1.6776951e-24,1.0,0.0
testing1216.jpg,Nanodomain,1.0,8.88335e-20,1.0,0.0
testing1217.jpg,Nanodomain,1.0,2.5281151e-17,1.0,1.8348811e-37
testing1218.jpg,Nanodomain,1.0,0.0,1.0,0.0
testing1219.jpg,Nanodomain,1.0,0.0,1.0,0.0
testing1220.jpg,Nanodomain,1.0,8.23528e-18,1.0,3.2084854e-36
testing1221.jpg,Nanodomain,1.0,6.3970227e-12,1.0,1.676413e-27
testing1222.jpg,Nanodomain,1.0,3.2742285e-35,1.0,0.0
testing1223.jpg,Intermediate,0.6586073,0.6586073,0.3413927,2.5487388e-21
testing1224.jpg,Outside,1.0,3.9054484e-24,1.8249338e-22,1.0
testing1225.jpg,Outside,1.0,4.8014678e-27,2.7797845e-22,1.0
testing1226.jpg,Outside,1.0,1.3612672e-27,6.336623e-26,1.0
testing1227.jpg,Outside,1.0,8.495897e-23,5.4387384e-21,1.0
testing1228.jpg,Nanodomain,1.0,2.435389e-37,1.0,0.0
testing1229.jpg,Outside,1.0,1.4031489e-29,2.759649e-28,1.0
testing1230.jpg,Nanodomain,1.0,1.03264175e-14,1.0,3.7277497e-35
testing1231.jpg,Nanodomain,1.0,1.07508335e-13,1.0,6.192051e-35
testing1232.jpg,Nanodomain,0.9999989,1.1160485e-06,0.9999989,1.3215587e-29
testing1233.jpg,Nanodomain,0.99999976,1.828665e-07,0.99999976,2.0038628e-28
testing1234.jpg,Nanodomain,1.0,8.6309665e-13,1.0,4.218945e-33
testing1235.jpg,Nanodomain,0.94293946,0.057060596,0.94293946,3.2401037e-25
testing1236.jpg,Outside,1.0,1.4117421e-25,2.350959e-24,1.0
testing1237.jpg,Outside,1.0,5.066339e-25,1.7052939e-22,1.0
testing1238.jpg,Outside,1.0,5.4769707e-26,6.132264e-23,1.0
testing1239.jpg,Outside,1.0,2.810091e-18,7.914408e-20,1.0
testing1240.jpg,Outside,1.0,2.328507e-28,4.270188e-27,1.0
testing1241.jpg,Outside,1.0,4.370629e-30,2.0788633e-26,1.0
testing1242.jpg,Outside,1.0,4.651883e-25,2.7251853e-23,1.0
testing1243.jpg,Outside,1.0,3.6209937e-27,3.0721176e-24,1.0
testing1244.jpg,Outside,1.0,4.6491665e-26,4.9676287e-24,1.0
testing1245.jpg,Nanodomain,1.0,0.0,1.0,0.0
testing1246.jpg,Nanodomain,1.0,3.6257533e-32,1.0,0.0
testing1247.jpg,Nanodomain,1.0,7.487142e-38,1.0,0.0
testing1248.jpg,Nanodomain,1.0,3.0377983e-31,1.0,0.0
testing1249.jpg,Nanodomain,1.0,7.136101e-33,1.0,0.0
testing1250.jpg,Nanodomain,1.0,1.6340309e-13,1.0,2.2980976e-36
testing1251.jpg,Nanodomain,1.0,3.22753e-33,1.0,0.0
testing1252.jpg,Nanodomain,1.0,7.221083e-30,1.0,0.0
testing1253.jpg,Nanodomain,1.0,1.079919e-36,1.0,0.0
testing1254.jpg,Nanodomain,1.0,1.025499e-33,1.0,0.0
testing1255.jpg,Nanodomain,1.0,2.8797614e-10,1.0,1.4826573e-32
testing1256.jpg,Nanodomain,1.0,4.7538153e-17,1.0,4.6124683e-37
testing1257.jpg,Nanodomain,1.0,3.990767e-08,1.0,2.4213554e-29
testing1258.jpg,Intermediate,1.0,1.0,2.4725753e-26,3.740961e-17
testing1259.jpg,Intermediate,1.0,1.0,1.5758441e-17,6.4927534e-09
testing1260.jpg,Intermediate,1.0,1.0,1.6778087e-26,2.131556e-13
testing1261.jpg,Intermediate,1.0,1.0,5.688234e-22,1.0673999e-26
testing1262.jpg,Nanodomain,1.0,2.0601925e-11,1.0,1.1467719e-31
testing1263.jpg,Nanodomain,1.0,1.4154168e-14,1.0,6.524958e-35
testing1264.jpg,Intermediate,0.9099475,0.9099475,0.090052426,1.8921038e-26
testing1265.jpg,Nanodomain,0.9999993,7.217431e-07,0.9999993,4.0909393e-30
testing1266.jpg,Nanodomain,1.0,2.2750746e-17,1.0,3.1150388e-38
testing1267.jpg,Nanodomain,0.980641,0.01935906,0.980641,3.724724e-22
testing1268.jpg,Nanodomain,1.0,7.1551615e-16,1.0,1.0702823e-34
testing1269.jpg,Nanodomain,0.9731929,0.026807109,0.9731929,2.676235e-25
testing1270.jpg,Outside,1.0,4.211392e-31,7.3710746e-28,1.0
testing1271.jpg,Outside,1.0,7.494995e-32,4.9129965e-31,1.0
testing1272.jpg,Outside,1.0,3.101468e-27,1.1538516e-28,1.0
testing1273.jpg,Outside,1.0,2.3424017e-31,1.3073996e-29,1.0
testing1274.jpg,Outside,1.0,3.6149773e-34,5.062073e-31,1.0
testing1275.jpg,Outside,1.0,1.885918e-30,1.8800368e-28,1.0
testing1276.jpg,Outside,1.0,6.5822357e-34,1.8234233e-30,1.0
testing1277.jpg,Outside,1.0,1.6432138e-31,8.6829246e-29,1.0
testing1278.jpg,Outside,1.0,1.514651e-28,3.697276e-26,1.0
testing1279.jpg,Nanodomain,1.0,0.0,1.0,0.0
testing1280.jpg,Intermediate,1.0,1.0,1.1819909e-26,1.4742232e-13
testing1281.jpg,Nanodomain,1.0,0.0,1.0,0.0
testing1282.jpg,Nanodomain,1.0,0.0,1.0,0.0
testing1283.jpg,Nanodomain,1.0,0.0,1.0,0.0
testing1284.jpg,Nanodomain,1.0,0.0,1.0,0.0
testing1285.jpg,Nanodomain,1.0,0.0,1.0,0.0
testing1286.jpg,Nanodomain,1.0,0.0,1.0,0.0
testing1287.jpg,Nanodomain,1.0,0.0,1.0,0.0
testing1288.jpg,Outside,1.0,7.9835983e-29,9.04114e-24,1.0
testing1289.jpg,Outside,1.0,2.5323503e-26,4.7013933e-23,1.0
testing1290.jpg,Nanodomain,1.0,3.2935694e-28,1.0,0.0
testing1291.jpg,Nanodomain,1.0,1.9550523e-13,1.0,8.232602e-35
testing1292.jpg,Nanodomain,1.0,0.0,1.0,0.0
testing1293.jpg,Nanodomain,1.0,1.4895864e-30,1.0,0.0
testing1294.jpg,Nanodomain,1.0,1.8508483e-12,1.0,4.1193448e-32
testing1295.jpg,Intermediate,1.0,1.0,1.9619737e-21,8.781932e-20
testing1296.jpg,Intermediate,1.0,1.0,1.8562498e-20,5.0578637e-24
testing1297.jpg,Intermediate,1.0,1.0,1.4198187e-29,8.801328e-25
testing1298.jpg,Outside,1.0,9.9445236e-26,1.958489e-21,1.0
testing1299.jpg,Outside,1.0,1.119966e-19,4.3966497e-22,1.0
testing1300.jpg,Outside,0.99705005,0.0029498865,3.570145e-11,0.99705005
testing1301.jpg,Outside,1.0,4.2004625e-10,1.5174601e-15,1.0
testing1302.jpg,Outside,1.0,4.0634878e-09,3.254569e-18,1.0
testing1303.jpg,Outside,1.0,1.1459358e-25,1.16358325e-23,1.0
testing1304.jpg,Outside,1.0,2.14349e-16,1.1491661e-18,1.0
testing1305.jpg,Intermediate,1.0,1.0,2.1213023e-21,6.5657784e-21
testing1306.jpg,Intermediate,1.0,1.0,1.8232614e-17,9.6533625e-17
testing1307.jpg,Intermediate,1.0,1.0,2.4027711e-27,1.1314501e-24
testing1308.jpg,Intermediate,0.9999988,0.9999988,1.2489735e-06,2.0669258e-21
testing1309.jpg,Intermediate,1.0,1.0,3.669754e-16,1.377768e-23
testing1310.jpg,Outside,0.86869013,0.13130984,8.931535e-14,0.86869013
testing1311.jpg,Intermediate,1.0,1.0,4.552777e-34,6.304084e-23
testing1312.jpg,Intermediate,0.9975165,0.9975165,0.0024834767,4.9167935e-21
testing1313.jpg,Outside,1.0,2.4256949e-26,5.6632427e-24,1.0
testing1314.jpg,Outside,1.0,1.6234793e-26,9.52885e-26,1.0
testing1315.jpg,Outside,1.0,1.3686892e-24,8.7275245e-21,1.0
testing1316.jpg,Intermediate,1.0,1.0,2.1588177e-32,1.0900908e-24
testing1317.jpg,Intermediate,1.0,1.0,7.870704e-32,8.904081e-27
testing1318.jpg,Intermediate,1.0,1.0,7.475806e-32,7.570479e-25
testing1319.jpg,Intermediate,1.0,1.0,8.736207e-31,4.4038752e-26
testing1320.jpg,Nanodomain,1.0,4.1959405e-09,1.0,1.1898977e-28
testing1321.jpg,Intermediate,0.7492789,0.7492789,0.25072113,1.7303114e-21
testing1322.jpg,Intermediate,1.0,1.0,1.8521201e-19,2.984911e-24
testing1323.jpg,Intermediate,1.0,1.0,3.9479247e-26,1.3133007e-25
testing1324.jpg,Outside,0.999897,0.00010299177,2.7504562e-18,0.999897
testing1325.jpg,Nanodomain,1.0,0.0,1.0,0.0
testing1326.jpg,Nanodomain,1.0,0.0,1.0,0.0
testing1327.jpg,Nanodomain,1.0,0.0,1.0,0.0
testing1328.jpg,Nanodomain,1.0,3.8841464e-37,1.0,0.0
testing1329.jpg,Nanodomain,1.0,4.0058053e-38,1.0,0.0
testing1330.jpg,Nanodomain,1.0,4.5047656e-35,1.0,0.0
testing1331.jpg,Nanodomain,1.0,1.1185988e-28,1.0,0.0
testing1332.jpg,Nanodomain,1.0,9.6110915e-35,1.0,0.0
testing1333.jpg,Nanodomain,1.0,1.0587428e-32,1.0,0.0
testing1334.jpg,Nanodomain,1.0,2.1991852e-28,1.0,0.0
testing1335.jpg,Nanodomain,1.0,2.657161e-27,1.0,0.0
testing1336.jpg,Nanodomain,1.0,9.713652e-31,1.0,0.0
testing1337.jpg,Nanodomain,1.0,4.946366e-20,1.0,0.0
testing1338.jpg,Nanodomain,1.0,2.3937405e-28,1.0,0.0
testing1339.jpg,Outside,1.0,1.1648228e-22,2.7633863e-22,1.0
testing1340.jpg,Outside,1.0,2.745191e-20,3.3014428e-21,1.0
testing1341.jpg,Outside,0.6381148,0.3618852,8.326492e-16,0.6381148
testing1342.jpg,Nanodomain,0.99992764,7.230479e-05,0.99992764,7.2451633e-25
testing1343.jpg,Outside,1.0,8.2433645e-24,9.657816e-25,1.0
testing1344.jpg,Nanodomain,0.99999917,8.305975e-07,0.99999917,7.180082e-26
testing1345.jpg,Nanodomain,1.0,0.0,1.0,0.0
testing1346.jpg,Nanodomain,1.0,0.0,1.0,0.0
testing1347.jpg,Nanodomain,1.0,0.0,1.0,0.0
testing1348.jpg,Nanodomain,1.0,0.0,1.0,0.0
testing1349.jpg,Nanodomain,1.0,4.7317296e-30,1.0,0.0
testing1350.jpg,Intermediate,1.0,1.0,1.7073919e-12,2.743363e-25
testing1351.jpg,Nanodomain,0.9999951,4.8638058e-06,0.9999951,7.863752e-27
testing1352.jpg,Intermediate,1.0,1.0,8.391981e-24,5.889475e-22
testing1353.jpg,Intermediate,1.0,1.0,1.2063598e-14,5.8806296e-22
testing1354.jpg,Outside,1.0,6.1367743e-25,4.370759e-24,1.0
testing1355.jpg,Outside,1.0,5.370714e-24,8.370815e-24,1.0
testing1356.jpg,Outside,1.0,2.0350688e-22,2.756193e-24,1.0
testing1357.jpg,Outside,1.0,2.0458169e-23,2.87791e-22,1.0
testing1358.jpg,Outside,1.0,2.709731e-22,8.119217e-24,1.0
testing1359.jpg,Nanodomain,1.0,0.0,1.0,0.0
testing1360.jpg,Outside,1.0,1.7440669e-25,6.5929464e-25,1.0
testing1361.jpg,Outside,1.0,1.0184515e-16,1.5980661e-18,1.0
testing1362.jpg,Outside,1.0,8.38864e-27,1.6239014e-25,1.0
testing1363.jpg,Outside,1.0,2.215021e-29,8.996466e-28,1.0
testing1364.jpg,Intermediate,1.0,1.0,6.2127694e-30,1.2906104e-23
testing1365.jpg,Outside,1.0,5.915376e-27,6.4117155e-24,1.0
testing1366.jpg,Outside,1.0,1.1981088e-22,5.2486036e-24,1.0
testing1367.jpg,Outside,1.0,4.6030656e-29,1.7839074e-26,1.0
testing1368.jpg,Outside,1.0,6.597411e-29,2.3903562e-27,1.0
testing1369.jpg,Outside,1.0,5.241647e-29,1.0668835e-25,1.0
testing1370.jpg,Outside,1.0,1.2687615e-22,3.9584415e-23,1.0
testing1371.jpg,Outside,1.0,6.747172e-28,2.2300224e-26,1.0
testing1372.jpg,Outside,1.0,1.4218133e-29,3.367832e-27,1.0
testing1373.jpg,Outside,1.0,1.2583194e-25,3.1914778e-23,1.0
testing1374.jpg,Nanodomain,1.0,6.6785853e-31,1.0,0.0
testing1375.jpg,Intermediate,0.99910647,0.99910647,0.00089348387,1.385224e-22
testing1376.jpg,Nanodomain,1.0,1.0550389e-11,1.0,8.503705e-32
testing1377.jpg,Nanodomain,1.0,4.0652428e-30,1.0,0.0
testing1378.jpg,Nanodomain,1.0,6.4540967e-16,1.0,9.816594e-35
testing1379.jpg,Nanodomain,0.9999857,1.4344575e-05,0.9999857,2.0498142e-27
testing1380.jpg,Nanodomain,1.0,2.7093336e-14,1.0,1.4665008e-34
testing1381.jpg,Nanodomain,0.9756448,0.024355195,0.9756448,1.3597242e-25
testing1382.jpg,Nanodomain,1.0,1.902e-23,1.0,0.0
testing1383.jpg,Nanodomain,0.99999857,1.4245438e-06,0.99999857,5.7055935e-28
testing1384.jpg,Nanodomain,0.999703,0.00029693102,0.999703,3.0265219e-24
testing1385.jpg,Nanodomain,1.0,0.0,1.0,0.0
testing1386.jpg,Nanodomain,1.0,2.6249875e-08,1.0,1.1678333e-25
testing1387.jpg,Nanodomain,1.0,4.691961e-34,1.0,0.0
testing1388.jpg,Nanodomain,1.0,0.0,1.0,0.0
testing1389.jpg,Nanodomain,1.0,0.0,1.0,0.0
testing1390.jpg,Nanodomain,1.0,1.1561712e-17,1.0,8.5259606e-38
testing1391.jpg,Nanodomain,1.0,7.147765e-17,1.0,0.0
testing1392.jpg,Nanodomain,0.5888067,0.4111933,0.5888067,1.441478e-27
testing1393.jpg,Nanodomain,1.0,1.0731731e-11,1.0,9.506173e-38
testing1394.jpg,Nanodomain,0.9830136,0.016986415,0.9830136,2.9914249e-27
testing1395.jpg,Nanodomain,1.0,2.2482322e-19,1.0,0.0
testing1396.jpg,Intermediate,0.99510324,0.99510324,0.004896769,1.8861112e-25
testing1397.jpg,Nanodomain,0.94583404,0.054165933,0.94583404,6.972469e-23
testing1398.jpg,Outside,1.0,1.2692529e-33,6.7123506e-31,1.0
testing1399.jpg,Outside,1.0,9.205355e-27,3.0551903e-27,1.0
testing1400.jpg,Outside,1.0,3.8894005e-27,6.581173e-29,1.0
testing1401.jpg,Outside,1.0,5.4141146e-25,5.403012e-26,1.0
testing1402.jpg,Outside,1.0,2.8145984e-32,2.8400423e-31,1.0
testing1403.jpg,Outside,1.0,2.2995754e-32,1.3169747e-30,1.0
testing1404.jpg,Outside,1.0,7.268589e-23,8.210439e-25,1.0
testing1405.jpg,Intermediate,1.0,1.0,3.5212663e-28,5.0686235e-16
testing1406.jpg,Outside,0.65996933,0.34003067,1.4008375e-15,0.65996933
testing1407.jpg,Outside,1.0,1.2483248e-21,2.4501612e-20,1.0
testing1408.jpg,Outside,1.0,6.901588e-22,5.698721e-23,1.0
testing1409.jpg,Nanodomain,1.0,0.0,1.0,0.0
testing1410.jpg,Nanodomain,1.0,0.0,1.0,0.0
testing1411.jpg,Nanodomain,1.0,0.0,1.0,0.0
testing1412.jpg,Nanodomain,1.0,0.0,1.0,0.0
testing1413.jpg,Nanodomain,1.0,0.0,1.0,0.0
testing1414.jpg,Nanodomain,1.0,0.0,1.0,0.0
testing1415.jpg,Nanodomain,1.0,0.0,1.0,0.0
testing1416.jpg,Nanodomain,1.0,0.0,1.0,0.0
testing1417.jpg,Nanodomain,1.0,0.0,1.0,0.0
testing1418.jpg,Nanodomain,1.0,9.940862e-30,1.0,0.0
testing1419.jpg,Nanodomain,1.0,1.0667546e-30,1.0,0.0
testing1420.jpg,Nanodomain,1.0,2.9530513e-32,1.0,0.0
testing1421.jpg,Nanodomain,1.0,2.0600447e-17,1.0,2.504412e-35
testing1422.jpg,Nanodomain,1.0,5.2575172e-14,1.0,4.9930803e-34
testing1423.jpg,Nanodomain,1.0,1.5975256e-12,1.0,1.0156315e-30
testing1424.jpg,Intermediate,1.0,1.0,5.651907e-18,1.9685088e-23
testing1425.jpg,Intermediate,0.99999774,0.99999774,2.2215706e-06,6.3633433e-21
testing1426.jpg,Intermediate,1.0,1.0,1.544531e-09,1.3127788e-19
testing1427.jpg,Intermediate,1.0,1.0,1.5177487e-16,1.2833937e-15
testing1428.jpg,Outside,1.0,1.0152185e-27,1.4763761e-24,1.0
testing1429.jpg,Outside,1.0,9.0374856e-24,1.4565285e-24,1.0
testing1430.jpg,Nanodomain,1.0,0.0,1.0,0.0
testing1431.jpg,Outside,0.9676551,0.032344867,4.9260387e-15,0.9676551
testing1432.jpg,Intermediate,1.0,1.0,2.1218493e-24,1.3020439e-11
testing1433.jpg,Outside,0.99508435,0.0049155736,4.4703407e-14,0.99508435
testing1434.jpg,Intermediate,1.0,1.0,2.1235147e-34,7.4826766e-26
testing1435.jpg,Outside,0.9967393,0.0032606777,2.7100255e-17,0.9967393
testing1436.jpg,Intermediate,1.0,1.0,1.3658133e-27,2.250465e-25
testing1437.jpg,Intermediate,1.0,1.0,1.4746863e-33,9.29645e-24
testing1438.jpg,Intermediate,1.0,1.0,2.9546663e-22,9.1050445e-10
testing1439.jpg,Outside,0.96709764,0.032902367,1.4782066e-16,0.96709764
testing1440.jpg,Intermediate,1.0,1.0,0.0,2.9840315e-26
testing1441.jpg,Outside,1.0,8.643461e-15,6.830853e-19,1.0
testing1442.jpg,Outside,0.99081576,0.009184256,8.284569e-18,0.99081576
testing1443.jpg,Intermediate,0.6591096,0.6591096,9.394206e-13,0.34089035
testing1444.jpg,Intermediate,1.0,1.0,1.04350054e-20,4.6539976e-09
testing1445.jpg,Outside,1.0,8.4554885e-29,8.545448e-27,1.0
testing1446.jpg,Intermediate,1.0,1.0,5.97478e-24,9.159437e-26
testing1447.jpg,Intermediate,1.0,1.0,1.8242962e-34,9.777318e-27
testing1448.jpg,Intermediate,1.0,1.0,9.387673e-33,1.6335383e-17
testing1449.jpg,Intermediate,1.0,1.0,7.953236e-28,4.7643614e-14
testing1450.jpg,Outside,1.0,6.129021e-28,1.4379835e-25,1.0
testing1451.jpg,Intermediate,1.0,1.0,3.0492103e-24,1.01804815e-11
testing1452.jpg,Nanodomain,1.0,4.0279964e-29,1.0,0.0
testing1453.jpg,Nanodomain,1.0,1.4640619e-29,1.0,0.0
testing1454.jpg,Nanodomain,1.0,3.081621e-34,1.0,0.0
testing1455.jpg,Nanodomain,1.0,0.0,1.0,0.0
testing1456.jpg,Nanodomain,1.0,1.6713555e-35,1.0,0.0
testing1457.jpg,Nanodomain,1.0,0.0,1.0,0.0
testing1458.jpg,Nanodomain,1.0,2.9278833e-30,1.0,0.0
testing1459.jpg,Intermediate,1.0,1.0,1.9362002e-32,7.602839e-24
testing1460.jpg,Nanodomain,1.0,3.7486113e-28,1.0,0.0
testing1461.jpg,Nanodomain,1.0,1.1099112e-27,1.0,0.0
testing1462.jpg,Nanodomain,1.0,1.02617615e-25,1.0,0.0
testing1463.jpg,Nanodomain,1.0,2.3256272e-31,1.0,0.0
testing1464.jpg,Nanodomain,1.0,4.0247005e-26,1.0,0.0
testing1465.jpg,Nanodomain,1.0,1.2287288e-19,1.0,3.6517701e-37
testing1466.jpg,Outside,1.0,7.638054e-21,8.637897e-21,1.0
testing1467.jpg,Outside,0.9981444,0.0018555818,1.5082609e-16,0.9981444
testing1468.jpg,Outside,1.0,1.6123962e-24,1.1382989e-24,1.0
testing1469.jpg,Outside,1.0,1.5283728e-08,2.6551696e-16,1.0
testing1470.jpg,Outside,0.99984336,0.0001566546,2.5564434e-16,0.99984336
testing1471.jpg,Outside,1.0,2.3429336e-12,9.884495e-20,1.0
testing1472.jpg,Outside,1.0,6.4833113e-24,2.817091e-24,1.0
testing1473.jpg,Nanodomain,1.0,0.0,1.0,0.0
testing1474.jpg,Nanodomain,1.0,0.0,1.0,0.0
testing1475.jpg,Nanodomain,1.0,0.0,1.0,0.0
testing1476.jpg,Nanodomain,1.0,0.0,1.0,0.0
testing1477.jpg,Nanodomain,1.0,0.0,1.0,0.0
testing1478.jpg,Nanodomain,1.0,0.0,1.0,0.0
testing1479.jpg,Nanodomain,1.0,0.0,1.0,0.0
testing1480.jpg,Nanodomain,1.0,4.7931288e-32,1.0,0.0
testing1481.jpg,Nanodomain,0.9777215,0.022278542,0.9777215,4.8686073e-24
testing1482.jpg,Outside,0.99998975,1.0283206e-05,2.393661e-13,0.99998975
testing1483.jpg,Outside,1.0,1.3117042e-24,9.4001196e-23,1.0
testing1484.jpg,Nanodomain,1.0,0.0,1.0,0.0
testing1485.jpg,Nanodomain,1.0,0.0,1.0,0.0
testing1486.jpg,Nanodomain,1.0,0.0,1.0,0.0
testing1487.jpg,Nanodomain,1.0,0.0,1.0,0.0
testing1488.jpg,Nanodomain,1.0,0.0,1.0,0.0
testing1489.jpg,Nanodomain,1.0,0.0,1.0,0.0
testing1490.jpg,Nanodomain,1.0,0.0,1.0,0.0
testing1491.jpg,Nanodomain,1.0,0.0,1.0,0.0
testing1492.jpg,Outside,1.0,7.015929e-26,1.119874e-23,1.0
testing1493.jpg,Outside,1.0,8.063506e-16,8.270308e-21,1.0
testing1494.jpg,Outside,1.0,3.3009164e-27,3.570805e-26,1.0
testing1495.jpg,Outside,1.0,2.1655902e-24,4.1295097e-24,1.0
testing1496.jpg,Outside,0.9989489,0.0010511712,6.063972e-16,0.9989489
testing1497.jpg,Outside,1.0,3.9775734e-31,6.9846486e-29,1.0
testing1498.jpg,Outside,1.0,5.7904885e-25,1.1917813e-23,1.0
testing1499.jpg,Outside,1.0,2.713093e-29,1.3413601e-26,1.0
testing1500.jpg,Outside,1.0,2.6177665e-24,1.6316666e-21,1.0
testing1501.jpg,Outside,1.0,2.3409313e-28,6.2585754e-25,1.0
testing1502.jpg,Outside,1.0,5.583421e-25,1.99854e-23,1.0
testing1503.jpg,Nanodomain,1.0,2.8973087e-14,1.0,1.4555722e-33
testing1504.jpg,Nanodomain,1.0,3.7053192e-21,1.0,1.35512e-38
testing1505.jpg,Nanodomain,1.0,6.57269e-11,1.0,8.38043e-32
testing1506.jpg,Nanodomain,1.0,1.730631e-20,1.0,1.8597201e-38
testing1507.jpg,Nanodomain,1.0,8.997468e-19,1.0,1.6615315e-38
testing1508.jpg,Nanodomain,1.0,3.20493e-26,1.0,0.0
testing1509.jpg,Nanodomain,1.0,7.8119394e-10,1.0,1.7375464e-32
testing1510.jpg,Nanodomain,1.0,7.596758e-11,1.0,4.2724375e-34
testing1511.jpg,Nanodomain,1.0,0.0,1.0,0.0
testing1512.jpg,Nanodomain,1.0,0.0,1.0,0.0
testing1513.jpg,Nanodomain,1.0,0.0,1.0,0.0
testing1514.jpg,Intermediate,1.0,1.0,3.161942e-18,1.1962992e-24
testing1515.jpg,Nanodomain,0.64439183,0.3556081,0.64439183,1.7561101e-20
testing1516.jpg,Nanodomain,1.0,0.0,1.0,0.0
testing1517.jpg,Nanodomain,1.0,0.0,1.0,0.0
testing1518.jpg,Nanodomain,1.0,1.4546403e-17,1.0,1.2193323e-37
testing1519.jpg,Nanodomain,1.0,3.6926697e-32,1.0,0.0
testing1520.jpg,Nanodomain,1.0,3.700717e-12,1.0,1.6559413e-34
testing1521.jpg,Nanodomain,0.8306458,0.16935423,0.8306458,2.1371144e-28
testing1522.jpg,Nanodomain,1.0,0.0,1.0,0.0
testing1523.jpg,Nanodomain,1.0,0.0,1.0,0.0
testing1524.jpg,Nanodomain,1.0,0.0,1.0,0.0
testing1525.jpg,Nanodomain,1.0,0.0,1.0,0.0
testing1526.jpg,Nanodomain,1.0,0.0,1.0,0.0
testing1527.jpg,Nanodomain,1.0,0.0,1.0,0.0
testing1528.jpg,Nanodomain,1.0,0.0,1.0,0.0
testing1529.jpg,Nanodomain,1.0,0.0,1.0,0.0
testing1530.jpg,Outside,1.0,1.4779057e-28,7.7946134e-29,1.0
testing1531.jpg,Outside,1.0,3.715412e-28,3.3879592e-27,1.0
testing1532.jpg,Outside,1.0,7.8728e-26,1.3060222e-24,1.0
testing1533.jpg,Outside,1.0,3.8576405e-15,3.059041e-18,1.0
testing1534.jpg,Outside,1.0,9.04323e-27,1.25519295e-26,1.0
testing1535.jpg,Outside,1.0,1.5319323e-28,1.09776805e-26,1.0
testing1536.jpg,Intermediate,0.99002105,0.99002105,9.009213e-19,0.0099789435
testing1537.jpg,Nanodomain,1.0,0.0,1.0,0.0
testing1538.jpg,Nanodomain,1.0,0.0,1.0,0.0
testing1539.jpg,Nanodomain,1.0,0.0,1.0,0.0
testing1540.jpg,Nanodomain,1.0,0.0,1.0,0.0
testing1541.jpg,Nanodomain,1.0,0.0,1.0,0.0
testing1542.jpg,Nanodomain,1.0,0.0,1.0,0.0
testing1543.jpg,Nanodomain,1.0,0.0,1.0,0.0
testing1544.jpg,Nanodomain,1.0,0.0,1.0,0.0
testing1545.jpg,Nanodomain,1.0,0.0,1.0,0.0
testing1546.jpg,Outside,1.0,5.6177014e-13,2.2753611e-17,1.0
testing1547.jpg,Intermediate,0.8765371,0.8765371,1.3750189e-17,0.123462915
testing1548.jpg,Nanodomain,1.0,8.759711e-36,1.0,0.0
testing1549.jpg,Nanodomain,1.0,1.9732256e-09,1.0,3.7092643e-29
testing1550.jpg,Nanodomain,1.0,2.1833278e-36,1.0,0.0
testing1551.jpg,Nanodomain,1.0,2.0154466e-36,1.0,0.0
testing1552.jpg,Nanodomain,0.994961,0.005038982,0.994961,1.6705635e-20
testing1553.jpg,Intermediate,1.0,1.0,5.3586533e-19,2.3563035e-22
testing1554.jpg,Outside,1.0,1.1376183e-11,1.6963964e-17,1.0
testing1555.jpg,Outside,0.9999902,9.738716e-06,7.878772e-16,0.9999902
testing1556.jpg,Outside,1.0,1.1388812e-16,1.2998587e-17,1.0
testing1557.jpg,Nanodomain,1.0,0.0,1.0,0.0
testing1558.jpg,Nanodomain,1.0,0.0,1.0,0.0
testing1559.jpg,Nanodomain,1.0,0.0,1.0,0.0
testing1560.jpg,Nanodomain,1.0,0.0,1.0,0.0
testing1561.jpg,Nanodomain,1.0,0.0,1.0,0.0
testing1562.jpg,Nanodomain,1.0,0.0,1.0,0.0
testing1563.jpg,Outside,1.0,3.0184937e-25,1.6457917e-24,1.0
testing1564.jpg,Intermediate,1.0,1.0,5.5221804e-26,7.694044e-24
testing1565.jpg,Outside,1.0,4.731967e-10,2.9778445e-19,1.0
testing1566.jpg,Outside,1.0,4.157747e-21,7.954964e-21,1.0
testing1567.jpg,Outside,0.99939907,0.0006009194,1.2231956e-16,0.99939907
testing1568.jpg,Intermediate,1.0,1.0,2.0468055e-33,4.6671077e-21
testing1569.jpg,Outside,1.0,4.6209017e-23,1.9477733e-23,1.0
testing1570.jpg,Outside,0.99997675,2.329853e-05,1.8609617e-15,0.99997675
testing1571.jpg,Outside,1.0,1.7465264e-22,2.0831065e-22,1.0
testing1572.jpg,Outside,1.0,1.8531005e-21,1.9134219e-19,1.0
testing1573.jpg,Outside,1.0,2.4317887e-28,1.436419e-28,1.0
testing1574.jpg,Outside,1.0,1.0978386e-27,5.439928e-26,1.0
testing1575.jpg,Intermediate,0.9947448,0.9947448,0.005255206,4.3833107e-24
testing1576.jpg,Outside,1.0,2.4989749e-18,8.6565724e-20,1.0
testing1577.jpg,Outside,1.0,1.09959325e-11,7.781203e-17,1.0
testing1578.jpg,Intermediate,0.9014425,0.9014425,5.2540776e-16,0.09855743
testing1579.jpg,Nanodomain,1.0,5.4561393e-33,1.0,0.0
testing1580.jpg,Nanodomain,1.0,2.0297026e-38,1.0,0.0
testing1581.jpg,Nanodomain,1.0,4.986723e-34,1.0,0.0
testing1582.jpg,Nanodomain,1.0,1.0859417e-29,1.0,0.0
testing1583.jpg,Nanodomain,1.0,2.5274708e-38,1.0,0.0
testing1584.jpg,Nanodomain,1.0,1.7013004e-34,1.0,0.0
testing1585.jpg,Nanodomain,1.0,1.5170479e-24,1.0,0.0
testing1586.jpg,Nanodomain,1.0,2.8650734e-36,1.0,0.0
testing1587.jpg,Nanodomain,1.0,1.0330711e-29,1.0,0.0
testing1588.jpg,Nanodomain,1.0,5.323704e-29,1.0,0.0
testing1589.jpg,Nanodomain,1.0,1.319686e-29,1.0,0.0
testing1590.jpg,Nanodomain,1.0,1.8753702e-32,1.0,0.0
testing1591.jpg,Nanodomain,0.999729,0.00027106647,0.999729,1.1823701e-25
testing1592.jpg,Nanodomain,0.9999598,4.0140367e-05,0.9999598,6.457994e-25
testing1593.jpg,Nanodomain,1.0,2.9777117e-13,1.0,2.5009718e-30
testing1594.jpg,Nanodomain,1.0,1.2994834e-11,1.0,8.295868e-29
testing1595.jpg,Outside,1.0,4.94051e-24,9.6475164e-23,1.0
testing1596.jpg,Outside,1.0,3.1919054e-22,2.2408312e-22,1.0
testing1597.jpg,Outside,0.9998055,0.00019448259,4.183082e-17,0.9998055
testing1598.jpg,Outside,1.0,2.7137004e-24,1.2204167e-22,1.0
testing1599.jpg,Outside,1.0,1.3227746e-23,1.0914655e-21,1.0
testing1600.jpg,Outside,0.99999976,2.0089398e-07,1.26620656e-17,0.99999976
testing1601.jpg,Outside,1.0,2.3370052e-28,1.9417621e-25,1.0
testing1602.jpg,Nanodomain,1.0,0.0,1.0,0.0
testing1603.jpg,Nanodomain,1.0,0.0,1.0,0.0
testing1604.jpg,Nanodomain,1.0,0.0,1.0,0.0
testing1605.jpg,Nanodomain,1.0,0.0,1.0,0.0
testing1606.jpg,Nanodomain,1.0,0.0,1.0,0.0
testing1607.jpg,Nanodomain,1.0,6.732124e-23,1.0,0.0
testing1608.jpg,Nanodomain,1.0,1.4575098e-20,1.0,1.9079807e-38
testing1609.jpg,Outside,1.0,1.5555251e-25,4.363065e-23,1.0
testing1610.jpg,Nanodomain,1.0,0.0,1.0,0.0
testing1611.jpg,Nanodomain,1.0,0.0,1.0,0.0
testing1612.jpg,Nanodomain,1.0,0.0,1.0,0.0
testing1613.jpg,Nanodomain,1.0,0.0,1.0,0.0
testing1614.jpg,Nanodomain,1.0,0.0,1.0,0.0
testing1615.jpg,Nanodomain,1.0,0.0,1.0,0.0
testing1616.jpg,Nanodomain,1.0,0.0,1.0,0.0
testing1617.jpg,Nanodomain,1.0,0.0,1.0,0.0
testing1618.jpg,Nanodomain,1.0,0.0,1.0,0.0
testing1619.jpg,Nanodomain,1.0,0.0,1.0,0.0
testing1620.jpg,Nanodomain,1.0,0.0,1.0,0.0
testing1621.jpg,Nanodomain,1.0,0.0,1.0,0.0
testing1622.jpg,Outside,1.0,4.289766e-26,6.75418e-27,1.0
testing1623.jpg,Outside,1.0,8.469927e-27,7.13338e-25,1.0
testing1624.jpg,Outside,1.0,2.7866163e-26,2.214958e-25,1.0
testing1625.jpg,Outside,1.0,5.196782e-25,1.1310455e-22,1.0
testing1626.jpg,Outside,1.0,1.4506903e-23,4.0174815e-23,1.0
testing1627.jpg,Outside,1.0,3.1530863e-27,8.816613e-26,1.0
testing1628.jpg,Outside,1.0,2.8953303e-22,1.0533861e-22,1.0
testing1629.jpg,Outside,1.0,3.7140396e-27,1.5243143e-27,1.0
testing1630.jpg,Outside,1.0,5.174702e-26,5.740438e-23,1.0
testing1631.jpg,Outside,1.0,1.4889392e-22,1.5079155e-23,1.0
testing1632.jpg,Outside,1.0,3.8893595e-14,6.863712e-19,1.0
testing1633.jpg,Outside,1.0,6.096193e-27,8.8107e-25,1.0
testing1634.jpg,Intermediate,1.0,1.0,2.16611e-32,1.4856882e-22
testing1635.jpg,Nanodomain,0.9902802,0.009719802,0.9902802,1.0335766e-24
testing1636.jpg,Nanodomain,1.0,1.6799614e-10,1.0,1.2994555e-27
testing1637.jpg,Intermediate,1.0,1.0,7.484457e-23,2.7944356e-22
testing1638.jpg,Nanodomain,1.0,0.0,1.0,0.0
testing1639.jpg,Nanodomain,1.0,0.0,1.0,0.0
testing1640.jpg,Nanodomain,1.0,0.0,1.0,0.0
testing1641.jpg,Nanodomain,1.0,0.0,1.0,0.0
testing1642.jpg,Nanodomain,1.0,0.0,1.0,0.0
testing1643.jpg,Nanodomain,1.0,9.766805e-27,1.0,0.0
testing1644.jpg,Nanodomain,1.0,6.922775e-33,1.0,0.0
testing1645.jpg,Nanodomain,1.0,1.2055038e-37,1.0,0.0
testing1646.jpg,Nanodomain,1.0,2.7085115e-37,1.0,0.0
testing1647.jpg,Nanodomain,1.0,1.8768831e-29,1.0,0.0
testing1648.jpg,Nanodomain,1.0,4.4412393e-13,1.0,1.20687344e-32
testing1649.jpg,Nanodomain,1.0,0.0,1.0,0.0
testing1650.jpg,Nanodomain,1.0,0.0,1.0,0.0
testing1651.jpg,Nanodomain,1.0,0.0,1.0,0.0
testing1652.jpg,Nanodomain,1.0,0.0,1.0,0.0
testing1653.jpg,Nanodomain,1.0,0.0,1.0,0.0
testing1654.jpg,Nanodomain,1.0,0.0,1.0,0.0
testing1655.jpg,Nanodomain,1.0,0.0,1.0,0.0
testing1656.jpg,Nanodomain,1.0,0.0,1.0,0.0
testing1657.jpg,Nanodomain,1.0,0.0,1.0,0.0
testing1658.jpg,Nanodomain,1.0,0.0,1.0,0.0
testing1659.jpg,Outside,1.0,2.369465e-28,4.2147918e-27,1.0
testing1660.jpg,Outside,1.0,2.7356256e-28,2.6612668e-29,1.0
testing1661.jpg,Outside,1.0,2.9131204e-31,3.4571523e-28,1.0
testing1662.jpg,Outside,1.0,8.476204e-18,8.71332e-21,1.0
testing1663.jpg,Outside,1.0,6.5519972e-12,2.3719474e-17,1.0
testing1664.jpg,Outside,1.0,1.16127384e-29,3.8318459e-28,1.0
testing1665.jpg,Nanodomain,1.0,0.0,1.0,0.0
testing1666.jpg,Nanodomain,1.0,0.0,1.0,0.0
testing1667.jpg,Nanodomain,1.0,0.0,1.0,0.0
testing1668.jpg,Nanodomain,1.0,0.0,1.0,0.0
testing1669.jpg,Nanodomain,1.0,0.0,1.0,0.0
testing1670.jpg,Nanodomain,1.0,0.0,1.0,0.0
testing1671.jpg,Nanodomain,1.0,0.0,1.0,0.0
testing1672.jpg,Nanodomain,1.0,0.0,1.0,0.0
testing1673.jpg,Nanodomain,1.0,0.0,1.0,0.0
testing1674.jpg,Nanodomain,1.0,0.0,1.0,0.0
testing1675.jpg,Outside,1.0,3.0255136e-18,5.4746113e-18,1.0
testing1676.jpg,Outside,1.0,1.0261023e-09,5.513368e-16,1.0
testing1677.jpg,Nanodomain,1.0,4.4777245e-15,1.0,4.8005066e-38
testing1678.jpg,Intermediate,0.99876934,0.99876934,0.001230609,1.5358996e-22
testing1679.jpg,Intermediate,1.0,1.0,1.3760576e-28,8.972797e-25
testing1680.jpg,Intermediate,1.0,1.0,2.1312377e-29,9.677472e-25
testing1681.jpg,Intermediate,1.0,1.0,1.7524028e-18,7.6348496e-21
testing1682.jpg,Intermediate,0.99909747,0.99909747,4.0805938e-17,0.0009026088
testing1683.jpg,Outside,1.0,2.0881434e-10,1.0077114e-17,1.0
testing1684.jpg,Outside,0.9683409,0.03165918,2.8958961e-13,0.9683409
testing1685.jpg,Intermediate,1.0,1.0,2.5326545e-30,2.888985e-23
testing1686.jpg,Nanodomain,1.0,0.0,1.0,0.0
testing1687.jpg,Nanodomain,1.0,0.0,1.0,0.0
testing1688.jpg,Nanodomain,1.0,0.0,1.0,0.0
testing1689.jpg,Nanodomain,1.0,0.0,1.0,0.0
testing1690.jpg,Nanodomain,1.0,0.0,1.0,0.0
testing1691.jpg,Nanodomain,1.0,0.0,1.0,0.0
testing1692.jpg,Outside,1.0,4.4155485e-19,5.1491392e-20,1.0
testing1693.jpg,Outside,1.0,2.896138e-21,6.7450495e-24,1.0
testing1694.jpg,Outside,1.0,6.6838034e-18,1.6751296e-18,1.0
testing1695.jpg,Outside,1.0,5.572702e-23,2.7800498e-22,1.0
testing1696.jpg,Outside,1.0,5.377271e-25,4.581414e-21,1.0
testing1697.jpg,Outside,1.0,5.724556e-25,2.2447806e-25,1.0
testing1698.jpg,Outside,0.9999962,3.8058706e-06,2.7410441e-15,0.9999962
testing1699.jpg,Intermediate,0.88999057,0.88999057,2.1345958e-13,0.110009424
testing1700.jpg,Outside,1.0,3.2624753e-10,7.009645e-18,1.0
testing1701.jpg,Outside,1.0,3.662632e-14,3.667665e-18,1.0
testing1702.jpg,Outside,1.0,5.304288e-20,3.818816e-20,1.0
testing1703.jpg,Outside,1.0,1.6590471e-25,1.30544016e-23,1.0
testing1704.jpg,Intermediate,1.0,1.0,1.3748679e-11,3.3839107e-23
testing1705.jpg,Intermediate,0.9999049,0.9999049,1.3640969e-17,9.508203e-05
testing1706.jpg,Intermediate,1.0,1.0,4.5745672e-29,1.8905726e-21
testing1707.jpg,Nanodomain,1.0,2.9627986e-18,1.0,4.237176e-38
testing1708.jpg,Nanodomain,1.0,2.2863645e-27,1.0,0.0
testing1709.jpg,Nanodomain,1.0,8.6454886e-19,1.0,0.0
testing1710.jpg,Nanodomain,1.0,5.066729e-16,1.0,0.0
testing1711.jpg,Nanodomain,1.0,1.333307e-08,1.0,9.102256e-31
testing1712.jpg,Nanodomain,1.0,7.07196e-32,1.0,0.0
testing1713.jpg,Nanodomain,1.0,1.7313155e-15,1.0,1.0818002e-34
testing1714.jpg,Nanodomain,1.0,6.094705e-27,1.0,0.0
testing1715.jpg,Nanodomain,1.0,2.4356106e-23,1.0,0.0
testing1716.jpg,Nanodomain,1.0,3.458124e-08,1.0,5.485864e-31
testing1717.jpg,Nanodomain,1.0,2.475703e-08,1.0,3.9024175e-28
testing1718.jpg,Nanodomain,1.0,1.5174125e-13,1.0,8.710953e-30
testing1719.jpg,Nanodomain,0.99979943,0.00020055276,0.99979943,3.018424e-21
testing1720.jpg,Intermediate,0.9975368,0.9975368,0.002463265,4.9134407e-22
testing1721.jpg,Intermediate,0.72506225,0.72506225,0.27493778,1.3083537e-22
testing1722.jpg,Nanodomain,1.0,3.0054858e-11,1.0,9.7774793e-32
testing1723.jpg,Nanodomain,1.0,3.590619e-14,1.0,2.5582192e-31
testing1724.jpg,Outside,1.0,5.640946e-17,8.3392604e-17,1.0
testing1725.jpg,Intermediate,1.0,1.0,1.7158325e-29,6.664275e-26
testing1726.jpg,Intermediate,1.0,1.0,4.8912658e-24,1.8081427e-23
testing1727.jpg,Intermediate,1.0,1.0,1.17267265e-32,9.972207e-28
testing1728.jpg,Outside,0.99999917,8.5651493e-07,2.4923836e-19,0.99999917
testing1729.jpg,Outside,1.0,2.6084079e-08,4.9319357e-19,1.0
testing1730.jpg,Outside,1.0,6.562214e-31,3.5762403e-28,1.0
testing1731.jpg,Nanodomain,1.0,0.0,1.0,0.0
testing1732.jpg,Nanodomain,1.0,0.0,1.0,0.0
testing1733.jpg,Nanodomain,1.0,0.0,1.0,0.0
testing1734.jpg,Nanodomain,1.0,0.0,1.0,0.0
testing1735.jpg,Nanodomain,1.0,0.0,1.0,0.0
testing1736.jpg,Nanodomain,1.0,0.0,1.0,0.0
testing1737.jpg,Intermediate,1.0,1.0,1.5758023e-09,1.2092667e-22
testing1738.jpg,Nanodomain,1.0,5.343358e-14,1.0,2.4537136e-29
testing1739.jpg,Nanodomain,0.9077121,0.09228782,0.9077121,7.746573e-20
testing1740.jpg,Nanodomain,1.0,0.0,1.0,0.0
testing1741.jpg,Nanodomain,1.0,0.0,1.0,0.0
testing1742.jpg,Nanodomain,1.0,0.0,1.0,0.0
testing1743.jpg,Nanodomain,1.0,0.0,1.0,0.0
testing1744.jpg,Nanodomain,1.0,0.0,1.0,0.0
testing1745.jpg,Nanodomain,1.0,0.0,1.0,0.0
testing1746.jpg,Nanodomain,1.0,0.0,1.0,0.0
testing1747.jpg,Nanodomain,1.0,0.0,1.0,0.0
testing1748.jpg,Nanodomain,1.0,0.0,1.0,0.0
testing1749.jpg,Nanodomain,1.0,0.0,1.0,0.0
testing1750.jpg,Nanodomain,1.0,0.0,1.0,0.0
testing1751.jpg,Nanodomain,1.0,0.0,1.0,0.0
testing1752.jpg,Nanodomain,1.0,0.0,1.0,0.0
testing1753.jpg,Nanodomain,1.0,0.0,1.0,0.0
testing1754.jpg,Outside,1.0,8.953922e-25,2.22694e-23,1.0
testing1755.jpg,Outside,1.0,6.295951e-26,1.384131e-24,1.0
testing1756.jpg,Outside,1.0,8.8212376e-30,1.3385896e-26,1.0
testing1757.jpg,Outside,1.0,5.791633e-34,3.714333e-29,1.0
testing1758.jpg,Outside,1.0,8.522419e-30,3.2230505e-26,1.0
testing1759.jpg,Outside,1.0,1.5267038e-30,5.9397286e-27,1.0
testing1760.jpg,Nanodomain,1.0,4.069827e-19,1.0,1.0911362e-37
testing1761.jpg,Nanodomain,0.80058485,0.19941518,0.80058485,1.510501e-21
testing1762.jpg,Nanodomain,0.99999595,4.017021e-06,0.99999595,4.2373236e-29
testing1763.jpg,Nanodomain,1.0,3.3806494e-10,1.0,1.5907146e-31
testing1764.jpg,Nanodomain,0.86427176,0.1357282,0.86427176,1.5519213e-22
testing1765.jpg,Intermediate,1.0,1.0,4.850731e-09,7.148475e-24
testing1766.jpg,Nanodomain,1.0,0.0,1.0,0.0
testing1767.jpg,Nanodomain,1.0,0.0,1.0,0.0
testing1768.jpg,Nanodomain,1.0,0.0,1.0,0.0
testing1769.jpg,Nanodomain,1.0,0.0,1.0,0.0
testing1770.jpg,Nanodomain,1.0,0.0,1.0,0.0
testing1771.jpg,Nanodomain,1.0,0.0,1.0,0.0
testing1772.jpg,Nanodomain,0.99936396,0.0006360806,0.99936396,7.1734634e-20
testing1773.jpg,Nanodomain,1.0,0.0,1.0,0.0
testing1774.jpg,Nanodomain,1.0,0.0,1.0,0.0
testing1775.jpg,Outside,1.0,4.8311053e-26,5.374954e-25,1.0
testing1776.jpg,Outside,1.0,1.5273184e-26,1.8926696e-24,1.0
testing1777.jpg,Nanodomain,1.0,0.0,1.0,0.0
testing1778.jpg,Nanodomain,1.0,0.0,1.0,0.0
testing1779.jpg,Nanodomain,1.0,0.0,1.0,0.0
testing1780.jpg,Nanodomain,1.0,0.0,1.0,0.0
testing1781.jpg,Nanodomain,1.0,0.0,1.0,0.0
testing1782.jpg,Nanodomain,1.0,0.0,1.0,0.0
testing1783.jpg,Nanodomain,1.0,0.0,1.0,0.0
testing1784.jpg,Nanodomain,1.0,0.0,1.0,0.0
testing1785.jpg,Nanodomain,1.0,0.0,1.0,0.0
testing1786.jpg,Nanodomain,1.0,0.0,1.0,0.0
testing1787.jpg,Outside,1.0,6.3812375e-32,9.872535e-30,1.0
testing1788.jpg,Outside,1.0,8.7237544e-38,6.481424e-34,1.0
testing1789.jpg,Outside,1.0,7.89642e-31,3.1451938e-27,1.0
testing1790.jpg,Outside,1.0,4.49501e-30,4.230041e-29,1.0
testing1791.jpg,Outside,1.0,9.9728865e-29,4.8693305e-26,1.0
testing1792.jpg,Outside,1.0,1.2199514e-29,1.7410605e-27,1.0
testing1793.jpg,Nanodomain,1.0,2.4379884e-32,1.0,0.0
testing1794.jpg,Nanodomain,1.0,3.9147627e-28,1.0,0.0
testing1795.jpg,Nanodomain,1.0,0.0,1.0,0.0
testing1796.jpg,Nanodomain,1.0,0.0,1.0,0.0
testing1797.jpg,Nanodomain,1.0,0.0,1.0,0.0
testing1798.jpg,Nanodomain,1.0,0.0,1.0,0.0
testing1799.jpg,Nanodomain,1.0,0.0,1.0,0.0
testing1800.jpg,Nanodomain,1.0,0.0,1.0,0.0
testing1801.jpg,Outside,1.0,2.2868654e-24,3.325366e-23,1.0
testing1802.jpg,Outside,1.0,1.5152802e-29,2.0515658e-26,1.0
testing1803.jpg,Outside,1.0,6.4586464e-33,1.1431403e-27,1.0
testing1804.jpg,Outside,1.0,3.518925e-23,1.3829983e-21,1.0
testing1805.jpg,Intermediate,1.0,1.0,4.0449815e-21,7.4325726e-20
testing1806.jpg,Outside,1.0,1.03327845e-17,2.492823e-19,1.0
testing1807.jpg,Intermediate,1.0,1.0,8.1377366e-22,1.5807569e-17
testing1808.jpg,Outside,1.0,9.992679e-12,1.8076594e-16,1.0
testing1809.jpg,Outside,1.0,4.4810873e-24,1.3946895e-23,1.0
testing1810.jpg,Nanodomain,1.0,0.0,1.0,0.0
testing1811.jpg,Nanodomain,1.0,8.427869e-34,1.0,0.0
testing1812.jpg,Nanodomain,1.0,2.873799e-35,1.0,0.0
testing1813.jpg,Nanodomain,1.0,0.0,1.0,0.0
testing1814.jpg,Nanodomain,1.0,0.0,1.0,0.0
testing1815.jpg,Nanodomain,1.0,0.0,1.0,0.0
testing1816.jpg,Nanodomain,1.0,0.0,1.0,0.0
testing1817.jpg,Nanodomain,1.0,0.0,1.0,0.0
testing1818.jpg,Nanodomain,1.0,0.0,1.0,0.0
testing1819.jpg,Nanodomain,1.0,3.5367293e-38,1.0,0.0
testing1820.jpg,Nanodomain,1.0,3.0951323e-35,1.0,0.0
testing1821.jpg,Outside,1.0,7.764644e-13,7.8424457e-16,1.0
testing1822.jpg,Outside,0.9995709,0.0004290984,4.4826767e-13,0.9995709
testing1823.jpg,Intermediate,1.0,1.0,6.3517606e-30,5.226756e-20
testing1824.jpg,Outside,0.9843163,0.015683746,1.147487e-13,0.9843163
testing1825.jpg,Outside,0.99866927,0.0013307888,2.540209e-16,0.99866927
testing1826.jpg,Intermediate,0.99390346,0.99390346,1.4550483e-20,0.0060965745
testing1827.jpg,Outside,1.0,5.886961e-14,1.6948828e-17,1.0
testing1828.jpg,Intermediate,0.9950428,0.9950428,6.796398e-18,0.0049571623
testing1829.jpg,Outside,0.99798286,0.002017116,3.7397924e-14,0.99798286
testing1830.jpg,Nanodomain,1.0,4.8221067e-09,1.0,1.6819412e-27
testing1831.jpg,Nanodomain,1.0,6.368673e-22,1.0,0.0
testing1832.jpg,Nanodomain,1.0,6.3352596e-14,1.0,3.1857527e-28
testing1833.jpg,Intermediate,0.9999999,0.9999999,8.2094445e-08,2.6070699e-19
testing1834.jpg,Outside,0.99983263,0.00016738918,2.8470713e-17,0.99983263
testing1835.jpg,Outside,1.0,2.8886948e-18,1.1667375e-18,1.0
testing1836.jpg,Nanodomain,1.0,2.858748e-24,1.0,0.0
testing1837.jpg,Nanodomain,0.9999988,1.2165474e-06,0.9999988,1.1480548e-28
testing1838.jpg,Nanodomain,1.0,7.0659386e-19,1.0,2.664405e-37
testing1839.jpg,Nanodomain,1.0,4.7181105e-12,1.0,3.724314e-33
testing1840.jpg,Nanodomain,1.0,1.1572705e-16,1.0,7.6647605e-36
testing1841.jpg,Nanodomain,1.0,0.0,1.0,0.0
testing1842.jpg,Nanodomain,1.0,0.0,1.0,0.0
testing1843.jpg,Nanodomain,1.0,0.0,1.0,0.0
testing1844.jpg,Nanodomain,1.0,1.2197454e-16,1.0,1.6151098e-33
testing1845.jpg,Nanodomain,1.0,5.760197e-17,1.0,5.4367055e-36
testing1846.jpg,Nanodomain,1.0,3.7755018e-11,1.0,1.4240171e-29
testing1847.jpg,Intermediate,1.0,1.0,1.2176624e-09,6.206653e-24
testing1848.jpg,Nanodomain,0.9999994,5.388313e-07,0.9999994,1.939836e-25
testing1849.jpg,Nanodomain,0.9978363,0.0021637483,0.9978363,9.972152e-25
testing1850.jpg,Intermediate,0.9999908,0.9999908,9.1981465e-06,5.609139e-24
testing1851.jpg,Intermediate,0.9999999,0.9999999,1.6119057e-07,5.9355303e-22
testing1852.jpg,Outside,0.84678775,0.1532122,1.0866999e-15,0.84678775
testing1853.jpg,Intermediate,1.0,1.0,1.6999874e-22,2.8601115e-09
testing1854.jpg,Intermediate,1.0,1.0,9.8466043e-26,1.788817e-15
testing1855.jpg,Intermediate,1.0,1.0,1.122841e-26,2.9809988e-15
testing1856.jpg,Outside,0.99535084,0.004649133,1.1490043e-13,0.99535084
testing1857.jpg,Intermediate,1.0,1.0,1.1533147e-28,8.449635e-18
testing1858.jpg,Intermediate,0.99999905,0.99999905,2.5343793e-17,9.317326e-07
testing1859.jpg,Intermediate,1.0,1.0,6.748329e-21,3.4641312e-23
testing1860.jpg,Intermediate,1.0,1.0,2.044488e-18,1.4311186e-21
testing1861.jpg,Nanodomain,1.0,0.0,1.0,0.0
testing1862.jpg,Nanodomain,1.0,0.0,1.0,0.0
testing1863.jpg,Nanodomain,1.0,0.0,1.0,0.0
testing1864.jpg,Intermediate,1.0,1.0,1.7002455e-31,3.911224e-21
testing1865.jpg,Nanodomain,1.0,5.91808e-36,1.0,0.0
testing1866.jpg,Nanodomain,1.0,9.318354e-13,1.0,1.2438721e-34
testing1867.jpg,Intermediate,1.0,1.0,5.926021e-17,8.887573e-23
testing1868.jpg,Intermediate,1.0,1.0,2.306337e-27,7.687556e-25
testing1869.jpg,Nanodomain,1.0,0.0,1.0,0.0
testing1870.jpg,Nanodomain,1.0,0.0,1.0,0.0
testing1871.jpg,Nanodomain,1.0,0.0,1.0,0.0
testing1872.jpg,Nanodomain,1.0,0.0,1.0,0.0
testing1873.jpg,Nanodomain,1.0,0.0,1.0,0.0
testing1874.jpg,Nanodomain,1.0,0.0,1.0,0.0
testing1875.jpg,Nanodomain,1.0,0.0,1.0,0.0
testing1876.jpg,Nanodomain,1.0,0.0,1.0,0.0
testing1877.jpg,Nanodomain,1.0,0.0,1.0,0.0
testing1878.jpg,Nanodomain,1.0,0.0,1.0,0.0
testing1879.jpg,Nanodomain,1.0,0.0,1.0,0.0
testing1880.jpg,Nanodomain,1.0,0.0,1.0,0.0
testing1881.jpg,Outside,1.0,6.801725e-28,5.1790666e-26,1.0
testing1882.jpg,Outside,1.0,2.0400643e-24,7.825256e-25,1.0
testing1883.jpg,Outside,1.0,2.4408384e-30,2.2327366e-27,1.0
testing1884.jpg,Outside,1.0,6.0170823e-28,2.1657377e-25,1.0
testing1885.jpg,Outside,1.0,6.961536e-28,3.943007e-24,1.0
testing1886.jpg,Outside,1.0,8.160108e-32,8.877013e-28,1.0
testing1887.jpg,Outside,1.0,3.6139438e-26,2.8991735e-24,1.0
testing1888.jpg,Outside,1.0,4.5908757e-30,3.9698054e-27,1.0
testing1889.jpg,Nanodomain,1.0,4.577541e-19,1.0,4.992733e-36
testing1890.jpg,Nanodomain,0.9999988,1.1868993e-06,0.9999988,8.286531e-28
testing1891.jpg,Nanodomain,0.99999964,3.2500608e-07,0.99999964,6.1934374e-29
testing1892.jpg,Nanodomain,1.0,4.0245088e-22,1.0,0.0
testing1893.jpg,Nanodomain,1.0,0.0,1.0,0.0
testing1894.jpg,Nanodomain,1.0,0.0,1.0,0.0
testing1895.jpg,Nanodomain,1.0,0.0,1.0,0.0
testing1896.jpg,Nanodomain,1.0,0.0,1.0,0.0
testing1897.jpg,Nanodomain,1.0,0.0,1.0,0.0
testing1898.jpg,Nanodomain,1.0,0.0,1.0,0.0
testing1899.jpg,Nanodomain,1.0,0.0,1.0,0.0
testing1900.jpg,Nanodomain,1.0,7.6674175e-22,1.0,0.0
testing1901.jpg,Nanodomain,1.0,0.0,1.0,0.0
testing1902.jpg,Outside,1.0,3.176846e-20,3.2211043e-21,1.0
testing1903.jpg,Nanodomain,1.0,0.0,1.0,0.0
testing1904.jpg,Nanodomain,1.0,0.0,1.0,0.0
testing1905.jpg,Nanodomain,1.0,0.0,1.0,0.0
testing1906.jpg,Nanodomain,1.0,0.0,1.0,0.0
testing1907.jpg,Nanodomain,1.0,0.0,1.0,0.0
testing1908.jpg,Nanodomain,1.0,0.0,1.0,0.0
testing1909.jpg,Nanodomain,1.0,0.0,1.0,0.0
testing1910.jpg,Nanodomain,1.0,0.0,1.0,0.0
testing1911.jpg,Nanodomain,1.0,0.0,1.0,0.0
testing1912.jpg,Nanodomain,1.0,0.0,1.0,0.0
testing1913.jpg,Nanodomain,1.0,0.0,1.0,0.0
testing1914.jpg,Nanodomain,1.0,0.0,1.0,0.0
testing1915.jpg,Nanodomain,1.0,0.0,1.0,0.0
testing1916.jpg,Outside,1.0,1.9405759e-34,1.0794198e-30,1.0
testing1917.jpg,Outside,1.0,4.290758e-29,4.3258625e-29,1.0
testing1918.jpg,Outside,1.0,8.128338e-29,2.409737e-28,1.0
testing1919.jpg,Outside,1.0,1.467385e-34,7.0368376e-33,1.0
testing1920.jpg,Outside,1.0,6.996626e-28,2.528506e-28,1.0
testing1921.jpg,Nanodomain,1.0,5.694662e-29,1.0,0.0
testing1922.jpg,Nanodomain,1.0,2.5968336e-14,1.0,1.3082494e-34
testing1923.jpg,Nanodomain,1.0,6.1951047e-18,1.0,0.0
testing1924.jpg,Nanodomain,1.0,2.2954577e-12,1.0,9.328271e-33
testing1925.jpg,Intermediate,1.0,1.0,2.7830744e-29,8.3869885e-24
testing1926.jpg,Outside,1.0,3.643123e-33,1.4638831e-29,1.0
testing1927.jpg,Outside,1.0,1.0305812e-26,8.215112e-24,1.0
testing1928.jpg,Outside,1.0,3.2011803e-25,1.4098976e-23,1.0
testing1929.jpg,Outside,1.0,7.0595444e-29,4.8982817e-26,1.0
testing1930.jpg,Outside,1.0,1.2662623e-21,5.9207475e-20,1.0
testing1931.jpg,Outside,1.0,1.4538245e-25,6.17524e-25,1.0
testing1932.jpg,Outside,1.0,8.920706e-27,2.812774e-24,1.0
testing1933.jpg,Outside,1.0,5.2356055e-24,5.2085046e-20,1.0
testing1934.jpg,Intermediate,1.0,1.0,6.875153e-22,1.577316e-19
testing1935.jpg,Outside,1.0,2.5236435e-10,1.6012638e-18,1.0
testing1936.jpg,Outside,1.0,1.7827358e-20,1.5935371e-18,1.0
testing1937.jpg,Outside,1.0,2.5515856e-21,4.8603818e-20,1.0
testing1938.jpg,Nanodomain,1.0,0.0,1.0,0.0
testing1939.jpg,Nanodomain,1.0,0.0,1.0,0.0
testing1940.jpg,Nanodomain,1.0,0.0,1.0,0.0
testing1941.jpg,Intermediate,1.0,1.0,6.729845e-21,2.1136346e-23
testing1942.jpg,Nanodomain,1.0,0.0,1.0,0.0
testing1943.jpg,Nanodomain,1.0,0.0,1.0,0.0
testing1944.jpg,Nanodomain,1.0,0.0,1.0,0.0
testing1945.jpg,Nanodomain,1.0,1.2517286e-30,1.0,0.0
testing1946.jpg,Nanodomain,1.0,1.0582641e-36,1.0,0.0
testing1947.jpg,Nanodomain,1.0,0.0,1.0,0.0
testing1948.jpg,Outside,1.0,1.35891845e-17,3.1454618e-17,1.0
testing1949.jpg,Outside,1.0,3.67852e-20,3.112358e-21,1.0
testing1950.jpg,Outside,1.0,3.370295e-11,4.522714e-17,1.0
testing1951.jpg,Outside,1.0,1.0415423e-23,1.3217198e-24,1.0
testing1952.jpg,Outside,1.0,6.829012e-09,2.3441726e-15,1.0
testing1953.jpg,Outside,1.0,2.549953e-08,2.4984519e-17,1.0
testing1954.jpg,Outside,1.0,7.4311475e-22,4.9504974e-21,1.0
testing1955.jpg,Outside,0.99999976,2.7628272e-07,9.753412e-17,0.99999976
testing1956.jpg,Outside,0.7653852,0.23461482,8.1380784e-14,0.7653852
testing1957.jpg,Intermediate,0.9526554,0.9526554,2.2158594e-16,0.04734464
testing1958.jpg,Outside,0.8757099,0.1242901,1.0851017e-14,0.8757099
testing1959.jpg,Outside,0.9968556,0.0031443886,1.0687888e-15,0.9968556
testing1960.jpg,Outside,1.0,3.9312705e-20,8.009334e-24,1.0
testing1961.jpg,Nanodomain,0.99999857,1.467737e-06,0.99999857,2.9297079e-25
testing1962.jpg,Outside,1.0,2.0605718e-13,2.7009025e-18,1.0
testing1963.jpg,Outside,1.0,1.5604929e-26,4.587058e-23,1.0
testing1964.jpg,Outside,1.0,3.8593144e-17,4.408314e-18,1.0
testing1965.jpg,Nanodomain,1.0,4.158246e-25,1.0,0.0
testing1966.jpg,Nanodomain,1.0,0.0,1.0,0.0
testing1967.jpg,Nanodomain,1.0,0.0,1.0,0.0
testing1968.jpg,Nanodomain,1.0,0.0,1.0,0.0
testing1969.jpg,Nanodomain,1.0,0.0,1.0,0.0
testing1970.jpg,Nanodomain,1.0,0.0,1.0,0.0
testing1971.jpg,Nanodomain,1.0,0.0,1.0,0.0
testing1972.jpg,Nanodomain,1.0,0.0,1.0,0.0
testing1973.jpg,Nanodomain,1.0,0.0,1.0,0.0
testing1974.jpg,Intermediate,0.9992867,0.9992867,0.00071326765,1.966846e-19
testing1975.jpg,Nanodomain,1.0,4.9608686e-09,1.0,1.6825885e-28
testing1976.jpg,Intermediate,0.9999999,0.9999999,9.051565e-08,8.213516e-23
testing1977.jpg,Nanodomain,1.0,4.1730104e-09,1.0,5.6507635e-26
testing1978.jpg,Nanodomain,1.0,1.961836e-09,1.0,6.0842685e-29
testing1979.jpg,Outside,0.9847562,0.0152438255,1.3381378e-16,0.9847562
testing1980.jpg,Outside,1.0,3.0099878e-23,4.3305296e-24,1.0
testing1981.jpg,Intermediate,0.9989574,0.9989574,3.9452086e-18,0.0010425394
testing1982.jpg,Intermediate,0.9974255,0.9974255,9.448275e-21,0.002574468
testing1983.jpg,Outside,0.99999666,3.384048e-06,3.5037346e-17,0.99999666
testing1984.jpg,Outside,0.99999905,9.1508826e-07,9.2803843e-14,0.99999905
testing1985.jpg,Intermediate,1.0,1.0,1.4210339e-27,2.4046068e-18
testing1986.jpg,Intermediate,1.0,1.0,3.207051e-30,1.3909554e-29
testing1987.jpg,Intermediate,1.0,1.0,3.9157574e-31,1.9360796e-27
testing1988.jpg,Intermediate,1.0,1.0,6.590589e-23,9.7056694e-20
testing1989.jpg,Nanodomain,0.9999728,2.7145485e-05,0.9999728,2.3832934e-24
testing1990.jpg,Nanodomain,1.0,6.7597236e-19,1.0,7.6531076e-35
testing1991.jpg,Intermediate,0.99632037,0.99632037,0.0036795854,1.1976371e-21
testing1992.jpg,Intermediate,1.0,1.0,1.2262313e-22,1.0167753e-22
testing1993.jpg,Outside,0.97761464,0.022385398,3.0227095e-12,0.97761464
testing1994.jpg,Intermediate,1.0,1.0,5.087109e-21,2.4633293e-08
testing1995.jpg,Nanodomain,1.0,0.0,1.0,0.0
testing1996.jpg,Nanodomain,1.0,0.0,1.0,0.0
testing1997.jpg,Nanodomain,1.0,0.0,1.0,0.0
testing1998.jpg,Nanodomain,1.0,0.0,1.0,0.0
testing1999.jpg,Nanodomain,1.0,0.0,1.0,0.0
testing2000.jpg,Nanodomain,1.0,0.0,1.0,0.0
testing2001.jpg,Nanodomain,1.0,0.0,1.0,0.0
testing2002.jpg,Nanodomain,1.0,0.0,1.0,0.0
testing2003.jpg,Nanodomain,1.0,0.0,1.0,0.0
testing2004.jpg,Nanodomain,1.0,0.0,1.0,0.0
testing2005.jpg,Nanodomain,1.0,0.0,1.0,0.0
testing2006.jpg,Nanodomain,1.0,0.0,1.0,0.0
testing2007.jpg,Nanodomain,1.0,0.0,1.0,0.0
testing2008.jpg,Nanodomain,1.0,0.0,1.0,0.0
testing2009.jpg,Outside,1.0,6.452685e-26,9.206066e-25,1.0
testing2010.jpg,Outside,1.0,1.9962928e-30,2.3361164e-26,1.0
testing2011.jpg,Outside,1.0,1.62602e-34,2.1063187e-30,1.0
testing2012.jpg,Outside,1.0,7.4917286e-34,3.2449927e-29,1.0
testing2013.jpg,Outside,1.0,2.3886736e-24,2.1710442e-21,1.0
testing2014.jpg,Outside,1.0,8.7196155e-26,1.0298434e-24,1.0
testing2015.jpg,Outside,1.0,4.5754644e-26,1.1386854e-24,1.0
testing2016.jpg,Outside,1.0,3.1985267e-28,1.2347058e-26,1.0
testing2017.jpg,Outside,1.0,3.647986e-28,2.0945056e-25,1.0
testing2018.jpg,Outside,1.0,3.2065579e-25,1.7727449e-22,1.0
testing2019.jpg,Outside,1.0,1.5034457e-32,2.1173332e-28,1.0
testing2020.jpg,Outside,1.0,1.2357224e-28,2.7508152e-24,1.0
testing2021.jpg,Outside,1.0,5.4311594e-25,3.3449208e-23,1.0
testing2022.jpg,Nanodomain,1.0,0.0,1.0,0.0
testing2023.jpg,Nanodomain,1.0,0.0,1.0,0.0
testing2024.jpg,Nanodomain,1.0,0.0,1.0,0.0
testing2025.jpg,Nanodomain,1.0,0.0,1.0,0.0
testing2026.jpg,Nanodomain,1.0,0.0,1.0,0.0
testing2027.jpg,Nanodomain,1.0,0.0,1.0,0.0
testing2028.jpg,Nanodomain,1.0,0.0,1.0,0.0
testing2029.jpg,Outside,1.0,1.0236964e-27,3.505281e-26,1.0
testing2030.jpg,Nanodomain,1.0,0.0,1.0,0.0
testing2031.jpg,Nanodomain,1.0,0.0,1.0,0.0
testing2032.jpg,Nanodomain,1.0,0.0,1.0,0.0
testing2033.jpg,Nanodomain,1.0,0.0,1.0,0.0
testing2034.jpg,Nanodomain,1.0,0.0,1.0,0.0
testing2035.jpg,Nanodomain,1.0,0.0,1.0,0.0
testing2036.jpg,Nanodomain,1.0,0.0,1.0,0.0
testing2037.jpg,Nanodomain,1.0,0.0,1.0,0.0
testing2038.jpg,Nanodomain,1.0,0.0,1.0,0.0
testing2039.jpg,Nanodomain,1.0,0.0,1.0,0.0
testing2040.jpg,Nanodomain,1.0,0.0,1.0,0.0
testing2041.jpg,Nanodomain,1.0,0.0,1.0,0.0
testing2042.jpg,Nanodomain,1.0,0.0,1.0,0.0
testing2043.jpg,Nanodomain,1.0,0.0,1.0,0.0
testing2044.jpg,Intermediate,1.0,1.0,5.7223566e-23,3.3763332e-13
testing2045.jpg,Outside,1.0,1.86969e-26,6.961028e-29,1.0
testing2046.jpg,Outside,1.0,1.2946876e-24,6.117742e-27,1.0
testing2047.jpg,Nanodomain,1.0,0.0,1.0,0.0
testing2048.jpg,Outside,1.0,1.4936506e-28,3.2300522e-27,1.0
testing2049.jpg,Intermediate,1.0,1.0,6.7876993e-29,9.158517e-21
testing2050.jpg,Outside,1.0,1.1710378e-15,6.9697256e-19,1.0
testing2051.jpg,Outside,1.0,2.6067088e-14,2.6135922e-19,1.0
testing2052.jpg,Nanodomain,1.0,5.2458138e-12,1.0,2.2198161e-30
testing2053.jpg,Outside,1.0,5.782314e-20,4.9373364e-20,1.0
testing2054.jpg,Intermediate,0.99982685,0.99982685,9.168999e-19,0.00017316199
testing2055.jpg,Outside,1.0,3.1600391e-24,5.899819e-22,1.0
testing2056.jpg,Outside,1.0,3.0258466e-19,3.9839283e-20,1.0
testing2057.jpg,Outside,1.0,6.2527985e-18,2.0298915e-20,1.0
testing2058.jpg,Outside,1.0,5.0055176e-18,2.3897276e-19,1.0
testing2059.jpg,Outside,1.0,7.6348496e-21,1.0384533e-20,1.0
testing2060.jpg,Outside,1.0,6.238567e-28,6.0933334e-27,1.0
testing2061.jpg,Outside,1.0,1.4906426e-24,3.490863e-22,1.0
testing2062.jpg,Outside,1.0,2.2226671e-19,1.7490777e-17,1.0
testing2063.jpg,Outside,1.0,2.1017833e-23,2.12093e-21,1.0
testing2064.jpg,Outside,1.0,1.2750816e-25,4.91637e-24,1.0
testing2065.jpg,Outside,1.0,4.000229e-17,8.891796e-19,1.0
testing2066.jpg,Outside,1.0,1.1383967e-20,1.4585555e-20,1.0
testing2067.jpg,Intermediate,1.0,1.0,4.6869653e-21,3.1444984e-08
testing2068.jpg,Outside,1.0,3.1738219e-25,2.0292835e-24,1.0
testing2069.jpg,Nanodomain,1.0,0.0,1.0,0.0
testing2070.jpg,Nanodomain,1.0,0.0,1.0,0.0
testing2071.jpg,Nanodomain,1.0,3.473517e-36,1.0,0.0
testing2072.jpg,Nanodomain,1.0,1.8704323e-33,1.0,0.0
testing2073.jpg,Nanodomain,1.0,0.0,1.0,0.0
testing2074.jpg,Nanodomain,1.0,2.0202035e-36,1.0,0.0
testing2075.jpg,Nanodomain,1.0,2.2185372e-23,1.0,0.0
testing2076.jpg,Nanodomain,1.0,1.1650466e-27,1.0,0.0
testing2077.jpg,Nanodomain,1.0,1.0176681e-29,1.0,0.0
testing2078.jpg,Nanodomain,1.0,1.651666e-24,1.0,0.0
testing2079.jpg,Outside,1.0,3.0345217e-23,1.484044e-24,1.0
testing2080.jpg,Intermediate,0.99997306,0.99997306,7.4380033e-16,2.6983991e-05
testing2081.jpg,Outside,1.0,5.3976535e-08,2.060147e-17,1.0
testing2082.jpg,Outside,1.0,4.620872e-13,1.0275503e-19,1.0
testing2083.jpg,Intermediate,0.9999157,0.9999157,4.458235e-18,8.426375e-05
testing2084.jpg,Intermediate,0.99824154,0.99824154,5.372836e-17,0.0017584439
testing2085.jpg,Intermediate,1.0,1.0,4.7946527e-22,5.004624e-09
testing2086.jpg,Outside,1.0,1.29423166e-08,7.3723286e-16,1.0
testing2087.jpg,Nanodomain,0.99998677,1.3236891e-05,0.99998677,6.871355e-25
testing2088.jpg,Nanodomain,0.99999964,3.2329808e-07,0.99999964,1.3811512e-23
testing2089.jpg,Outside,1.0,1.6167165e-13,9.042499e-21,1.0
testing2090.jpg,Outside,1.0,1.75133e-22,4.049578e-23,1.0
testing2091.jpg,Outside,1.0,3.2569245e-28,2.7080525e-25,1.0
testing2092.jpg,Outside,1.0,5.9800566e-21,1.497245e-20,1.0
testing2093.jpg,Nanodomain,0.9999913,8.722141e-06,0.9999913,5.760247e-28
testing2094.jpg,Nanodomain,1.0,0.0,1.0,0.0
testing2095.jpg,Nanodomain,1.0,0.0,1.0,0.0
testing2096.jpg,Nanodomain,1.0,0.0,1.0,0.0
testing2097.jpg,Nanodomain,1.0,0.0,1.0,0.0
testing2098.jpg,Nanodomain,1.0,0.0,1.0,0.0
testing2099.jpg,Nanodomain,1.0,0.0,1.0,0.0
testing2100.jpg,Nanodomain,1.0,0.0,1.0,0.0
testing2101.jpg,Nanodomain,1.0,1.2731825e-38,1.0,0.0
testing2102.jpg,Nanodomain,1.0,3.5673305e-20,1.0,4.5386872e-38
testing2103.jpg,Nanodomain,0.99979573,0.00020425298,0.99979573,8.761508e-26
testing2104.jpg,Nanodomain,1.0,6.058511e-15,1.0,2.4297092e-30
testing2105.jpg,Nanodomain,0.9999244,7.560029e-05,0.9999244,1.9641512e-24
testing2106.jpg,Outside,0.99996746,3.2548076e-05,1.053118e-16,0.99996746
testing2107.jpg,Outside,0.9999671,3.292306e-05,2.5718915e-17,0.9999671
testing2108.jpg,Intermediate,0.99998486,0.99998486,1.2583667e-19,1.5097439e-05
testing2109.jpg,Outside,1.0,3.597392e-29,6.0869277e-25,1.0
testing2110.jpg,Outside,1.0,1.0138173e-09,2.5730947e-17,1.0
testing2111.jpg,Outside,1.0,2.1526376e-21,1.4017636e-21,1.0
testing2112.jpg,Outside,1.0,3.2967165e-25,7.032465e-25,1.0
testing2113.jpg,Outside,0.99997497,2.5004689e-05,4.7174015e-18,0.99997497
testing2114.jpg,Intermediate,1.0,1.0,1.4114298e-25,2.849929e-16
testing2115.jpg,Intermediate,0.66681004,0.66681004,6.250467e-17,0.33319
testing2116.jpg,Intermediate,1.0,1.0,1.6792267e-15,2.7803573e-22
testing2117.jpg,Intermediate,0.89151305,0.89151305,0.10848701,2.8986253e-18
testing2118.jpg,Nanodomain,0.9998988,0.000101252976,0.9998988,3.830474e-23
testing2119.jpg,Intermediate,1.0,1.0,0.0,6.8152694e-32
testing2120.jpg,Intermediate,1.0,1.0,8.971534e-24,4.1612133e-10
testing2121.jpg,Intermediate,1.0,1.0,1.2070244e-26,1.07467735e-17
testing2122.jpg,Nanodomain,1.0,0.0,1.0,0.0
testing2123.jpg,Nanodomain,1.0,0.0,1.0,0.0
testing2124.jpg,Nanodomain,1.0,0.0,1.0,0.0
testing2125.jpg,Nanodomain,1.0,0.0,1.0,0.0
testing2126.jpg,Nanodomain,1.0,0.0,1.0,0.0
testing2127.jpg,Nanodomain,1.0,0.0,1.0,0.0
testing2128.jpg,Nanodomain,1.0,0.0,1.0,0.0
testing2129.jpg,Nanodomain,1.0,0.0,1.0,0.0
testing2130.jpg,Nanodomain,1.0,0.0,1.0,0.0
testing2131.jpg,Nanodomain,1.0,0.0,1.0,0.0
testing2132.jpg,Nanodomain,1.0,0.0,1.0,0.0
testing2133.jpg,Nanodomain,1.0,0.0,1.0,0.0
testing2134.jpg,Nanodomain,1.0,0.0,1.0,0.0
testing2135.jpg,Nanodomain,1.0,0.0,1.0,0.0
testing2136.jpg,Nanodomain,1.0,0.0,1.0,0.0
testing2137.jpg,Outside,1.0,4.3784857e-24,8.0809284e-25,1.0
testing2138.jpg,Outside,1.0,5.5464858e-24,1.0295032e-21,1.0
testing2139.jpg,Outside,1.0,4.6838673e-31,1.2510479e-27,1.0
testing2140.jpg,Outside,1.0,8.474631e-23,3.9460548e-20,1.0
testing2141.jpg,Outside,1.0,5.33731e-28,9.745007e-25,1.0
testing2142.jpg,Outside,1.0,4.984945e-30,2.4300917e-28,1.0
testing2143.jpg,Outside,1.0,4.3990166e-29,3.1708067e-26,1.0
testing2144.jpg,Outside,1.0,7.182269e-29,6.567787e-27,1.0
testing2145.jpg,Outside,1.0,9.6347495e-24,2.0391341e-21,1.0
testing2146.jpg,Outside,1.0,9.9971876e-29,6.9517517e-26,1.0
testing2147.jpg,Outside,1.0,5.590954e-29,8.252957e-25,1.0
testing2148.jpg,Outside,1.0,4.0580224e-30,3.41461e-27,1.0
testing2149.jpg,Outside,1.0,9.1278385e-33,3.6642623e-28,1.0
testing2150.jpg,Nanodomain,1.0,0.0,1.0,0.0
testing2151.jpg,Nanodomain,1.0,0.0,1.0,0.0
testing2152.jpg,Nanodomain,1.0,0.0,1.0,0.0
testing2153.jpg,Nanodomain,1.0,0.0,1.0,0.0
testing2154.jpg,Nanodomain,1.0,0.0,1.0,0.0
testing2155.jpg,Nanodomain,1.0,0.0,1.0,0.0
testing2156.jpg,Intermediate,1.0,1.0,7.0312137e-15,1.0757938e-23
testing2157.jpg,Intermediate,0.99731725,0.99731725,0.0026827995,1.1495812e-19
testing2158.jpg,Nanodomain,1.0,0.0,1.0,0.0
testing2159.jpg,Nanodomain,1.0,0.0,1.0,0.0
testing2160.jpg,Nanodomain,1.0,0.0,1.0,0.0
testing2161.jpg,Nanodomain,1.0,0.0,1.0,0.0
testing2162.jpg,Nanodomain,1.0,0.0,1.0,0.0
testing2163.jpg,Nanodomain,1.0,0.0,1.0,0.0
testing2164.jpg,Nanodomain,1.0,0.0,1.0,0.0
testing2165.jpg,Nanodomain,1.0,0.0,1.0,0.0
testing2166.jpg,Nanodomain,1.0,0.0,1.0,0.0
testing2167.jpg,Nanodomain,1.0,0.0,1.0,0.0
testing2168.jpg,Nanodomain,1.0,0.0,1.0,0.0
testing2169.jpg,Nanodomain,1.0,0.0,1.0,0.0
testing2170.jpg,Nanodomain,1.0,0.0,1.0,0.0
testing2171.jpg,Nanodomain,1.0,0.0,1.0,0.0
testing2172.jpg,Nanodomain,1.0,7.055155e-37,1.0,0.0
testing2173.jpg,Nanodomain,1.0,0.0,1.0,0.0
testing2174.jpg,Nanodomain,1.0,0.0,1.0,0.0
testing2175.jpg,Nanodomain,1.0,0.0,1.0,0.0
testing2176.jpg,Nanodomain,1.0,0.0,1.0,0.0
testing2177.jpg,Nanodomain,1.0,4.3401194e-25,1.0,0.0
testing2178.jpg,Nanodomain,1.0,7.672829e-15,1.0,6.763095e-36
testing2179.jpg,Nanodomain,1.0,3.238704e-14,1.0,4.1605774e-33
testing2180.jpg,Intermediate,0.96779174,0.96779174,0.03220819,6.4018234e-21
testing2181.jpg,Nanodomain,0.9118655,0.0881345,0.9118655,3.9013762e-19
testing2182.jpg,Outside,1.0,3.3502152e-26,2.2783767e-23,1.0
testing2183.jpg,Outside,1.0,6.799114e-18,4.8846806e-18,1.0
testing2184.jpg,Outside,1.0,1.0819345e-30,5.817253e-26,1.0
testing2185.jpg,Outside,1.0,1.2422212e-20,1.6633485e-19,1.0
testing2186.jpg,Outside,1.0,6.9200874e-24,2.507422e-21,1.0
testing2187.jpg,Outside,1.0,1.62469e-23,1.164574e-22,1.0
testing2188.jpg,Outside,1.0,5.309928e-23,2.6696648e-22,1.0
testing2189.jpg,Outside,1.0,4.0359064e-27,5.2790446e-24,1.0
testing2190.jpg,Outside,1.0,3.766799e-22,1.4352088e-20,1.0
testing2191.jpg,Outside,1.0,2.048901e-24,5.172852e-24,1.0
testing2192.jpg,Outside,1.0,2.3396991e-28,4.6066583e-25,1.0
testing2193.jpg,Outside,1.0,9.9459446e-30,5.4781223e-25,1.0
testing2194.jpg,Nanodomain,1.0,0.0,1.0,0.0
testing2195.jpg,Nanodomain,1.0,0.0,1.0,0.0
testing2196.jpg,Nanodomain,1.0,8.743429e-34,1.0,0.0
testing2197.jpg,Nanodomain,1.0,0.0,1.0,0.0
testing2198.jpg,Nanodomain,1.0,0.0,1.0,0.0
testing2199.jpg,Nanodomain,1.0,8.27878e-33,1.0,0.0
testing2200.jpg,Nanodomain,1.0,0.0,1.0,0.0
testing2201.jpg,Nanodomain,1.0,7.260545e-25,1.0,0.0
testing2202.jpg,Nanodomain,1.0,3.05553e-26,1.0,0.0
testing2203.jpg,Nanodomain,1.0,5.8976193e-09,1.0,7.838514e-27
testing2204.jpg,Outside,1.0,1.4702682e-11,1.302823e-16,1.0
testing2205.jpg,Outside,1.0,1.5896292e-23,2.0025398e-22,1.0
testing2206.jpg,Outside,1.0,1.6995776e-16,1.01936724e-19,1.0
testing2207.jpg,Outside,1.0,1.1507628e-18,2.863653e-21,1.0
testing2208.jpg,Outside,1.0,7.631349e-15,1.2922161e-16,1.0
testing2209.jpg,Outside,1.0,4.8604115e-08,1.8717484e-15,1.0
testing2210.jpg,Outside,0.9998149,0.00018514946,6.901904e-18,0.9998149
testing2211.jpg,Intermediate,0.95310414,0.95310414,2.714196e-17,0.046895806
testing2212.jpg,Intermediate,0.9995653,0.9995653,8.913162e-18,0.00043465017
testing2213.jpg,Intermediate,0.9487607,0.9487607,8.064596e-17,0.051239356
testing2214.jpg,Intermediate,0.99990106,0.99990106,3.001211e-20,9.893711e-05
testing2215.jpg,Intermediate,0.99995303,0.99995303,1.311861e-19,4.6921545e-05
testing2216.jpg,Outside,1.0,1.0546558e-16,2.1882507e-18,1.0
testing2217.jpg,Outside,1.0,2.2098069e-20,1.6538771e-19,1.0
testing2218.jpg,Outside,1.0,6.2143196e-27,1.5296406e-24,1.0
testing2219.jpg,Outside,1.0,3.1115222e-24,2.4573393e-21,1.0
testing2220.jpg,Nanodomain,0.9120362,0.087963775,0.9120362,1.3391256e-26
testing2221.jpg,Intermediate,0.95253056,0.95253056,0.047469474,9.5414916e-23
testing2222.jpg,Nanodomain,1.0,0.0,1.0,0.0
testing2223.jpg,Nanodomain,1.0,0.0,1.0,0.0
testing2224.jpg,Nanodomain,1.0,0.0,1.0,0.0
testing2225.jpg,Nanodomain,1.0,0.0,1.0,0.0
testing2226.jpg,Nanodomain,1.0,0.0,1.0,0.0
testing2227.jpg,Nanodomain,1.0,0.0,1.0,0.0
testing2228.jpg,Nanodomain,1.0,8.304725e-31,1.0,0.0
testing2229.jpg,Nanodomain,1.0,2.9262156e-14,1.0,3.4969264e-30
testing2230.jpg,Nanodomain,1.0,1.4108326e-17,1.0,1.09456515e-33
testing2231.jpg,Intermediate,1.0,1.0,2.4316137e-27,2.1493401e-20
testing2232.jpg,Outside,0.99946386,0.0005361233,2.4975504e-17,0.99946386
testing2233.jpg,Nanodomain,1.0,0.0,1.0,0.0
testing2234.jpg,Nanodomain,1.0,0.0,1.0,0.0
testing2235.jpg,Nanodomain,1.0,0.0,1.0,0.0
testing2236.jpg,Nanodomain,1.0,0.0,1.0,0.0
testing2237.jpg,Nanodomain,1.0,0.0,1.0,0.0
testing2238.jpg,Nanodomain,1.0,0.0,1.0,0.0
testing2239.jpg,Nanodomain,0.9996866,0.00031339226,0.9996866,6.4448434e-23
testing2240.jpg,Outside,1.0,6.836941e-15,1.6218386e-19,1.0
testing2241.jpg,Intermediate,1.0,1.0,9.1688276e-29,4.9967554e-20
testing2242.jpg,Intermediate,1.0,1.0,5.0157255e-25,1.522162e-15
testing2243.jpg,Intermediate,1.0,1.0,2.898179e-31,1.5687216e-21
testing2244.jpg,Intermediate,1.0,1.0,4.4442472e-17,8.871835e-20
testing2245.jpg,Intermediate,1.0,1.0,6.2398443e-23,9.727078e-23
testing2246.jpg,Intermediate,1.0,1.0,1.8949465e-30,7.2747285e-28
testing2247.jpg,Intermediate,1.0,1.0,6.943388e-30,9.2482956e-27
testing2248.jpg,Intermediate,1.0,1.0,5.7683234e-28,3.8050666e-24
testing2249.jpg,Intermediate,1.0,1.0,2.4143615e-31,3.7095386e-26
testing2250.jpg,Nanodomain,1.0,0.0,1.0,0.0
testing2251.jpg,Nanodomain,1.0,0.0,1.0,0.0
testing2252.jpg,Nanodomain,1.0,0.0,1.0,0.0
testing2253.jpg,Nanodomain,1.0,0.0,1.0,0.0
testing2254.jpg,Nanodomain,1.0,0.0,1.0,0.0
testing2255.jpg,Nanodomain,1.0,0.0,1.0,0.0
testing2256.jpg,Nanodomain,1.0,0.0,1.0,0.0
testing2257.jpg,Nanodomain,1.0,0.0,1.0,0.0
testing2258.jpg,Nanodomain,1.0,0.0,1.0,0.0
testing2259.jpg,Nanodomain,1.0,0.0,1.0,0.0
testing2260.jpg,Nanodomain,1.0,0.0,1.0,0.0
testing2261.jpg,Nanodomain,1.0,0.0,1.0,0.0
testing2262.jpg,Nanodomain,1.0,0.0,1.0,0.0
testing2263.jpg,Nanodomain,1.0,0.0,1.0,0.0
testing2264.jpg,Nanodomain,1.0,0.0,1.0,0.0
testing2265.jpg,Outside,1.0,1.3810382e-27,2.1211431e-26,1.0
testing2266.jpg,Outside,1.0,8.066297e-33,4.4653066e-30,1.0
testing2267.jpg,Outside,1.0,9.467179e-27,1.1093337e-23,1.0
testing2268.jpg,Outside,1.0,1.8484677e-30,3.643301e-27,1.0
testing2269.jpg,Outside,1.0,5.638804e-29,2.7592109e-25,1.0
testing2270.jpg,Outside,1.0,4.115409e-29,1.24264405e-26,1.0
testing2271.jpg,Outside,1.0,6.57346e-32,1.9646854e-28,1.0
testing2272.jpg,Outside,1.0,6.9716883e-28,7.80972e-25,1.0
testing2273.jpg,Intermediate,1.0,1.0,1.02071e-26,2.8787064e-18
testing2274.jpg,Outside,1.0,2.7320067e-28,3.2606964e-25,1.0
testing2275.jpg,Outside,1.0,1.6959608e-27,8.345841e-26,1.0
testing2276.jpg,Outside,1.0,1.0283529e-29,1.465623e-26,1.0
testing2277.jpg,Outside,1.0,4.3463514e-24,9.8460563e-23,1.0
testing2278.jpg,Nanodomain,1.0,0.0,1.0,0.0
testing2279.jpg,Nanodomain,1.0,0.0,1.0,0.0
testing2280.jpg,Nanodomain,1.0,0.0,1.0,0.0
testing2281.jpg,Nanodomain,1.0,0.0,1.0,0.0
testing2282.jpg,Nanodomain,1.0,0.0,1.0,0.0
testing2283.jpg,Intermediate,0.89594924,0.89594924,0.10405073,2.278144e-20
testing2284.jpg,Nanodomain,1.0,0.0,1.0,0.0
testing2285.jpg,Intermediate,1.0,1.0,4.610437e-33,1.1633185e-28
testing2286.jpg,Nanodomain,1.0,0.0,1.0,0.0
testing2287.jpg,Nanodomain,1.0,0.0,1.0,0.0
testing2288.jpg,Nanodomain,1.0,0.0,1.0,0.0
testing2289.jpg,Nanodomain,1.0,0.0,1.0,0.0
testing2290.jpg,Nanodomain,1.0,0.0,1.0,0.0
testing2291.jpg,Nanodomain,1.0,0.0,1.0,0.0
testing2292.jpg,Nanodomain,1.0,0.0,1.0,0.0
testing2293.jpg,Nanodomain,1.0,0.0,1.0,0.0
testing2294.jpg,Nanodomain,1.0,0.0,1.0,0.0
testing2295.jpg,Nanodomain,1.0,0.0,1.0,0.0
testing2296.jpg,Nanodomain,1.0,0.0,1.0,0.0
testing2297.jpg,Nanodomain,1.0,0.0,1.0,0.0
testing2298.jpg,Nanodomain,1.0,0.0,1.0,0.0
testing2299.jpg,Nanodomain,1.0,0.0,1.0,0.0
testing2300.jpg,Nanodomain,1.0,0.0,1.0,0.0
testing2301.jpg,Nanodomain,1.0,0.0,1.0,0.0
testing2302.jpg,Nanodomain,1.0,0.0,1.0,0.0
testing2303.jpg,Nanodomain,1.0,0.0,1.0,0.0
testing2304.jpg,Nanodomain,1.0,0.0,1.0,0.0
testing2305.jpg,Nanodomain,1.0,1.5856896e-34,1.0,0.0
testing2306.jpg,Nanodomain,1.0,4.7491823e-14,1.0,3.764639e-32
testing2307.jpg,Nanodomain,1.0,3.6132338e-15,1.0,1.4564164e-33
testing2308.jpg,Nanodomain,0.999995,4.9830896e-06,0.999995,5.2377994e-23
testing2309.jpg,Outside,1.0,5.546758e-25,8.9388756e-24,1.0
testing2310.jpg,Outside,1.0,1.497915e-18,2.926815e-20,1.0
testing2311.jpg,Outside,1.0,1.9040245e-24,4.174973e-22,1.0
testing2312.jpg,Outside,1.0,2.1484216e-28,7.300893e-27,1.0
testing2313.jpg,Outside,1.0,1.3307223e-28,1.0409578e-24,1.0
testing2314.jpg,Outside,1.0,1.0082076e-24,8.655804e-22,1.0
testing2315.jpg,Outside,1.0,2.1268424e-23,3.911866e-21,1.0
testing2316.jpg,Outside,1.0,5.058593e-33,5.5512553e-29,1.0
testing2317.jpg,Outside,1.0,4.4980664e-21,2.5618654e-21,1.0
testing2318.jpg,Outside,1.0,1.8184131e-17,8.119985e-18,1.0
testing2319.jpg,Outside,1.0,1.4520552e-19,1.15921405e-17,1.0
testing2320.jpg,Outside,1.0,2.0774292e-25,3.501222e-24,1.0
testing2321.jpg,Outside,1.0,1.3218334e-20,2.86713e-20,1.0
testing2322.jpg,Outside,1.0,2.1551693e-20,2.2522472e-21,1.0
testing2323.jpg,Outside,1.0,1.1425139e-17,7.501709e-19,1.0
testing2324.jpg,Nanodomain,1.0,2.9403477e-18,1.0,5.7625316e-38
testing2325.jpg,Nanodomain,1.0,0.0,1.0,0.0
testing2326.jpg,Nanodomain,1.0,1.0936807e-25,1.0,0.0
testing2327.jpg,Nanodomain,1.0,0.0,1.0,0.0
testing2328.jpg,Nanodomain,1.0,2.7901455e-35,1.0,0.0
testing2329.jpg,Nanodomain,1.0,7.3495854e-23,1.0,0.0
testing2330.jpg,Intermediate,0.97201276,0.97201276,3.957034e-15,0.027987266
testing2331.jpg,Nanodomain,1.0,3.5760551e-25,1.0,0.0
testing2332.jpg,Nanodomain,1.0,1.7275739e-16,1.0,4.600519e-37
testing2333.jpg,Nanodomain,1.0,2.7411384e-15,1.0,1.6180999e-34
testing2334.jpg,Outside,1.0,1.9474705e-21,2.7141456e-24,1.0
testing2335.jpg,Intermediate,0.74600166,0.74600166,1.4094456e-13,0.2539983
testing2336.jpg,Outside,1.0,2.1933659e-25,2.9235078e-23,1.0
testing2337.jpg,Outside,1.0,2.0198522e-18,5.289036e-19,1.0
testing2338.jpg,Outside,1.0,3.4484802e-16,6.1285584e-19,1.0
testing2339.jpg,Outside,0.8993198,0.100680195,3.7976874e-17,0.8993198
testing2340.jpg,Outside,0.98451173,0.015488278,2.3954663e-14,0.98451173
testing2341.jpg,Outside,1.0,7.5584317e-10,4.4384908e-15,1.0
testing2342.jpg,Outside,0.9995189,0.00048109266,1.4305182e-20,0.9995189
testing2343.jpg,Intermediate,0.9998636,0.9998636,8.307762e-19,0.00013632565
testing2344.jpg,Outside,1.0,3.5177125e-18,3.779316e-17,1.0
testing2345.jpg,Intermediate,0.99999976,0.99999976,8.398622e-21,2.3021123e-07
testing2346.jpg,Outside,0.99999714,2.821158e-06,1.3600646e-19,0.99999714
testing2347.jpg,Outside,1.0,1.1072677e-09,9.6735115e-20,1.0
testing2348.jpg,Outside,1.0,8.058553e-09,8.373656e-17,1.0
testing2349.jpg,Outside,1.0,7.022031e-27,1.6614022e-26,1.0
testing2350.jpg,Nanodomain,1.0,4.6027164e-28,1.0,0.0
testing2351.jpg,Nanodomain,1.0,0.0,1.0,0.0
testing2352.jpg,Nanodomain,1.0,0.0,1.0,0.0
testing2353.jpg,Nanodomain,1.0,0.0,1.0,0.0
testing2354.jpg,Nanodomain,1.0,0.0,1.0,0.0
testing2355.jpg,Nanodomain,1.0,0.0,1.0,0.0
testing2356.jpg,Nanodomain,1.0,0.0,1.0,0.0
testing2357.jpg,Nanodomain,1.0,4.5058897e-32,1.0,0.0
testing2358.jpg,Nanodomain,1.0,0.0,1.0,0.0
testing2359.jpg,Nanodomain,0.999603,0.00039700433,0.999603,2.9385785e-23
testing2360.jpg,Nanodomain,1.0,0.0,1.0,0.0
testing2361.jpg,Nanodomain,1.0,0.0,1.0,0.0
testing2362.jpg,Nanodomain,1.0,0.0,1.0,0.0
testing2363.jpg,Nanodomain,1.0,0.0,1.0,0.0
testing2364.jpg,Nanodomain,1.0,0.0,1.0,0.0
testing2365.jpg,Nanodomain,1.0,0.0,1.0,0.0
testing2366.jpg,Nanodomain,1.0,0.0,1.0,0.0
testing2367.jpg,Nanodomain,1.0,0.0,1.0,0.0
testing2368.jpg,Nanodomain,1.0,0.0,1.0,0.0
testing2369.jpg,Outside,1.0,1.615613e-28,1.2598035e-25,1.0
testing2370.jpg,Outside,1.0,3.4832102e-32,1.3158367e-27,1.0
testing2371.jpg,Outside,1.0,3.7113894e-09,8.1821016e-20,1.0
testing2372.jpg,Outside,0.99996567,3.430321e-05,1.7850864e-17,0.99996567
testing2373.jpg,Intermediate,1.0,1.0,1.5105412e-30,7.91046e-26
testing2374.jpg,Intermediate,0.9999999,0.9999999,7.129932e-08,5.0771416e-22
testing2375.jpg,Intermediate,1.0,1.0,4.4397847e-27,7.6944216e-25
testing2376.jpg,Intermediate,1.0,1.0,1.2902595e-25,2.2986278e-25
testing2377.jpg,Intermediate,1.0,1.0,0.0,7.886882e-30
testing2378.jpg,Nanodomain,1.0,0.0,1.0,0.0
testing2379.jpg,Nanodomain,1.0,0.0,1.0,0.0
testing2380.jpg,Nanodomain,1.0,0.0,1.0,0.0
testing2381.jpg,Nanodomain,1.0,0.0,1.0,0.0
testing2382.jpg,Nanodomain,1.0,0.0,1.0,0.0
testing2383.jpg,Nanodomain,1.0,0.0,1.0,0.0
testing2384.jpg,Nanodomain,1.0,0.0,1.0,0.0
testing2385.jpg,Nanodomain,1.0,0.0,1.0,0.0
testing2386.jpg,Nanodomain,1.0,0.0,1.0,0.0
testing2387.jpg,Nanodomain,1.0,0.0,1.0,0.0
testing2388.jpg,Nanodomain,1.0,0.0,1.0,0.0
testing2389.jpg,Nanodomain,1.0,0.0,1.0,0.0
testing2390.jpg,Nanodomain,1.0,0.0,1.0,0.0
testing2391.jpg,Nanodomain,1.0,0.0,1.0,0.0
testing2392.jpg,Outside,1.0,2.7078255e-25,4.8283576e-27,1.0
testing2393.jpg,Outside,1.0,4.370771e-26,1.5043468e-24,1.0
testing2394.jpg,Outside,1.0,2.8533833e-27,6.735192e-27,1.0
testing2395.jpg,Outside,1.0,1.848298e-23,5.337298e-25,1.0
testing2396.jpg,Outside,1.0,3.2216633e-25,1.5306454e-23,1.0
testing2397.jpg,Outside,1.0,2.6570203e-26,6.649299e-24,1.0
testing2398.jpg,Outside,1.0,6.0094265e-26,3.2505528e-23,1.0
testing2399.jpg,Outside,1.0,2.8115192e-24,7.947065e-24,1.0
testing2400.jpg,Outside,1.0,1.9906825e-28,1.3801331e-26,1.0
testing2401.jpg,Outside,1.0,9.791085e-28,3.707162e-26,1.0
testing2402.jpg,Outside,1.0,7.010094e-27,2.675768e-25,1.0
testing2403.jpg,Outside,1.0,2.23991e-28,7.8137683e-26,1.0
testing2404.jpg,Outside,1.0,1.4356369e-26,3.5984147e-25,1.0
testing2405.jpg,Outside,1.0,1.505354e-28,2.6846832e-25,1.0
testing2406.jpg,Outside,1.0,2.9622283e-29,5.9418455e-24,1.0
testing2407.jpg,Outside,1.0,1.05594356e-32,2.1800149e-29,1.0
testing2408.jpg,Nanodomain,1.0,0.0,1.0,0.0
testing2409.jpg,Outside,1.0,2.965379e-24,7.2128806e-22,1.0
testing2410.jpg,Outside,1.0,1.0572502e-23,7.738162e-25,1.0
testing2411.jpg,Outside,1.0,3.635911e-29,4.0036913e-26,1.0
testing2412.jpg,Intermediate,1.0,1.0,2.5528362e-25,4.5518473e-23
testing2413.jpg,Nanodomain,1.0,0.0,1.0,0.0
testing2414.jpg,Nanodomain,1.0,0.0,1.0,0.0
testing2415.jpg,Nanodomain,1.0,0.0,1.0,0.0
testing2416.jpg,Nanodomain,1.0,0.0,1.0,0.0
testing2417.jpg,Nanodomain,1.0,0.0,1.0,0.0
testing2418.jpg,Nanodomain,1.0,0.0,1.0,0.0
testing2419.jpg,Nanodomain,1.0,0.0,1.0,0.0
testing2420.jpg,Nanodomain,1.0,0.0,1.0,0.0
testing2421.jpg,Nanodomain,1.0,0.0,1.0,0.0
testing2422.jpg,Nanodomain,1.0,0.0,1.0,0.0
testing2423.jpg,Nanodomain,1.0,0.0,1.0,0.0
testing2424.jpg,Nanodomain,1.0,0.0,1.0,0.0
testing2425.jpg,Nanodomain,1.0,0.0,1.0,0.0
testing2426.jpg,Nanodomain,1.0,0.0,1.0,0.0
testing2427.jpg,Nanodomain,1.0,0.0,1.0,0.0
testing2428.jpg,Nanodomain,1.0,2.2370487e-36,1.0,0.0
testing2429.jpg,Nanodomain,1.0,0.0,1.0,0.0
testing2430.jpg,Nanodomain,1.0,0.0,1.0,0.0
testing2431.jpg,Nanodomain,1.0,0.0,1.0,0.0
testing2432.jpg,Nanodomain,1.0,0.0,1.0,0.0
testing2433.jpg,Nanodomain,1.0,3.0235967e-19,1.0,3.2281e-38
testing2434.jpg,Nanodomain,1.0,4.109477e-15,1.0,5.190839e-32
testing2435.jpg,Nanodomain,1.0,1.0698434e-08,1.0,5.6529066e-23
testing2436.jpg,Nanodomain,0.99999607,3.895355e-06,0.99999607,7.9516095e-25
testing2437.jpg,Nanodomain,0.89624727,0.10375279,0.89624727,8.196062e-21
testing2438.jpg,Intermediate,1.0,1.0,1.03770074e-13,2.086799e-20
testing2439.jpg,Outside,0.99930656,0.0006934359,6.7946274e-12,0.99930656
testing2440.jpg,Nanodomain,1.0,1.0604682e-33,1.0,0.0
testing2441.jpg,Nanodomain,1.0,0.0,1.0,0.0
testing2442.jpg,Nanodomain,1.0,1.7758399e-35,1.0,0.0
testing2443.jpg,Nanodomain,1.0,2.0629734e-29,1.0,0.0
testing2444.jpg,Nanodomain,1.0,9.318719e-30,1.0,0.0
testing2445.jpg,Nanodomain,1.0,5.4250126e-24,1.0,0.0
testing2446.jpg,Nanodomain,1.0,3.0956583e-31,1.0,0.0
testing2447.jpg,Nanodomain,1.0,1.7458954e-20,1.0,0.0
testing2448.jpg,Nanodomain,1.0,6.1218774e-26,1.0,0.0
testing2449.jpg,Outside,1.0,5.6751847e-15,5.3117393e-20,1.0
testing2450.jpg,Outside,1.0,8.964141e-25,2.0626234e-25,1.0
testing2451.jpg,Outside,1.0,1.561828e-17,5.821075e-17,1.0
testing2452.jpg,Nanodomain,1.0,1.5889233e-26,1.0,0.0
testing2453.jpg,Nanodomain,1.0,1.6867315e-23,1.0,0.0
testing2454.jpg,Nanodomain,1.0,6.10763e-32,1.0,0.0
testing2455.jpg,Nanodomain,1.0,0.0,1.0,0.0
testing2456.jpg,Nanodomain,1.0,9.40572e-37,1.0,0.0
testing2457.jpg,Nanodomain,1.0,1.6480758e-20,1.0,0.0
testing2458.jpg,Nanodomain,0.9999999,1.2917808e-07,0.9999999,5.8882576e-31
testing2459.jpg,Nanodomain,1.0,1.250813e-21,1.0,0.0
testing2460.jpg,Nanodomain,1.0,5.39489e-10,1.0,1.00288805e-30
testing2461.jpg,Nanodomain,1.0,1.4290434e-09,1.0,7.306828e-27
testing2462.jpg,Nanodomain,1.0,1.3360512e-08,1.0,1.9087121e-27
testing2463.jpg,Outside,1.0,5.9917496e-28,4.7518788e-23,1.0
testing2464.jpg,Outside,1.0,9.291945e-17,7.74215e-17,1.0
testing2465.jpg,Outside,1.0,1.6017322e-09,7.212846e-13,1.0
testing2466.jpg,Outside,0.9999192,8.079264e-05,1.5069257e-15,0.9999192
testing2467.jpg,Outside,0.9999782,2.1833272e-05,2.2816987e-18,0.9999782
testing2468.jpg,Outside,0.8649677,0.13503236,1.7068153e-13,0.8649677
testing2469.jpg,Intermediate,0.9999119,0.9999119,5.9337664e-21,8.805008e-05
testing2470.jpg,Outside,1.0,1.723955e-14,8.782544e-18,1.0
testing2471.jpg,Outside,1.0,1.1046989e-08,5.3540003e-17,1.0
testing2472.jpg,Outside,0.99825686,0.0017431664,2.1297201e-17,0.99825686
testing2473.jpg,Outside,1.0,6.5543376e-11,2.5532474e-16,1.0
testing2474.jpg,Outside,1.0,2.5265839e-23,4.0691958e-24,1.0
testing2475.jpg,Outside,1.0,4.976722e-21,1.076369e-22,1.0
testing2476.jpg,Intermediate,0.72445273,0.72445273,1.5871684e-15,0.2755472
testing2477.jpg,Outside,1.0,9.051145e-17,5.516423e-22,1.0
testing2478.jpg,Outside,1.0,2.5916003e-20,2.0982215e-20,1.0
testing2479.jpg,Outside,1.0,6.819131e-21,5.5033676e-23,1.0
testing2480.jpg,Outside,1.0,1.1968609e-16,1.8937812e-17,1.0
testing2481.jpg,Outside,1.0,6.473566e-19,9.052715e-21,1.0
testing2482.jpg,Outside,1.0,3.5755556e-22,7.2657654e-22,1.0
testing2483.jpg,Nanodomain,1.0,0.0,1.0,0.0
testing2484.jpg,Nanodomain,1.0,0.0,1.0,0.0
testing2485.jpg,Nanodomain,1.0,0.0,1.0,0.0
testing2486.jpg,Nanodomain,1.0,0.0,1.0,0.0
testing2487.jpg,Nanodomain,1.0,0.0,1.0,0.0
testing2488.jpg,Nanodomain,1.0,0.0,1.0,0.0
testing2489.jpg,Nanodomain,1.0,0.0,1.0,0.0
testing2490.jpg,Nanodomain,1.0,0.0,1.0,0.0
testing2491.jpg,Nanodomain,1.0,0.0,1.0,0.0
testing2492.jpg,Nanodomain,1.0,0.0,1.0,0.0
testing2493.jpg,Nanodomain,1.0,0.0,1.0,0.0
testing2494.jpg,Nanodomain,1.0,0.0,1.0,0.0
testing2495.jpg,Nanodomain,1.0,0.0,1.0,0.0
testing2496.jpg,Nanodomain,1.0,0.0,1.0,0.0
testing2497.jpg,Outside,1.0,1.1046393e-28,3.825807e-24,1.0
testing2498.jpg,Outside,1.0,6.004386e-26,8.072741e-23,1.0
testing2499.jpg,Intermediate,1.0,1.0,4.6805544e-27,1.2084192e-13
testing2500.jpg,Intermediate,0.98797673,0.98797673,5.4086234e-18,0.012023257
testing2501.jpg,Intermediate,0.9999999,0.9999999,4.804335e-23,9.691409e-08
testing2502.jpg,Outside,1.0,4.0068315e-22,4.0633326e-24,1.0
testing2503.jpg,Outside,0.999998,2.0654345e-06,5.691183e-19,0.999998
testing2504.jpg,Intermediate,0.9999999,0.9999999,8.3414144e-19,7.887586e-08
testing2505.jpg,Intermediate,1.0,1.0,5.947131e-31,9.815412e-24
testing2506.jpg,Nanodomain,1.0,0.0,1.0,0.0
testing2507.jpg,Nanodomain,1.0,0.0,1.0,0.0
testing2508.jpg,Nanodomain,1.0,0.0,1.0,0.0
testing2509.jpg,Nanodomain,1.0,0.0,1.0,0.0
testing2510.jpg,Nanodomain,1.0,0.0,1.0,0.0
testing2511.jpg,Nanodomain,1.0,0.0,1.0,0.0
testing2512.jpg,Nanodomain,1.0,0.0,1.0,0.0
testing2513.jpg,Nanodomain,1.0,0.0,1.0,0.0
testing2514.jpg,Nanodomain,1.0,0.0,1.0,0.0
testing2515.jpg,Nanodomain,1.0,0.0,1.0,0.0
testing2516.jpg,Nanodomain,1.0,0.0,1.0,0.0
testing2517.jpg,Nanodomain,1.0,0.0,1.0,0.0
testing2518.jpg,Nanodomain,1.0,0.0,1.0,0.0
testing2519.jpg,Nanodomain,1.0,0.0,1.0,0.0
testing2520.jpg,Nanodomain,1.0,0.0,1.0,0.0
testing2521.jpg,Outside,1.0,2.777133e-31,2.4506079e-29,1.0
testing2522.jpg,Outside,1.0,3.216706e-30,3.7352807e-27,1.0
testing2523.jpg,Outside,1.0,3.1564971e-24,1.8635743e-25,1.0
testing2524.jpg,Outside,1.0,8.677891e-29,1.3909516e-27,1.0
testing2525.jpg,Outside,1.0,9.8052976e-26,2.172441e-24,1.0
testing2526.jpg,Outside,1.0,3.2140664e-24,7.1716993e-22,1.0
testing2527.jpg,Outside,1.0,1.40377e-29,5.882991e-28,1.0
testing2528.jpg,Outside,1.0,9.2516733e-29,3.8002193e-25,1.0
testing2529.jpg,Outside,1.0,5.7639705e-27,9.203397e-25,1.0
testing2530.jpg,Outside,1.0,5.335148e-37,6.379151e-30,1.0
testing2531.jpg,Outside,1.0,1.3125282e-27,4.703649e-25,1.0
testing2532.jpg,Outside,1.0,5.2680447e-30,8.769635e-30,1.0
testing2533.jpg,Outside,1.0,5.0441347e-28,1.4567946e-25,1.0
testing2534.jpg,Outside,1.0,2.5616646e-25,2.049238e-23,1.0
testing2535.jpg,Outside,1.0,2.052684e-27,1.7179244e-26,1.0
testing2536.jpg,Outside,1.0,1.5403001e-28,8.640347e-26,1.0
testing2537.jpg,Outside,1.0,5.0864534e-27,1.114197e-25,1.0
testing2538.jpg,Outside,1.0,5.62084e-10,1.5774206e-16,1.0
testing2539.jpg,Outside,1.0,4.279838e-29,3.8180448e-27,1.0
testing2540.jpg,Outside,1.0,2.1884234e-28,1.372437e-25,1.0
testing2541.jpg,Outside,1.0,4.477711e-36,1.614557e-31,1.0
testing2542.jpg,Nanodomain,1.0,0.0,1.0,0.0
testing2543.jpg,Nanodomain,1.0,0.0,1.0,0.0
testing2544.jpg,Nanodomain,1.0,0.0,1.0,0.0
testing2545.jpg,Nanodomain,1.0,0.0,1.0,0.0
testing2546.jpg,Nanodomain,1.0,0.0,1.0,0.0
testing2547.jpg,Nanodomain,1.0,0.0,1.0,0.0
testing2548.jpg,Nanodomain,1.0,0.0,1.0,0.0
testing2549.jpg,Nanodomain,1.0,0.0,1.0,0.0
testing2550.jpg,Nanodomain,1.0,0.0,1.0,0.0
testing2551.jpg,Nanodomain,1.0,0.0,1.0,0.0
testing2552.jpg,Nanodomain,1.0,0.0,1.0,0.0
testing2553.jpg,Nanodomain,1.0,0.0,1.0,0.0
testing2554.jpg,Nanodomain,1.0,0.0,1.0,0.0
testing2555.jpg,Nanodomain,1.0,1.4476303e-27,1.0,0.0
testing2556.jpg,Nanodomain,1.0,1.72286e-33,1.0,0.0
testing2557.jpg,Nanodomain,1.0,2.677744e-36,1.0,0.0
testing2558.jpg,Nanodomain,1.0,0.0,1.0,0.0
testing2559.jpg,Nanodomain,1.0,0.0,1.0,0.0
testing2560.jpg,Nanodomain,1.0,3.8379707e-38,1.0,0.0
testing2561.jpg,Outside,1.0,1.04429e-33,3.473569e-29,1.0
testing2562.jpg,Outside,1.0,2.5951465e-09,3.0372393e-18,1.0
testing2563.jpg,Outside,0.96612275,0.03387723,7.138626e-15,0.96612275
testing2564.jpg,Outside,1.0,8.835112e-30,7.773458e-25,1.0
testing2565.jpg,Outside,1.0,8.273509e-25,2.2494139e-21,1.0
testing2566.jpg,Outside,1.0,2.315197e-26,1.8681323e-22,1.0
testing2567.jpg,Outside,1.0,5.333292e-31,3.2144327e-25,1.0
testing2568.jpg,Nanodomain,1.0,2.8089263e-38,1.0,0.0
testing2569.jpg,Nanodomain,1.0,0.0,1.0,0.0
testing2570.jpg,Nanodomain,1.0,3.812529e-27,1.0,0.0
testing2571.jpg,Nanodomain,1.0,2.7620613e-35,1.0,0.0
testing2572.jpg,Nanodomain,1.0,2.3510904e-34,1.0,0.0
testing2573.jpg,Nanodomain,1.0,7.5777414e-30,1.0,0.0
testing2574.jpg,Nanodomain,1.0,2.5125124e-31,1.0,0.0
testing2575.jpg,Nanodomain,1.0,2.6702238e-23,1.0,0.0
testing2576.jpg,Nanodomain,1.0,1.6849101e-32,1.0,0.0
testing2577.jpg,Nanodomain,1.0,8.651469e-32,1.0,0.0
testing2578.jpg,Outside,1.0,9.566359e-27,7.5929344e-22,1.0
testing2579.jpg,Outside,1.0,1.6412338e-24,1.0448065e-21,1.0
testing2580.jpg,Nanodomain,1.0,1.4856995e-22,1.0,0.0
testing2581.jpg,Nanodomain,1.0,6.892339e-26,1.0,0.0
testing2582.jpg,Nanodomain,1.0,1.3485467e-28,1.0,0.0
testing2583.jpg,Nanodomain,1.0,6.8423904e-16,1.0,4.063618e-36
testing2584.jpg,Nanodomain,1.0,2.2084367e-17,1.0,9.5851276e-36
testing2585.jpg,Nanodomain,1.0,1.8524116e-17,1.0,5.9520607e-37
testing2586.jpg,Nanodomain,1.0,1.8174938e-10,1.0,1.9852659e-30
testing2587.jpg,Nanodomain,1.0,8.460051e-11,1.0,1.12159344e-29
testing2588.jpg,Nanodomain,1.0,4.8288132e-14,1.0,4.0182845e-35
testing2589.jpg,Nanodomain,0.5659124,0.43408757,0.5659124,1.6419965e-20
testing2590.jpg,Outside,1.0,1.702925e-25,8.34833e-25,1.0
testing2591.jpg,Outside,1.0,7.816589e-14,3.6428076e-16,1.0
testing2592.jpg,Outside,1.0,2.4520524e-18,5.9428546e-20,1.0
testing2593.jpg,Outside,1.0,1.4523449e-17,2.8383157e-19,1.0
testing2594.jpg,Outside,1.0,1.8622188e-23,1.2757307e-22,1.0
testing2595.jpg,Outside,0.99987197,0.0001280663,6.468475e-13,0.99987197
testing2596.jpg,Outside,1.0,9.396769e-19,1.03704066e-19,1.0
testing2597.jpg,Outside,1.0,2.9779795e-20,4.7302306e-23,1.0
testing2598.jpg,Outside,0.9703945,0.029605493,2.4951767e-15,0.9703945
testing2599.jpg,Outside,1.0,2.2909989e-21,5.820905e-22,1.0
testing2600.jpg,Outside,1.0,4.511732e-12,5.235881e-18,1.0
testing2601.jpg,Outside,1.0,2.2435974e-19,1.2312156e-19,1.0
testing2602.jpg,Outside,1.0,3.976261e-20,5.845761e-22,1.0
testing2603.jpg,Outside,0.9123313,0.087668665,1.0873542e-14,0.9123313
testing2604.jpg,Intermediate,0.9861794,0.9861794,1.9348336e-16,0.013820572
testing2605.jpg,Outside,1.0,1.5492833e-10,6.174885e-18,1.0
testing2606.jpg,Outside,1.0,3.1893398e-13,4.3119513e-17,1.0
testing2607.jpg,Outside,1.0,3.9775413e-17,6.650251e-20,1.0
testing2608.jpg,Outside,0.9999113,8.8656605e-05,9.990964e-14,0.9999113
testing2609.jpg,Outside,1.0,1.156009e-23,1.6408045e-21,1.0
testing2610.jpg,Outside,0.99999964,3.1307792e-07,1.409138e-13,0.99999964
testing2611.jpg,Nanodomain,1.0,0.0,1.0,0.0
testing2612.jpg,Nanodomain,1.0,0.0,1.0,0.0
testing2613.jpg,Nanodomain,1.0,0.0,1.0,0.0
testing2614.jpg,Nanodomain,1.0,0.0,1.0,0.0
testing2615.jpg,Nanodomain,1.0,0.0,1.0,0.0
testing2616.jpg,Nanodomain,1.0,0.0,1.0,0.0
testing2617.jpg,Nanodomain,1.0,0.0,1.0,0.0
testing2618.jpg,Nanodomain,1.0,0.0,1.0,0.0
testing2619.jpg,Nanodomain,1.0,0.0,1.0,0.0
testing2620.jpg,Nanodomain,1.0,0.0,1.0,0.0
testing2621.jpg,Nanodomain,1.0,0.0,1.0,0.0
testing2622.jpg,Nanodomain,1.0,0.0,1.0,0.0
testing2623.jpg,Nanodomain,1.0,0.0,1.0,0.0
testing2624.jpg,Nanodomain,1.0,0.0,1.0,0.0
testing2625.jpg,Outside,1.0,5.7217437e-31,1.0747949e-27,1.0
testing2626.jpg,Outside,1.0,1.2894218e-27,1.5175805e-24,1.0
testing2627.jpg,Outside,1.0,1.1788889e-25,1.0756538e-24,1.0
testing2628.jpg,Outside,1.0,1.5128575e-25,4.286125e-23,1.0
testing2629.jpg,Outside,1.0,2.8273345e-28,2.6313198e-26,1.0
testing2630.jpg,Outside,1.0,1.5031233e-26,1.876071e-25,1.0
testing2631.jpg,Intermediate,1.0,1.0,2.9039578e-22,1.832285e-08
testing2632.jpg,Intermediate,1.0,1.0,4.0208946e-26,2.7209453e-17
testing2633.jpg,Outside,1.0,6.3850705e-29,1.7158678e-26,1.0
testing2634.jpg,Outside,1.0,1.5772674e-27,2.574272e-25,1.0
testing2635.jpg,Intermediate,1.0,1.0,4.49432e-24,9.263358e-15
testing2636.jpg,Intermediate,1.0,1.0,1.7096775e-22,4.0903423e-11
testing2637.jpg,Intermediate,1.0,1.0,4.210473e-25,2.6073732e-23
testing2638.jpg,Intermediate,1.0,1.0,2.1657884e-24,3.9041862e-22
testing2639.jpg,Intermediate,1.0,1.0,4.0311088e-18,5.988556e-26
testing2640.jpg,Intermediate,1.0,1.0,4.148197e-27,1.8223987e-25
testing2641.jpg,Nanodomain,1.0,0.0,1.0,0.0
testing2642.jpg,Nanodomain,1.0,0.0,1.0,0.0
testing2643.jpg,Nanodomain,1.0,0.0,1.0,0.0
testing2644.jpg,Nanodomain,1.0,0.0,1.0,0.0
testing2645.jpg,Nanodomain,1.0,0.0,1.0,0.0
testing2646.jpg,Nanodomain,1.0,0.0,1.0,0.0
testing2647.jpg,Nanodomain,1.0,0.0,1.0,0.0
testing2648.jpg,Nanodomain,1.0,0.0,1.0,0.0
testing2649.jpg,Outside,1.0,2.3804275e-28,6.7497504e-27,1.0
testing2650.jpg,Outside,1.0,1.6986187e-23,6.4028253e-22,1.0
testing2651.jpg,Outside,1.0,2.3353477e-28,1.6999793e-24,1.0
testing2652.jpg,Outside,1.0,3.4385346e-32,2.36284e-28,1.0
testing2653.jpg,Outside,1.0,1.9219766e-31,2.5525597e-28,1.0
testing2654.jpg,Outside,1.0,3.3206056e-27,4.626029e-25,1.0
testing2655.jpg,Outside,1.0,1.0032738e-24,1.0899754e-22,1.0
testing2656.jpg,Outside,1.0,5.8171775e-29,1.7192487e-26,1.0
testing2657.jpg,Outside,1.0,5.654183e-29,1.8331282e-26,1.0
testing2658.jpg,Outside,1.0,4.0308788e-25,9.84867e-26,1.0
testing2659.jpg,Outside,1.0,3.1424812e-21,4.5831822e-20,1.0
testing2660.jpg,Outside,1.0,4.0516226e-28,1.4948849e-24,1.0
testing2661.jpg,Outside,1.0,1.1175871e-22,3.502162e-21,1.0
testing2662.jpg,Outside,1.0,7.5771303e-31,8.760587e-27,1.0
testing2663.jpg,Outside,1.0,7.0413865e-30,2.5590835e-27,1.0
testing2664.jpg,Outside,1.0,6.0146985e-27,4.1583907e-24,1.0
testing2665.jpg,Outside,1.0,2.4893442e-27,9.139761e-24,1.0
testing2666.jpg,Outside,1.0,2.182731e-26,4.211274e-26,1.0
testing2667.jpg,Outside,1.0,8.852336e-26,5.7095764e-24,1.0
testing2668.jpg,Outside,1.0,1.2182252e-23,3.6395495e-20,1.0
testing2669.jpg,Outside,1.0,1.0946484e-26,7.5080095e-26,1.0
testing2670.jpg,Nanodomain,1.0,0.0,1.0,0.0
testing2671.jpg,Nanodomain,1.0,0.0,1.0,0.0
testing2672.jpg,Nanodomain,1.0,0.0,1.0,0.0
testing2673.jpg,Nanodomain,1.0,0.0,1.0,0.0
testing2674.jpg,Nanodomain,1.0,0.0,1.0,0.0
testing2675.jpg,Nanodomain,1.0,0.0,1.0,0.0
testing2676.jpg,Nanodomain,1.0,0.0,1.0,0.0
testing2677.jpg,Nanodomain,1.0,0.0,1.0,0.0
testing2678.jpg,Nanodomain,1.0,0.0,1.0,0.0
testing2679.jpg,Nanodomain,1.0,0.0,1.0,0.0
testing2680.jpg,Nanodomain,1.0,0.0,1.0,0.0
testing2681.jpg,Nanodomain,1.0,0.0,1.0,0.0
testing2682.jpg,Nanodomain,1.0,0.0,1.0,0.0
testing2683.jpg,Nanodomain,1.0,0.0,1.0,0.0
testing2684.jpg,Nanodomain,1.0,8.430075e-37,1.0,0.0
testing2685.jpg,Nanodomain,1.0,9.453908e-25,1.0,0.0
testing2686.jpg,Nanodomain,1.0,3.1271313e-33,1.0,0.0
testing2687.jpg,Nanodomain,1.0,1.521879e-28,1.0,0.0
testing2688.jpg,Nanodomain,1.0,3.743085e-26,1.0,0.0
testing2689.jpg,Outside,1.0,1.8207819e-30,9.480726e-28,1.0
testing2690.jpg,Outside,1.0,5.468009e-28,8.405542e-22,1.0
testing2691.jpg,Outside,1.0,3.8207674e-28,1.0089045e-23,1.0
testing2692.jpg,Outside,1.0,4.998246e-26,1.0261191e-22,1.0
testing2693.jpg,Outside,1.0,1.1990889e-27,7.806745e-24,1.0
testing2694.jpg,Outside,1.0,2.0910616e-28,1.2067028e-25,1.0
testing2695.jpg,Nanodomain,1.0,1.4439616e-36,1.0,0.0
testing2696.jpg,Nanodomain,1.0,1.3673538e-38,1.0,0.0
testing2697.jpg,Nanodomain,1.0,2.0630935e-27,1.0,0.0
testing2698.jpg,Nanodomain,1.0,2.0625468e-38,1.0,0.0
testing2699.jpg,Nanodomain,1.0,3.1928702e-28,1.0,0.0
testing2700.jpg,Nanodomain,1.0,1.4978422e-16,1.0,8.733011e-38
testing2701.jpg,Outside,1.0,3.157513e-14,1.653949e-16,1.0
testing2702.jpg,Nanodomain,1.0,4.1506625e-29,1.0,0.0
testing2703.jpg,Nanodomain,1.0,1.1121378e-32,1.0,0.0
testing2704.jpg,Nanodomain,1.0,1.3835763e-17,1.0,2.9643868e-37
testing2705.jpg,Nanodomain,1.0,1.8394543e-18,1.0,3.4155712e-36
testing2706.jpg,Intermediate,0.9994611,0.9994611,4.3087536e-18,0.0005389511
testing2707.jpg,Outside,1.0,1.8610635e-28,3.30967e-25,1.0
testing2708.jpg,Outside,1.0,1.843648e-18,1.3207504e-19,1.0
testing2709.jpg,Outside,1.0,4.0338694e-22,5.4741856e-21,1.0
testing2710.jpg,Outside,1.0,3.5726871e-10,7.155349e-17,1.0
testing2711.jpg,Nanodomain,1.0,2.9460306e-17,1.0,3.8451804e-38
testing2712.jpg,Nanodomain,1.0,1.3452173e-13,1.0,5.2832883e-34
testing2713.jpg,Nanodomain,0.95151156,0.04848843,0.95151156,1.9068505e-22
testing2714.jpg,Nanodomain,1.0,1.0931715e-18,1.0,0.0
testing2715.jpg,Nanodomain,1.0,3.1503868e-16,1.0,1.762241e-36
testing2716.jpg,Nanodomain,1.0,3.31279e-10,1.0,1.7914674e-29
testing2717.jpg,Intermediate,0.9999621,0.9999621,1.1074298e-18,3.788752e-05
testing2718.jpg,Outside,1.0,2.0128208e-19,1.5784588e-20,1.0
testing2719.jpg,Outside,1.0,4.0246423e-17,7.179163e-17,1.0
testing2720.jpg,Outside,1.0,8.382547e-23,3.6848945e-21,1.0
testing2721.jpg,Outside,0.9999964,3.6090905e-06,1.5548943e-13,0.9999964
testing2722.jpg,Outside,1.0,1.1802217e-16,8.544901e-18,1.0
testing2723.jpg,Outside,1.0,8.98139e-18,1.0232364e-18,1.0
testing2724.jpg,Outside,1.0,1.3586906e-13,1.9326866e-18,1.0
testing2725.jpg,Outside,1.0,3.318455e-11,3.860914e-20,1.0
testing2726.jpg,Outside,1.0,5.9120783e-21,9.1105705e-21,1.0
testing2727.jpg,Outside,1.0,1.3460327e-29,4.927048e-26,1.0
testing2728.jpg,Outside,1.0,7.876664e-21,6.655936e-20,1.0
testing2729.jpg,Outside,1.0,2.2232036e-17,1.6832407e-16,1.0
testing2730.jpg,Outside,1.0,1.10561085e-17,5.0040012e-21,1.0
testing2731.jpg,Outside,1.0,2.7568505e-20,6.2945028e-21,1.0
testing2732.jpg,Outside,1.0,1.1665257e-30,3.8538977e-26,1.0
testing2733.jpg,Outside,1.0,4.748209e-27,1.2697091e-24,1.0
testing2734.jpg,Outside,1.0,1.8598043e-24,5.30141e-22,1.0
testing2735.jpg,Outside,1.0,3.1552827e-23,1.9727518e-20,1.0
testing2736.jpg,Outside,1.0,5.1572225e-26,4.4777895e-24,1.0
testing2737.jpg,Outside,1.0,7.579715e-28,5.116196e-24,1.0
testing2738.jpg,Outside,1.0,9.303334e-31,1.4363327e-26,1.0
testing2739.jpg,Outside,1.0,8.318448e-25,1.9100188e-24,1.0
testing2740.jpg,Nanodomain,1.0,0.0,1.0,0.0
testing2741.jpg,Nanodomain,1.0,0.0,1.0,0.0
testing2742.jpg,Nanodomain,1.0,0.0,1.0,0.0
testing2743.jpg,Nanodomain,1.0,0.0,1.0,0.0
testing2744.jpg,Nanodomain,1.0,0.0,1.0,0.0
testing2745.jpg,Nanodomain,1.0,0.0,1.0,0.0
testing2746.jpg,Nanodomain,1.0,0.0,1.0,0.0
testing2747.jpg,Nanodomain,1.0,0.0,1.0,0.0
testing2748.jpg,Nanodomain,1.0,0.0,1.0,0.0
testing2749.jpg,Nanodomain,1.0,0.0,1.0,0.0
testing2750.jpg,Nanodomain,1.0,0.0,1.0,0.0
testing2751.jpg,Nanodomain,1.0,0.0,1.0,0.0
testing2752.jpg,Outside,1.0,3.2794666e-27,2.9308648e-24,1.0
testing2753.jpg,Outside,1.0,5.1967536e-28,8.861776e-23,1.0
testing2754.jpg,Outside,1.0,3.5220827e-22,3.702144e-19,1.0
testing2755.jpg,Outside,1.0,1.8939961e-19,1.3330458e-18,1.0
testing2756.jpg,Outside,1.0,1.3913436e-28,2.108713e-24,1.0
testing2757.jpg,Outside,1.0,1.2222352e-27,1.5781612e-23,1.0
testing2758.jpg,Intermediate,1.0,1.0,2.2690612e-23,1.7214317e-10
testing2759.jpg,Outside,1.0,5.488005e-29,2.4167383e-24,1.0
testing2760.jpg,Outside,0.99984705,0.00015296032,8.6478034e-17,0.99984705
testing2761.jpg,Intermediate,0.995909,0.995909,1.2096353e-18,0.0040910314
testing2762.jpg,Outside,1.0,4.021955e-25,1.3109339e-24,1.0
testing2763.jpg,Intermediate,0.9425158,0.9425158,3.986935e-17,0.057484232
testing2764.jpg,Nanodomain,1.0,0.0,1.0,0.0
testing2765.jpg,Nanodomain,1.0,0.0,1.0,0.0
testing2766.jpg,Nanodomain,1.0,0.0,1.0,0.0
testing2767.jpg,Nanodomain,1.0,0.0,1.0,0.0
testing2768.jpg,Nanodomain,1.0,0.0,1.0,0.0
testing2769.jpg,Nanodomain,1.0,0.0,1.0,0.0
testing2770.jpg,Nanodomain,1.0,0.0,1.0,0.0
testing2771.jpg,Nanodomain,1.0,0.0,1.0,0.0
testing2772.jpg,Nanodomain,1.0,0.0,1.0,0.0
testing2773.jpg,Nanodomain,1.0,0.0,1.0,0.0
testing2774.jpg,Nanodomain,1.0,0.0,1.0,0.0
testing2775.jpg,Nanodomain,1.0,0.0,1.0,0.0
testing2776.jpg,Nanodomain,1.0,0.0,1.0,0.0
testing2777.jpg,Outside,1.0,1.20949e-34,1.1589902e-29,1.0
testing2778.jpg,Outside,1.0,9.2905885e-34,2.1982172e-31,1.0
testing2779.jpg,Outside,1.0,4.1715608e-17,5.0052783e-22,1.0
testing2780.jpg,Outside,1.0,1.096182e-26,1.0809971e-24,1.0
testing2781.jpg,Outside,1.0,5.588066e-25,3.3140703e-23,1.0
testing2782.jpg,Outside,1.0,1.9537215e-28,2.044161e-25,1.0
testing2783.jpg,Outside,1.0,6.262643e-30,6.879277e-28,1.0
testing2784.jpg,Outside,1.0,2.6962986e-27,6.4285896e-24,1.0
testing2785.jpg,Outside,1.0,4.7979e-26,2.5790898e-24,1.0
testing2786.jpg,Outside,1.0,1.4688152e-31,4.728667e-28,1.0
testing2787.jpg,Outside,1.0,3.1967399e-24,4.279655e-23,1.0
testing2788.jpg,Outside,1.0,3.6434298e-25,1.3548705e-25,1.0
testing2789.jpg,Outside,1.0,2.2991094e-33,1.5240337e-29,1.0
testing2790.jpg,Outside,1.0,3.574111e-29,9.8727064e-26,1.0
testing2791.jpg,Outside,1.0,8.062181e-24,1.785543e-24,1.0
testing2792.jpg,Outside,1.0,3.3475547e-28,8.752074e-26,1.0
testing2793.jpg,Outside,1.0,2.4368987e-26,1.568868e-25,1.0
testing2794.jpg,Outside,1.0,2.3134438e-23,1.0043886e-23,1.0
testing2795.jpg,Outside,1.0,3.6378536e-29,1.3065335e-27,1.0
testing2796.jpg,Outside,1.0,1.0430145e-21,1.3719172e-20,1.0
testing2797.jpg,Nanodomain,1.0,0.0,1.0,0.0
testing2798.jpg,Nanodomain,1.0,0.0,1.0,0.0
testing2799.jpg,Nanodomain,1.0,0.0,1.0,0.0
testing2800.jpg,Nanodomain,1.0,0.0,1.0,0.0
testing2801.jpg,Nanodomain,1.0,0.0,1.0,0.0
testing2802.jpg,Nanodomain,1.0,0.0,1.0,0.0
testing2803.jpg,Nanodomain,1.0,0.0,1.0,0.0
testing2804.jpg,Nanodomain,1.0,0.0,1.0,0.0
testing2805.jpg,Nanodomain,1.0,0.0,1.0,0.0
testing2806.jpg,Nanodomain,1.0,0.0,1.0,0.0
testing2807.jpg,Nanodomain,1.0,0.0,1.0,0.0
testing2808.jpg,Nanodomain,1.0,0.0,1.0,0.0
testing2809.jpg,Nanodomain,1.0,0.0,1.0,0.0
testing2810.jpg,Nanodomain,1.0,0.0,1.0,0.0
testing2811.jpg,Nanodomain,1.0,0.0,1.0,0.0
testing2812.jpg,Nanodomain,1.0,1.756579e-18,1.0,3.992215e-37
testing2813.jpg,Nanodomain,1.0,0.0,1.0,0.0
testing2814.jpg,Nanodomain,1.0,0.0,1.0,0.0
testing2815.jpg,Nanodomain,1.0,0.0,1.0,0.0
testing2816.jpg,Nanodomain,1.0,1.257606e-30,1.0,0.0
testing2817.jpg,Outside,1.0,2.3798305e-26,3.3044744e-24,1.0
testing2818.jpg,Outside,1.0,6.759684e-23,3.289726e-21,1.0
testing2819.jpg,Outside,1.0,5.9432397e-28,1.7046036e-23,1.0
testing2820.jpg,Outside,1.0,5.393654e-29,3.3903159e-25,1.0
testing2821.jpg,Outside,1.0,6.876309e-29,5.381457e-25,1.0
testing2822.jpg,Nanodomain,1.0,1.7252032e-16,1.0,9.4997306e-36
testing2823.jpg,Nanodomain,0.9999999,1.6495173e-07,0.9999999,8.123425e-25
testing2824.jpg,Nanodomain,1.0,2.5849397e-17,1.0,5.487103e-37
testing2825.jpg,Nanodomain,1.0,9.3831e-31,1.0,0.0
testing2826.jpg,Nanodomain,1.0,2.9032308e-27,1.0,0.0
testing2827.jpg,Nanodomain,1.0,2.2146302e-31,1.0,0.0
testing2828.jpg,Nanodomain,1.0,6.2371537e-31,1.0,0.0
testing2829.jpg,Nanodomain,1.0,9.46767e-15,1.0,1.9113251e-37
testing2830.jpg,Nanodomain,1.0,9.261228e-17,1.0,0.0
testing2831.jpg,Nanodomain,1.0,4.0604308e-11,1.0,3.5908618e-31
testing2832.jpg,Nanodomain,1.0,2.601229e-34,1.0,0.0
testing2833.jpg,Nanodomain,1.0,5.1628217e-15,1.0,4.1032946e-35
testing2834.jpg,Nanodomain,1.0,4.8828015e-13,1.0,1.0070998e-33
testing2835.jpg,Nanodomain,0.99999976,2.6012864e-07,0.99999976,2.0460797e-25
testing2836.jpg,Intermediate,1.0,1.0,2.6304287e-32,1.538902e-21
testing2837.jpg,Outside,1.0,2.9720984e-29,1.1407815e-23,1.0
testing2838.jpg,Outside,1.0,1.9777006e-29,2.085783e-25,1.0
testing2839.jpg,Outside,1.0,1.4796755e-30,4.662967e-26,1.0
testing2840.jpg,Nanodomain,0.9999999,1.1380535e-07,0.9999999,4.341605e-27
testing2841.jpg,Nanodomain,0.9999945,5.48195e-06,0.9999945,1.4526952e-27
testing2842.jpg,Nanodomain,1.0,2.1853712e-08,1.0,4.4490566e-28
testing2843.jpg,Nanodomain,0.99999714,2.9154783e-06,0.99999714,2.0850201e-26
testing2844.jpg,Outside,1.0,1.604832e-14,7.849954e-17,1.0
testing2845.jpg,Outside,1.0,1.16804e-22,2.41868e-20,1.0
testing2846.jpg,Outside,1.0,5.4728087e-28,8.692743e-27,1.0
testing2847.jpg,Outside,1.0,7.223782e-23,1.1973465e-21,1.0
testing2848.jpg,Outside,1.0,1.1780663e-25,4.9219645e-23,1.0
testing2849.jpg,Intermediate,1.0,1.0,1.08675566e-26,2.9608125e-24
testing2850.jpg,Outside,0.99999404,5.903355e-06,6.4502465e-15,0.99999404
testing2851.jpg,Outside,0.6987408,0.30125928,2.3095577e-12,0.6987408
testing2852.jpg,Outside,1.0,3.9992615e-20,5.3954665e-21,1.0
testing2853.jpg,Outside,1.0,3.7718122e-17,3.8562054e-19,1.0
testing2854.jpg,Outside,1.0,7.5255503e-13,7.83039e-18,1.0
testing2855.jpg,Outside,1.0,7.644334e-14,8.790857e-18,1.0
testing2856.jpg,Outside,1.0,1.2107277e-18,1.3780225e-20,1.0
testing2857.jpg,Outside,1.0,8.760556e-19,1.5109407e-20,1.0
testing2858.jpg,Outside,1.0,2.3149328e-18,7.603634e-21,1.0
testing2859.jpg,Outside,1.0,1.3131792e-27,2.87572e-26,1.0
testing2860.jpg,Outside,1.0,3.0259142e-20,1.6548913e-21,1.0
testing2861.jpg,Outside,1.0,1.8937947e-18,9.233316e-19,1.0
testing2862.jpg,Outside,1.0,8.0089325e-25,3.9052717e-23,1.0
testing2863.jpg,Outside,1.0,9.059348e-21,3.9352013e-20,1.0
testing2864.jpg,Outside,1.0,4.346844e-11,1.3109531e-14,1.0
testing2865.jpg,Outside,1.0,2.3171847e-19,1.45948e-19,1.0
testing2866.jpg,Outside,0.99922144,0.0007785878,1.3741367e-13,0.99922144
testing2867.jpg,Nanodomain,1.0,0.0,1.0,0.0
testing2868.jpg,Nanodomain,1.0,0.0,1.0,0.0
testing2869.jpg,Nanodomain,1.0,0.0,1.0,0.0
testing2870.jpg,Nanodomain,1.0,0.0,1.0,0.0
testing2871.jpg,Nanodomain,1.0,0.0,1.0,0.0
testing2872.jpg,Nanodomain,1.0,0.0,1.0,0.0
testing2873.jpg,Nanodomain,1.0,0.0,1.0,0.0
testing2874.jpg,Nanodomain,1.0,0.0,1.0,0.0
testing2875.jpg,Nanodomain,1.0,0.0,1.0,0.0
testing2876.jpg,Nanodomain,1.0,0.0,1.0,0.0
testing2877.jpg,Nanodomain,1.0,0.0,1.0,0.0
testing2878.jpg,Nanodomain,1.0,0.0,1.0,0.0
testing2879.jpg,Nanodomain,1.0,0.0,1.0,0.0
testing2880.jpg,Nanodomain,1.0,0.0,1.0,0.0
testing2881.jpg,Outside,1.0,3.3939502e-26,9.75119e-23,1.0
testing2882.jpg,Outside,1.0,1.7716e-32,3.4813177e-28,1.0
testing2883.jpg,Outside,1.0,5.5488716e-26,8.1372984e-23,1.0
testing2884.jpg,Outside,1.0,9.596027e-29,1.0783582e-22,1.0
testing2885.jpg,Outside,1.0,3.6579496e-28,4.3345623e-24,1.0
testing2886.jpg,Outside,1.0,9.871989e-19,6.3752845e-22,1.0
testing2887.jpg,Outside,1.0,4.6236296e-25,1.0616728e-21,1.0
testing2888.jpg,Outside,1.0,2.6976505e-24,3.7549915e-22,1.0
testing2889.jpg,Outside,1.0,1.7343806e-25,4.8321422e-24,1.0
testing2890.jpg,Outside,1.0,2.0004552e-30,1.0967724e-25,1.0
testing2891.jpg,Nanodomain,1.0,0.0,1.0,0.0
testing2892.jpg,Nanodomain,1.0,0.0,1.0,0.0
testing2893.jpg,Nanodomain,1.0,0.0,1.0,0.0
testing2894.jpg,Nanodomain,1.0,0.0,1.0,0.0
testing2895.jpg,Nanodomain,1.0,0.0,1.0,0.0
testing2896.jpg,Nanodomain,1.0,0.0,1.0,0.0
testing2897.jpg,Nanodomain,1.0,0.0,1.0,0.0
testing2898.jpg,Nanodomain,1.0,0.0,1.0,0.0
testing2899.jpg,Nanodomain,1.0,0.0,1.0,0.0
testing2900.jpg,Nanodomain,1.0,0.0,1.0,0.0
testing2901.jpg,Nanodomain,1.0,0.0,1.0,0.0
testing2902.jpg,Nanodomain,1.0,0.0,1.0,0.0
testing2903.jpg,Nanodomain,1.0,0.0,1.0,0.0
testing2904.jpg,Outside,1.0,1.4882233e-30,1.1399228e-26,1.0
testing2905.jpg,Outside,1.0,3.5237404e-27,7.1979727e-25,1.0
testing2906.jpg,Outside,1.0,1.083779e-26,1.739967e-25,1.0
testing2907.jpg,Outside,1.0,3.1231385e-25,1.1187473e-22,1.0
testing2908.jpg,Outside,1.0,1.4992564e-28,1.3032936e-26,1.0
testing2909.jpg,Outside,1.0,2.5664744e-27,1.5477194e-23,1.0
testing2910.jpg,Outside,1.0,5.1468062e-26,5.082156e-24,1.0
testing2911.jpg,Outside,1.0,1.7914906e-26,1.4142654e-24,1.0
testing2912.jpg,Outside,1.0,1.2732168e-30,3.3337696e-26,1.0
testing2913.jpg,Outside,1.0,7.988778e-29,9.438516e-26,1.0
testing2914.jpg,Outside,1.0,4.6018213e-28,2.7992765e-24,1.0
testing2915.jpg,Outside,1.0,3.5010885e-24,1.0186266e-23,1.0
testing2916.jpg,Outside,1.0,1.0932869e-28,6.598076e-26,1.0
testing2917.jpg,Outside,1.0,8.623968e-29,2.6328057e-26,1.0
testing2918.jpg,Outside,1.0,1.8933099e-34,6.8749384e-31,1.0
testing2919.jpg,Outside,1.0,9.816783e-27,5.761166e-24,1.0
testing2920.jpg,Outside,1.0,7.1376634e-30,4.644768e-27,1.0
testing2921.jpg,Outside,1.0,2.7257235e-25,3.4593378e-23,1.0
testing2922.jpg,Outside,1.0,3.1128452e-28,2.7433094e-26,1.0
testing2923.jpg,Outside,1.0,6.651125e-24,1.8467825e-23,1.0
testing2924.jpg,Nanodomain,1.0,0.0,1.0,0.0
testing2925.jpg,Nanodomain,1.0,0.0,1.0,0.0
testing2926.jpg,Nanodomain,1.0,0.0,1.0,0.0
testing2927.jpg,Nanodomain,1.0,0.0,1.0,0.0
testing2928.jpg,Nanodomain,1.0,0.0,1.0,0.0
testing2929.jpg,Nanodomain,1.0,0.0,1.0,0.0
testing2930.jpg,Nanodomain,1.0,0.0,1.0,0.0
testing2931.jpg,Nanodomain,1.0,0.0,1.0,0.0
testing2932.jpg,Nanodomain,1.0,0.0,1.0,0.0
testing2933.jpg,Nanodomain,1.0,0.0,1.0,0.0
testing2934.jpg,Nanodomain,1.0,0.0,1.0,0.0
testing2935.jpg,Nanodomain,1.0,0.0,1.0,0.0
testing2936.jpg,Nanodomain,1.0,0.0,1.0,0.0
testing2937.jpg,Nanodomain,1.0,0.0,1.0,0.0
testing2938.jpg,Nanodomain,1.0,0.0,1.0,0.0
testing2939.jpg,Nanodomain,1.0,2.0523084e-12,1.0,6.349525e-32
testing2940.jpg,Nanodomain,1.0,3.1218632e-33,1.0,0.0
testing2941.jpg,Nanodomain,1.0,1.3216498e-38,1.0,0.0
testing2942.jpg,Nanodomain,1.0,1.5573641e-27,1.0,0.0
testing2943.jpg,Nanodomain,1.0,2.6557674e-31,1.0,0.0
testing2944.jpg,Nanodomain,1.0,2.3052058e-24,1.0,0.0
testing2945.jpg,Nanodomain,1.0,0.0,1.0,0.0
testing2946.jpg,Outside,0.9990909,0.00090912357,2.0627036e-13,0.9990909
testing2947.jpg,Outside,1.0,4.678687e-24,2.344503e-23,1.0
testing2948.jpg,Outside,1.0,3.168259e-24,4.2639784e-23,1.0
testing2949.jpg,Outside,1.0,1.2254884e-21,5.1864964e-20,1.0
testing2950.jpg,Outside,1.0,1.0116686e-29,8.455413e-24,1.0
testing2951.jpg,Outside,1.0,3.6837854e-28,5.309905e-24,1.0
testing2952.jpg,Nanodomain,1.0,2.9302783e-20,1.0,0.0
testing2953.jpg,Nanodomain,1.0,4.956698e-20,1.0,0.0
testing2954.jpg,Nanodomain,1.0,8.78075e-11,1.0,1.0040134e-30
testing2955.jpg,Nanodomain,1.0,3.1830828e-19,1.0,0.0
testing2956.jpg,Nanodomain,1.0,3.266034e-08,1.0,1.225713e-28
testing2957.jpg,Nanodomain,1.0,3.1165731e-30,1.0,0.0
testing2958.jpg,Nanodomain,1.0,1.2962443e-24,1.0,0.0
testing2959.jpg,Nanodomain,1.0,3.1918895e-17,1.0,1.22752355e-36
testing2960.jpg,Nanodomain,1.0,1.7775762e-26,1.0,0.0
testing2961.jpg,Nanodomain,1.0,1.3210695e-09,1.0,3.1868832e-28
testing2962.jpg,Nanodomain,1.0,5.0541438e-08,1.0,8.448238e-28
testing2963.jpg,Outside,1.0,4.167805e-18,3.0315495e-22,1.0
testing2964.jpg,Outside,1.0,8.931248e-15,3.112383e-20,1.0
testing2965.jpg,Outside,1.0,7.307837e-18,4.738855e-19,1.0
testing2966.jpg,Outside,1.0,2.7449477e-22,2.4301641e-22,1.0
testing2967.jpg,Outside,1.0,7.021966e-30,2.2611958e-25,1.0
testing2968.jpg,Outside,1.0,4.3476238e-26,5.635209e-23,1.0
testing2969.jpg,Outside,1.0,1.1795523e-29,9.1653786e-26,1.0
testing2970.jpg,Outside,1.0,1.6180965e-23,3.8997632e-23,1.0
testing2971.jpg,Outside,1.0,2.9597525e-23,1.2827216e-25,1.0
testing2972.jpg,Outside,1.0,2.1117401e-16,3.1630398e-18,1.0
testing2973.jpg,Outside,1.0,2.0473528e-10,5.908627e-14,1.0
testing2974.jpg,Outside,1.0,7.310503e-21,6.688789e-22,1.0
testing2975.jpg,Nanodomain,0.6151681,0.38483194,0.6151681,2.790266e-16
testing2976.jpg,Outside,1.0,2.4627281e-19,3.033233e-18,1.0
testing2977.jpg,Outside,1.0,2.4015402e-22,1.1266378e-19,1.0
testing2978.jpg,Intermediate,1.0,1.0,1.9848176e-24,3.2385272e-09
testing2979.jpg,Outside,1.0,5.539722e-23,4.805378e-24,1.0
testing2980.jpg,Outside,1.0,1.1255265e-24,8.273328e-23,1.0
testing2981.jpg,Intermediate,0.99999166,0.99999166,2.3430933e-19,8.382997e-06
testing2982.jpg,Outside,1.0,7.5254817e-16,5.3267317e-21,1.0
testing2983.jpg,Outside,1.0,1.7986265e-14,1.365283e-18,1.0
testing2984.jpg,Outside,1.0,1.8220674e-15,2.4232182e-17,1.0
testing2985.jpg,Outside,1.0,1.8496361e-10,9.779147e-19,1.0
testing2986.jpg,Outside,1.0,4.9998694e-25,1.5076295e-21,1.0
testing2987.jpg,Outside,1.0,2.0251252e-22,1.840455e-21,1.0
testing2988.jpg,Outside,1.0,6.379297e-30,4.7226346e-25,1.0
testing2989.jpg,Outside,1.0,7.159719e-24,9.248072e-22,1.0
testing2990.jpg,Outside,1.0,2.7720137e-21,8.901366e-19,1.0
testing2991.jpg,Outside,0.999997,2.9464088e-06,1.31614585e-17,0.999997
testing2992.jpg,Outside,1.0,5.8181524e-22,7.0202877e-20,1.0
testing2993.jpg,Outside,1.0,3.3791927e-21,5.845605e-22,1.0
testing2994.jpg,Outside,1.0,6.9792255e-11,9.5015565e-18,1.0
testing2995.jpg,Nanodomain,1.0,0.0,1.0,0.0
testing2996.jpg,Nanodomain,1.0,0.0,1.0,0.0
testing2997.jpg,Nanodomain,1.0,0.0,1.0,0.0
testing2998.jpg,Nanodomain,1.0,0.0,1.0,0.0
testing2999.jpg,Nanodomain,1.0,0.0,1.0,0.0
testing3000.jpg,Nanodomain,1.0,0.0,1.0,0.0
testing3001.jpg,Nanodomain,1.0,0.0,1.0,0.0
testing3002.jpg,Nanodomain,1.0,0.0,1.0,0.0
testing3003.jpg,Nanodomain,1.0,0.0,1.0,0.0
testing3004.jpg,Nanodomain,1.0,0.0,1.0,0.0
testing3005.jpg,Nanodomain,1.0,0.0,1.0,0.0
testing3006.jpg,Nanodomain,1.0,0.0,1.0,0.0
testing3007.jpg,Nanodomain,1.0,0.0,1.0,0.0
testing3008.jpg,Nanodomain,1.0,0.0,1.0,0.0
testing3009.jpg,Nanodomain,1.0,0.0,1.0,0.0
testing3010.jpg,Outside,1.0,1.8140945e-27,9.814294e-23,1.0
testing3011.jpg,Outside,1.0,1.1189841e-26,6.100253e-23,1.0
testing3012.jpg,Outside,1.0,4.0467863e-29,4.0673318e-25,1.0
testing3013.jpg,Outside,1.0,6.872293e-30,1.0411513e-26,1.0
testing3014.jpg,Outside,1.0,1.5599624e-27,3.4154377e-23,1.0
testing3015.jpg,Outside,1.0,3.975674e-25,2.9114561e-22,1.0
testing3016.jpg,Outside,1.0,1.225848e-29,1.5964458e-25,1.0
testing3017.jpg,Outside,1.0,2.6784613e-27,3.4821346e-24,1.0
testing3018.jpg,Outside,1.0,7.9111236e-26,8.4770886e-23,1.0
testing3019.jpg,Nanodomain,1.0,0.0,1.0,0.0
testing3020.jpg,Nanodomain,1.0,0.0,1.0,0.0
testing3021.jpg,Nanodomain,1.0,0.0,1.0,0.0
testing3022.jpg,Nanodomain,1.0,0.0,1.0,0.0
testing3023.jpg,Nanodomain,1.0,0.0,1.0,0.0
testing3024.jpg,Nanodomain,1.0,0.0,1.0,0.0
testing3025.jpg,Nanodomain,1.0,0.0,1.0,0.0
testing3026.jpg,Nanodomain,1.0,0.0,1.0,0.0
testing3027.jpg,Nanodomain,1.0,0.0,1.0,0.0
testing3028.jpg,Nanodomain,1.0,0.0,1.0,0.0
testing3029.jpg,Nanodomain,1.0,0.0,1.0,0.0
testing3030.jpg,Nanodomain,1.0,0.0,1.0,0.0
testing3031.jpg,Outside,1.0,1.4259994e-24,1.6890567e-22,1.0
testing3032.jpg,Outside,1.0,3.2009928e-35,1.3396546e-30,1.0
testing3033.jpg,Outside,1.0,1.5346331e-30,6.7783135e-27,1.0
testing3034.jpg,Outside,1.0,4.3960888e-33,1.929007e-30,1.0
testing3035.jpg,Outside,1.0,9.97978e-28,1.8006029e-26,1.0
testing3036.jpg,Outside,1.0,4.958322e-21,2.786233e-19,1.0
testing3037.jpg,Outside,1.0,1.4452996e-30,3.260332e-27,1.0
testing3038.jpg,Outside,1.0,5.9893466e-29,3.98027e-26,1.0
testing3039.jpg,Outside,1.0,2.2039364e-30,6.129255e-28,1.0
testing3040.jpg,Outside,1.0,1.0981031e-26,3.292144e-24,1.0
testing3041.jpg,Outside,1.0,3.6393684e-28,1.5546242e-24,1.0
testing3042.jpg,Outside,1.0,7.397024e-26,3.2647304e-24,1.0
testing3043.jpg,Outside,1.0,5.321418e-26,3.4850017e-26,1.0
testing3044.jpg,Outside,1.0,1.598945e-32,1.465029e-28,1.0
testing3045.jpg,Outside,1.0,3.9719804e-30,1.5242628e-26,1.0
testing3046.jpg,Outside,1.0,6.135791e-25,1.6838016e-21,1.0
testing3047.jpg,Outside,1.0,3.3565748e-25,5.9145955e-24,1.0
testing3048.jpg,Outside,1.0,2.493022e-27,2.2384624e-24,1.0
testing3049.jpg,Outside,1.0,1.1790086e-28,8.251607e-24,1.0
testing3050.jpg,Outside,1.0,6.26951e-28,3.6669105e-25,1.0
testing3051.jpg,Outside,1.0,4.2054071e-22,9.6650646e-20,1.0
testing3052.jpg,Outside,1.0,1.20515e-29,8.7410834e-29,1.0
testing3053.jpg,Nanodomain,1.0,0.0,1.0,0.0
testing3054.jpg,Nanodomain,1.0,0.0,1.0,0.0
testing3055.jpg,Nanodomain,1.0,0.0,1.0,0.0
testing3056.jpg,Nanodomain,1.0,0.0,1.0,0.0
testing3057.jpg,Nanodomain,1.0,0.0,1.0,0.0
testing3058.jpg,Nanodomain,1.0,0.0,1.0,0.0
testing3059.jpg,Nanodomain,1.0,0.0,1.0,0.0
testing3060.jpg,Nanodomain,1.0,0.0,1.0,0.0
testing3061.jpg,Nanodomain,1.0,0.0,1.0,0.0
testing3062.jpg,Nanodomain,1.0,0.0,1.0,0.0
testing3063.jpg,Nanodomain,1.0,0.0,1.0,0.0
testing3064.jpg,Nanodomain,1.0,0.0,1.0,0.0
testing3065.jpg,Nanodomain,1.0,0.0,1.0,0.0
testing3066.jpg,Nanodomain,1.0,0.0,1.0,0.0
testing3067.jpg,Nanodomain,1.0,3.279359e-13,1.0,1.5383189e-31
testing3068.jpg,Nanodomain,1.0,1.7297574e-30,1.0,0.0
testing3069.jpg,Nanodomain,1.0,3.7870755e-27,1.0,0.0
testing3070.jpg,Nanodomain,1.0,1.3610085e-18,1.0,0.0
testing3071.jpg,Nanodomain,1.0,0.0,1.0,0.0
testing3072.jpg,Nanodomain,1.0,1.7858184e-36,1.0,0.0
testing3073.jpg,Nanodomain,1.0,0.0,1.0,0.0
testing3074.jpg,Outside,1.0,1.3488965e-28,9.727741e-24,1.0
testing3075.jpg,Outside,1.0,1.616439e-28,1.8719979e-23,1.0
testing3076.jpg,Outside,1.0,2.4358365e-28,4.8835637e-25,1.0
testing3077.jpg,Outside,1.0,4.3719776e-31,1.6478514e-25,1.0
testing3078.jpg,Outside,1.0,6.9056486e-28,1.6261896e-24,1.0
testing3079.jpg,Nanodomain,1.0,1.1023583e-12,1.0,1.2314577e-30
testing3080.jpg,Nanodomain,0.9950675,0.0049325414,0.9950675,3.015798e-25
testing3081.jpg,Nanodomain,1.0,9.27088e-24,1.0,0.0
testing3082.jpg,Nanodomain,1.0,5.668019e-09,1.0,2.115404e-28
testing3083.jpg,Nanodomain,1.0,8.3764246e-12,1.0,1.9039023e-30
testing3084.jpg,Nanodomain,0.9999528,4.7201913e-05,0.9999528,8.634164e-28
testing3085.jpg,Nanodomain,0.9998734,0.00012658317,0.9998734,1.3482849e-26
testing3086.jpg,Nanodomain,1.0,1.6424284e-11,1.0,6.44249e-30
testing3087.jpg,Nanodomain,1.0,7.424786e-11,1.0,3.7787883e-29
testing3088.jpg,Nanodomain,1.0,3.5356258e-29,1.0,0.0
testing3089.jpg,Nanodomain,1.0,1.9096258e-31,1.0,0.0
testing3090.jpg,Nanodomain,1.0,1.1291256e-25,1.0,0.0
testing3091.jpg,Nanodomain,1.0,1.7715977e-12,1.0,3.7646642e-34
testing3092.jpg,Intermediate,1.0,1.0,3.2576153e-31,7.964152e-24
testing3093.jpg,Intermediate,1.0,1.0,6.0070447e-33,8.4038985e-24
testing3094.jpg,Intermediate,1.0,1.0,9.040122e-28,5.849214e-16
testing3095.jpg,Intermediate,1.0,1.0,1.6898734e-24,5.6371997e-11
testing3096.jpg,Intermediate,0.99999976,0.99999976,4.55127e-17,2.2434351e-07
testing3097.jpg,Intermediate,0.9997738,0.9997738,1.4983517e-20,0.00022625245
testing3098.jpg,Intermediate,1.0,1.0,5.1046566e-31,1.8379813e-18
testing3099.jpg,Outside,0.9999999,1.3442838e-07,9.351088e-15,0.9999999
testing3100.jpg,Intermediate,1.0,1.0,8.034163e-21,1.2503568e-11
testing3101.jpg,Outside,1.0,4.6752358e-20,4.0468087e-18,1.0
testing3102.jpg,Outside,0.9710396,0.028960444,1.4152941e-13,0.9710396
testing3103.jpg,Intermediate,1.0,1.0,2.7938266e-23,2.1247885e-10
testing3104.jpg,Intermediate,0.9870587,0.9870587,1.5565493e-16,0.012941312
testing3105.jpg,Outside,1.0,4.194268e-24,1.7595935e-22,1.0
testing3106.jpg,Outside,1.0,1.507639e-16,5.69826e-17,1.0
testing3107.jpg,Outside,1.0,2.6595517e-14,1.083412e-17,1.0
testing3108.jpg,Intermediate,1.0,1.0,1.8520853e-26,7.0723173e-15
testing3109.jpg,Outside,1.0,2.3940808e-11,4.4134627e-18,1.0
testing3110.jpg,Outside,1.0,5.660693e-17,3.641583e-17,1.0
testing3111.jpg,Outside,1.0,5.144944e-10,1.2892034e-15,1.0
testing3112.jpg,Intermediate,1.0,1.0,9.524776e-27,1.942372e-15
testing3113.jpg,Intermediate,1.0,1.0,8.512578e-29,2.0368384e-23
testing3114.jpg,Intermediate,1.0,1.0,3.955785e-23,9.590702e-18
testing3115.jpg,Intermediate,1.0,1.0,1.6624876e-32,9.2693655e-23
testing3116.jpg,Outside,1.0,3.9297024e-13,5.2793654e-17,1.0
testing3117.jpg,Outside,1.0,3.5429987e-21,3.172884e-21,1.0
testing3118.jpg,Outside,1.0,1.298331e-19,4.8203486e-21,1.0
testing3119.jpg,Outside,1.0,2.7761117e-19,3.0413754e-20,1.0
testing3120.jpg,Outside,1.0,1.5900378e-20,2.8790205e-21,1.0
testing3121.jpg,Outside,1.0,4.879593e-19,2.4866552e-22,1.0
testing3122.jpg,Outside,1.0,5.9941985e-27,1.8319687e-25,1.0
testing3123.jpg,Nanodomain,1.0,0.0,1.0,0.0
testing3124.jpg,Nanodomain,1.0,0.0,1.0,0.0
testing3125.jpg,Nanodomain,1.0,0.0,1.0,0.0
testing3126.jpg,Nanodomain,1.0,0.0,1.0,0.0
testing3127.jpg,Nanodomain,1.0,0.0,1.0,0.0
testing3128.jpg,Nanodomain,1.0,0.0,1.0,0.0
testing3129.jpg,Nanodomain,1.0,0.0,1.0,0.0
testing3130.jpg,Nanodomain,1.0,0.0,1.0,0.0
testing3131.jpg,Nanodomain,1.0,0.0,1.0,0.0
testing3132.jpg,Nanodomain,1.0,0.0,1.0,0.0
testing3133.jpg,Nanodomain,1.0,0.0,1.0,0.0
testing3134.jpg,Nanodomain,1.0,0.0,1.0,0.0
testing3135.jpg,Nanodomain,1.0,0.0,1.0,0.0
testing3136.jpg,Nanodomain,1.0,0.0,1.0,0.0
testing3137.jpg,Intermediate,1.0,1.0,1.1340197e-34,5.542047e-23
testing3138.jpg,Outside,1.0,1.5861649e-30,1.9218652e-25,1.0
testing3139.jpg,Intermediate,1.0,1.0,1.2800344e-23,1.662641e-08
testing3140.jpg,Outside,1.0,1.4183401e-30,1.2734332e-26,1.0
testing3141.jpg,Outside,1.0,3.358237e-34,7.483093e-29,1.0
testing3142.jpg,Outside,1.0,8.342429e-35,1.8723127e-30,1.0
testing3143.jpg,Outside,1.0,5.931614e-30,6.301815e-26,1.0
testing3144.jpg,Outside,1.0,1.14917906e-26,9.0190843e-26,1.0
testing3145.jpg,Outside,1.0,4.9999522e-30,1.09763156e-23,1.0
testing3146.jpg,Outside,1.0,8.701962e-28,7.106526e-23,1.0
testing3147.jpg,Nanodomain,1.0,0.0,1.0,0.0
testing3148.jpg,Nanodomain,1.0,0.0,1.0,0.0
testing3149.jpg,Nanodomain,1.0,0.0,1.0,0.0
testing3150.jpg,Nanodomain,1.0,0.0,1.0,0.0
testing3151.jpg,Nanodomain,1.0,0.0,1.0,0.0
testing3152.jpg,Nanodomain,1.0,0.0,1.0,0.0
testing3153.jpg,Nanodomain,1.0,0.0,1.0,0.0
testing3154.jpg,Nanodomain,1.0,0.0,1.0,0.0
testing3155.jpg,Nanodomain,1.0,0.0,1.0,0.0
testing3156.jpg,Nanodomain,1.0,0.0,1.0,0.0
testing3157.jpg,Nanodomain,1.0,0.0,1.0,0.0
testing3158.jpg,Nanodomain,1.0,0.0,1.0,0.0
testing3159.jpg,Nanodomain,1.0,0.0,1.0,0.0
testing3160.jpg,Outside,1.0,3.5948715e-27,2.2507557e-26,1.0
testing3161.jpg,Outside,1.0,2.3225723e-28,1.6266774e-27,1.0
testing3162.jpg,Outside,1.0,5.256233e-18,1.0997953e-21,1.0
testing3163.jpg,Outside,1.0,2.8404043e-28,8.881928e-27,1.0
testing3164.jpg,Outside,1.0,3.2231947e-28,5.447107e-28,1.0
testing3165.jpg,Outside,1.0,6.692175e-32,1.8139385e-31,1.0
testing3166.jpg,Outside,1.0,1.4135498e-29,7.3546715e-28,1.0
testing3167.jpg,Outside,1.0,6.389875e-35,1.8076387e-31,1.0
testing3168.jpg,Outside,1.0,2.6183662e-31,3.5373257e-29,1.0
testing3169.jpg,Outside,1.0,2.324053e-20,6.0566176e-22,1.0
testing3170.jpg,Outside,1.0,1.6799221e-26,1.2504963e-24,1.0
testing3171.jpg,Outside,1.0,1.9914159e-24,2.707043e-23,1.0
testing3172.jpg,Outside,1.0,1.8123236e-27,1.736533e-24,1.0
testing3173.jpg,Outside,1.0,2.9038702e-29,1.5462714e-26,1.0
testing3174.jpg,Outside,1.0,7.534038e-32,1.753244e-27,1.0
testing3175.jpg,Outside,1.0,7.330562e-26,3.5096213e-23,1.0
testing3176.jpg,Outside,1.0,3.1273935e-33,3.9453894e-29,1.0
testing3177.jpg,Outside,1.0,1.654181e-25,1.9412456e-23,1.0
testing3178.jpg,Outside,1.0,4.219972e-27,1.0956104e-24,1.0
testing3179.jpg,Outside,1.0,1.4300254e-31,3.9017326e-28,1.0
testing3180.jpg,Outside,1.0,5.589889e-21,1.1302358e-20,1.0
testing3181.jpg,Nanodomain,1.0,0.0,1.0,0.0
testing3182.jpg,Nanodomain,1.0,0.0,1.0,0.0
testing3183.jpg,Nanodomain,1.0,0.0,1.0,0.0
testing3184.jpg,Nanodomain,1.0,0.0,1.0,0.0
testing3185.jpg,Nanodomain,1.0,0.0,1.0,0.0
testing3186.jpg,Nanodomain,1.0,0.0,1.0,0.0
testing3187.jpg,Nanodomain,1.0,0.0,1.0,0.0
testing3188.jpg,Nanodomain,1.0,0.0,1.0,0.0
testing3189.jpg,Nanodomain,1.0,0.0,1.0,0.0
testing3190.jpg,Nanodomain,1.0,0.0,1.0,0.0
testing3191.jpg,Nanodomain,1.0,0.0,1.0,0.0
testing3192.jpg,Nanodomain,1.0,0.0,1.0,0.0
testing3193.jpg,Nanodomain,1.0,0.0,1.0,0.0
testing3194.jpg,Nanodomain,1.0,2.3145412e-28,1.0,0.0
testing3195.jpg,Nanodomain,1.0,3.0401852e-17,1.0,4.0433e-36
testing3196.jpg,Nanodomain,1.0,7.297433e-29,1.0,0.0
testing3197.jpg,Nanodomain,1.0,2.0274488e-25,1.0,0.0
testing3198.jpg,Nanodomain,1.0,1.315549e-37,1.0,0.0
testing3199.jpg,Nanodomain,1.0,3.6623325e-36,1.0,0.0
testing3200.jpg,Nanodomain,1.0,1.1441269e-26,1.0,0.0
testing3201.jpg,Nanodomain,1.0,0.0,1.0,0.0
testing3202.jpg,Intermediate,1.0,1.0,1.2030803e-26,6.664002e-24
testing3203.jpg,Intermediate,1.0,1.0,1.1013478e-30,1.0112472e-23
testing3204.jpg,Outside,1.0,2.4311488e-28,2.8035432e-22,1.0
testing3205.jpg,Outside,1.0,1.71633e-29,6.947354e-25,1.0
testing3206.jpg,Outside,1.0,5.44439e-34,5.1700208e-28,1.0
testing3207.jpg,Outside,1.0,3.1019368e-30,8.723874e-26,1.0
testing3208.jpg,Nanodomain,1.0,4.72005e-10,1.0,4.299854e-28
testing3209.jpg,Nanodomain,1.0,3.005901e-17,1.0,5.4040717e-38
testing3210.jpg,Nanodomain,1.0,4.508248e-12,1.0,1.0078542e-31
testing3211.jpg,Nanodomain,0.9999856,1.4394511e-05,0.9999856,9.213276e-25
testing3212.jpg,Nanodomain,1.0,3.7832115e-09,1.0,6.41187e-29
testing3213.jpg,Nanodomain,1.0,3.432236e-14,1.0,2.6128762e-33
testing3214.jpg,Intermediate,0.57214403,0.57214403,0.42785597,1.4945806e-20
testing3215.jpg,Nanodomain,1.0,1.3537115e-35,1.0,0.0
testing3216.jpg,Nanodomain,1.0,1.9427174e-18,1.0,3.107958e-35
testing3217.jpg,Nanodomain,1.0,2.3733924e-27,1.0,0.0
testing3218.jpg,Nanodomain,1.0,1.5074653e-10,1.0,1.674462e-29
testing3219.jpg,Nanodomain,0.9999914,8.581122e-06,0.9999914,2.3172043e-23
testing3220.jpg,Intermediate,1.0,1.0,3.690059e-35,5.216828e-23
testing3221.jpg,Intermediate,0.9983937,0.9983937,9.4090883e-20,0.0016062458
testing3222.jpg,Intermediate,1.0,1.0,3.8204526e-25,5.356991e-14
testing3223.jpg,Intermediate,1.0,1.0,1.1278573e-22,2.2941786e-09
testing3224.jpg,Intermediate,0.9995235,0.9995235,7.657023e-20,0.00047652455
testing3225.jpg,Intermediate,1.0,1.0,2.1327272e-28,1.333723e-17
testing3226.jpg,Intermediate,1.0,1.0,2.9018362e-19,1.4371446e-10
testing3227.jpg,Intermediate,1.0,1.0,8.419337e-23,1.8641374e-16
testing3228.jpg,Intermediate,1.0,1.0,2.4136163e-23,5.1201525e-08
testing3229.jpg,Intermediate,0.9681143,0.9681143,1.4108621e-15,0.03188571
testing3230.jpg,Intermediate,1.0,1.0,4.821821e-28,6.5146416e-11
testing3231.jpg,Intermediate,1.0,1.0,1.6113465e-22,4.624884e-13
testing3232.jpg,Intermediate,1.0,1.0,9.7232915e-31,1.1824996e-20
testing3233.jpg,Intermediate,0.9978484,0.9978484,3.645597e-21,0.0021515633
testing3234.jpg,Intermediate,1.0,1.0,9.285768e-27,5.1807424e-20
testing3235.jpg,Intermediate,1.0,1.0,7.397799e-30,8.591955e-21
testing3236.jpg,Intermediate,1.0,1.0,4.883941e-23,1.5711141e-17
testing3237.jpg,Outside,1.0,2.3745058e-20,2.8339961e-21,1.0
testing3238.jpg,Outside,1.0,1.151644e-13,8.535439e-21,1.0
testing3239.jpg,Outside,1.0,5.1076124e-18,8.4441486e-20,1.0
testing3240.jpg,Intermediate,1.0,1.0,3.103909e-33,2.2268975e-23
testing3241.jpg,Intermediate,1.0,1.0,5.4706494e-24,5.3131378e-20
testing3242.jpg,Nanodomain,1.0,0.0,1.0,0.0
testing3243.jpg,Nanodomain,1.0,7.714391e-29,1.0,0.0
testing3244.jpg,Nanodomain,1.0,2.8735037e-27,1.0,0.0
testing3245.jpg,Intermediate,0.9999107,0.9999107,8.925047e-05,2.6513662e-19
testing3246.jpg,Nanodomain,0.99998045,1.9523539e-05,0.99998045,3.5019836e-23
testing3247.jpg,Intermediate,0.99976736,0.99976736,0.00023269682,5.665668e-22
testing3248.jpg,Outside,1.0,4.1860575e-14,4.3001504e-20,1.0
testing3249.jpg,Outside,1.0,7.177268e-26,3.848172e-24,1.0
testing3250.jpg,Intermediate,1.0,1.0,2.0822876e-30,1.1428275e-25
testing3251.jpg,Outside,1.0,2.4744026e-21,2.6248227e-19,1.0
testing3252.jpg,Intermediate,0.9997321,0.9997321,7.454818e-15,0.00026792512
testing3253.jpg,Nanodomain,1.0,0.0,1.0,0.0
testing3254.jpg,Nanodomain,1.0,0.0,1.0,0.0
testing3255.jpg,Nanodomain,1.0,0.0,1.0,0.0
testing3256.jpg,Nanodomain,1.0,0.0,1.0,0.0
testing3257.jpg,Nanodomain,1.0,0.0,1.0,0.0
testing3258.jpg,Nanodomain,1.0,0.0,1.0,0.0
testing3259.jpg,Nanodomain,1.0,0.0,1.0,0.0
testing3260.jpg,Nanodomain,1.0,0.0,1.0,0.0
testing3261.jpg,Nanodomain,1.0,0.0,1.0,0.0
testing3262.jpg,Nanodomain,1.0,0.0,1.0,0.0
testing3263.jpg,Nanodomain,1.0,5.4934702e-37,1.0,0.0
testing3264.jpg,Nanodomain,1.0,0.0,1.0,0.0
testing3265.jpg,Outside,1.0,3.1740743e-26,1.3392351e-23,1.0
testing3266.jpg,Outside,1.0,3.1315651e-30,2.210424e-26,1.0
testing3267.jpg,Outside,1.0,2.9986863e-24,1.4175346e-22,1.0
testing3268.jpg,Outside,1.0,2.570038e-29,1.4853274e-27,1.0
testing3269.jpg,Outside,1.0,4.440739e-32,6.934955e-27,1.0
testing3270.jpg,Intermediate,1.0,1.0,9.3339864e-29,2.6182273e-23
testing3271.jpg,Outside,1.0,3.9701918e-23,9.791563e-22,1.0
testing3272.jpg,Outside,1.0,2.3314494e-20,4.2930718e-19,1.0
testing3273.jpg,Outside,1.0,1.0995017e-21,2.162671e-21,1.0
testing3274.jpg,Outside,1.0,2.9986747e-24,7.25759e-23,1.0
testing3275.jpg,Outside,1.0,8.120478e-26,2.290777e-24,1.0
testing3276.jpg,Outside,1.0,1.5373717e-27,1.0489496e-25,1.0
testing3277.jpg,Nanodomain,1.0,0.0,1.0,0.0
testing3278.jpg,Nanodomain,1.0,0.0,1.0,0.0
testing3279.jpg,Nanodomain,1.0,0.0,1.0,0.0
testing3280.jpg,Nanodomain,1.0,0.0,1.0,0.0
testing3281.jpg,Nanodomain,1.0,0.0,1.0,0.0
testing3282.jpg,Nanodomain,1.0,0.0,1.0,0.0
testing3283.jpg,Nanodomain,1.0,0.0,1.0,0.0
testing3284.jpg,Nanodomain,1.0,0.0,1.0,0.0
testing3285.jpg,Outside,1.0,1.3654264e-29,1.0264537e-26,1.0
testing3286.jpg,Outside,1.0,7.471083e-22,2.9960952e-21,1.0
testing3287.jpg,Outside,1.0,3.6990377e-27,1.6884623e-24,1.0
testing3288.jpg,Outside,1.0,9.533822e-28,5.663866e-25,1.0
testing3289.jpg,Outside,1.0,3.913197e-27,9.9605784e-27,1.0
testing3290.jpg,Outside,1.0,1.8967277e-28,6.7550344e-26,1.0
testing3291.jpg,Outside,1.0,1.570644e-28,4.646647e-27,1.0
testing3292.jpg,Outside,1.0,1.2577607e-28,6.4434154e-25,1.0
testing3293.jpg,Outside,1.0,5.7558337e-37,4.565502e-29,1.0
testing3294.jpg,Outside,1.0,3.1490372e-26,1.0321761e-23,1.0
testing3295.jpg,Outside,1.0,2.6708145e-23,2.9351194e-22,1.0
testing3296.jpg,Outside,1.0,3.318989e-32,8.199969e-29,1.0
testing3297.jpg,Outside,1.0,8.4195574e-24,9.441119e-24,1.0
testing3298.jpg,Outside,1.0,4.9724254e-24,1.1663158e-24,1.0
testing3299.jpg,Outside,1.0,1.2092738e-33,2.0369022e-29,1.0
testing3300.jpg,Outside,1.0,4.9765198e-26,3.3548882e-23,1.0
testing3301.jpg,Outside,1.0,3.4997327e-28,2.8850708e-26,1.0
testing3302.jpg,Outside,1.0,7.624341e-29,3.1049634e-25,1.0
testing3303.jpg,Outside,1.0,7.150704e-26,1.4915826e-22,1.0
testing3304.jpg,Outside,1.0,8.103348e-23,7.828229e-21,1.0
testing3305.jpg,Outside,1.0,1.6606292e-26,1.2086198e-24,1.0
testing3306.jpg,Outside,1.0,4.7830937e-35,8.7773994e-30,1.0
testing3307.jpg,Outside,1.0,1.9677692e-27,5.373721e-26,1.0
testing3308.jpg,Outside,1.0,2.4145782e-27,1.4709834e-26,1.0
testing3309.jpg,Nanodomain,1.0,0.0,1.0,0.0
testing3310.jpg,Nanodomain,1.0,0.0,1.0,0.0
testing3311.jpg,Nanodomain,1.0,0.0,1.0,0.0
testing3312.jpg,Nanodomain,1.0,0.0,1.0,0.0
testing3313.jpg,Nanodomain,1.0,0.0,1.0,0.0
testing3314.jpg,Nanodomain,1.0,0.0,1.0,0.0
testing3315.jpg,Nanodomain,1.0,0.0,1.0,0.0
testing3316.jpg,Nanodomain,1.0,0.0,1.0,0.0
testing3317.jpg,Nanodomain,1.0,0.0,1.0,0.0
testing3318.jpg,Nanodomain,1.0,0.0,1.0,0.0
testing3319.jpg,Nanodomain,1.0,0.0,1.0,0.0
testing3320.jpg,Nanodomain,1.0,0.0,1.0,0.0
testing3321.jpg,Nanodomain,1.0,0.0,1.0,0.0
testing3322.jpg,Nanodomain,1.0,1.0573369e-27,1.0,0.0
testing3323.jpg,Nanodomain,1.0,3.5582067e-15,1.0,5.0583175e-35
testing3324.jpg,Nanodomain,0.99896085,0.0010391095,0.99896085,1.6002386e-28
testing3325.jpg,Nanodomain,1.0,3.1027037e-24,1.0,0.0
testing3326.jpg,Nanodomain,1.0,7.960601e-12,1.0,4.6409484e-32
testing3327.jpg,Nanodomain,1.0,1.0450219e-28,1.0,0.0
testing3328.jpg,Nanodomain,1.0,3.6396966e-12,1.0,4.43834e-37
testing3329.jpg,Outside,1.0,1.0773783e-17,3.793198e-16,1.0
testing3330.jpg,Outside,1.0,1.8329654e-28,8.3524795e-23,1.0
testing3331.jpg,Outside,1.0,8.1327855e-26,1.1975588e-25,1.0
testing3332.jpg,Outside,1.0,8.533731e-32,2.221982e-25,1.0
testing3333.jpg,Outside,1.0,1.9460174e-26,2.5927546e-22,1.0
testing3334.jpg,Outside,1.0,2.6930068e-29,1.16662985e-27,1.0
testing3335.jpg,Nanodomain,1.0,5.484531e-10,1.0,3.6517573e-29
testing3336.jpg,Nanodomain,1.0,4.66299e-09,1.0,9.535941e-26
testing3337.jpg,Intermediate,0.999273,0.999273,0.0007269546,5.96335e-19
testing3338.jpg,Nanodomain,1.0,4.1591832e-17,1.0,7.8853954e-33
testing3339.jpg,Intermediate,0.9999558,0.9999558,4.418966e-05,2.2196358e-20
testing3340.jpg,Intermediate,1.0,1.0,2.6820561e-15,6.5752705e-23
testing3341.jpg,Nanodomain,1.0,2.2005554e-11,1.0,1.0026137e-28
testing3342.jpg,Nanodomain,1.0,5.381638e-19,1.0,7.733747e-37
testing3343.jpg,Nanodomain,1.0,1.7905369e-38,1.0,0.0
testing3344.jpg,Nanodomain,1.0,3.660513e-38,1.0,0.0
testing3345.jpg,Nanodomain,1.0,5.9993716e-26,1.0,0.0
testing3346.jpg,Intermediate,0.91277176,0.91277176,0.08722829,1.0145849e-19
testing3347.jpg,Nanodomain,0.99999976,2.1428454e-07,0.99999976,8.525008e-25
testing3348.jpg,Intermediate,1.0,1.0,3.5246686e-34,5.1655534e-25
testing3349.jpg,Intermediate,1.0,1.0,4.5242015e-23,1.9725521e-09
testing3350.jpg,Outside,0.999997,3.037547e-06,2.8445254e-14,0.999997
testing3351.jpg,Intermediate,0.99999523,0.99999523,1.605166e-23,4.7429553e-06
testing3352.jpg,Intermediate,1.0,1.0,1.031084e-27,5.393e-20
testing3353.jpg,Intermediate,0.9999684,0.9999684,3.2787324e-15,3.1612777e-05
testing3354.jpg,Intermediate,1.0,1.0,3.0426385e-21,2.2452665e-12
testing3355.jpg,Intermediate,0.99999845,0.99999845,3.1873497e-22,1.5511307e-06
testing3356.jpg,Outside,1.0,4.4567434e-09,5.9526403e-18,1.0
testing3357.jpg,Outside,0.9978072,0.002192853,6.573979e-16,0.9978072
testing3358.jpg,Intermediate,1.0,1.0,3.2469095e-23,5.4339317e-08
testing3359.jpg,Intermediate,1.0,1.0,2.5092475e-30,7.355466e-18
testing3360.jpg,Intermediate,0.9998254,0.9998254,1.507804e-20,0.00017459078
testing3361.jpg,Intermediate,1.0,1.0,3.695222e-31,6.1360174e-20
testing3362.jpg,Intermediate,1.0,1.0,6.4053334e-32,1.7425517e-24
testing3363.jpg,Intermediate,0.9999671,0.9999671,1.989458e-18,3.293116e-05
testing3364.jpg,Intermediate,1.0,1.0,6.5200247e-37,5.9473444e-28
testing3365.jpg,Intermediate,0.89434564,0.89434564,1.2922438e-13,0.10565434
testing3366.jpg,Intermediate,1.0,1.0,3.4025467e-25,9.453595e-15
testing3367.jpg,Intermediate,0.96964854,0.96964854,2.1647414e-17,0.030351507
testing3368.jpg,Outside,0.55820656,0.4417934,8.984322e-15,0.55820656
testing3369.jpg,Nanodomain,1.0,4.3463544e-30,1.0,0.0
testing3370.jpg,Nanodomain,1.0,1.820937e-35,1.0,0.0
testing3371.jpg,Nanodomain,1.0,1.7914341e-28,1.0,0.0
testing3372.jpg,Nanodomain,1.0,5.8507295e-13,1.0,1.0174064e-32
testing3373.jpg,Nanodomain,1.0,9.395748e-30,1.0,0.0
testing3374.jpg,Outside,1.0,1.2591472e-22,1.3431351e-21,1.0
testing3375.jpg,Nanodomain,0.99998915,1.08897975e-05,0.99998915,2.2927815e-23
testing3376.jpg,Intermediate,0.9999896,0.9999896,3.1805144e-18,1.0360102e-05
testing3377.jpg,Outside,1.0,1.2998944e-23,6.08188e-21,1.0
testing3378.jpg,Outside,1.0,1.7069248e-25,1.4832849e-25,1.0
testing3379.jpg,Outside,1.0,1.9874406e-15,9.858328e-19,1.0
testing3380.jpg,Nanodomain,1.0,0.0,1.0,0.0
testing3381.jpg,Nanodomain,1.0,0.0,1.0,0.0
testing3382.jpg,Nanodomain,1.0,0.0,1.0,0.0
testing3383.jpg,Nanodomain,1.0,0.0,1.0,0.0
testing3384.jpg,Nanodomain,1.0,0.0,1.0,0.0
testing3385.jpg,Nanodomain,1.0,0.0,1.0,0.0
testing3386.jpg,Nanodomain,1.0,0.0,1.0,0.0
testing3387.jpg,Nanodomain,1.0,0.0,1.0,0.0
testing3388.jpg,Nanodomain,1.0,0.0,1.0,0.0
testing3389.jpg,Nanodomain,1.0,0.0,1.0,0.0
testing3390.jpg,Nanodomain,1.0,0.0,1.0,0.0
testing3391.jpg,Nanodomain,1.0,0.0,1.0,0.0
testing3392.jpg,Nanodomain,1.0,0.0,1.0,0.0
testing3393.jpg,Outside,1.0,4.0334162e-18,8.545706e-20,1.0
testing3394.jpg,Nanodomain,1.0,0.0,1.0,0.0
testing3395.jpg,Nanodomain,1.0,0.0,1.0,0.0
testing3396.jpg,Nanodomain,1.0,0.0,1.0,0.0
testing3397.jpg,Nanodomain,1.0,0.0,1.0,0.0
testing3398.jpg,Nanodomain,1.0,0.0,1.0,0.0
testing3399.jpg,Nanodomain,1.0,0.0,1.0,0.0
testing3400.jpg,Nanodomain,1.0,0.0,1.0,0.0
testing3401.jpg,Nanodomain,1.0,0.0,1.0,0.0
testing3402.jpg,Outside,1.0,4.9429672e-29,4.6851836e-26,1.0
testing3403.jpg,Outside,1.0,1.656242e-22,1.78175e-20,1.0
testing3404.jpg,Outside,1.0,4.6717925e-21,2.1890884e-23,1.0
testing3405.jpg,Nanodomain,1.0,0.0,1.0,0.0
testing3406.jpg,Nanodomain,1.0,0.0,1.0,0.0
testing3407.jpg,Nanodomain,1.0,0.0,1.0,0.0
testing3408.jpg,Nanodomain,1.0,0.0,1.0,0.0
testing3409.jpg,Nanodomain,1.0,0.0,1.0,0.0
testing3410.jpg,Nanodomain,1.0,0.0,1.0,0.0
testing3411.jpg,Nanodomain,1.0,0.0,1.0,0.0
testing3412.jpg,Nanodomain,1.0,0.0,1.0,0.0
testing3413.jpg,Nanodomain,1.0,0.0,1.0,0.0
testing3414.jpg,Outside,1.0,1.734368e-24,1.37399365e-24,1.0
testing3415.jpg,Outside,1.0,1.9164623e-25,7.375842e-24,1.0
testing3416.jpg,Outside,1.0,5.279344e-25,1.0954595e-25,1.0
testing3417.jpg,Outside,1.0,1.7871688e-27,2.2519457e-22,1.0
testing3418.jpg,Outside,1.0,2.5775528e-26,6.3899562e-25,1.0
testing3419.jpg,Outside,1.0,7.704592e-23,7.514525e-23,1.0
testing3420.jpg,Outside,1.0,3.464356e-38,6.31016e-34,1.0
testing3421.jpg,Outside,1.0,1.3836615e-31,3.8309397e-28,1.0
testing3422.jpg,Outside,1.0,4.7704676e-27,8.4679935e-26,1.0
testing3423.jpg,Outside,1.0,1.3054348e-31,1.2606483e-27,1.0
testing3424.jpg,Outside,1.0,8.3578525e-26,1.5249803e-23,1.0
testing3425.jpg,Outside,1.0,3.4034374e-28,1.9786772e-26,1.0
testing3426.jpg,Outside,1.0,1.2512781e-25,1.3132469e-23,1.0
testing3427.jpg,Outside,1.0,1.05318945e-29,1.1899937e-27,1.0
testing3428.jpg,Outside,1.0,3.816038e-33,2.9137012e-29,1.0
testing3429.jpg,Outside,1.0,1.4443141e-21,4.4346097e-25,1.0
testing3430.jpg,Outside,1.0,5.0135563e-28,2.783505e-25,1.0
testing3431.jpg,Outside,1.0,1.2965702e-25,6.8594876e-22,1.0
testing3432.jpg,Outside,1.0,1.2374325e-24,1.0469199e-23,1.0
testing3433.jpg,Outside,1.0,3.1682307e-34,1.7363686e-30,1.0
testing3434.jpg,Outside,1.0,6.1425433e-30,6.725686e-29,1.0
testing3435.jpg,Outside,1.0,7.230069e-30,4.9054948e-28,1.0
testing3436.jpg,Outside,1.0,1.7680214e-25,9.791516e-24,1.0
testing3437.jpg,Outside,1.0,1.0525421e-23,5.3493524e-22,1.0
testing3438.jpg,Outside,1.0,1.4618857e-36,4.222262e-33,1.0
testing3439.jpg,Nanodomain,1.0,0.0,1.0,0.0
testing3440.jpg,Nanodomain,1.0,0.0,1.0,0.0
testing3441.jpg,Nanodomain,1.0,0.0,1.0,0.0
testing3442.jpg,Nanodomain,1.0,0.0,1.0,0.0
testing3443.jpg,Nanodomain,1.0,0.0,1.0,0.0
testing3444.jpg,Nanodomain,1.0,0.0,1.0,0.0
testing3445.jpg,Nanodomain,1.0,0.0,1.0,0.0
testing3446.jpg,Nanodomain,1.0,0.0,1.0,0.0
testing3447.jpg,Nanodomain,1.0,0.0,1.0,0.0
testing3448.jpg,Nanodomain,1.0,0.0,1.0,0.0
testing3449.jpg,Nanodomain,0.9999474,5.2577463e-05,0.9999474,1.2486418e-26
testing3450.jpg,Nanodomain,1.0,4.006696e-21,1.0,0.0
testing3451.jpg,Nanodomain,1.0,7.652944e-17,1.0,2.3760166e-37
testing3452.jpg,Intermediate,1.0,1.0,3.7023185e-09,1.2896057e-24
testing3453.jpg,Intermediate,0.621679,0.621679,0.37832105,8.833651e-23
testing3454.jpg,Nanodomain,0.9998301,0.00016979677,0.9998301,3.429159e-26
testing3455.jpg,Nanodomain,1.0,3.1163314e-25,1.0,0.0
testing3456.jpg,Nanodomain,1.0,3.808333e-17,1.0,1.9624752e-36
testing3457.jpg,Outside,1.0,3.162286e-29,1.7174657e-26,1.0
testing3458.jpg,Outside,1.0,3.21065e-30,2.798773e-25,1.0
testing3459.jpg,Intermediate,1.0,1.0,1.2622319e-19,4.4132076e-08
testing3460.jpg,Outside,0.99996245,3.7514616e-05,4.0755023e-18,0.99996245
testing3461.jpg,Outside,1.0,1.3824072e-29,5.14569e-25,1.0
testing3462.jpg,Outside,1.0,2.8841398e-23,4.446646e-21,1.0
testing3463.jpg,Intermediate,1.0,1.0,3.3291434e-26,5.828281e-15
testing3464.jpg,Intermediate,1.0,1.0,2.8469155e-26,3.8668004e-17
testing3465.jpg,Intermediate,1.0,1.0,4.7208987e-13,1.4918501e-22
testing3466.jpg,Intermediate,1.0,1.0,2.1466723e-17,8.859092e-26
testing3467.jpg,Nanodomain,0.962514,0.03748596,0.962514,4.4149292e-20
testing3468.jpg,Intermediate,1.0,1.0,7.7154985e-09,3.8474735e-21
testing3469.jpg,Nanodomain,0.9999584,4.1643736e-05,0.9999584,1.2140602e-22
testing3470.jpg,Intermediate,0.8650407,0.8650407,0.1349593,5.5971006e-19
testing3471.jpg,Nanodomain,1.0,3.6255254e-13,1.0,1.2523768e-32
testing3472.jpg,Nanodomain,1.0,8.322978e-12,1.0,5.772241e-28
testing3473.jpg,Nanodomain,1.0,3.873722e-11,1.0,1.0973016e-29
testing3474.jpg,Nanodomain,0.9999999,1.4594832e-07,0.9999999,4.760256e-25
testing3475.jpg,Intermediate,1.0,1.0,5.0823273e-10,1.3889303e-21
testing3476.jpg,Intermediate,1.0,1.0,0.0,9.474612e-29
testing3477.jpg,Intermediate,1.0,1.0,1.2608672e-38,1.8071814e-26
testing3478.jpg,Intermediate,1.0,1.0,9.157469e-21,2.1104563e-19
testing3479.jpg,Intermediate,0.6912367,0.6912367,3.0337341e-18,0.30876336
testing3480.jpg,Intermediate,1.0,1.0,3.0136846e-25,2.2334107e-11
testing3481.jpg,Intermediate,0.9999926,0.9999926,4.9263764e-17,7.3386755e-06
testing3482.jpg,Outside,1.0,2.5669451e-19,3.63809e-21,1.0
testing3483.jpg,Intermediate,1.0,1.0,6.3695553e-27,1.9968356e-13
testing3484.jpg,Intermediate,0.7315016,0.7315016,5.439439e-16,0.26849842
testing3485.jpg,Intermediate,1.0,1.0,3.6698304e-20,7.7709776e-15
testing3486.jpg,Intermediate,1.0,1.0,4.2728046e-30,9.8649845e-27
testing3487.jpg,Intermediate,1.0,1.0,4.4853106e-32,2.0552192e-23
testing3488.jpg,Intermediate,1.0,1.0,2.7274376e-34,1.9866149e-22
testing3489.jpg,Intermediate,1.0,1.0,4.7527767e-34,1.2508952e-27
testing3490.jpg,Intermediate,1.0,1.0,2.47364e-27,6.258771e-16
testing3491.jpg,Intermediate,1.0,1.0,4.37254e-33,1.586966e-27
testing3492.jpg,Intermediate,1.0,1.0,2.019851e-34,1.5653202e-21
testing3493.jpg,Intermediate,1.0,1.0,7.123169e-29,1.9728003e-24
testing3494.jpg,Outside,1.0,5.499279e-29,4.213295e-28,1.0
testing3495.jpg,Intermediate,1.0,1.0,1.1411399e-28,2.4339195e-16
testing3496.jpg,Nanodomain,1.0,1.0989592e-31,1.0,0.0
testing3497.jpg,Nanodomain,1.0,1.6042424e-24,1.0,0.0
testing3498.jpg,Nanodomain,1.0,1.15747565e-35,1.0,0.0
testing3499.jpg,Nanodomain,1.0,1.7026457e-25,1.0,0.0
testing3500.jpg,Nanodomain,1.0,1.5273393e-29,1.0,0.0
testing3501.jpg,Nanodomain,1.0,9.929676e-16,1.0,5.0246074e-34
testing3502.jpg,Intermediate,1.0,1.0,1.9699466e-20,4.4765233e-25
testing3503.jpg,Nanodomain,1.0,5.09408e-10,1.0,1.0400077e-27
testing3504.jpg,Intermediate,0.97196907,0.97196907,8.4373316e-17,0.028030947
testing3505.jpg,Outside,1.0,3.6916096e-19,3.1000836e-20,1.0
testing3506.jpg,Outside,1.0,1.9745476e-16,2.6830768e-17,1.0
testing3507.jpg,Outside,1.0,1.6949738e-24,8.2288495e-24,1.0
testing3508.jpg,Outside,1.0,3.626753e-15,8.599862e-20,1.0
testing3509.jpg,Outside,1.0,9.544399e-23,9.161413e-22,1.0
testing3510.jpg,Nanodomain,1.0,0.0,1.0,0.0
testing3511.jpg,Nanodomain,1.0,0.0,1.0,0.0
testing3512.jpg,Nanodomain,1.0,0.0,1.0,0.0
testing3513.jpg,Nanodomain,1.0,0.0,1.0,0.0
testing3514.jpg,Nanodomain,1.0,0.0,1.0,0.0
testing3515.jpg,Nanodomain,1.0,0.0,1.0,0.0
testing3516.jpg,Nanodomain,1.0,0.0,1.0,0.0
testing3517.jpg,Nanodomain,1.0,0.0,1.0,0.0
testing3518.jpg,Intermediate,0.99994564,0.99994564,5.4379627e-05,1.9690977e-18
testing3519.jpg,Intermediate,0.9998448,0.9998448,0.00015518985,6.802261e-18
testing3520.jpg,Nanodomain,1.0,0.0,1.0,0.0
testing3521.jpg,Nanodomain,1.0,0.0,1.0,0.0
testing3522.jpg,Nanodomain,1.0,0.0,1.0,0.0
testing3523.jpg,Nanodomain,1.0,0.0,1.0,0.0
testing3524.jpg,Nanodomain,1.0,0.0,1.0,0.0
testing3525.jpg,Nanodomain,1.0,0.0,1.0,0.0
testing3526.jpg,Nanodomain,1.0,0.0,1.0,0.0
testing3527.jpg,Nanodomain,1.0,0.0,1.0,0.0
testing3528.jpg,Nanodomain,1.0,0.0,1.0,0.0
testing3529.jpg,Nanodomain,1.0,0.0,1.0,0.0
testing3530.jpg,Nanodomain,1.0,0.0,1.0,0.0
testing3531.jpg,Outside,1.0,0.0,1.96754e-31,1.0
testing3532.jpg,Outside,1.0,3.5383633e-30,8.4242394e-26,1.0
testing3533.jpg,Outside,1.0,2.0475283e-29,3.2061526e-26,1.0
testing3534.jpg,Outside,1.0,6.1276653e-28,8.1828305e-25,1.0
testing3535.jpg,Nanodomain,1.0,0.0,1.0,0.0
testing3536.jpg,Nanodomain,1.0,0.0,1.0,0.0
testing3537.jpg,Nanodomain,1.0,0.0,1.0,0.0
testing3538.jpg,Nanodomain,1.0,0.0,1.0,0.0
testing3539.jpg,Outside,1.0,1.5533904e-25,6.4490006e-24,1.0
testing3540.jpg,Outside,1.0,1.6661115e-26,1.3718516e-24,1.0
testing3541.jpg,Outside,1.0,4.5988776e-26,4.3164942e-24,1.0
testing3542.jpg,Outside,1.0,5.5386726e-28,7.209019e-25,1.0
testing3543.jpg,Outside,1.0,5.3328965e-27,1.1710145e-24,1.0
testing3544.jpg,Outside,1.0,5.2972927e-27,1.3823678e-25,1.0
testing3545.jpg,Outside,1.0,7.255267e-30,5.5016826e-25,1.0
testing3546.jpg,Outside,1.0,8.586538e-31,5.739851e-29,1.0
testing3547.jpg,Outside,1.0,1.1395058e-33,4.1446e-30,1.0
testing3548.jpg,Outside,1.0,2.0585735e-34,6.1614118e-30,1.0
testing3549.jpg,Outside,1.0,3.3461834e-31,2.9655975e-29,1.0
testing3550.jpg,Outside,1.0,1.2789879e-26,1.477102e-25,1.0
testing3551.jpg,Outside,1.0,4.516372e-31,1.0313948e-27,1.0
testing3552.jpg,Outside,1.0,1.7751553e-28,3.3361246e-25,1.0
testing3553.jpg,Outside,1.0,7.2126255e-24,4.3760497e-23,1.0
testing3554.jpg,Outside,1.0,6.018605e-33,2.2357588e-30,1.0
testing3555.jpg,Outside,1.0,5.610677e-28,2.9526352e-24,1.0
testing3556.jpg,Outside,1.0,9.938109e-27,2.3658394e-24,1.0
testing3557.jpg,Outside,1.0,4.8803294e-30,3.7468708e-26,1.0
testing3558.jpg,Outside,1.0,9.769063e-30,5.8034666e-26,1.0
testing3559.jpg,Outside,1.0,8.746974e-32,9.908421e-29,1.0
testing3560.jpg,Outside,1.0,1.8231349e-26,3.6473135e-23,1.0
testing3561.jpg,Outside,1.0,5.2768723e-23,2.2191658e-21,1.0
testing3562.jpg,Outside,1.0,7.521345e-32,1.3829558e-29,1.0
testing3563.jpg,Outside,1.0,8.0257047e-22,9.884183e-22,1.0
testing3564.jpg,Outside,1.0,4.245101e-24,2.1915426e-25,1.0
testing3565.jpg,Outside,1.0,2.4948793e-14,6.609018e-23,1.0
testing3566.jpg,Outside,1.0,5.385818e-30,1.2397553e-27,1.0
testing3567.jpg,Nanodomain,1.0,0.0,1.0,0.0
testing3568.jpg,Nanodomain,1.0,0.0,1.0,0.0
testing3569.jpg,Nanodomain,1.0,0.0,1.0,0.0
testing3570.jpg,Nanodomain,1.0,0.0,1.0,0.0
testing3571.jpg,Nanodomain,1.0,0.0,1.0,0.0
testing3572.jpg,Nanodomain,1.0,0.0,1.0,0.0
testing3573.jpg,Nanodomain,1.0,0.0,1.0,0.0
testing3574.jpg,Nanodomain,1.0,0.0,1.0,0.0
testing3575.jpg,Nanodomain,1.0,0.0,1.0,0.0
testing3576.jpg,Intermediate,0.9999554,0.9999554,4.4598488e-05,3.0545843e-22
testing3577.jpg,Nanodomain,0.98538303,0.014616981,0.98538303,6.377302e-22
testing3578.jpg,Nanodomain,0.75342625,0.24657375,0.75342625,8.4869274e-20
testing3579.jpg,Nanodomain,1.0,5.735309e-14,1.0,1.6906163e-30
testing3580.jpg,Nanodomain,1.0,3.5422646e-12,1.0,1.5284954e-34
testing3581.jpg,Intermediate,0.9622352,0.9622352,0.037764724,2.7232258e-23
testing3582.jpg,Intermediate,1.0,1.0,3.8323307e-08,7.349722e-24
testing3583.jpg,Nanodomain,0.9999964,3.5913058e-06,0.9999964,1.8805261e-27
testing3584.jpg,Nanodomain,1.0,1.9319515e-16,1.0,2.8393554e-34
testing3585.jpg,Outside,1.0,4.216329e-30,4.463219e-27,1.0
testing3586.jpg,Outside,1.0,2.2310293e-31,5.33603e-27,1.0
testing3587.jpg,Outside,1.0,4.3681235e-25,7.165379e-23,1.0
testing3588.jpg,Outside,1.0,1.611006e-25,4.233933e-21,1.0
testing3589.jpg,Outside,1.0,1.335641e-19,2.1618637e-20,1.0
testing3590.jpg,Outside,1.0,2.546285e-22,8.656036e-22,1.0
testing3591.jpg,Outside,1.0,5.218424e-29,2.1933323e-25,1.0
testing3592.jpg,Outside,1.0,4.5519427e-27,1.7610976e-22,1.0
testing3593.jpg,Outside,1.0,1.3575736e-29,2.3141905e-26,1.0
testing3594.jpg,Outside,1.0,2.6036791e-28,6.43526e-25,1.0
testing3595.jpg,Outside,1.0,2.8538716e-28,1.194175e-23,1.0
testing3596.jpg,Outside,1.0,5.620378e-29,5.4355715e-26,1.0
testing3597.jpg,Outside,1.0,2.4949602e-29,8.595281e-25,1.0
testing3598.jpg,Outside,1.0,7.306187e-12,1.1127568e-18,1.0
testing3599.jpg,Outside,0.9999999,9.213557e-08,7.4628375e-18,0.9999999
testing3600.jpg,Intermediate,1.0,1.0,1.3448308e-08,1.4326316e-21
testing3601.jpg,Nanodomain,0.9999993,7.0204294e-07,0.9999993,1.9843004e-25
testing3602.jpg,Intermediate,0.99999285,0.99999285,7.140634e-06,8.659577e-21
testing3603.jpg,Intermediate,1.0,1.0,0.0,3.1365216e-33
testing3604.jpg,Intermediate,1.0,1.0,8.783639e-28,1.6553018e-21
testing3605.jpg,Intermediate,1.0,1.0,0.0,1.5896623e-27
testing3606.jpg,Intermediate,0.99999857,0.99999857,1.1310154e-19,1.3908053e-06
testing3607.jpg,Intermediate,1.0,1.0,1.6980731e-32,4.4733803e-26
testing3608.jpg,Intermediate,1.0,1.0,3.665126e-22,5.278326e-14
testing3609.jpg,Intermediate,0.6439564,0.6439564,1.2996925e-14,0.35604358
testing3610.jpg,Intermediate,0.9999995,0.9999995,7.901941e-21,4.956152e-07
testing3611.jpg,Intermediate,1.0,1.0,7.8153364e-29,5.4110547e-19
testing3612.jpg,Outside,0.9499682,0.05003174,1.1665159e-13,0.9499682
testing3613.jpg,Intermediate,1.0,1.0,4.7651616e-25,1.5336272e-14
testing3614.jpg,Intermediate,1.0,1.0,8.461382e-24,3.9841106e-20
testing3615.jpg,Intermediate,1.0,1.0,1.4930712e-26,8.955548e-13
testing3616.jpg,Outside,0.9999888,1.1154099e-05,2.1944308e-16,0.9999888
testing3617.jpg,Intermediate,1.0,1.0,3.1334332e-35,8.8824074e-26
testing3618.jpg,Outside,0.9768357,0.023164263,2.466875e-20,0.9768357
testing3619.jpg,Intermediate,0.99999547,0.99999547,1.4148332e-21,4.507734e-06
testing3620.jpg,Intermediate,1.0,1.0,1.1603579e-28,5.976747e-22
testing3621.jpg,Outside,0.6844054,0.31559467,3.731365e-17,0.6844054
testing3622.jpg,Intermediate,1.0,1.0,8.0111574e-19,1.8156249e-19
testing3623.jpg,Intermediate,1.0,1.0,2.3228032e-35,9.881816e-28
testing3624.jpg,Intermediate,1.0,1.0,4.639365e-28,1.6163982e-14
testing3625.jpg,Intermediate,1.0,1.0,1.1718558e-22,1.1419418e-12
testing3626.jpg,Intermediate,1.0,1.0,2.1816006e-32,8.9231204e-20
testing3627.jpg,Nanodomain,1.0,6.526046e-11,1.0,5.0637117e-32
testing3628.jpg,Nanodomain,1.0,5.0497512e-15,1.0,1.0682616e-37
testing3629.jpg,Nanodomain,1.0,2.2556591e-15,1.0,9.238657e-37
testing3630.jpg,Nanodomain,1.0,2.2492937e-10,1.0,5.2551985e-30
testing3631.jpg,Intermediate,0.6413147,0.6413147,0.35868534,4.212274e-20
testing3632.jpg,Nanodomain,1.0,2.6196434e-10,1.0,7.9951885e-27
testing3633.jpg,Nanodomain,1.0,0.0,1.0,0.0
testing3634.jpg,Nanodomain,1.0,0.0,1.0,0.0
testing3635.jpg,Nanodomain,1.0,8.043569e-38,1.0,0.0
testing3636.jpg,Nanodomain,1.0,0.0,1.0,0.0
testing3637.jpg,Nanodomain,1.0,0.0,1.0,0.0
testing3638.jpg,Nanodomain,1.0,0.0,1.0,0.0
testing3639.jpg,Nanodomain,1.0,0.0,1.0,0.0
testing3640.jpg,Nanodomain,1.0,0.0,1.0,0.0
testing3641.jpg,Nanodomain,1.0,0.0,1.0,0.0
testing3642.jpg,Nanodomain,1.0,0.0,1.0,0.0
testing3643.jpg,Nanodomain,1.0,0.0,1.0,0.0
testing3644.jpg,Nanodomain,1.0,0.0,1.0,0.0
testing3645.jpg,Nanodomain,1.0,0.0,1.0,0.0
testing3646.jpg,Nanodomain,1.0,0.0,1.0,0.0
testing3647.jpg,Intermediate,0.9901754,0.9901754,0.00982452,1.5325638e-19
testing3648.jpg,Outside,1.0,1.7667904e-22,1.1204606e-21,1.0
testing3649.jpg,Nanodomain,1.0,0.0,1.0,0.0
testing3650.jpg,Nanodomain,1.0,0.0,1.0,0.0
testing3651.jpg,Nanodomain,1.0,0.0,1.0,0.0
testing3652.jpg,Nanodomain,1.0,0.0,1.0,0.0
testing3653.jpg,Nanodomain,1.0,0.0,1.0,0.0
testing3654.jpg,Nanodomain,1.0,0.0,1.0,0.0
testing3655.jpg,Nanodomain,1.0,0.0,1.0,0.0
testing3656.jpg,Nanodomain,1.0,0.0,1.0,0.0
testing3657.jpg,Nanodomain,1.0,0.0,1.0,0.0
testing3658.jpg,Nanodomain,1.0,0.0,1.0,0.0
testing3659.jpg,Nanodomain,1.0,0.0,1.0,0.0
testing3660.jpg,Nanodomain,1.0,0.0,1.0,0.0
testing3661.jpg,Outside,1.0,1.5743907e-31,1.9106279e-27,1.0
testing3662.jpg,Outside,1.0,3.1305617e-30,4.719008e-28,1.0
testing3663.jpg,Outside,1.0,6.0046746e-29,3.3438313e-26,1.0
testing3664.jpg,Outside,1.0,4.1131165e-22,7.717387e-23,1.0
testing3665.jpg,Outside,1.0,3.478384e-28,2.1863895e-26,1.0
testing3666.jpg,Outside,1.0,1.9271823e-23,1.180056e-22,1.0
testing3667.jpg,Outside,1.0,6.241757e-28,3.528731e-27,1.0
testing3668.jpg,Outside,1.0,1.4360824e-31,9.707925e-28,1.0
testing3669.jpg,Outside,1.0,4.2980783e-30,6.850762e-27,1.0
testing3670.jpg,Outside,1.0,3.8093104e-30,6.364691e-29,1.0
testing3671.jpg,Outside,1.0,1.866826e-25,3.7739518e-27,1.0
testing3672.jpg,Outside,1.0,4.1965343e-27,4.7339417e-26,1.0
testing3673.jpg,Outside,1.0,3.157609e-29,8.954801e-27,1.0
testing3674.jpg,Outside,1.0,2.586691e-28,3.7004206e-27,1.0
testing3675.jpg,Outside,1.0,1.27894e-32,9.992069e-31,1.0
testing3676.jpg,Outside,1.0,1.0960741e-32,2.1409252e-30,1.0
testing3677.jpg,Outside,1.0,3.8544437e-25,5.946423e-25,1.0
testing3678.jpg,Outside,1.0,5.184654e-36,1.5899328e-30,1.0
testing3679.jpg,Outside,1.0,8.727327e-28,2.1721643e-27,1.0
testing3680.jpg,Outside,1.0,2.4686171e-26,8.545065e-25,1.0
testing3681.jpg,Outside,1.0,3.6439017e-33,6.6270956e-30,1.0
testing3682.jpg,Outside,1.0,2.3818935e-25,3.801835e-22,1.0
testing3683.jpg,Outside,1.0,2.7211723e-33,5.2834376e-31,1.0
testing3684.jpg,Nanodomain,1.0,0.0,1.0,0.0
testing3685.jpg,Nanodomain,1.0,0.0,1.0,0.0
testing3686.jpg,Nanodomain,1.0,0.0,1.0,0.0
testing3687.jpg,Outside,1.0,1.094003e-23,3.6977556e-26,1.0
testing3688.jpg,Outside,1.0,1.719847e-32,1.8741196e-31,1.0
testing3689.jpg,Outside,1.0,4.9748137e-25,6.036584e-26,1.0
testing3690.jpg,Outside,1.0,5.0021615e-24,2.074359e-23,1.0
testing3691.jpg,Outside,1.0,1.9793072e-30,2.8315856e-29,1.0
testing3692.jpg,Outside,1.0,2.4598558e-26,5.9932185e-26,1.0
testing3693.jpg,Outside,1.0,9.429113e-28,8.224694e-27,1.0
testing3694.jpg,Outside,1.0,7.760785e-23,4.0159845e-21,1.0
testing3695.jpg,Outside,1.0,3.6747625e-27,1.186484e-29,1.0
testing3696.jpg,Nanodomain,1.0,0.0,1.0,0.0
testing3697.jpg,Nanodomain,1.0,0.0,1.0,0.0
testing3698.jpg,Nanodomain,1.0,0.0,1.0,0.0
testing3699.jpg,Nanodomain,1.0,0.0,1.0,0.0
testing3700.jpg,Nanodomain,1.0,0.0,1.0,0.0
testing3701.jpg,Nanodomain,1.0,0.0,1.0,0.0
testing3702.jpg,Nanodomain,1.0,0.0,1.0,0.0
testing3703.jpg,Outside,1.0,6.120998e-31,9.0314905e-31,1.0
testing3704.jpg,Nanodomain,0.999998,1.9994072e-06,0.999998,2.757666e-27
testing3705.jpg,Intermediate,1.0,1.0,7.1766984e-17,3.4786396e-26
testing3706.jpg,Intermediate,1.0,1.0,8.869217e-23,2.9427114e-13
testing3707.jpg,Nanodomain,1.0,9.175743e-24,1.0,0.0
testing3708.jpg,Nanodomain,1.0,6.1566797e-18,1.0,0.0
testing3709.jpg,Intermediate,0.5278631,0.5278631,0.47213688,4.5484697e-23
testing3710.jpg,Nanodomain,0.98819935,0.011800609,0.98819935,1.199756e-22
testing3711.jpg,Intermediate,0.7874452,0.7874452,0.21255486,1.6821918e-24
testing3712.jpg,Nanodomain,1.0,6.9687725e-18,1.0,5.450156e-38
testing3713.jpg,Outside,1.0,1.1970793e-25,1.5920262e-23,1.0
testing3714.jpg,Outside,1.0,3.0969283e-27,2.5064616e-24,1.0
testing3715.jpg,Outside,1.0,4.7581044e-29,5.490128e-26,1.0
testing3716.jpg,Intermediate,1.0,1.0,6.019109e-26,3.6318496e-14
testing3717.jpg,Outside,0.9992867,0.00071330875,1.0904964e-12,0.9992867
testing3718.jpg,Intermediate,1.0,1.0,1.9315954e-26,1.116488e-14
testing3719.jpg,Intermediate,1.0,1.0,3.0123756e-24,1.1047226e-11
testing3720.jpg,Intermediate,1.0,1.0,5.182211e-25,1.4472707e-13
testing3721.jpg,Nanodomain,0.69246364,0.30753642,0.69246364,2.0822916e-20
testing3722.jpg,Nanodomain,1.0,1.05948095e-08,1.0,1.84099e-27
testing3723.jpg,Intermediate,1.0,1.0,4.1706645e-27,2.34712e-27
testing3724.jpg,Nanodomain,0.9999988,1.1831745e-06,0.9999988,2.7030952e-25
testing3725.jpg,Intermediate,0.99999654,0.99999654,3.4886496e-06,2.8097138e-20
testing3726.jpg,Intermediate,0.9985311,0.9985311,2.5491427e-19,0.0014689352
testing3727.jpg,Intermediate,0.9998795,0.9998795,1.2340071e-17,0.00012050201
testing3728.jpg,Intermediate,0.5325916,0.5325916,0.46740845,2.7604878e-24
testing3729.jpg,Nanodomain,1.0,4.210103e-14,1.0,8.458375e-33
testing3730.jpg,Intermediate,1.0,1.0,3.067776e-22,5.5970393e-09
testing3731.jpg,Outside,0.94742745,0.052572574,3.8741987e-16,0.94742745
testing3732.jpg,Outside,0.99999905,9.219532e-07,6.5125e-18,0.99999905
testing3733.jpg,Intermediate,1.0,1.0,2.0340095e-33,9.339775e-25
testing3734.jpg,Intermediate,1.0,1.0,1.5379583e-27,4.3801607e-22
testing3735.jpg,Intermediate,1.0,1.0,2.1564895e-31,6.2399255e-20
testing3736.jpg,Outside,0.74356115,0.25643882,1.2487441e-18,0.74356115
testing3737.jpg,Intermediate,0.9999976,0.9999976,6.5915206e-18,2.3659907e-06
testing3738.jpg,Intermediate,1.0,1.0,1.0304634e-33,2.7055478e-22
testing3739.jpg,Outside,1.0,2.8113178e-11,4.7205474e-13,1.0
testing3740.jpg,Outside,0.9988703,0.0011296102,2.5189901e-14,0.9988703
testing3741.jpg,Intermediate,1.0,1.0,2.8105784e-22,5.519962e-21
testing3742.jpg,Intermediate,1.0,1.0,1.401466e-26,1.3293057e-22
testing3743.jpg,Intermediate,1.0,1.0,0.0,2.229838e-31
testing3744.jpg,Intermediate,0.99968576,0.99968576,4.4921462e-20,0.00031421141
testing3745.jpg,Intermediate,1.0,1.0,9.74644e-21,1.0131527e-08
testing3746.jpg,Intermediate,1.0,1.0,2.4810326e-25,1.0116318e-18
testing3747.jpg,Intermediate,1.0,1.0,9.793212e-36,3.091013e-21
testing3748.jpg,Outside,1.0,9.505533e-13,1.7210142e-18,1.0
testing3749.jpg,Intermediate,0.9999956,0.9999956,1.1944997e-20,4.469061e-06
testing3750.jpg,Intermediate,1.0,1.0,5.721251e-28,1.4189012e-25
testing3751.jpg,Nanodomain,1.0,9.640475e-26,1.0,0.0
testing3752.jpg,Intermediate,1.0,1.0,3.5306624e-31,2.5822964e-26
testing3753.jpg,Nanodomain,1.0,4.864669e-34,1.0,0.0
testing3754.jpg,Nanodomain,1.0,5.0392677e-36,1.0,0.0
testing3755.jpg,Nanodomain,1.0,0.0,1.0,0.0
testing3756.jpg,Nanodomain,1.0,6.4928926e-12,1.0,3.0485452e-33
testing3757.jpg,Nanodomain,1.0,1.3289043e-12,1.0,2.3565109e-29
testing3758.jpg,Nanodomain,1.0,4.519181e-16,1.0,0.0
testing3759.jpg,Outside,1.0,2.9095205e-17,3.640926e-19,1.0
testing3760.jpg,Outside,0.9616711,0.038328916,3.504374e-15,0.9616711
testing3761.jpg,Nanodomain,1.0,2.3892318e-37,1.0,0.0
testing3762.jpg,Nanodomain,1.0,0.0,1.0,0.0
testing3763.jpg,Nanodomain,1.0,0.0,1.0,0.0
testing3764.jpg,Nanodomain,1.0,0.0,1.0,0.0
testing3765.jpg,Nanodomain,1.0,0.0,1.0,0.0
testing3766.jpg,Intermediate,0.99999857,0.99999857,1.4375155e-06,2.1561705e-19
testing3767.jpg,Nanodomain,1.0,0.0,1.0,0.0
testing3768.jpg,Nanodomain,1.0,0.0,1.0,0.0
testing3769.jpg,Nanodomain,1.0,0.0,1.0,0.0
testing3770.jpg,Nanodomain,1.0,0.0,1.0,0.0
testing3771.jpg,Nanodomain,1.0,0.0,1.0,0.0
testing3772.jpg,Nanodomain,1.0,0.0,1.0,0.0
testing3773.jpg,Nanodomain,1.0,0.0,1.0,0.0
testing3774.jpg,Nanodomain,1.0,8.626603e-36,1.0,0.0
testing3775.jpg,Nanodomain,1.0,0.0,1.0,0.0
testing3776.jpg,Nanodomain,1.0,0.0,1.0,0.0
testing3777.jpg,Nanodomain,1.0,0.0,1.0,0.0
testing3778.jpg,Nanodomain,1.0,0.0,1.0,0.0
testing3779.jpg,Nanodomain,1.0,0.0,1.0,0.0
testing3780.jpg,Nanodomain,1.0,0.0,1.0,0.0
testing3781.jpg,Nanodomain,1.0,0.0,1.0,0.0
testing3782.jpg,Nanodomain,1.0,0.0,1.0,0.0
testing3783.jpg,Nanodomain,1.0,0.0,1.0,0.0
testing3784.jpg,Nanodomain,1.0,0.0,1.0,0.0
testing3785.jpg,Nanodomain,1.0,0.0,1.0,0.0
testing3786.jpg,Nanodomain,1.0,0.0,1.0,0.0
testing3787.jpg,Outside,1.0,1.8965922e-26,2.2845036e-23,1.0
testing3788.jpg,Outside,1.0,5.8588283e-27,1.3984927e-24,1.0
testing3789.jpg,Outside,1.0,5.4135017e-30,5.414256e-26,1.0
testing3790.jpg,Outside,1.0,2.126101e-26,6.853824e-26,1.0
testing3791.jpg,Outside,1.0,9.592316e-32,7.300057e-27,1.0
testing3792.jpg,Outside,1.0,1.7102659e-28,2.9827453e-26,1.0
testing3793.jpg,Outside,1.0,1.0032324e-30,4.874141e-27,1.0
testing3794.jpg,Outside,1.0,2.5403176e-30,1.1437946e-27,1.0
testing3795.jpg,Outside,1.0,2.8831205e-28,2.9827825e-24,1.0
testing3796.jpg,Outside,1.0,1.6150794e-25,1.8103276e-26,1.0
testing3797.jpg,Outside,1.0,1.1285328e-30,6.0762695e-28,1.0
testing3798.jpg,Outside,1.0,2.408532e-29,7.461153e-27,1.0
testing3799.jpg,Outside,1.0,3.196098e-29,9.232357e-28,1.0
testing3800.jpg,Outside,1.0,7.528259e-33,4.566438e-31,1.0
testing3801.jpg,Outside,1.0,4.6844937e-23,7.001796e-23,1.0
testing3802.jpg,Outside,1.0,1.7619214e-25,6.9006785e-26,1.0
testing3803.jpg,Outside,1.0,1.7142846e-26,2.2101398e-24,1.0
testing3804.jpg,Outside,1.0,2.676204e-27,3.6648547e-25,1.0
testing3805.jpg,Outside,1.0,6.162777e-37,8.522401e-34,1.0
testing3806.jpg,Outside,1.0,1.363643e-26,3.1389506e-26,1.0
testing3807.jpg,Outside,1.0,2.3684146e-30,1.1947058e-27,1.0
testing3808.jpg,Outside,1.0,8.098298e-26,2.541109e-25,1.0
testing3809.jpg,Outside,1.0,1.2619738e-31,1.5279004e-27,1.0
testing3810.jpg,Outside,1.0,1.9103106e-31,4.9919316e-29,1.0
testing3811.jpg,Outside,1.0,4.629934e-31,3.479897e-28,1.0
testing3812.jpg,Nanodomain,1.0,0.0,1.0,0.0
testing3813.jpg,Nanodomain,1.0,0.0,1.0,0.0
testing3814.jpg,Nanodomain,1.0,0.0,1.0,0.0
testing3815.jpg,Outside,1.0,5.390957e-30,1.5767929e-26,1.0
testing3816.jpg,Outside,1.0,2.1521012e-31,6.981908e-28,1.0
testing3817.jpg,Outside,1.0,1.2661827e-32,5.2538586e-29,1.0
testing3818.jpg,Outside,1.0,1.57625685e-27,2.4973923e-26,1.0
testing3819.jpg,Outside,1.0,8.28245e-24,8.3453487e-22,1.0
testing3820.jpg,Outside,1.0,3.1670458e-27,5.571482e-26,1.0
testing3821.jpg,Outside,1.0,4.259158e-27,3.386619e-25,1.0
testing3822.jpg,Outside,1.0,3.1798714e-31,3.5549077e-31,1.0
testing3823.jpg,Nanodomain,1.0,0.0,1.0,0.0
testing3824.jpg,Nanodomain,1.0,0.0,1.0,0.0
testing3825.jpg,Nanodomain,1.0,0.0,1.0,0.0
testing3826.jpg,Nanodomain,1.0,0.0,1.0,0.0
testing3827.jpg,Nanodomain,1.0,0.0,1.0,0.0
testing3828.jpg,Nanodomain,1.0,0.0,1.0,0.0
testing3829.jpg,Nanodomain,1.0,0.0,1.0,0.0
testing3830.jpg,Nanodomain,1.0,0.0,1.0,0.0
testing3831.jpg,Outside,1.0,1.271082e-37,2.1899625e-33,1.0
testing3832.jpg,Nanodomain,0.99990034,9.9632685e-05,0.99990034,1.5192052e-27
testing3833.jpg,Nanodomain,1.0,3.7239642e-30,1.0,0.0
testing3834.jpg,Nanodomain,1.0,5.397941e-27,1.0,0.0
testing3835.jpg,Nanodomain,1.0,9.72116e-12,1.0,5.800262e-32
testing3836.jpg,Intermediate,0.85961753,0.85961753,0.14038244,9.733896e-26
testing3837.jpg,Intermediate,0.5223999,0.5223999,0.4776001,1.9069476e-24
testing3838.jpg,Nanodomain,1.0,2.9526714e-30,1.0,0.0
testing3839.jpg,Intermediate,1.0,1.0,7.49281e-09,2.280358e-24
testing3840.jpg,Intermediate,1.0,1.0,5.0357024e-10,5.726743e-24
testing3841.jpg,Intermediate,1.0,1.0,8.459254e-16,1.8548078e-18
testing3842.jpg,Intermediate,0.88179743,0.88179743,1.1465406e-16,0.11820258
testing3843.jpg,Outside,0.99988234,0.000117643365,1.3793032e-17,0.99988234
testing3844.jpg,Intermediate,0.9999999,0.9999999,5.477974e-18,8.916471e-08
testing3845.jpg,Intermediate,1.0,1.0,3.784863e-21,8.389356e-09
testing3846.jpg,Outside,1.0,3.2314574e-27,2.4057558e-24,1.0
testing3847.jpg,Outside,1.0,9.107285e-10,2.8149033e-14,1.0
testing3848.jpg,Intermediate,1.0,1.0,6.4104582e-27,1.1319771e-12
testing3849.jpg,Outside,0.99998856,1.1440801e-05,3.1310992e-15,0.99998856
testing3850.jpg,Intermediate,0.9999995,0.9999995,5.22074e-07,3.48658e-20
testing3851.jpg,Nanodomain,0.99594146,0.0040585552,0.99594146,9.668228e-21
testing3852.jpg,Nanodomain,1.0,4.6139653e-14,1.0,1.3980716e-31
testing3853.jpg,Nanodomain,1.0,4.782421e-08,1.0,2.2287372e-27
testing3854.jpg,Nanodomain,1.0,8.045667e-09,1.0,3.7937394e-28
testing3855.jpg,Nanodomain,1.0,7.9957916e-36,1.0,0.0
testing3856.jpg,Nanodomain,1.0,1.1381453e-08,1.0,5.592544e-25
testing3857.jpg,Nanodomain,1.0,1.9475417e-13,1.0,4.3359875e-30
testing3858.jpg,Outside,1.0,2.1043103e-08,3.880649e-16,1.0
testing3859.jpg,Intermediate,1.0,1.0,7.2672474e-26,4.2697624e-13
testing3860.jpg,Intermediate,1.0,1.0,1.4309669e-27,7.4686693e-20
testing3861.jpg,Intermediate,1.0,1.0,4.665486e-37,5.1020467e-24
testing3862.jpg,Intermediate,0.9999999,0.9999999,1.233839e-19,1.0953063e-07
testing3863.jpg,Intermediate,0.9997559,0.9997559,1.647353e-20,0.00024407615
testing3864.jpg,Intermediate,0.9021015,0.9021015,9.041657e-15,0.09789842
testing3865.jpg,Intermediate,1.0,1.0,1.6053513e-23,1.6961927e-13
testing3866.jpg,Intermediate,1.0,1.0,2.1131391e-34,1.4230339e-22
testing3867.jpg,Intermediate,1.0,1.0,1.8330154e-27,5.9671646e-19
testing3868.jpg,Intermediate,1.0,1.0,8.0114407e-32,3.1409344e-29
testing3869.jpg,Intermediate,1.0,1.0,1.11423925e-33,4.677099e-24
testing3870.jpg,Intermediate,1.0,1.0,4.8900247e-28,1.674114e-14
testing3871.jpg,Intermediate,1.0,1.0,8.326784e-28,9.572113e-15
testing3872.jpg,Intermediate,1.0,1.0,5.560756e-27,1.3363828e-15
testing3873.jpg,Intermediate,1.0,1.0,1.7757191e-26,1.9790309e-12
testing3874.jpg,Outside,0.9999999,6.101556e-08,2.0610037e-17,0.9999999
testing3875.jpg,Outside,1.0,1.251874e-19,1.1732297e-21,1.0
testing3876.jpg,Intermediate,1.0,1.0,6.337052e-28,2.5055078e-15
testing3877.jpg,Intermediate,1.0,1.0,2.6847714e-28,4.9523968e-17
testing3878.jpg,Intermediate,0.9711113,0.9711113,2.7518154e-14,0.028888665
testing3879.jpg,Intermediate,1.0,1.0,4.611634e-25,4.4469593e-25
testing3880.jpg,Nanodomain,1.0,1.1016826e-25,1.0,0.0
testing3881.jpg,Nanodomain,1.0,6.0155354e-31,1.0,0.0
testing3882.jpg,Nanodomain,1.0,2.1041208e-20,1.0,0.0
testing3883.jpg,Nanodomain,1.0,6.1076965e-18,1.0,0.0
testing3884.jpg,Nanodomain,1.0,2.9840126e-16,1.0,1.4524534e-35
testing3885.jpg,Nanodomain,1.0,1.3732435e-14,1.0,4.5870546e-32
testing3886.jpg,Intermediate,1.0,1.0,7.408016e-24,1.4862252e-24
testing3887.jpg,Intermediate,1.0,1.0,3.5166188e-37,1.3787344e-32
testing3888.jpg,Intermediate,1.0,1.0,3.482871e-21,2.167916e-21
testing3889.jpg,Nanodomain,1.0,0.0,1.0,0.0
testing3890.jpg,Nanodomain,1.0,0.0,1.0,0.0
testing3891.jpg,Nanodomain,1.0,0.0,1.0,0.0
testing3892.jpg,Nanodomain,1.0,0.0,1.0,0.0
testing3893.jpg,Nanodomain,1.0,0.0,1.0,0.0
testing3894.jpg,Nanodomain,1.0,0.0,1.0,0.0
testing3895.jpg,Nanodomain,1.0,0.0,1.0,0.0
testing3896.jpg,Nanodomain,1.0,0.0,1.0,0.0
testing3897.jpg,Nanodomain,1.0,0.0,1.0,0.0
testing3898.jpg,Nanodomain,1.0,0.0,1.0,0.0
testing3899.jpg,Nanodomain,1.0,0.0,1.0,0.0
testing3900.jpg,Nanodomain,1.0,0.0,1.0,0.0
testing3901.jpg,Nanodomain,1.0,0.0,1.0,0.0
testing3902.jpg,Nanodomain,1.0,1.4036082e-38,1.0,0.0
testing3903.jpg,Intermediate,0.9999988,0.9999988,1.1641291e-06,2.8433367e-22
testing3904.jpg,Nanodomain,1.0,0.0,1.0,0.0
testing3905.jpg,Nanodomain,1.0,0.0,1.0,0.0
testing3906.jpg,Nanodomain,1.0,0.0,1.0,0.0
testing3907.jpg,Nanodomain,1.0,0.0,1.0,0.0
testing3908.jpg,Nanodomain,1.0,0.0,1.0,0.0
testing3909.jpg,Nanodomain,1.0,0.0,1.0,0.0
testing3910.jpg,Nanodomain,1.0,0.0,1.0,0.0
testing3911.jpg,Nanodomain,1.0,0.0,1.0,0.0
testing3912.jpg,Nanodomain,1.0,0.0,1.0,0.0
testing3913.jpg,Nanodomain,1.0,0.0,1.0,0.0
testing3914.jpg,Outside,1.0,6.0981206e-28,3.0934735e-24,1.0
testing3915.jpg,Outside,1.0,1.2455394e-33,1.7416756e-30,1.0
testing3916.jpg,Outside,1.0,1.654853e-29,2.6094773e-27,1.0
testing3917.jpg,Outside,1.0,3.2014595e-26,4.0700827e-23,1.0
testing3918.jpg,Outside,1.0,1.4047266e-32,1.5794469e-27,1.0
testing3919.jpg,Outside,1.0,8.935283e-27,2.313414e-26,1.0
testing3920.jpg,Outside,1.0,1.0874542e-30,3.7780282e-27,1.0
testing3921.jpg,Outside,1.0,4.1750994e-30,2.2030982e-28,1.0
testing3922.jpg,Outside,1.0,1.5398216e-24,2.2813585e-24,1.0
testing3923.jpg,Outside,1.0,1.6625307e-26,2.3269578e-24,1.0
testing3924.jpg,Outside,1.0,4.202946e-33,2.0128558e-30,1.0
testing3925.jpg,Outside,1.0,1.2106477e-28,4.5274404e-26,1.0
testing3926.jpg,Outside,1.0,3.4538815e-29,2.0986624e-27,1.0
testing3927.jpg,Outside,1.0,1.1918435e-33,2.1953775e-30,1.0
testing3928.jpg,Outside,1.0,3.970704e-32,4.2909542e-29,1.0
testing3929.jpg,Outside,1.0,1.9987617e-30,2.4356219e-29,1.0
testing3930.jpg,Outside,1.0,1.8788974e-35,5.470442e-31,1.0
testing3931.jpg,Outside,1.0,1.396733e-32,2.742783e-28,1.0
testing3932.jpg,Outside,1.0,1.870909e-27,5.0656816e-25,1.0
testing3933.jpg,Outside,1.0,1.2641668e-30,2.5814667e-28,1.0
testing3934.jpg,Outside,1.0,9.653799e-33,1.9657565e-29,1.0
testing3935.jpg,Outside,1.0,6.324419e-29,5.1646246e-26,1.0
testing3936.jpg,Outside,1.0,1.904382e-37,1.1579512e-30,1.0
testing3937.jpg,Outside,1.0,6.064162e-27,2.6973302e-25,1.0
testing3938.jpg,Outside,1.0,1.3457572e-34,3.632513e-30,1.0
testing3939.jpg,Nanodomain,1.0,0.0,1.0,0.0
testing3940.jpg,Nanodomain,1.0,0.0,1.0,0.0
testing3941.jpg,Nanodomain,1.0,0.0,1.0,0.0
testing3942.jpg,Nanodomain,1.0,0.0,1.0,0.0
testing3943.jpg,Outside,1.0,4.6052384e-31,2.7085135e-28,1.0
testing3944.jpg,Outside,1.0,5.202245e-29,2.0280268e-27,1.0
testing3945.jpg,Outside,1.0,1.7224701e-28,4.695006e-26,1.0
testing3946.jpg,Outside,1.0,2.185644e-29,1.3184753e-26,1.0
testing3947.jpg,Outside,1.0,3.8479546e-30,1.4289907e-29,1.0
testing3948.jpg,Outside,1.0,1.1365066e-32,2.2737777e-28,1.0
testing3949.jpg,Outside,1.0,1.3329698e-25,3.001081e-22,1.0
testing3950.jpg,Outside,1.0,1.717191e-33,5.526284e-28,1.0
testing3951.jpg,Nanodomain,1.0,0.0,1.0,0.0
testing3952.jpg,Nanodomain,1.0,0.0,1.0,0.0
testing3953.jpg,Nanodomain,1.0,0.0,1.0,0.0
testing3954.jpg,Nanodomain,1.0,0.0,1.0,0.0
testing3955.jpg,Nanodomain,1.0,0.0,1.0,0.0
testing3956.jpg,Nanodomain,1.0,0.0,1.0,0.0
testing3957.jpg,Outside,1.0,1.6690398e-31,7.029172e-31,1.0
testing3958.jpg,Outside,1.0,1.2788578e-31,3.8493978e-28,1.0
testing3959.jpg,Outside,1.0,3.948525e-27,1.8847423e-26,1.0
testing3960.jpg,Outside,1.0,6.8703466e-32,3.773763e-28,1.0
testing3961.jpg,Outside,0.99961084,0.0003891328,5.5516005e-19,0.99961084
testing3962.jpg,Nanodomain,1.0,1.5931212e-10,1.0,5.209951e-29
testing3963.jpg,Nanodomain,1.0,3.1773617e-16,1.0,2.3752656e-36
testing3964.jpg,Nanodomain,0.9985942,0.0014057215,0.9985942,4.95616e-25
testing3965.jpg,Intermediate,0.8309903,0.8309903,0.16900973,7.748583e-22
testing3966.jpg,Nanodomain,1.0,3.664754e-08,1.0,1.5181086e-30
testing3967.jpg,Nanodomain,1.0,3.5809445e-16,1.0,8.684611e-37
testing3968.jpg,Nanodomain,1.0,8.375632e-18,1.0,3.0900801e-37
testing3969.jpg,Intermediate,1.0,1.0,2.055485e-16,3.5122397e-08
testing3970.jpg,Outside,1.0,1.1268008e-27,6.1428e-23,1.0
testing3971.jpg,Outside,1.0,3.7793613e-31,1.7100775e-27,1.0
testing3972.jpg,Outside,1.0,1.2567948e-31,1.0235435e-28,1.0
testing3973.jpg,Outside,1.0,1.4477166e-30,5.690306e-26,1.0
testing3974.jpg,Outside,1.0,2.1701003e-21,5.3288684e-20,1.0
testing3975.jpg,Intermediate,1.0,1.0,2.6132614e-28,1.112742e-14
testing3976.jpg,Outside,1.0,4.5231007e-14,1.0567363e-19,1.0
testing3977.jpg,Outside,1.0,4.684195e-21,5.1938365e-22,1.0
testing3978.jpg,Outside,1.0,7.917034e-09,1.7144169e-17,1.0
testing3979.jpg,Outside,1.0,4.675975e-09,3.6192603e-16,1.0
testing3980.jpg,Outside,0.99424213,0.0057578958,2.0517357e-15,0.99424213
testing3981.jpg,Intermediate,0.9980082,0.9980082,4.000356e-17,0.0019917893
testing3982.jpg,Outside,0.5642094,0.4357906,6.970831e-16,0.5642094
testing3983.jpg,Intermediate,0.99969625,0.99969625,3.0751007e-16,0.0003037317
testing3984.jpg,Intermediate,1.0,1.0,3.375006e-36,4.233857e-26
testing3985.jpg,Intermediate,1.0,1.0,1.681986e-27,1.2999179e-25
testing3986.jpg,Intermediate,1.0,1.0,4.1786186e-31,6.4528545e-27
testing3987.jpg,Outside,1.0,6.665853e-14,5.709756e-22,1.0
testing3988.jpg,Intermediate,1.0,1.0,0.0,2.9925804e-34
testing3989.jpg,Intermediate,1.0,1.0,1.4702952e-31,6.1040087e-28
testing3990.jpg,Outside,1.0,4.827685e-16,7.160396e-18,1.0
testing3991.jpg,Intermediate,0.9687265,0.9687265,1.152793e-17,0.03127347
testing3992.jpg,Intermediate,1.0,1.0,1.7155746e-32,7.491441e-27
testing3993.jpg,Intermediate,1.0,1.0,1.4938494e-29,2.901237e-20
testing3994.jpg,Intermediate,1.0,1.0,1.3247676e-33,1.2798823e-24
testing3995.jpg,Intermediate,1.0,1.0,4.4179656e-23,3.2220678e-18
testing3996.jpg,Intermediate,1.0,1.0,3.4177154e-32,4.6659057e-25
testing3997.jpg,Intermediate,1.0,1.0,1.2155357e-26,5.679159e-26
testing3998.jpg,Intermediate,1.0,1.0,1.6771419e-35,2.1561404e-27
testing3999.jpg,Intermediate,1.0,1.0,0.0,5.1271555e-32
testing4000.jpg,Intermediate,1.0,1.0,2.0015323e-29,3.6552307e-20
testing4001.jpg,Intermediate,1.0,1.0,2.6687823e-27,3.8887113e-23
testing4002.jpg,Outside,1.0,2.29767e-08,4.1449638e-15,1.0
testing4003.jpg,Intermediate,0.99398875,0.99398875,5.021435e-19,0.0060112607
testing4004.jpg,Outside,1.0,4.8746874e-13,2.1185038e-14,1.0
testing4005.jpg,Intermediate,1.0,1.0,2.5166974e-29,9.512889e-22
testing4006.jpg,Intermediate,1.0,1.0,1.1887686e-27,3.3758617e-25
testing4007.jpg,Nanodomain,1.0,5.473645e-35,1.0,0.0
testing4008.jpg,Intermediate,1.0,1.0,6.089631e-22,8.465122e-25
testing4009.jpg,Intermediate,1.0,1.0,1.8892816e-29,5.1465325e-18
testing4010.jpg,Intermediate,1.0,1.0,3.3134145e-22,4.3932078e-13
testing4011.jpg,Intermediate,1.0,1.0,2.3562665e-23,3.7090704e-08
testing4012.jpg,Outside,1.0,6.2751696e-24,9.4919335e-23,1.0
testing4013.jpg,Outside,1.0,3.2278104e-27,9.8950275e-26,1.0
testing4014.jpg,Outside,1.0,1.17352e-22,1.7547826e-20,1.0
testing4015.jpg,Intermediate,1.0,1.0,7.1658885e-33,1.3643872e-26
testing4016.jpg,Intermediate,1.0,1.0,3.7217007e-33,3.0585254e-27
testing4017.jpg,Nanodomain,1.0,0.0,1.0,0.0
testing4018.jpg,Nanodomain,1.0,0.0,1.0,0.0
testing4019.jpg,Nanodomain,1.0,0.0,1.0,0.0
testing4020.jpg,Nanodomain,1.0,0.0,1.0,0.0
testing4021.jpg,Nanodomain,1.0,0.0,1.0,0.0
testing4022.jpg,Nanodomain,1.0,0.0,1.0,0.0
testing4023.jpg,Nanodomain,1.0,0.0,1.0,0.0
testing4024.jpg,Nanodomain,1.0,0.0,1.0,0.0
testing4025.jpg,Nanodomain,1.0,0.0,1.0,0.0
testing4026.jpg,Nanodomain,1.0,0.0,1.0,0.0
testing4027.jpg,Nanodomain,1.0,0.0,1.0,0.0
testing4028.jpg,Outside,1.0,1.245941e-29,6.072158e-24,1.0
testing4029.jpg,Nanodomain,1.0,4.555091e-25,1.0,0.0
testing4030.jpg,Nanodomain,1.0,0.0,1.0,0.0
testing4031.jpg,Nanodomain,1.0,0.0,1.0,0.0
testing4032.jpg,Nanodomain,1.0,0.0,1.0,0.0
testing4033.jpg,Nanodomain,1.0,0.0,1.0,0.0
testing4034.jpg,Nanodomain,1.0,0.0,1.0,0.0
testing4035.jpg,Nanodomain,1.0,0.0,1.0,0.0
testing4036.jpg,Nanodomain,1.0,0.0,1.0,0.0
testing4037.jpg,Nanodomain,1.0,0.0,1.0,0.0
testing4038.jpg,Nanodomain,1.0,0.0,1.0,0.0
testing4039.jpg,Nanodomain,1.0,0.0,1.0,0.0
testing4040.jpg,Nanodomain,1.0,0.0,1.0,0.0
testing4041.jpg,Nanodomain,1.0,0.0,1.0,0.0
testing4042.jpg,Outside,1.0,4.0735252e-26,8.9247065e-23,1.0
testing4043.jpg,Outside,1.0,1.2514775e-27,1.1009695e-23,1.0
testing4044.jpg,Outside,1.0,3.2366142e-27,1.8138549e-24,1.0
testing4045.jpg,Outside,1.0,6.877519e-28,2.3554677e-22,1.0
testing4046.jpg,Outside,1.0,2.0679593e-23,7.2962066e-22,1.0
testing4047.jpg,Outside,1.0,3.2488653e-24,5.071835e-23,1.0
testing4048.jpg,Outside,1.0,2.5341463e-27,2.0137144e-24,1.0
testing4049.jpg,Outside,1.0,8.150286e-30,6.7754955e-27,1.0
testing4050.jpg,Outside,1.0,1.7751638e-26,7.0401527e-22,1.0
testing4051.jpg,Outside,1.0,2.6968749e-27,2.0019073e-28,1.0
testing4052.jpg,Outside,1.0,3.343463e-25,2.1187285e-23,1.0
testing4053.jpg,Intermediate,1.0,1.0,2.596448e-36,2.4157889e-24
testing4054.jpg,Outside,1.0,3.0089256e-27,9.636068e-25,1.0
testing4055.jpg,Outside,1.0,2.174526e-28,7.8045633e-26,1.0
testing4056.jpg,Outside,1.0,7.3084015e-31,8.866153e-27,1.0
testing4057.jpg,Outside,1.0,5.9665424e-29,1.5098825e-25,1.0
testing4058.jpg,Outside,1.0,1.4815312e-26,1.2014907e-23,1.0
testing4059.jpg,Outside,1.0,3.7059425e-28,4.420695e-24,1.0
testing4060.jpg,Outside,1.0,4.4415567e-30,4.052027e-27,1.0
testing4061.jpg,Outside,1.0,8.934076e-30,3.760476e-25,1.0
testing4062.jpg,Outside,1.0,3.5560125e-35,1.17699026e-29,1.0
testing4063.jpg,Outside,1.0,4.5848642e-26,9.118553e-24,1.0
testing4064.jpg,Outside,1.0,2.6451047e-28,5.0084268e-23,1.0
testing4065.jpg,Outside,1.0,2.2694647e-26,8.762773e-24,1.0
testing4066.jpg,Nanodomain,1.0,0.0,1.0,0.0
testing4067.jpg,Nanodomain,1.0,0.0,1.0,0.0
testing4068.jpg,Nanodomain,1.0,0.0,1.0,0.0
testing4069.jpg,Nanodomain,1.0,0.0,1.0,0.0
testing4070.jpg,Nanodomain,1.0,0.0,1.0,0.0
testing4071.jpg,Outside,1.0,7.712827e-30,4.9054523e-30,1.0
testing4072.jpg,Outside,1.0,7.836062e-27,1.32164975e-23,1.0
testing4073.jpg,Outside,1.0,2.5004892e-27,7.819016e-26,1.0
testing4074.jpg,Outside,1.0,2.2087483e-32,5.0736385e-29,1.0
testing4075.jpg,Outside,1.0,3.857486e-26,4.386991e-26,1.0
testing4076.jpg,Outside,1.0,1.4992237e-26,2.2056398e-26,1.0
testing4077.jpg,Outside,1.0,4.7052187e-29,1.3825096e-26,1.0
testing4078.jpg,Outside,1.0,2.834998e-31,6.842658e-29,1.0
testing4079.jpg,Outside,1.0,4.403938e-28,5.4342005e-27,1.0
testing4080.jpg,Outside,1.0,4.393731e-30,6.98074e-27,1.0
testing4081.jpg,Outside,1.0,4.2702836e-28,2.1754005e-25,1.0
testing4082.jpg,Outside,1.0,3.928479e-29,1.0803247e-25,1.0
testing4083.jpg,Outside,1.0,2.0464438e-28,1.186881e-24,1.0
testing4084.jpg,Outside,1.0,9.469955e-28,3.703047e-27,1.0
testing4085.jpg,Outside,1.0,3.1225121e-22,1.5788192e-21,1.0
testing4086.jpg,Outside,1.0,1.3073085e-31,4.311548e-28,1.0
testing4087.jpg,Intermediate,0.9999982,0.9999982,1.7608536e-06,1.6601354e-22
testing4088.jpg,Nanodomain,0.9952585,0.004741477,0.9952585,1.1813587e-21
testing4089.jpg,Nanodomain,0.53657025,0.4634298,0.53657025,1.7842873e-21
testing4090.jpg,Intermediate,0.9992417,0.9992417,0.0007582899,3.4740904e-20
testing4091.jpg,Intermediate,1.0,1.0,1.0638161e-12,1.9973225e-21
testing4092.jpg,Intermediate,1.0,1.0,1.9381314e-22,1.8200712e-25
testing4093.jpg,Intermediate,0.99999475,0.99999475,2.8298222e-21,5.286839e-06
testing4094.jpg,Nanodomain,1.0,1.03691254e-22,1.0,0.0
testing4095.jpg,Nanodomain,0.99999917,8.906584e-07,0.99999917,2.8193635e-27
testing4096.jpg,Intermediate,1.0,1.0,9.183006e-21,1.492638e-19
testing4097.jpg,Outside,1.0,7.059074e-25,3.312844e-23,1.0
testing4098.jpg,Outside,1.0,7.8729416e-28,2.9032252e-23,1.0
testing4099.jpg,Outside,1.0,6.803493e-27,4.564332e-23,1.0
testing4100.jpg,Outside,1.0,5.491471e-25,4.9889198e-23,1.0
testing4101.jpg,Outside,1.0,9.899873e-31,3.459438e-26,1.0
testing4102.jpg,Outside,1.0,4.3003464e-28,1.3216031e-25,1.0
testing4103.jpg,Outside,1.0,7.197155e-16,1.0969901e-17,1.0
testing4104.jpg,Outside,1.0,1.8809604e-30,6.6357895e-25,1.0
testing4105.jpg,Outside,1.0,2.2534935e-36,1.9311652e-29,1.0
testing4106.jpg,Outside,1.0,1.4778688e-17,2.6983883e-19,1.0
testing4107.jpg,Outside,1.0,2.8110744e-20,9.8357475e-20,1.0
testing4108.jpg,Outside,0.99808455,0.0019154897,2.3895277e-14,0.99808455
testing4109.jpg,Outside,0.9611249,0.038875032,1.3272715e-16,0.9611249
testing4110.jpg,Outside,0.9999993,6.813388e-07,5.0639868e-14,0.9999993
testing4111.jpg,Outside,1.0,1.7302732e-14,6.3461317e-18,1.0
testing4112.jpg,Intermediate,1.0,1.0,7.2842014e-27,8.353011e-25
testing4113.jpg,Intermediate,0.9970884,0.9970884,1.3250254e-15,0.0029115912
testing4114.jpg,Intermediate,1.0,1.0,1.681049e-35,1.3556963e-27
testing4115.jpg,Intermediate,1.0,1.0,2.2917113e-32,2.55736e-24
testing4116.jpg,Intermediate,1.0,1.0,3.3748406e-35,2.1210219e-26
testing4117.jpg,Intermediate,1.0,1.0,5.148592e-34,9.4029385e-26
testing4118.jpg,Intermediate,0.99999285,0.99999285,4.100701e-19,7.170202e-06
testing4119.jpg,Intermediate,1.0,1.0,2.8481105e-26,8.9619026e-21
testing4120.jpg,Intermediate,1.0,1.0,3.0012648e-29,1.576424e-21
testing4121.jpg,Intermediate,1.0,1.0,1.06223634e-20,8.40768e-17
testing4122.jpg,Intermediate,1.0,1.0,1.1597167e-27,2.7795048e-25
testing4123.jpg,Outside,0.9498074,0.050192535,1.9209435e-13,0.9498074
testing4124.jpg,Intermediate,1.0,1.0,1.5074757e-34,6.3038407e-24
testing4125.jpg,Intermediate,1.0,1.0,1.6187206e-30,2.80561e-28
testing4126.jpg,Intermediate,1.0,1.0,8.728498e-34,4.659173e-29
testing4127.jpg,Intermediate,1.0,1.0,6.2224324e-27,3.4489467e-20
testing4128.jpg,Intermediate,1.0,1.0,1.536238e-30,5.9478414e-21
testing4129.jpg,Intermediate,1.0,1.0,2.0523516e-23,2.3216675e-14
testing4130.jpg,Intermediate,1.0,1.0,2.6934718e-27,1.3194437e-15
testing4131.jpg,Intermediate,1.0,1.0,2.2204602e-22,5.5840593e-10
testing4132.jpg,Intermediate,1.0,1.0,4.2273124e-30,1.313049e-27
testing4133.jpg,Nanodomain,1.0,2.9196522e-30,1.0,0.0
testing4134.jpg,Nanodomain,1.0,2.6828912e-33,1.0,0.0
testing4135.jpg,Nanodomain,1.0,3.308947e-27,1.0,0.0
testing4136.jpg,Nanodomain,1.0,1.2742346e-34,1.0,0.0
testing4137.jpg,Nanodomain,1.0,4.499289e-34,1.0,0.0
testing4138.jpg,Nanodomain,1.0,1.6548757e-17,1.0,0.0
testing4139.jpg,Nanodomain,1.0,1.5319176e-17,1.0,2.1086436e-36
testing4140.jpg,Outside,1.0,1.3955836e-23,6.2729565e-20,1.0
testing4141.jpg,Intermediate,1.0,1.0,6.258811e-11,9.5180715e-24
testing4142.jpg,Outside,1.0,9.3465994e-29,4.9923605e-25,1.0
testing4143.jpg,Nanodomain,1.0,0.0,1.0,0.0
testing4144.jpg,Intermediate,0.99996054,0.99996054,3.9398827e-05,1.026432e-20
testing4145.jpg,Nanodomain,0.99999917,8.184693e-07,0.99999917,3.94631e-26
testing4146.jpg,Nanodomain,1.0,0.0,1.0,0.0
testing4147.jpg,Nanodomain,1.0,0.0,1.0,0.0
testing4148.jpg,Nanodomain,1.0,0.0,1.0,0.0
testing4149.jpg,Nanodomain,1.0,0.0,1.0,0.0
testing4150.jpg,Nanodomain,1.0,0.0,1.0,0.0
testing4151.jpg,Nanodomain,1.0,0.0,1.0,0.0
testing4152.jpg,Nanodomain,1.0,0.0,1.0,0.0
testing4153.jpg,Nanodomain,1.0,0.0,1.0,0.0
testing4154.jpg,Nanodomain,1.0,0.0,1.0,0.0
testing4155.jpg,Nanodomain,1.0,0.0,1.0,0.0
testing4156.jpg,Nanodomain,1.0,3.7029012e-22,1.0,0.0
testing4157.jpg,Outside,1.0,5.4372336e-25,2.8017244e-23,1.0
testing4158.jpg,Nanodomain,1.0,0.0,1.0,0.0
testing4159.jpg,Nanodomain,1.0,0.0,1.0,0.0
testing4160.jpg,Nanodomain,1.0,0.0,1.0,0.0
testing4161.jpg,Nanodomain,1.0,0.0,1.0,0.0
testing4162.jpg,Nanodomain,1.0,0.0,1.0,0.0
testing4163.jpg,Nanodomain,1.0,0.0,1.0,0.0
testing4164.jpg,Nanodomain,1.0,0.0,1.0,0.0
testing4165.jpg,Nanodomain,1.0,0.0,1.0,0.0
testing4166.jpg,Nanodomain,1.0,0.0,1.0,0.0
testing4167.jpg,Nanodomain,1.0,0.0,1.0,0.0
testing4168.jpg,Nanodomain,1.0,0.0,1.0,0.0
testing4169.jpg,Nanodomain,1.0,0.0,1.0,0.0
testing4170.jpg,Outside,1.0,2.0114233e-27,1.0406328e-23,1.0
testing4171.jpg,Outside,1.0,1.059545e-28,2.2206094e-25,1.0
testing4172.jpg,Outside,1.0,1.4799382e-26,1.8195257e-22,1.0
testing4173.jpg,Outside,1.0,4.2305714e-30,7.1402925e-26,1.0
testing4174.jpg,Outside,1.0,9.3809116e-32,7.6743707e-25,1.0
testing4175.jpg,Outside,1.0,1.8312019e-23,2.4445304e-21,1.0
testing4176.jpg,Outside,1.0,9.116225e-31,9.289731e-28,1.0
testing4177.jpg,Outside,1.0,5.34901e-28,2.6610386e-25,1.0
testing4178.jpg,Outside,1.0,1.822092e-26,3.3852388e-24,1.0
testing4179.jpg,Outside,1.0,1.899999e-30,2.0517144e-26,1.0
testing4180.jpg,Outside,1.0,2.2546347e-23,3.489788e-20,1.0
testing4181.jpg,Outside,1.0,4.2288104e-31,1.5943749e-27,1.0
testing4182.jpg,Outside,1.0,9.235282e-28,1.6132461e-23,1.0
testing4183.jpg,Outside,1.0,1.6399773e-30,2.1411407e-27,1.0
testing4184.jpg,Outside,1.0,6.069201e-29,2.2033452e-25,1.0
testing4185.jpg,Outside,1.0,8.647098e-28,5.8258143e-22,1.0
testing4186.jpg,Outside,1.0,2.7547159e-28,1.1635427e-24,1.0
testing4187.jpg,Outside,1.0,1.4771512e-27,3.455142e-24,1.0
testing4188.jpg,Outside,1.0,2.8290252e-30,6.23137e-25,1.0
testing4189.jpg,Outside,1.0,9.8473556e-26,1.86737e-22,1.0
testing4190.jpg,Outside,1.0,1.0609988e-32,2.1852971e-26,1.0
testing4191.jpg,Outside,1.0,3.233607e-32,4.1046263e-27,1.0
testing4192.jpg,Outside,1.0,2.2360146e-30,4.9068655e-26,1.0
testing4193.jpg,Nanodomain,1.0,0.0,1.0,0.0
testing4194.jpg,Nanodomain,1.0,0.0,1.0,0.0
testing4195.jpg,Nanodomain,1.0,0.0,1.0,0.0
testing4196.jpg,Nanodomain,1.0,0.0,1.0,0.0
testing4197.jpg,Nanodomain,1.0,0.0,1.0,0.0
testing4198.jpg,Nanodomain,1.0,0.0,1.0,0.0
testing4199.jpg,Outside,1.0,9.874085e-29,2.3690622e-25,1.0
testing4200.jpg,Outside,1.0,3.1927588e-29,1.871855e-23,1.0
testing4201.jpg,Outside,1.0,3.372975e-27,3.794818e-24,1.0
testing4202.jpg,Outside,1.0,6.3391864e-26,4.273256e-25,1.0
testing4203.jpg,Outside,1.0,6.237814e-33,2.251725e-27,1.0
testing4204.jpg,Outside,1.0,1.0209454e-30,6.7263306e-28,1.0
testing4205.jpg,Outside,1.0,2.6079283e-32,2.9955132e-28,1.0
testing4206.jpg,Outside,1.0,6.8518983e-31,1.555465e-26,1.0
testing4207.jpg,Outside,1.0,3.9691433e-25,6.736352e-26,1.0
testing4208.jpg,Outside,1.0,4.126711e-37,1.8725189e-31,1.0
testing4209.jpg,Outside,1.0,1.0992156e-30,2.2057553e-28,1.0
testing4210.jpg,Outside,1.0,4.487912e-32,6.5491956e-28,1.0
testing4211.jpg,Outside,1.0,5.449399e-26,1.0381592e-22,1.0
testing4212.jpg,Outside,1.0,3.4462367e-28,1.5465021e-25,1.0
testing4213.jpg,Outside,1.0,2.8163074e-31,1.5389627e-26,1.0
testing4214.jpg,Outside,1.0,1.2977883e-31,7.887405e-27,1.0
testing4215.jpg,Outside,1.0,4.5826217e-28,4.0221528e-26,1.0
testing4216.jpg,Outside,1.0,2.6286405e-34,7.347657e-29,1.0
testing4217.jpg,Outside,1.0,2.3580529e-33,4.9907296e-30,1.0
testing4218.jpg,Nanodomain,0.9999925,7.5046146e-06,0.9999925,2.3759825e-28
testing4219.jpg,Intermediate,0.99759275,0.99759275,0.0024072165,7.233363e-21
testing4220.jpg,Intermediate,1.0,1.0,1.639417e-08,1.066259e-21
testing4221.jpg,Intermediate,0.99999785,0.99999785,2.197291e-06,1.510689e-21
testing4222.jpg,Nanodomain,1.0,1.1626078e-37,1.0,0.0
testing4223.jpg,Nanodomain,1.0,3.3039524e-12,1.0,2.8488871e-30
testing4224.jpg,Nanodomain,1.0,0.0,1.0,0.0
testing4225.jpg,Outside,1.0,7.3783505e-23,1.1138737e-18,1.0
testing4226.jpg,Outside,1.0,1.6220036e-29,2.930194e-24,1.0
testing4227.jpg,Intermediate,1.0,1.0,1.00684506e-28,2.1682842e-17
testing4228.jpg,Outside,0.9996698,0.00033022452,1.2053937e-17,0.9996698
testing4229.jpg,Outside,1.0,2.4804977e-29,4.9879443e-25,1.0
testing4230.jpg,Outside,0.9999882,1.1827902e-05,1.1097912e-14,0.9999882
testing4231.jpg,Outside,1.0,8.665978e-15,2.3288122e-18,1.0
testing4232.jpg,Outside,1.0,1.974963e-30,3.5773902e-26,1.0
testing4233.jpg,Outside,1.0,5.4605054e-28,4.9088157e-25,1.0
testing4234.jpg,Outside,1.0,1.2024272e-21,3.1929148e-23,1.0
testing4235.jpg,Intermediate,1.0,1.0,4.3694436e-12,4.966402e-22
testing4236.jpg,Outside,1.0,2.2807988e-19,1.1359663e-22,1.0
testing4237.jpg,Outside,1.0,1.5097162e-24,6.4995594e-23,1.0
testing4238.jpg,Nanodomain,1.0,2.7111286e-13,1.0,6.8427855e-30
testing4239.jpg,Outside,1.0,1.2892648e-19,6.804043e-18,1.0
testing4240.jpg,Intermediate,0.64753425,0.64753425,3.3459491e-15,0.35246575
testing4241.jpg,Intermediate,1.0,1.0,1.0113213e-29,3.3975893e-19
testing4242.jpg,Outside,0.9999629,3.710332e-05,9.060205e-17,0.9999629
testing4243.jpg,Intermediate,1.0,1.0,4.7138566e-23,1.3992205e-10
testing4244.jpg,Intermediate,0.999811,0.999811,2.0833733e-21,0.0001890639
testing4245.jpg,Outside,0.93899786,0.06100216,3.4480894e-11,0.93899786
testing4246.jpg,Intermediate,0.99999917,0.99999917,1.6892842e-18,7.91545e-07
testing4247.jpg,Outside,1.0,2.1512939e-11,2.0173845e-14,1.0
testing4248.jpg,Intermediate,1.0,1.0,9.64359e-21,1.3802962e-11
testing4249.jpg,Intermediate,1.0,1.0,2.3593507e-31,2.0177435e-24
testing4250.jpg,Outside,1.0,8.4708795e-16,4.063314e-18,1.0
testing4251.jpg,Outside,1.0,3.2633973e-17,7.024658e-19,1.0
testing4252.jpg,Intermediate,1.0,1.0,3.958193e-19,4.8763273e-08
testing4253.jpg,Intermediate,1.0,1.0,1.1505765e-29,9.7996296e-23
testing4254.jpg,Intermediate,1.0,1.0,8.453672e-24,4.9397913e-25
testing4255.jpg,Intermediate,1.0,1.0,2.5683019e-30,1.2398671e-22
testing4256.jpg,Intermediate,1.0,1.0,2.073912e-34,2.6480098e-30
testing4257.jpg,Intermediate,1.0,1.0,4.3163635e-31,7.866904e-29
testing4258.jpg,Intermediate,1.0,1.0,2.0865813e-30,3.665223e-30
testing4259.jpg,Intermediate,1.0,1.0,5.655669e-30,1.32290474e-17
testing4260.jpg,Outside,1.0,1.2767931e-09,8.511576e-13,1.0
testing4261.jpg,Intermediate,0.9807422,0.9807422,2.88131e-14,0.019257804
testing4262.jpg,Intermediate,1.0,1.0,3.755881e-29,2.3576049e-24
testing4263.jpg,Intermediate,1.0,1.0,7.691629e-26,4.3244338e-26
testing4264.jpg,Intermediate,1.0,1.0,1.00853026e-25,8.24629e-24
testing4265.jpg,Nanodomain,1.0,1.3306492e-16,1.0,2.9731296e-37
testing4266.jpg,Nanodomain,1.0,9.8129975e-09,1.0,2.0571277e-28
testing4267.jpg,Intermediate,1.0,1.0,5.561823e-25,2.5341151e-10
testing4268.jpg,Outside,1.0,3.0936757e-08,8.559418e-18,1.0
testing4269.jpg,Nanodomain,1.0,0.0,1.0,0.0
testing4270.jpg,Nanodomain,1.0,0.0,1.0,0.0
testing4271.jpg,Nanodomain,1.0,0.0,1.0,0.0
testing4272.jpg,Nanodomain,1.0,0.0,1.0,0.0
testing4273.jpg,Nanodomain,1.0,0.0,1.0,0.0
testing4274.jpg,Nanodomain,1.0,0.0,1.0,0.0
testing4275.jpg,Nanodomain,1.0,0.0,1.0,0.0
testing4276.jpg,Nanodomain,1.0,0.0,1.0,0.0
testing4277.jpg,Nanodomain,1.0,0.0,1.0,0.0
testing4278.jpg,Nanodomain,1.0,0.0,1.0,0.0
testing4279.jpg,Nanodomain,1.0,2.5213237e-33,1.0,0.0
testing4280.jpg,Nanodomain,1.0,0.0,1.0,0.0
testing4281.jpg,Nanodomain,1.0,0.0,1.0,0.0
testing4282.jpg,Nanodomain,1.0,1.7751003e-29,1.0,0.0
testing4283.jpg,Outside,1.0,1.9007848e-27,2.2200526e-23,1.0
testing4284.jpg,Outside,1.0,5.5527124e-23,3.9878947e-21,1.0
testing4285.jpg,Nanodomain,1.0,0.0,1.0,0.0
testing4286.jpg,Nanodomain,1.0,0.0,1.0,0.0
testing4287.jpg,Nanodomain,1.0,0.0,1.0,0.0
testing4288.jpg,Nanodomain,1.0,0.0,1.0,0.0
testing4289.jpg,Nanodomain,1.0,0.0,1.0,0.0
testing4290.jpg,Nanodomain,1.0,0.0,1.0,0.0
testing4291.jpg,Nanodomain,1.0,0.0,1.0,0.0
testing4292.jpg,Nanodomain,1.0,0.0,1.0,0.0
testing4293.jpg,Nanodomain,1.0,0.0,1.0,0.0
testing4294.jpg,Nanodomain,1.0,0.0,1.0,0.0
testing4295.jpg,Nanodomain,1.0,0.0,1.0,0.0
testing4296.jpg,Nanodomain,1.0,0.0,1.0,0.0
testing4297.jpg,Nanodomain,1.0,0.0,1.0,0.0
testing4298.jpg,Outside,1.0,1.8606761e-25,4.343275e-21,1.0
testing4299.jpg,Outside,1.0,4.085376e-22,1.3404398e-18,1.0
testing4300.jpg,Outside,1.0,7.6928126e-31,1.1505563e-26,1.0
testing4301.jpg,Outside,1.0,7.318652e-28,8.387656e-25,1.0
testing4302.jpg,Outside,1.0,3.0483018e-25,4.8089587e-22,1.0
testing4303.jpg,Outside,1.0,3.4762545e-32,1.6085112e-27,1.0
testing4304.jpg,Outside,1.0,1.4798351e-28,1.163525e-24,1.0
testing4305.jpg,Outside,1.0,3.277555e-26,1.7455731e-23,1.0
testing4306.jpg,Outside,1.0,1.0330835e-28,1.00246934e-26,1.0
testing4307.jpg,Outside,1.0,7.547713e-29,4.1991165e-25,1.0
testing4308.jpg,Outside,1.0,6.3505975e-30,6.0509185e-28,1.0
testing4309.jpg,Outside,1.0,9.755135e-30,1.0313087e-26,1.0
testing4310.jpg,Outside,1.0,5.874816e-32,2.0566971e-27,1.0
testing4311.jpg,Outside,1.0,1.465032e-24,3.9585473e-23,1.0
testing4312.jpg,Outside,1.0,2.6447497e-22,1.27783604e-20,1.0
testing4313.jpg,Outside,1.0,7.1061283e-28,4.0905002e-25,1.0
testing4314.jpg,Outside,1.0,2.3034583e-30,2.7765996e-26,1.0
testing4315.jpg,Outside,1.0,3.4168024e-25,6.7664954e-23,1.0
testing4316.jpg,Outside,1.0,3.1881615e-27,7.538923e-25,1.0
testing4317.jpg,Outside,1.0,2.875694e-29,2.4421018e-25,1.0
testing4318.jpg,Outside,1.0,1.1626137e-27,2.9459074e-24,1.0
testing4319.jpg,Outside,1.0,1.7399718e-27,2.6800904e-24,1.0
testing4320.jpg,Nanodomain,1.0,0.0,1.0,0.0
testing4321.jpg,Nanodomain,1.0,0.0,1.0,0.0
testing4322.jpg,Nanodomain,1.0,0.0,1.0,0.0
testing4323.jpg,Nanodomain,1.0,0.0,1.0,0.0
testing4324.jpg,Nanodomain,1.0,0.0,1.0,0.0
testing4325.jpg,Nanodomain,1.0,0.0,1.0,0.0
testing4326.jpg,Nanodomain,1.0,0.0,1.0,0.0
testing4327.jpg,Nanodomain,1.0,0.0,1.0,0.0
testing4328.jpg,Nanodomain,0.9152142,0.08478578,0.9152142,1.4173457e-20
testing4329.jpg,Outside,1.0,4.887304e-27,1.177219e-22,1.0
testing4330.jpg,Outside,1.0,7.143298e-31,1.3609608e-27,1.0
testing4331.jpg,Outside,1.0,3.3532658e-29,1.8426423e-26,1.0
testing4332.jpg,Outside,1.0,4.838219e-28,2.6593946e-25,1.0
testing4333.jpg,Nanodomain,1.0,0.0,1.0,0.0
testing4334.jpg,Nanodomain,1.0,0.0,1.0,0.0
testing4335.jpg,Nanodomain,1.0,0.0,1.0,0.0
testing4336.jpg,Nanodomain,1.0,0.0,1.0,0.0
testing4337.jpg,Nanodomain,1.0,0.0,1.0,0.0
testing4338.jpg,Nanodomain,1.0,0.0,1.0,0.0
testing4339.jpg,Nanodomain,1.0,0.0,1.0,0.0
testing4340.jpg,Nanodomain,1.0,0.0,1.0,0.0
testing4341.jpg,Outside,1.0,6.663259e-33,1.1374397e-31,1.0
testing4342.jpg,Outside,1.0,6.997061e-33,2.2692523e-30,1.0
testing4343.jpg,Outside,1.0,8.5747164e-32,1.3461664e-29,1.0
testing4344.jpg,Outside,1.0,1.660483e-34,1.5199281e-30,1.0
testing4345.jpg,Outside,1.0,9.012963e-26,2.6213913e-26,1.0
testing4346.jpg,Nanodomain,1.0,0.0,1.0,0.0
testing4347.jpg,Nanodomain,1.0,0.0,1.0,0.0
testing4348.jpg,Nanodomain,1.0,0.0,1.0,0.0
testing4349.jpg,Nanodomain,1.0,0.0,1.0,0.0
testing4350.jpg,Nanodomain,1.0,0.0,1.0,0.0
testing4351.jpg,Nanodomain,1.0,0.0,1.0,0.0
testing4352.jpg,Nanodomain,1.0,0.0,1.0,0.0
testing4353.jpg,Outside,1.0,9.040342e-25,1.6134262e-21,1.0
testing4354.jpg,Outside,1.0,2.710965e-08,6.9017068e-18,1.0
testing4355.jpg,Outside,1.0,1.0025014e-12,5.2841554e-19,1.0
testing4356.jpg,Intermediate,0.99999917,0.99999917,1.1819343e-21,8.114999e-07
testing4357.jpg,Outside,1.0,8.6350733e-19,2.3356014e-17,1.0
testing4358.jpg,Outside,1.0,7.085582e-21,4.1288252e-20,1.0
testing4359.jpg,Outside,1.0,3.527474e-30,1.849967e-26,1.0
testing4360.jpg,Outside,1.0,2.4109068e-34,8.7969215e-27,1.0
testing4361.jpg,Outside,1.0,6.384346e-27,2.5658725e-23,1.0
testing4362.jpg,Outside,1.0,1.3238745e-24,1.3893596e-21,1.0
testing4363.jpg,Outside,1.0,8.469423e-24,7.016208e-23,1.0
testing4364.jpg,Outside,1.0,4.906861e-28,1.2109312e-25,1.0
testing4365.jpg,Intermediate,0.9999542,0.9999542,3.2092384e-17,4.5783025e-05
testing4366.jpg,Outside,1.0,1.1444763e-18,1.2290041e-21,1.0
testing4367.jpg,Intermediate,1.0,1.0,3.6879793e-26,1.7162498e-16
testing4368.jpg,Outside,1.0,5.895111e-09,1.7570827e-17,1.0
testing4369.jpg,Outside,1.0,3.2111846e-14,1.3981689e-22,1.0
testing4370.jpg,Intermediate,0.99709535,0.99709535,2.362232e-20,0.002904639
testing4371.jpg,Outside,1.0,6.847496e-27,9.504387e-25,1.0
testing4372.jpg,Outside,1.0,2.2073042e-28,2.4824528e-25,1.0
testing4373.jpg,Outside,1.0,1.9419482e-24,2.9488981e-24,1.0
testing4374.jpg,Outside,1.0,1.6872745e-20,4.1302702e-22,1.0
testing4375.jpg,Intermediate,0.99868304,0.99868304,2.4462486e-16,0.001316924
testing4376.jpg,Outside,1.0,1.3540775e-21,7.912736e-23,1.0
testing4377.jpg,Outside,0.9999999,1.4016116e-07,4.5165067e-17,0.9999999
testing4378.jpg,Outside,1.0,1.2774824e-24,1.1646796e-24,1.0
testing4379.jpg,Intermediate,0.6336746,0.6336746,3.266748e-15,0.36632538
testing4380.jpg,Intermediate,1.0,1.0,8.109483e-35,4.9364142e-27
testing4381.jpg,Intermediate,1.0,1.0,3.944684e-28,7.28912e-20
testing4382.jpg,Intermediate,1.0,1.0,1.086864e-25,3.2703595e-12
testing4383.jpg,Intermediate,1.0,1.0,3.1909048e-31,5.118942e-19
testing4384.jpg,Intermediate,0.9999995,0.9999995,9.0729396e-20,4.1959427e-07
testing4385.jpg,Intermediate,1.0,1.0,3.719184e-28,1.3649146e-16
testing4386.jpg,Intermediate,1.0,1.0,1.0621508e-21,7.3199027e-22
testing4387.jpg,Intermediate,1.0,1.0,1.4226431e-22,3.8832238e-13
testing4388.jpg,Intermediate,1.0,1.0,3.5701855e-22,1.8993179e-11
testing4389.jpg,Intermediate,1.0,1.0,3.507216e-21,9.259719e-15
testing4390.jpg,Outside,0.9988525,0.0011474801,2.0032635e-13,0.9988525
testing4391.jpg,Outside,1.0,2.9789528e-15,1.05078805e-17,1.0
testing4392.jpg,Outside,1.0,6.9117734e-10,2.2519946e-13,1.0
testing4393.jpg,Intermediate,1.0,1.0,7.076292e-28,4.042058e-25
testing4394.jpg,Outside,0.9999969,3.086891e-06,9.734687e-17,0.9999969
testing4395.jpg,Intermediate,0.9991922,0.9991922,1.1602214e-13,0.0008077653
testing4396.jpg,Outside,0.9995363,0.00046376057,6.766765e-15,0.9995363
testing4397.jpg,Intermediate,1.0,1.0,2.691577e-23,1.499203e-08
testing4398.jpg,Nanodomain,1.0,0.0,1.0,0.0
testing4399.jpg,Nanodomain,1.0,0.0,1.0,0.0
testing4400.jpg,Nanodomain,1.0,0.0,1.0,0.0
testing4401.jpg,Nanodomain,1.0,0.0,1.0,0.0
testing4402.jpg,Nanodomain,1.0,0.0,1.0,0.0
testing4403.jpg,Nanodomain,1.0,0.0,1.0,0.0
testing4404.jpg,Nanodomain,1.0,0.0,1.0,0.0
testing4405.jpg,Nanodomain,1.0,2.16456e-37,1.0,0.0
testing4406.jpg,Nanodomain,1.0,1.7981973e-37,1.0,0.0
testing4407.jpg,Nanodomain,1.0,1.6293644e-37,1.0,0.0
testing4408.jpg,Nanodomain,1.0,7.598136e-33,1.0,0.0
testing4409.jpg,Nanodomain,1.0,1.7118389e-28,1.0,0.0
testing4410.jpg,Intermediate,0.9843529,0.9843529,8.846895e-18,0.015647108
testing4411.jpg,Nanodomain,1.0,1.124287e-23,1.0,0.0
testing4412.jpg,Nanodomain,1.0,0.0,1.0,0.0
testing4413.jpg,Nanodomain,1.0,0.0,1.0,0.0
testing4414.jpg,Nanodomain,1.0,0.0,1.0,0.0
testing4415.jpg,Nanodomain,1.0,0.0,1.0,0.0
testing4416.jpg,Nanodomain,1.0,0.0,1.0,0.0
testing4417.jpg,Nanodomain,1.0,0.0,1.0,0.0
testing4418.jpg,Nanodomain,1.0,0.0,1.0,0.0
testing4419.jpg,Nanodomain,1.0,0.0,1.0,0.0
testing4420.jpg,Nanodomain,1.0,0.0,1.0,0.0
testing4421.jpg,Nanodomain,1.0,0.0,1.0,0.0
testing4422.jpg,Nanodomain,1.0,0.0,1.0,0.0
testing4423.jpg,Nanodomain,1.0,0.0,1.0,0.0
testing4424.jpg,Nanodomain,1.0,0.0,1.0,0.0
testing4425.jpg,Nanodomain,1.0,0.0,1.0,0.0
testing4426.jpg,Nanodomain,1.0,0.0,1.0,0.0
testing4427.jpg,Nanodomain,1.0,0.0,1.0,0.0
testing4428.jpg,Outside,1.0,6.6896667e-34,1.5734317e-29,1.0
testing4429.jpg,Outside,1.0,1.142048e-24,2.3537598e-23,1.0
testing4430.jpg,Outside,1.0,8.465732e-26,1.2395313e-22,1.0
testing4431.jpg,Outside,1.0,3.3709803e-35,7.716569e-29,1.0
testing4432.jpg,Outside,1.0,9.3112255e-29,2.5189282e-27,1.0
testing4433.jpg,Outside,1.0,8.447058e-25,3.3342612e-21,1.0
testing4434.jpg,Outside,1.0,2.7952842e-25,7.0588314e-25,1.0
testing4435.jpg,Outside,1.0,4.7622287e-28,6.4869635e-27,1.0
testing4436.jpg,Outside,1.0,2.8225297e-27,1.7009124e-25,1.0
testing4437.jpg,Outside,1.0,3.0557902e-31,3.36557e-28,1.0
testing4438.jpg,Outside,1.0,5.927776e-35,5.1125906e-30,1.0
testing4439.jpg,Outside,1.0,1.6162068e-33,5.0304694e-29,1.0
testing4440.jpg,Outside,1.0,1.4180711e-28,6.7016476e-26,1.0
testing4441.jpg,Outside,1.0,1.5170131e-24,6.3699784e-24,1.0
testing4442.jpg,Outside,1.0,8.826007e-25,3.0617404e-24,1.0
testing4443.jpg,Outside,1.0,2.0905305e-25,5.123916e-22,1.0
testing4444.jpg,Outside,1.0,1.112722e-27,6.3323014e-25,1.0
testing4445.jpg,Outside,1.0,2.014243e-33,2.3650867e-27,1.0
testing4446.jpg,Outside,1.0,9.1446067e-32,4.1753225e-30,1.0
testing4447.jpg,Outside,1.0,1.5543532e-29,2.4987346e-27,1.0
testing4448.jpg,Nanodomain,1.0,0.0,1.0,0.0
testing4449.jpg,Nanodomain,1.0,0.0,1.0,0.0
testing4450.jpg,Nanodomain,1.0,0.0,1.0,0.0
testing4451.jpg,Nanodomain,1.0,0.0,1.0,0.0
testing4452.jpg,Nanodomain,1.0,0.0,1.0,0.0
testing4453.jpg,Nanodomain,1.0,0.0,1.0,0.0
testing4454.jpg,Nanodomain,1.0,0.0,1.0,0.0
testing4455.jpg,Nanodomain,1.0,1.9547928e-15,1.0,1.3026677e-33
testing4456.jpg,Nanodomain,1.0,3.6168383e-27,1.0,0.0
testing4457.jpg,Outside,1.0,3.4322022e-26,1.0455657e-25,1.0
testing4458.jpg,Nanodomain,1.0,0.0,1.0,0.0
testing4459.jpg,Nanodomain,1.0,0.0,1.0,0.0
testing4460.jpg,Nanodomain,1.0,0.0,1.0,0.0
testing4461.jpg,Nanodomain,1.0,0.0,1.0,0.0
testing4462.jpg,Nanodomain,1.0,0.0,1.0,0.0
testing4463.jpg,Nanodomain,1.0,0.0,1.0,0.0
testing4464.jpg,Nanodomain,1.0,0.0,1.0,0.0
testing4465.jpg,Nanodomain,1.0,0.0,1.0,0.0
testing4466.jpg,Nanodomain,1.0,0.0,1.0,0.0
testing4467.jpg,Nanodomain,1.0,0.0,1.0,0.0
testing4468.jpg,Nanodomain,1.0,0.0,1.0,0.0
testing4469.jpg,Nanodomain,1.0,0.0,1.0,0.0
testing4470.jpg,Outside,1.0,4.3438332e-16,4.77347e-20,1.0
testing4471.jpg,Intermediate,0.9997652,0.9997652,3.958493e-16,0.0002348327
testing4472.jpg,Nanodomain,1.0,0.0,1.0,0.0
testing4473.jpg,Nanodomain,1.0,0.0,1.0,0.0
testing4474.jpg,Intermediate,1.0,1.0,2.398688e-26,1.4355484e-20
testing4475.jpg,Intermediate,1.0,1.0,1.2047981e-33,7.520557e-28
testing4476.jpg,Intermediate,1.0,1.0,6.2504693e-23,2.396874e-21
testing4477.jpg,Intermediate,1.0,1.0,2.1242363e-26,1.2546977e-22
testing4478.jpg,Intermediate,1.0,1.0,6.94124e-31,8.557527e-25
testing4479.jpg,Intermediate,1.0,1.0,4.023946e-27,1.2416512e-15
testing4480.jpg,Intermediate,1.0,1.0,2.8824322e-25,2.0289662e-24
testing4481.jpg,Outside,1.0,5.817369e-32,2.113332e-27,1.0
testing4482.jpg,Outside,1.0,7.4837214e-29,2.1659537e-24,1.0
testing4483.jpg,Outside,1.0,5.291039e-32,7.7074233e-28,1.0
testing4484.jpg,Outside,1.0,2.5996597e-28,5.7163127e-23,1.0
testing4485.jpg,Outside,1.0,3.2652426e-23,1.1665939e-20,1.0
testing4486.jpg,Outside,1.0,2.0465241e-26,5.960649e-22,1.0
testing4487.jpg,Outside,1.0,3.1875567e-25,2.4888487e-21,1.0
testing4488.jpg,Outside,1.0,3.231533e-26,8.164758e-22,1.0
testing4489.jpg,Intermediate,1.0,1.0,3.9083664e-18,1.6054294e-25
testing4490.jpg,Intermediate,1.0,1.0,1.3323901e-33,2.116663e-28
testing4491.jpg,Intermediate,1.0,1.0,2.6513195e-34,9.975213e-28
testing4492.jpg,Intermediate,1.0,1.0,4.787704e-31,6.851726e-28
testing4493.jpg,Intermediate,1.0,1.0,2.0753795e-31,3.6330034e-27
testing4494.jpg,Intermediate,1.0,1.0,1.6448349e-20,6.294421e-24
testing4495.jpg,Intermediate,1.0,1.0,1.08210346e-23,2.1648842e-20
testing4496.jpg,Intermediate,1.0,1.0,3.342424e-21,5.416207e-08
testing4497.jpg,Intermediate,1.0,1.0,3.8569058e-22,1.8576549e-10
testing4498.jpg,Outside,0.92452395,0.07547604,2.1738014e-15,0.92452395
testing4499.jpg,Intermediate,1.0,1.0,3.253896e-27,2.144078e-17
testing4500.jpg,Intermediate,1.0,1.0,1.5023366e-28,4.3683268e-16
testing4501.jpg,Intermediate,0.9999738,0.9999738,9.147498e-19,2.6217855e-05
testing4502.jpg,Intermediate,1.0,1.0,2.9933489e-24,1.5965587e-21
testing4503.jpg,Outside,1.0,1.4822682e-23,6.754709e-23,1.0
testing4504.jpg,Intermediate,1.0,1.0,4.774305e-21,3.9319944e-18
testing4505.jpg,Outside,1.0,9.677709e-22,5.290022e-20,1.0
testing4506.jpg,Intermediate,1.0,1.0,1.8801672e-27,1.7231502e-17
testing4507.jpg,Intermediate,1.0,1.0,8.774741e-33,4.9816743e-23
testing4508.jpg,Intermediate,1.0,1.0,6.0915347e-30,5.5973504e-16
testing4509.jpg,Intermediate,1.0,1.0,1.0835883e-27,4.1573823e-21
testing4510.jpg,Intermediate,1.0,1.0,8.513477e-24,2.8943826e-13
testing4511.jpg,Intermediate,1.0,1.0,5.815574e-31,1.841043e-23
testing4512.jpg,Outside,1.0,1.107262e-23,4.107942e-22,1.0
testing4513.jpg,Outside,1.0,6.144023e-14,4.1769367e-20,1.0
testing4514.jpg,Intermediate,0.9999932,0.9999932,9.859658e-18,6.8362347e-06
testing4515.jpg,Intermediate,0.9459132,0.9459132,3.5844653e-16,0.05408679
testing4516.jpg,Intermediate,1.0,1.0,2.297214e-27,1.5714326e-16
testing4517.jpg,Intermediate,1.0,1.0,1.3351096e-29,1.2634532e-15
testing4518.jpg,Outside,1.0,3.5190388e-12,9.912702e-20,1.0
testing4519.jpg,Intermediate,1.0,1.0,2.2347203e-21,3.651782e-08
testing4520.jpg,Nanodomain,1.0,2.9378607e-13,1.0,2.6432866e-30
testing4521.jpg,Intermediate,0.9999943,0.9999943,7.426539e-23,5.6871622e-06
testing4522.jpg,Intermediate,0.99999976,0.99999976,1.9693451e-20,2.1776616e-07
testing4523.jpg,Outside,0.9996321,0.00036790932,5.7203344e-17,0.9996321
testing4524.jpg,Intermediate,1.0,1.0,1.5034393e-33,4.913619e-22
testing4525.jpg,Nanodomain,1.0,0.0,1.0,0.0
testing4526.jpg,Nanodomain,1.0,0.0,1.0,0.0
testing4527.jpg,Nanodomain,1.0,0.0,1.0,0.0
testing4528.jpg,Nanodomain,1.0,0.0,1.0,0.0
testing4529.jpg,Nanodomain,1.0,0.0,1.0,0.0
testing4530.jpg,Nanodomain,1.0,0.0,1.0,0.0
testing4531.jpg,Nanodomain,1.0,0.0,1.0,0.0
testing4532.jpg,Nanodomain,1.0,0.0,1.0,0.0
testing4533.jpg,Nanodomain,1.0,0.0,1.0,0.0
testing4534.jpg,Nanodomain,1.0,1.04309e-36,1.0,0.0
testing4535.jpg,Nanodomain,1.0,1.1802214e-24,1.0,0.0
testing4536.jpg,Nanodomain,1.0,8.9619883e-32,1.0,0.0
testing4537.jpg,Intermediate,1.0,1.0,3.360721e-09,8.6138026e-23
testing4538.jpg,Nanodomain,1.0,2.1105439e-20,1.0,1.897239e-38
testing4539.jpg,Outside,1.0,2.0663013e-25,1.0898569e-26,1.0
testing4540.jpg,Outside,1.0,1.1531382e-14,1.0296899e-17,1.0
testing4541.jpg,Nanodomain,1.0,0.0,1.0,0.0
testing4542.jpg,Nanodomain,1.0,0.0,1.0,0.0
testing4543.jpg,Nanodomain,1.0,0.0,1.0,0.0
testing4544.jpg,Nanodomain,1.0,0.0,1.0,0.0
testing4545.jpg,Nanodomain,1.0,0.0,1.0,0.0
testing4546.jpg,Nanodomain,1.0,0.0,1.0,0.0
testing4547.jpg,Nanodomain,1.0,0.0,1.0,0.0
testing4548.jpg,Nanodomain,1.0,0.0,1.0,0.0
testing4549.jpg,Nanodomain,1.0,0.0,1.0,0.0
testing4550.jpg,Nanodomain,1.0,0.0,1.0,0.0
testing4551.jpg,Nanodomain,1.0,0.0,1.0,0.0
testing4552.jpg,Nanodomain,1.0,0.0,1.0,0.0
testing4553.jpg,Nanodomain,1.0,0.0,1.0,0.0
testing4554.jpg,Nanodomain,1.0,0.0,1.0,0.0
testing4555.jpg,Nanodomain,1.0,0.0,1.0,0.0
testing4556.jpg,Outside,1.0,9.959623e-28,7.979805e-26,1.0
testing4557.jpg,Outside,1.0,1.0133358e-24,4.0600964e-23,1.0
testing4558.jpg,Outside,1.0,2.4275518e-29,3.220273e-26,1.0
testing4559.jpg,Outside,1.0,3.3167794e-29,6.32899e-26,1.0
testing4560.jpg,Outside,1.0,5.25248e-35,3.6341795e-28,1.0
testing4561.jpg,Outside,1.0,1.9324006e-24,1.8553286e-21,1.0
testing4562.jpg,Outside,1.0,2.4087813e-28,1.3026476e-26,1.0
testing4563.jpg,Outside,1.0,4.3053032e-28,1.313998e-24,1.0
testing4564.jpg,Outside,1.0,1.7856776e-26,2.6965189e-24,1.0
testing4565.jpg,Outside,1.0,9.521092e-30,3.5142246e-26,1.0
testing4566.jpg,Outside,1.0,4.1715661e-22,4.9886968e-21,1.0
testing4567.jpg,Outside,1.0,1.0290339e-25,3.0619038e-24,1.0
testing4568.jpg,Outside,1.0,2.9278797e-25,3.1602216e-23,1.0
testing4569.jpg,Outside,1.0,1.8150141e-28,1.1723005e-26,1.0
testing4570.jpg,Outside,1.0,3.5151076e-27,2.5203724e-25,1.0
testing4571.jpg,Outside,1.0,2.0426555e-26,7.0197916e-24,1.0
testing4572.jpg,Outside,1.0,5.9569785e-33,2.87429e-29,1.0
testing4573.jpg,Outside,1.0,2.733487e-28,6.321003e-26,1.0
testing4574.jpg,Outside,1.0,2.1943612e-33,6.437239e-28,1.0
testing4575.jpg,Outside,1.0,1.4426571e-28,9.8054474e-26,1.0
testing4576.jpg,Outside,1.0,1.9223325e-27,4.9837057e-24,1.0
testing4577.jpg,Nanodomain,1.0,0.0,1.0,0.0
testing4578.jpg,Nanodomain,1.0,0.0,1.0,0.0
testing4579.jpg,Nanodomain,1.0,0.0,1.0,0.0
testing4580.jpg,Nanodomain,1.0,0.0,1.0,0.0
testing4581.jpg,Nanodomain,1.0,0.0,1.0,0.0
testing4582.jpg,Nanodomain,1.0,0.0,1.0,0.0
testing4583.jpg,Nanodomain,1.0,0.0,1.0,0.0
testing4584.jpg,Nanodomain,0.99999964,3.413797e-07,0.99999964,3.0558115e-24
testing4585.jpg,Nanodomain,1.0,0.0,1.0,0.0
testing4586.jpg,Nanodomain,1.0,0.0,1.0,0.0
testing4587.jpg,Nanodomain,1.0,0.0,1.0,0.0
testing4588.jpg,Nanodomain,1.0,0.0,1.0,0.0
testing4589.jpg,Nanodomain,1.0,0.0,1.0,0.0
testing4590.jpg,Nanodomain,1.0,0.0,1.0,0.0
testing4591.jpg,Nanodomain,1.0,0.0,1.0,0.0
testing4592.jpg,Nanodomain,1.0,0.0,1.0,0.0
testing4593.jpg,Nanodomain,1.0,0.0,1.0,0.0
testing4594.jpg,Nanodomain,1.0,0.0,1.0,0.0
testing4595.jpg,Nanodomain,1.0,0.0,1.0,0.0
testing4596.jpg,Nanodomain,1.0,0.0,1.0,0.0
testing4597.jpg,Nanodomain,1.0,0.0,1.0,0.0
testing4598.jpg,Nanodomain,1.0,0.0,1.0,0.0
testing4599.jpg,Intermediate,1.0,1.0,1.1789963e-26,2.4442007e-16
testing4600.jpg,Outside,0.9999993,6.831378e-07,2.2054716e-17,0.9999993
testing4601.jpg,Intermediate,0.99999845,0.99999845,3.0285372e-16,1.5267229e-06
testing4602.jpg,Intermediate,1.0,1.0,7.891008e-29,1.17775914e-20
testing4603.jpg,Nanodomain,1.0,0.0,1.0,0.0
testing4604.jpg,Nanodomain,1.0,0.0,1.0,0.0
testing4605.jpg,Nanodomain,1.0,0.0,1.0,0.0
testing4606.jpg,Nanodomain,1.0,0.0,1.0,0.0
testing4607.jpg,Nanodomain,1.0,0.0,1.0,0.0
testing4608.jpg,Nanodomain,1.0,0.0,1.0,0.0
testing4609.jpg,Outside,1.0,2.2855054e-31,3.961863e-27,1.0
testing4610.jpg,Outside,1.0,1.3243862e-29,1.4795566e-23,1.0
testing4611.jpg,Outside,1.0,4.844125e-22,7.394536e-20,1.0
testing4612.jpg,Outside,1.0,4.554022e-29,2.13104e-24,1.0
testing4613.jpg,Outside,1.0,8.089884e-30,1.0462093e-23,1.0
testing4614.jpg,Outside,1.0,5.633528e-32,1.8809644e-26,1.0
testing4615.jpg,Outside,1.0,2.3380882e-32,1.4109338e-26,1.0
testing4616.jpg,Outside,1.0,1.7930289e-26,1.1448795e-23,1.0
testing4617.jpg,Intermediate,1.0,1.0,1.8556452e-23,7.0456825e-16
testing4618.jpg,Intermediate,1.0,1.0,4.163109e-22,1.3022313e-09
testing4619.jpg,Outside,0.9999993,6.8082954e-07,7.639463e-17,0.9999993
testing4620.jpg,Outside,0.9993113,0.0006886553,7.3371505e-14,0.9993113
testing4621.jpg,Intermediate,1.0,1.0,4.3523197e-26,5.8917464e-14
testing4622.jpg,Intermediate,1.0,1.0,1.9680157e-28,1.2440416e-21
testing4623.jpg,Intermediate,1.0,1.0,3.1363926e-24,2.2978088e-13
testing4624.jpg,Intermediate,1.0,1.0,1.1771469e-30,1.6205807e-22
testing4625.jpg,Intermediate,1.0,1.0,2.571883e-28,1.3292607e-21
testing4626.jpg,Outside,0.9999902,9.773151e-06,2.5234174e-17,0.9999902
testing4627.jpg,Intermediate,1.0,1.0,2.4267024e-27,1.6898615e-23
testing4628.jpg,Outside,1.0,1.5090219e-21,3.5152522e-21,1.0
testing4629.jpg,Intermediate,0.998577,0.998577,1.2625791e-16,0.0014229876
testing4630.jpg,Intermediate,1.0,1.0,2.5565103e-25,2.8360388e-22
testing4631.jpg,Intermediate,1.0,1.0,5.1121054e-29,1.7228207e-18
testing4632.jpg,Nanodomain,1.0,0.0,1.0,0.0
testing4633.jpg,Nanodomain,1.0,0.0,1.0,0.0
testing4634.jpg,Nanodomain,1.0,0.0,1.0,0.0
testing4635.jpg,Nanodomain,1.0,0.0,1.0,0.0
testing4636.jpg,Nanodomain,1.0,0.0,1.0,0.0
testing4637.jpg,Intermediate,0.93474907,0.93474907,3.1175478e-17,0.065250985
testing4638.jpg,Nanodomain,1.0,0.0,1.0,0.0
testing4639.jpg,Intermediate,1.0,1.0,3.3374296e-21,6.854759e-09
testing4640.jpg,Intermediate,1.0,1.0,0.0,1.8219473e-32
testing4641.jpg,Intermediate,1.0,1.0,2.122693e-30,5.8506793e-26
testing4642.jpg,Intermediate,1.0,1.0,3.0533495e-27,5.4825577e-24
testing4643.jpg,Intermediate,1.0,1.0,5.3501767e-34,6.6245534e-27
testing4644.jpg,Intermediate,1.0,1.0,2.4655702e-24,5.375261e-25
testing4645.jpg,Outside,1.0,2.2160171e-15,1.0518188e-17,1.0
testing4646.jpg,Outside,1.0,8.112608e-20,6.329271e-21,1.0
testing4647.jpg,Outside,0.99998224,1.775104e-05,1.21539906e-17,0.99998224
testing4648.jpg,Nanodomain,0.9999999,6.679517e-08,0.9999999,1.1739574e-24
testing4649.jpg,Nanodomain,1.0,2.4821768e-11,1.0,9.9371894e-29
testing4650.jpg,Intermediate,1.0,1.0,8.7696527e-26,8.875041e-22
testing4651.jpg,Outside,0.85812896,0.14187102,6.435854e-14,0.85812896
testing4652.jpg,Nanodomain,1.0,0.0,1.0,0.0
testing4653.jpg,Nanodomain,1.0,0.0,1.0,0.0
testing4654.jpg,Nanodomain,1.0,0.0,1.0,0.0
testing4655.jpg,Nanodomain,1.0,0.0,1.0,0.0
testing4656.jpg,Nanodomain,1.0,0.0,1.0,0.0
testing4657.jpg,Nanodomain,1.0,0.0,1.0,0.0
testing4658.jpg,Nanodomain,1.0,1.1784564e-34,1.0,0.0
testing4659.jpg,Nanodomain,1.0,0.0,1.0,0.0
testing4660.jpg,Nanodomain,1.0,2.9283212e-36,1.0,0.0
testing4661.jpg,Nanodomain,1.0,6.002967e-33,1.0,0.0
testing4662.jpg,Nanodomain,1.0,2.6910207e-32,1.0,0.0
testing4663.jpg,Nanodomain,1.0,5.3833013e-34,1.0,0.0
testing4664.jpg,Nanodomain,1.0,2.2310513e-34,1.0,0.0
testing4665.jpg,Nanodomain,1.0,7.062655e-33,1.0,0.0
testing4666.jpg,Nanodomain,1.0,1.8404245e-31,1.0,0.0
testing4667.jpg,Outside,1.0,5.4916666e-30,3.7198793e-28,1.0
testing4668.jpg,Outside,1.0,1.5107338e-08,1.9939543e-17,1.0
testing4669.jpg,Nanodomain,1.0,0.0,1.0,0.0
testing4670.jpg,Nanodomain,1.0,0.0,1.0,0.0
testing4671.jpg,Nanodomain,1.0,0.0,1.0,0.0
testing4672.jpg,Nanodomain,1.0,0.0,1.0,0.0
testing4673.jpg,Nanodomain,1.0,0.0,1.0,0.0
testing4674.jpg,Nanodomain,1.0,0.0,1.0,0.0
testing4675.jpg,Nanodomain,1.0,0.0,1.0,0.0
testing4676.jpg,Nanodomain,1.0,0.0,1.0,0.0
testing4677.jpg,Nanodomain,1.0,0.0,1.0,0.0
testing4678.jpg,Nanodomain,1.0,0.0,1.0,0.0
testing4679.jpg,Nanodomain,1.0,0.0,1.0,0.0
testing4680.jpg,Nanodomain,1.0,0.0,1.0,0.0
testing4681.jpg,Nanodomain,1.0,0.0,1.0,0.0
testing4682.jpg,Nanodomain,1.0,0.0,1.0,0.0
testing4683.jpg,Nanodomain,1.0,0.0,1.0,0.0
testing4684.jpg,Outside,1.0,7.1141375e-26,2.0860806e-22,1.0
testing4685.jpg,Outside,1.0,3.3803833e-26,2.2880945e-25,1.0
testing4686.jpg,Outside,1.0,2.370453e-26,3.8532988e-24,1.0
testing4687.jpg,Outside,1.0,7.5573604e-30,5.825997e-28,1.0
testing4688.jpg,Outside,1.0,5.0110374e-26,6.6798356e-23,1.0
testing4689.jpg,Outside,1.0,3.953525e-29,5.217417e-26,1.0
testing4690.jpg,Outside,1.0,3.58275e-30,6.090312e-27,1.0
testing4691.jpg,Outside,1.0,1.8086817e-22,1.7330613e-21,1.0
testing4692.jpg,Outside,1.0,5.8465043e-27,1.1106542e-24,1.0
testing4693.jpg,Outside,1.0,7.4413373e-28,1.5437437e-25,1.0
testing4694.jpg,Outside,1.0,1.4417864e-30,9.482324e-27,1.0
testing4695.jpg,Outside,1.0,8.323045e-26,1.7081503e-24,1.0
testing4696.jpg,Outside,1.0,2.61289e-30,6.7835285e-30,1.0
testing4697.jpg,Outside,1.0,4.0176553e-13,7.6464834e-20,1.0
testing4698.jpg,Intermediate,0.72266924,0.72266924,1.4870274e-18,0.27733076
testing4699.jpg,Outside,1.0,1.1367581e-32,4.2221738e-29,1.0
testing4700.jpg,Outside,1.0,3.7359686e-25,1.2690227e-22,1.0
testing4701.jpg,Outside,1.0,2.308575e-25,2.4080593e-25,1.0
testing4702.jpg,Outside,1.0,1.527026e-20,1.0103416e-22,1.0
testing4703.jpg,Outside,1.0,4.592474e-28,1.1453752e-27,1.0
testing4704.jpg,Outside,1.0,3.1867496e-28,8.646905e-27,1.0
testing4705.jpg,Outside,1.0,1.1985865e-11,1.047817e-19,1.0
testing4706.jpg,Intermediate,1.0,1.0,1.2856363e-25,1.3546568e-20
testing4707.jpg,Nanodomain,1.0,0.0,1.0,0.0
testing4708.jpg,Nanodomain,1.0,6.1182102e-34,1.0,0.0
testing4709.jpg,Outside,0.9999982,1.8279466e-06,4.065739e-19,0.9999982
testing4710.jpg,Outside,1.0,2.1554609e-24,5.511405e-26,1.0
testing4711.jpg,Intermediate,1.0,1.0,1.5346155e-15,2.0710264e-19
testing4712.jpg,Nanodomain,1.0,0.0,1.0,0.0
testing4713.jpg,Intermediate,1.0,1.0,2.518415e-30,1.1354365e-24
testing4714.jpg,Nanodomain,1.0,0.0,1.0,0.0
testing4715.jpg,Nanodomain,1.0,0.0,1.0,0.0
testing4716.jpg,Nanodomain,1.0,0.0,1.0,0.0
testing4717.jpg,Nanodomain,1.0,0.0,1.0,0.0
testing4718.jpg,Nanodomain,1.0,0.0,1.0,0.0
testing4719.jpg,Nanodomain,1.0,0.0,1.0,0.0
testing4720.jpg,Nanodomain,1.0,0.0,1.0,0.0
testing4721.jpg,Nanodomain,1.0,0.0,1.0,0.0
testing4722.jpg,Nanodomain,1.0,0.0,1.0,0.0
testing4723.jpg,Nanodomain,1.0,0.0,1.0,0.0
testing4724.jpg,Nanodomain,1.0,0.0,1.0,0.0
testing4725.jpg,Nanodomain,1.0,0.0,1.0,0.0
testing4726.jpg,Nanodomain,1.0,0.0,1.0,0.0
testing4727.jpg,Intermediate,1.0,1.0,5.90648e-31,3.6624149e-22
testing4728.jpg,Nanodomain,1.0,0.0,1.0,0.0
testing4729.jpg,Nanodomain,1.0,0.0,1.0,0.0
testing4730.jpg,Nanodomain,1.0,0.0,1.0,0.0
testing4731.jpg,Nanodomain,1.0,0.0,1.0,0.0
testing4732.jpg,Nanodomain,1.0,0.0,1.0,0.0
testing4733.jpg,Nanodomain,1.0,0.0,1.0,0.0
testing4734.jpg,Nanodomain,1.0,0.0,1.0,0.0
testing4735.jpg,Nanodomain,1.0,0.0,1.0,0.0
testing4736.jpg,Nanodomain,1.0,0.0,1.0,0.0
testing4737.jpg,Nanodomain,1.0,0.0,1.0,0.0
testing4738.jpg,Nanodomain,1.0,0.0,1.0,0.0
testing4739.jpg,Outside,1.0,1.4390753e-33,4.045168e-28,1.0
testing4740.jpg,Outside,1.0,4.9221184e-29,9.375829e-25,1.0
testing4741.jpg,Outside,1.0,2.1660555e-29,2.330901e-25,1.0
testing4742.jpg,Outside,1.0,3.8693957e-33,1.7563039e-26,1.0
testing4743.jpg,Outside,1.0,1.8864316e-27,7.271557e-23,1.0
testing4744.jpg,Outside,1.0,1.4483172e-17,1.9834678e-19,1.0
testing4745.jpg,Outside,0.99988914,0.00011081979,1.1346578e-15,0.99988914
testing4746.jpg,Outside,1.0,4.384306e-22,2.817974e-23,1.0
testing4747.jpg,Outside,1.0,6.578123e-18,4.2973646e-19,1.0
testing4748.jpg,Intermediate,0.7072217,0.7072217,6.308826e-14,0.29277834
testing4749.jpg,Outside,1.0,4.3930866e-11,1.8245913e-16,1.0
testing4750.jpg,Intermediate,1.0,1.0,7.779429e-23,2.862363e-22
testing4751.jpg,Intermediate,1.0,1.0,1.9758758e-29,5.510029e-22
testing4752.jpg,Intermediate,1.0,1.0,2.0334997e-31,3.0032014e-21
testing4753.jpg,Intermediate,0.64355826,0.64355826,0.3564417,8.9744896e-21
testing4754.jpg,Intermediate,1.0,1.0,5.1522447e-27,5.2779556e-17
testing4755.jpg,Intermediate,0.99999547,0.99999547,1.2120329e-21,4.501934e-06
testing4756.jpg,Outside,1.0,1.322921e-08,6.17652e-15,1.0
testing4757.jpg,Outside,1.0,3.559428e-30,5.7509027e-27,1.0
testing4758.jpg,Outside,1.0,5.3818462e-33,4.1609393e-27,1.0
testing4759.jpg,Nanodomain,1.0,0.0,1.0,0.0
testing4760.jpg,Nanodomain,1.0,0.0,1.0,0.0
testing4761.jpg,Nanodomain,1.0,0.0,1.0,0.0
testing4762.jpg,Nanodomain,1.0,0.0,1.0,0.0
testing4763.jpg,Nanodomain,1.0,0.0,1.0,0.0
testing4764.jpg,Nanodomain,1.0,0.0,1.0,0.0
testing4765.jpg,Nanodomain,1.0,0.0,1.0,0.0
testing4766.jpg,Nanodomain,1.0,0.0,1.0,0.0
testing4767.jpg,Intermediate,0.9999504,0.9999504,1.1143253e-16,4.9593364e-05
testing4768.jpg,Intermediate,0.99839765,0.99839765,1.1804542e-16,0.0016022965
testing4769.jpg,Intermediate,0.9763326,0.9763326,4.578017e-18,0.023667315
testing4770.jpg,Intermediate,0.9999409,0.9999409,1.389984e-19,5.913491e-05
testing4771.jpg,Intermediate,0.9999511,0.9999511,3.1338074e-19,4.887787e-05
testing4772.jpg,Outside,1.0,3.2015636e-22,1.2132548e-21,1.0
testing4773.jpg,Outside,0.8933917,0.10660827,5.33017e-16,0.8933917
testing4774.jpg,Outside,0.99876106,0.0012389472,7.6164964e-13,0.99876106
testing4775.jpg,Outside,1.0,3.212445e-26,2.5931576e-24,1.0
testing4776.jpg,Intermediate,1.0,1.0,3.421557e-21,1.4813061e-17
testing4777.jpg,Nanodomain,1.0,1.8239654e-23,1.0,0.0
testing4778.jpg,Nanodomain,1.0,0.0,1.0,0.0
testing4779.jpg,Nanodomain,1.0,2.0344198e-34,1.0,0.0
testing4780.jpg,Nanodomain,1.0,2.9270287e-34,1.0,0.0
testing4781.jpg,Nanodomain,1.0,1.0178832e-26,1.0,0.0
testing4782.jpg,Outside,1.0,5.3939354e-24,1.4852738e-23,1.0
testing4783.jpg,Nanodomain,1.0,0.0,1.0,0.0
testing4784.jpg,Nanodomain,1.0,0.0,1.0,0.0
testing4785.jpg,Nanodomain,1.0,2.3807368e-35,1.0,0.0
testing4786.jpg,Nanodomain,1.0,2.2707567e-32,1.0,0.0
testing4787.jpg,Nanodomain,1.0,9.034879e-36,1.0,0.0
testing4788.jpg,Nanodomain,1.0,1.4282979e-30,1.0,0.0
testing4789.jpg,Nanodomain,1.0,2.1649107e-26,1.0,0.0
testing4790.jpg,Nanodomain,1.0,5.60555e-33,1.0,0.0
testing4791.jpg,Nanodomain,1.0,3.6056576e-24,1.0,0.0
testing4792.jpg,Nanodomain,1.0,8.751375e-18,1.0,5.3744087e-37
testing4793.jpg,Nanodomain,1.0,5.469778e-22,1.0,0.0
testing4794.jpg,Nanodomain,1.0,1.3621855e-21,1.0,0.0
testing4795.jpg,Intermediate,0.9999875,0.9999875,1.252554e-05,4.634348e-23
testing4796.jpg,Outside,1.0,2.1264141e-29,2.2009007e-25,1.0
testing4797.jpg,Nanodomain,1.0,0.0,1.0,0.0
testing4798.jpg,Nanodomain,1.0,0.0,1.0,0.0
testing4799.jpg,Nanodomain,1.0,0.0,1.0,0.0
testing4800.jpg,Nanodomain,1.0,0.0,1.0,0.0
testing4801.jpg,Nanodomain,1.0,0.0,1.0,0.0
testing4802.jpg,Nanodomain,1.0,0.0,1.0,0.0
testing4803.jpg,Nanodomain,1.0,0.0,1.0,0.0
testing4804.jpg,Nanodomain,1.0,0.0,1.0,0.0
testing4805.jpg,Nanodomain,1.0,0.0,1.0,0.0
testing4806.jpg,Nanodomain,1.0,0.0,1.0,0.0
testing4807.jpg,Nanodomain,1.0,0.0,1.0,0.0
testing4808.jpg,Nanodomain,1.0,0.0,1.0,0.0
testing4809.jpg,Nanodomain,1.0,0.0,1.0,0.0
testing4810.jpg,Nanodomain,1.0,0.0,1.0,0.0
testing4811.jpg,Nanodomain,1.0,0.0,1.0,0.0
testing4812.jpg,Outside,1.0,2.2498242e-30,2.306425e-27,1.0
testing4813.jpg,Outside,1.0,5.5458424e-27,8.438749e-25,1.0
testing4814.jpg,Outside,1.0,2.6157223e-30,1.0894994e-26,1.0
testing4815.jpg,Outside,1.0,2.4479756e-27,1.6859053e-26,1.0
testing4816.jpg,Outside,1.0,5.7746093e-24,2.3108884e-21,1.0
testing4817.jpg,Outside,1.0,6.2330007e-28,1.5091684e-25,1.0
testing4818.jpg,Outside,1.0,1.790989e-29,1.6884227e-25,1.0
testing4819.jpg,Outside,1.0,8.3753614e-29,2.1182714e-27,1.0
testing4820.jpg,Outside,1.0,1.2061695e-24,6.203174e-24,1.0
testing4821.jpg,Outside,1.0,1.5711712e-28,1.4545393e-26,1.0
testing4822.jpg,Outside,1.0,3.3419372e-30,2.5887048e-28,1.0
testing4823.jpg,Outside,1.0,9.03985e-27,1.6966484e-25,1.0
testing4824.jpg,Outside,1.0,3.337809e-30,3.0043577e-29,1.0
testing4825.jpg,Outside,1.0,2.9430065e-26,6.1023883e-25,1.0
testing4826.jpg,Outside,1.0,2.5432232e-25,3.8149188e-25,1.0
testing4827.jpg,Outside,1.0,2.7091404e-38,5.7911717e-33,1.0
testing4828.jpg,Outside,1.0,1.4839248e-32,2.596784e-29,1.0
testing4829.jpg,Outside,1.0,8.426435e-31,2.1019063e-28,1.0
testing4830.jpg,Outside,1.0,2.7781791e-18,3.911043e-22,1.0
testing4831.jpg,Outside,1.0,2.1542175e-26,1.2616839e-25,1.0
testing4832.jpg,Outside,1.0,9.285132e-34,4.7011745e-32,1.0
testing4833.jpg,Outside,1.0,8.0986877e-29,3.0702253e-28,1.0
testing4834.jpg,Outside,1.0,1.0238695e-32,1.2372789e-28,1.0
testing4835.jpg,Outside,1.0,2.6502356e-28,3.2864423e-27,1.0
testing4836.jpg,Outside,1.0,2.2181421e-28,5.757444e-27,1.0
testing4837.jpg,Outside,1.0,1.1930851e-26,7.476937e-27,1.0
testing4838.jpg,Outside,1.0,3.4075277e-29,4.7655408e-26,1.0
testing4839.jpg,Outside,1.0,3.472471e-28,2.6171847e-26,1.0
testing4840.jpg,Nanodomain,1.0,0.0,1.0,0.0
testing4841.jpg,Nanodomain,1.0,0.0,1.0,0.0
testing4842.jpg,Nanodomain,1.0,0.0,1.0,0.0
testing4843.jpg,Nanodomain,1.0,0.0,1.0,0.0
testing4844.jpg,Nanodomain,1.0,0.0,1.0,0.0
testing4845.jpg,Nanodomain,1.0,0.0,1.0,0.0
testing4846.jpg,Nanodomain,1.0,0.0,1.0,0.0
testing4847.jpg,Nanodomain,1.0,0.0,1.0,0.0
testing4848.jpg,Nanodomain,1.0,0.0,1.0,0.0
testing4849.jpg,Nanodomain,1.0,0.0,1.0,0.0
testing4850.jpg,Nanodomain,1.0,0.0,1.0,0.0
testing4851.jpg,Nanodomain,1.0,0.0,1.0,0.0
testing4852.jpg,Nanodomain,1.0,0.0,1.0,0.0
testing4853.jpg,Nanodomain,1.0,0.0,1.0,0.0
testing4854.jpg,Nanodomain,1.0,0.0,1.0,0.0
testing4855.jpg,Intermediate,1.0,1.0,9.939747e-33,2.083727e-29
testing4856.jpg,Nanodomain,1.0,0.0,1.0,0.0
testing4857.jpg,Intermediate,1.0,1.0,1.04838473e-19,2.2434033e-24
testing4858.jpg,Nanodomain,1.0,0.0,1.0,0.0
testing4859.jpg,Nanodomain,1.0,0.0,1.0,0.0
testing4860.jpg,Nanodomain,1.0,1.3158274e-26,1.0,0.0
testing4861.jpg,Nanodomain,1.0,0.0,1.0,0.0
testing4862.jpg,Nanodomain,1.0,0.0,1.0,0.0
testing4863.jpg,Nanodomain,1.0,0.0,1.0,0.0
testing4864.jpg,Nanodomain,1.0,0.0,1.0,0.0
testing4865.jpg,Nanodomain,1.0,0.0,1.0,0.0
testing4866.jpg,Nanodomain,1.0,0.0,1.0,0.0
testing4867.jpg,Nanodomain,1.0,0.0,1.0,0.0
testing4868.jpg,Nanodomain,1.0,0.0,1.0,0.0
testing4869.jpg,Nanodomain,1.0,0.0,1.0,0.0
testing4870.jpg,Outside,1.0,2.1386028e-34,4.908808e-28,1.0
testing4871.jpg,Outside,1.0,1.0909223e-25,1.8779058e-23,1.0
testing4872.jpg,Outside,1.0,3.8709684e-29,7.230135e-27,1.0
testing4873.jpg,Intermediate,1.0,1.0,6.022312e-30,3.6581464e-27
testing4874.jpg,Intermediate,1.0,1.0,3.7651113e-33,9.948449e-30
testing4875.jpg,Intermediate,0.9974548,0.9974548,6.2043605e-15,0.0025452324
testing4876.jpg,Intermediate,1.0,1.0,1.9667126e-33,4.3849766e-29
testing4877.jpg,Outside,1.0,2.7539032e-08,8.132707e-15,1.0
testing4878.jpg,Intermediate,1.0,1.0,9.668593e-30,1.2613603e-27
testing4879.jpg,Intermediate,1.0,1.0,7.490799e-23,1.4173169e-24
testing4880.jpg,Intermediate,1.0,1.0,2.1263676e-27,5.846625e-24
testing4881.jpg,Intermediate,0.9999714,0.9999714,2.8549885e-05,4.05219e-19
testing4882.jpg,Outside,1.0,9.168579e-11,1.6793925e-16,1.0
testing4883.jpg,Outside,1.0,1.6843815e-34,8.612659e-29,1.0
testing4884.jpg,Outside,1.0,4.1655174e-25,5.594147e-24,1.0
testing4885.jpg,Intermediate,0.9999999,0.9999999,9.600395e-08,4.3212804e-20
testing4886.jpg,Nanodomain,1.0,0.0,1.0,0.0
testing4887.jpg,Nanodomain,1.0,0.0,1.0,0.0
testing4888.jpg,Nanodomain,1.0,0.0,1.0,0.0
testing4889.jpg,Nanodomain,1.0,0.0,1.0,0.0
testing4890.jpg,Nanodomain,1.0,0.0,1.0,0.0
testing4891.jpg,Nanodomain,1.0,0.0,1.0,0.0
testing4892.jpg,Nanodomain,1.0,0.0,1.0,0.0
testing4893.jpg,Nanodomain,1.0,0.0,1.0,0.0
testing4894.jpg,Nanodomain,1.0,0.0,1.0,0.0
testing4895.jpg,Intermediate,1.0,1.0,4.517707e-35,3.6633776e-30
testing4896.jpg,Intermediate,1.0,1.0,2.0170642e-26,1.065367e-24
testing4897.jpg,Intermediate,1.0,1.0,8.0852476e-32,2.925768e-26
testing4898.jpg,Intermediate,1.0,1.0,9.2335503e-29,2.5113975e-26
testing4899.jpg,Intermediate,1.0,1.0,1.8564709e-26,8.963321e-25
testing4900.jpg,Outside,1.0,1.389207e-27,3.2831894e-24,1.0
testing4901.jpg,Outside,1.0,2.3139056e-28,1.0473868e-24,1.0
testing4902.jpg,Intermediate,1.0,1.0,3.6601743e-25,2.95442e-21
testing4903.jpg,Nanodomain,1.0,7.528496e-31,1.0,0.0
testing4904.jpg,Nanodomain,1.0,5.0056777e-30,1.0,0.0
testing4905.jpg,Nanodomain,1.0,0.0,1.0,0.0
testing4906.jpg,Nanodomain,1.0,0.0,1.0,0.0
testing4907.jpg,Nanodomain,1.0,2.1766556e-31,1.0,0.0
testing4908.jpg,Nanodomain,1.0,2.034628e-28,1.0,0.0
testing4909.jpg,Nanodomain,1.0,1.9072147e-10,1.0,2.8774093e-34
testing4910.jpg,Nanodomain,1.0,5.1807847e-34,1.0,0.0
testing4911.jpg,Nanodomain,1.0,8.959207e-20,1.0,0.0
testing4912.jpg,Outside,0.9657876,0.034212362,1.2043056e-15,0.9657876
testing4913.jpg,Intermediate,1.0,1.0,6.6917226e-30,4.404494e-20
testing4914.jpg,Nanodomain,1.0,2.4868703e-32,1.0,0.0
testing4915.jpg,Nanodomain,1.0,0.0,1.0,0.0
testing4916.jpg,Nanodomain,1.0,0.0,1.0,0.0
testing4917.jpg,Nanodomain,1.0,0.0,1.0,0.0
testing4918.jpg,Nanodomain,1.0,0.0,1.0,0.0
testing4919.jpg,Nanodomain,1.0,0.0,1.0,0.0
testing4920.jpg,Nanodomain,1.0,0.0,1.0,0.0
testing4921.jpg,Nanodomain,1.0,0.0,1.0,0.0
testing4922.jpg,Outside,1.0,3.990247e-24,1.0246952e-22,1.0
testing4923.jpg,Outside,1.0,1.8915316e-29,1.7755837e-26,1.0
testing4924.jpg,Outside,1.0,8.848477e-28,3.054008e-23,1.0
testing4925.jpg,Nanodomain,1.0,0.0,1.0,0.0
testing4926.jpg,Nanodomain,1.0,0.0,1.0,0.0
testing4927.jpg,Nanodomain,1.0,0.0,1.0,0.0
testing4928.jpg,Nanodomain,1.0,0.0,1.0,0.0
testing4929.jpg,Nanodomain,1.0,0.0,1.0,0.0
testing4930.jpg,Nanodomain,1.0,0.0,1.0,0.0
testing4931.jpg,Nanodomain,1.0,0.0,1.0,0.0
testing4932.jpg,Nanodomain,1.0,0.0,1.0,0.0
testing4933.jpg,Nanodomain,1.0,0.0,1.0,0.0
testing4934.jpg,Nanodomain,1.0,0.0,1.0,0.0
testing4935.jpg,Nanodomain,1.0,0.0,1.0,0.0
testing4936.jpg,Nanodomain,1.0,0.0,1.0,0.0
testing4937.jpg,Nanodomain,1.0,0.0,1.0,0.0
testing4938.jpg,Nanodomain,1.0,0.0,1.0,0.0
testing4939.jpg,Outside,1.0,3.543652e-26,1.5015668e-23,1.0
testing4940.jpg,Outside,1.0,8.199718e-29,2.0995945e-24,1.0
testing4941.jpg,Outside,1.0,4.5859397e-30,2.774122e-26,1.0
testing4942.jpg,Outside,1.0,2.0213942e-25,5.3533888e-24,1.0
testing4943.jpg,Outside,1.0,1.9689932e-27,7.91686e-26,1.0
testing4944.jpg,Outside,1.0,1.5398639e-30,1.1958183e-27,1.0
testing4945.jpg,Outside,1.0,2.2132772e-25,3.719988e-23,1.0
testing4946.jpg,Outside,1.0,2.008234e-27,2.565241e-27,1.0
testing4947.jpg,Outside,1.0,1.1818602e-26,3.252722e-24,1.0
testing4948.jpg,Outside,1.0,5.689624e-29,1.2593855e-25,1.0
testing4949.jpg,Outside,1.0,2.5961052e-33,1.7514649e-28,1.0
testing4950.jpg,Outside,1.0,3.144603e-29,1.534841e-26,1.0
testing4951.jpg,Outside,1.0,8.64193e-26,5.2905736e-25,1.0
testing4952.jpg,Outside,1.0,2.2083311e-21,9.216696e-21,1.0
testing4953.jpg,Outside,1.0,3.0638566e-23,1.3551812e-24,1.0
testing4954.jpg,Outside,1.0,1.6697718e-24,1.6431078e-23,1.0
testing4955.jpg,Outside,1.0,4.0736627e-27,9.293502e-25,1.0
testing4956.jpg,Outside,1.0,1.4504815e-21,1.1358499e-21,1.0
testing4957.jpg,Outside,1.0,5.51166e-25,9.78382e-25,1.0
testing4958.jpg,Outside,1.0,5.0113267e-25,1.18300586e-26,1.0
testing4959.jpg,Outside,1.0,1.6092333e-22,5.096344e-25,1.0
testing4960.jpg,Outside,1.0,1.7486644e-24,4.5882132e-23,1.0
testing4961.jpg,Outside,1.0,2.443585e-24,7.11257e-24,1.0
testing4962.jpg,Outside,1.0,2.3176508e-21,1.4029512e-21,1.0
testing4963.jpg,Outside,1.0,6.390093e-28,2.7094138e-27,1.0
testing4964.jpg,Outside,1.0,6.748566e-27,3.0603828e-26,1.0
testing4965.jpg,Outside,1.0,1.7194491e-22,8.9921515e-26,1.0
testing4966.jpg,Outside,1.0,7.8870776e-26,2.126467e-25,1.0
testing4967.jpg,Outside,1.0,2.7974042e-27,8.333938e-27,1.0
testing4968.jpg,Nanodomain,1.0,0.0,1.0,0.0
testing4969.jpg,Nanodomain,1.0,0.0,1.0,0.0
testing4970.jpg,Nanodomain,1.0,0.0,1.0,0.0
testing4971.jpg,Nanodomain,1.0,0.0,1.0,0.0
testing4972.jpg,Nanodomain,1.0,0.0,1.0,0.0
testing4973.jpg,Nanodomain,1.0,0.0,1.0,0.0
testing4974.jpg,Nanodomain,1.0,0.0,1.0,0.0
testing4975.jpg,Nanodomain,1.0,0.0,1.0,0.0
testing4976.jpg,Nanodomain,1.0,0.0,1.0,0.0
testing4977.jpg,Nanodomain,1.0,0.0,1.0,0.0
testing4978.jpg,Nanodomain,1.0,0.0,1.0,0.0
testing4979.jpg,Nanodomain,1.0,0.0,1.0,0.0
testing4980.jpg,Nanodomain,1.0,0.0,1.0,0.0
testing4981.jpg,Nanodomain,1.0,0.0,1.0,0.0
testing4982.jpg,Nanodomain,1.0,0.0,1.0,0.0
testing4983.jpg,Nanodomain,1.0,0.0,1.0,0.0
testing4984.jpg,Nanodomain,1.0,0.0,1.0,0.0
testing4985.jpg,Nanodomain,1.0,0.0,1.0,0.0
testing4986.jpg,Nanodomain,1.0,0.0,1.0,0.0
testing4987.jpg,Nanodomain,1.0,0.0,1.0,0.0
testing4988.jpg,Nanodomain,1.0,0.0,1.0,0.0
testing4989.jpg,Nanodomain,1.0,0.0,1.0,0.0
testing4990.jpg,Nanodomain,1.0,0.0,1.0,0.0
testing4991.jpg,Nanodomain,1.0,0.0,1.0,0.0
testing4992.jpg,Nanodomain,1.0,0.0,1.0,0.0
testing4993.jpg,Nanodomain,1.0,0.0,1.0,0.0
testing4994.jpg,Nanodomain,1.0,0.0,1.0,0.0
testing4995.jpg,Nanodomain,1.0,0.0,1.0,0.0
testing4996.jpg,Nanodomain,1.0,0.0,1.0,0.0
testing4997.jpg,Nanodomain,1.0,0.0,1.0,0.0
testing4998.jpg,Outside,1.0,9.954936e-31,8.7619235e-27,1.0
testing4999.jpg,Outside,1.0,2.8070824e-24,3.507629e-22,1.0
testing5000.jpg,Outside,1.0,5.970466e-34,4.0649987e-28,1.0
testing5001.jpg,Outside,1.0,7.0325585e-29,1.8391179e-25,1.0
testing5002.jpg,Outside,1.0,8.798279e-31,1.119142e-26,1.0
testing5003.jpg,Outside,1.0,3.586998e-33,1.5196869e-27,1.0
testing5004.jpg,Intermediate,1.0,1.0,6.688362e-35,6.1213976e-30
testing5005.jpg,Intermediate,1.0,1.0,8.537582e-30,6.3639693e-27
testing5006.jpg,Intermediate,1.0,1.0,1.0939066e-24,2.0221423e-25
testing5007.jpg,Intermediate,1.0,1.0,1.2209273e-17,1.2219866e-22
testing5008.jpg,Intermediate,1.0,1.0,1.154478e-26,2.5915549e-17
testing5009.jpg,Intermediate,0.9995497,0.9995497,2.1499918e-16,0.0004503289
testing5010.jpg,Outside,0.99712163,0.002878304,2.1446405e-14,0.99712163
testing5011.jpg,Intermediate,1.0,1.0,3.2054365e-30,1.6566187e-25
testing5012.jpg,Outside,1.0,1.2605903e-20,4.5382444e-20,1.0
testing5013.jpg,Intermediate,1.0,1.0,2.9640921e-30,3.300729e-26
testing5014.jpg,Nanodomain,1.0,0.0,1.0,0.0
testing5015.jpg,Nanodomain,1.0,0.0,1.0,0.0
testing5016.jpg,Nanodomain,1.0,0.0,1.0,0.0
testing5017.jpg,Nanodomain,1.0,0.0,1.0,0.0
testing5018.jpg,Nanodomain,1.0,0.0,1.0,0.0
testing5019.jpg,Nanodomain,1.0,0.0,1.0,0.0
testing5020.jpg,Nanodomain,1.0,0.0,1.0,0.0
testing5021.jpg,Nanodomain,1.0,0.0,1.0,0.0
testing5022.jpg,Nanodomain,1.0,0.0,1.0,0.0
testing5023.jpg,Nanodomain,1.0,0.0,1.0,0.0
testing5024.jpg,Intermediate,1.0,1.0,2.3240387e-32,1.0976514e-25
testing5025.jpg,Intermediate,1.0,1.0,2.98931e-31,1.6392102e-27
testing5026.jpg,Intermediate,1.0,1.0,5.6959104e-33,1.7426497e-26
testing5027.jpg,Intermediate,1.0,1.0,2.2961216e-32,2.719375e-27
testing5028.jpg,Outside,1.0,4.062288e-27,3.2540217e-26,1.0
testing5029.jpg,Intermediate,1.0,1.0,2.6300465e-25,4.713287e-13
testing5030.jpg,Outside,1.0,5.490974e-23,2.3290928e-21,1.0
testing5031.jpg,Outside,1.0,1.5008746e-22,1.6044644e-22,1.0
testing5032.jpg,Outside,1.0,3.151972e-17,8.0741125e-19,1.0
testing5033.jpg,Outside,0.90060204,0.099397965,1.3432823e-13,0.90060204
testing5034.jpg,Outside,1.0,2.935474e-17,3.472803e-20,1.0
testing5035.jpg,Outside,1.0,6.216022e-21,6.3445003e-21,1.0
testing5036.jpg,Outside,1.0,1.094652e-27,1.6669015e-24,1.0
testing5037.jpg,Nanodomain,1.0,0.0,1.0,0.0
testing5038.jpg,Nanodomain,1.0,0.0,1.0,0.0
testing5039.jpg,Nanodomain,1.0,0.0,1.0,0.0
testing5040.jpg,Nanodomain,1.0,0.0,1.0,0.0
testing5041.jpg,Nanodomain,1.0,0.0,1.0,0.0
testing5042.jpg,Nanodomain,1.0,0.0,1.0,0.0
testing5043.jpg,Nanodomain,1.0,0.0,1.0,0.0
testing5044.jpg,Nanodomain,1.0,0.0,1.0,0.0
testing5045.jpg,Nanodomain,1.0,0.0,1.0,0.0
testing5046.jpg,Nanodomain,1.0,0.0,1.0,0.0
testing5047.jpg,Nanodomain,1.0,0.0,1.0,0.0
testing5048.jpg,Nanodomain,1.0,0.0,1.0,0.0
testing5049.jpg,Nanodomain,1.0,0.0,1.0,0.0
testing5050.jpg,Nanodomain,1.0,0.0,1.0,0.0
testing5051.jpg,Outside,1.0,3.613637e-28,5.3269473e-24,1.0
testing5052.jpg,Outside,1.0,1.949305e-30,8.466241e-28,1.0
testing5053.jpg,Nanodomain,1.0,0.0,1.0,0.0
testing5054.jpg,Nanodomain,1.0,0.0,1.0,0.0
testing5055.jpg,Nanodomain,1.0,0.0,1.0,0.0
testing5056.jpg,Nanodomain,1.0,0.0,1.0,0.0
testing5057.jpg,Nanodomain,1.0,0.0,1.0,0.0
testing5058.jpg,Nanodomain,1.0,0.0,1.0,0.0
testing5059.jpg,Nanodomain,1.0,0.0,1.0,0.0
testing5060.jpg,Nanodomain,1.0,0.0,1.0,0.0
testing5061.jpg,Nanodomain,1.0,0.0,1.0,0.0
testing5062.jpg,Nanodomain,1.0,0.0,1.0,0.0
testing5063.jpg,Nanodomain,1.0,0.0,1.0,0.0
testing5064.jpg,Nanodomain,1.0,0.0,1.0,0.0
testing5065.jpg,Nanodomain,1.0,0.0,1.0,0.0
testing5066.jpg,Nanodomain,1.0,0.0,1.0,0.0
testing5067.jpg,Outside,1.0,4.1118845e-26,1.3824431e-23,1.0
testing5068.jpg,Outside,1.0,3.2312566e-29,8.605029e-24,1.0
testing5069.jpg,Outside,1.0,4.526553e-29,8.953961e-24,1.0
testing5070.jpg,Outside,1.0,1.9198647e-25,1.2833016e-21,1.0
testing5071.jpg,Outside,1.0,5.646941e-29,1.3914625e-25,1.0
testing5072.jpg,Outside,1.0,1.05274285e-23,2.1123057e-22,1.0
testing5073.jpg,Outside,1.0,4.8863115e-29,4.2016624e-26,1.0
testing5074.jpg,Outside,1.0,1.1824677e-28,3.2115138e-26,1.0
testing5075.jpg,Outside,1.0,2.2049427e-25,2.5613154e-23,1.0
testing5076.jpg,Outside,1.0,4.4850305e-27,1.1534485e-25,1.0
testing5077.jpg,Outside,1.0,9.1086354e-26,2.7248736e-23,1.0
testing5078.jpg,Outside,1.0,7.5913147e-29,1.7536739e-25,1.0
testing5079.jpg,Outside,1.0,6.6100858e-28,6.0068824e-26,1.0
testing5080.jpg,Outside,1.0,4.9836686e-31,9.820603e-27,1.0
testing5081.jpg,Outside,1.0,3.166851e-28,1.0403261e-25,1.0
testing5082.jpg,Outside,1.0,5.8828696e-31,8.781628e-28,1.0
testing5083.jpg,Outside,1.0,3.7687851e-28,2.9818484e-25,1.0
testing5084.jpg,Outside,1.0,3.2043468e-31,4.1108316e-27,1.0
testing5085.jpg,Outside,1.0,3.4258264e-29,1.4844e-25,1.0
testing5086.jpg,Outside,1.0,5.9685517e-27,1.1440669e-24,1.0
testing5087.jpg,Outside,1.0,1.294208e-25,4.1368118e-23,1.0
testing5088.jpg,Outside,1.0,6.645373e-30,7.791794e-28,1.0
testing5089.jpg,Outside,1.0,2.7764633e-25,5.4462686e-23,1.0
testing5090.jpg,Outside,1.0,7.840787e-27,1.667792e-24,1.0
testing5091.jpg,Outside,1.0,5.278297e-25,1.3152981e-22,1.0
testing5092.jpg,Outside,1.0,4.5718065e-31,1.6869201e-28,1.0
testing5093.jpg,Outside,1.0,8.349021e-27,3.773709e-26,1.0
testing5094.jpg,Outside,1.0,2.9910828e-28,8.838463e-27,1.0
testing5095.jpg,Outside,1.0,1.9523387e-25,1.3192623e-23,1.0
testing5096.jpg,Nanodomain,1.0,0.0,1.0,0.0
testing5097.jpg,Nanodomain,1.0,0.0,1.0,0.0
testing5098.jpg,Nanodomain,1.0,0.0,1.0,0.0
testing5099.jpg,Nanodomain,1.0,0.0,1.0,0.0
testing5100.jpg,Nanodomain,1.0,0.0,1.0,0.0
testing5101.jpg,Nanodomain,1.0,0.0,1.0,0.0
testing5102.jpg,Nanodomain,1.0,0.0,1.0,0.0
testing5103.jpg,Nanodomain,1.0,0.0,1.0,0.0
testing5104.jpg,Nanodomain,1.0,0.0,1.0,0.0
testing5105.jpg,Nanodomain,1.0,0.0,1.0,0.0
testing5106.jpg,Nanodomain,1.0,0.0,1.0,0.0
testing5107.jpg,Nanodomain,1.0,0.0,1.0,0.0
testing5108.jpg,Nanodomain,1.0,0.0,1.0,0.0
testing5109.jpg,Nanodomain,1.0,0.0,1.0,0.0
testing5110.jpg,Nanodomain,1.0,0.0,1.0,0.0
testing5111.jpg,Nanodomain,1.0,0.0,1.0,0.0
testing5112.jpg,Nanodomain,1.0,0.0,1.0,0.0
testing5113.jpg,Nanodomain,1.0,0.0,1.0,0.0
testing5114.jpg,Nanodomain,1.0,0.0,1.0,0.0
testing5115.jpg,Nanodomain,1.0,0.0,1.0,0.0
testing5116.jpg,Nanodomain,1.0,0.0,1.0,0.0
testing5117.jpg,Nanodomain,1.0,0.0,1.0,0.0
testing5118.jpg,Nanodomain,1.0,0.0,1.0,0.0
testing5119.jpg,Nanodomain,1.0,0.0,1.0,0.0
testing5120.jpg,Nanodomain,1.0,0.0,1.0,0.0
testing5121.jpg,Nanodomain,1.0,0.0,1.0,0.0
testing5122.jpg,Nanodomain,1.0,0.0,1.0,0.0
testing5123.jpg,Nanodomain,1.0,0.0,1.0,0.0
testing5124.jpg,Nanodomain,1.0,0.0,1.0,0.0
testing5125.jpg,Nanodomain,1.0,0.0,1.0,0.0
testing5126.jpg,Nanodomain,1.0,0.0,1.0,0.0
testing5127.jpg,Outside,1.0,3.6789582e-26,2.8468995e-22,1.0
testing5128.jpg,Outside,1.0,6.702043e-30,2.4755587e-25,1.0
testing5129.jpg,Outside,1.0,2.3350905e-27,1.690436e-22,1.0
testing5130.jpg,Intermediate,0.9994904,0.9994904,8.696331e-21,0.000509574
testing5131.jpg,Intermediate,1.0,1.0,2.7250685e-25,1.3199589e-20
testing5132.jpg,Intermediate,1.0,1.0,3.6400996e-23,1.0995759e-12
testing5133.jpg,Intermediate,0.9999999,0.9999999,3.7348665e-20,7.752129e-08
testing5134.jpg,Intermediate,1.0,1.0,1.4346811e-23,2.1685425e-23
testing5135.jpg,Intermediate,1.0,1.0,8.420467e-14,1.6892049e-22
testing5136.jpg,Intermediate,0.99965584,0.99965584,4.285149e-19,0.000344108
testing5137.jpg,Intermediate,1.0,1.0,1.5095012e-34,6.4270726e-23
testing5138.jpg,Outside,1.0,1.7294724e-24,1.9746394e-22,1.0
testing5139.jpg,Intermediate,1.0,1.0,2.2298386e-23,1.1686455e-23
testing5140.jpg,Intermediate,1.0,1.0,9.901685e-31,3.9218328e-28
testing5141.jpg,Intermediate,1.0,1.0,1.2344496e-14,9.8043786e-23
testing5142.jpg,Nanodomain,1.0,0.0,1.0,0.0
testing5143.jpg,Nanodomain,1.0,0.0,1.0,0.0
testing5144.jpg,Nanodomain,1.0,0.0,1.0,0.0
testing5145.jpg,Nanodomain,1.0,0.0,1.0,0.0
testing5146.jpg,Nanodomain,1.0,0.0,1.0,0.0
testing5147.jpg,Nanodomain,1.0,0.0,1.0,0.0
testing5148.jpg,Nanodomain,1.0,0.0,1.0,0.0
testing5149.jpg,Nanodomain,1.0,0.0,1.0,0.0
testing5150.jpg,Nanodomain,1.0,0.0,1.0,0.0
testing5151.jpg,Nanodomain,1.0,0.0,1.0,0.0
testing5152.jpg,Intermediate,1.0,1.0,2.8953648e-21,9.725723e-12
testing5153.jpg,Nanodomain,1.0,0.0,1.0,0.0
testing5154.jpg,Nanodomain,1.0,0.0,1.0,0.0
testing5155.jpg,Nanodomain,1.0,0.0,1.0,0.0
testing5156.jpg,Nanodomain,1.0,0.0,1.0,0.0
testing5157.jpg,Nanodomain,1.0,0.0,1.0,0.0
testing5158.jpg,Nanodomain,1.0,0.0,1.0,0.0
testing5159.jpg,Nanodomain,1.0,0.0,1.0,0.0
testing5160.jpg,Nanodomain,1.0,0.0,1.0,0.0
testing5161.jpg,Nanodomain,0.8147542,0.18524581,0.8147542,1.1192777e-19
testing5162.jpg,Outside,1.0,2.4893434e-09,3.0786646e-16,1.0
testing5163.jpg,Intermediate,0.9999995,0.9999995,3.0187979e-21,5.0774787e-07
testing5164.jpg,Nanodomain,1.0,0.0,1.0,0.0
testing5165.jpg,Nanodomain,1.0,0.0,1.0,0.0
testing5166.jpg,Nanodomain,1.0,0.0,1.0,0.0
testing5167.jpg,Nanodomain,1.0,0.0,1.0,0.0
testing5168.jpg,Nanodomain,1.0,0.0,1.0,0.0
testing5169.jpg,Nanodomain,1.0,0.0,1.0,0.0
testing5170.jpg,Nanodomain,1.0,0.0,1.0,0.0
testing5171.jpg,Nanodomain,1.0,0.0,1.0,0.0
testing5172.jpg,Nanodomain,1.0,0.0,1.0,0.0
testing5173.jpg,Nanodomain,1.0,0.0,1.0,0.0
testing5174.jpg,Nanodomain,1.0,0.0,1.0,0.0
testing5175.jpg,Nanodomain,1.0,0.0,1.0,0.0
testing5176.jpg,Nanodomain,1.0,0.0,1.0,0.0
testing5177.jpg,Nanodomain,1.0,0.0,1.0,0.0
testing5178.jpg,Outside,1.0,2.563354e-19,1.19887366e-20,1.0
testing5179.jpg,Outside,1.0,6.0681347e-22,4.043664e-24,1.0
testing5180.jpg,Outside,1.0,2.6353247e-21,2.7913367e-21,1.0
testing5181.jpg,Outside,1.0,7.8495273e-19,8.333142e-20,1.0
testing5182.jpg,Outside,1.0,7.2018563e-22,4.687826e-20,1.0
testing5183.jpg,Intermediate,1.0,1.0,7.232443e-37,1.3998083e-28
testing5184.jpg,Intermediate,1.0,1.0,7.3021427e-28,5.7159757e-19
testing5185.jpg,Nanodomain,1.0,0.0,1.0,0.0
testing5186.jpg,Nanodomain,1.0,8.7685954e-38,1.0,0.0
testing5187.jpg,Intermediate,1.0,1.0,5.4021683e-33,1.716661e-25
testing5188.jpg,Nanodomain,1.0,0.0,1.0,0.0
testing5189.jpg,Nanodomain,1.0,0.0,1.0,0.0
testing5190.jpg,Nanodomain,1.0,0.0,1.0,0.0
testing5191.jpg,Nanodomain,1.0,0.0,1.0,0.0
testing5192.jpg,Nanodomain,1.0,0.0,1.0,0.0
testing5193.jpg,Nanodomain,1.0,0.0,1.0,0.0
testing5194.jpg,Outside,1.0,1.2819395e-24,3.616558e-22,1.0
testing5195.jpg,Outside,1.0,3.5254059e-28,1.3722224e-25,1.0
testing5196.jpg,Outside,1.0,2.9978681e-28,5.0833522e-26,1.0
testing5197.jpg,Outside,1.0,6.389066e-29,2.1728117e-26,1.0
testing5198.jpg,Outside,1.0,5.5658993e-32,2.2377833e-28,1.0
testing5199.jpg,Outside,1.0,1.0054689e-32,6.0858935e-29,1.0
testing5200.jpg,Outside,1.0,4.0357963e-28,2.5854716e-25,1.0
testing5201.jpg,Outside,1.0,6.167264e-31,1.371474e-25,1.0
testing5202.jpg,Outside,1.0,2.1860608e-29,4.672837e-24,1.0
testing5203.jpg,Outside,1.0,1.3200922e-24,6.6346825e-23,1.0
testing5204.jpg,Outside,1.0,6.3793377e-25,1.3559014e-22,1.0
testing5205.jpg,Outside,1.0,2.1751278e-24,3.84269e-22,1.0
testing5206.jpg,Outside,1.0,3.5660605e-30,6.145811e-27,1.0
testing5207.jpg,Outside,1.0,2.1929196e-20,4.0366382e-23,1.0
testing5208.jpg,Outside,1.0,9.3962784e-24,1.6945811e-22,1.0
testing5209.jpg,Outside,1.0,6.788528e-29,4.8919114e-27,1.0
testing5210.jpg,Outside,1.0,4.464364e-25,3.637795e-23,1.0
testing5211.jpg,Outside,1.0,6.234924e-29,1.458334e-26,1.0
testing5212.jpg,Outside,1.0,1.6932865e-32,2.649254e-29,1.0
testing5213.jpg,Outside,1.0,3.794901e-26,2.6797135e-23,1.0
testing5214.jpg,Outside,1.0,9.12889e-24,2.9152557e-23,1.0
testing5215.jpg,Outside,1.0,7.0736176e-36,1.6194653e-33,1.0
testing5216.jpg,Outside,1.0,4.2524465e-30,5.38774e-26,1.0
testing5217.jpg,Outside,1.0,9.058465e-25,9.210427e-24,1.0
testing5218.jpg,Outside,1.0,6.5641185e-23,1.01695764e-22,1.0
testing5219.jpg,Outside,1.0,4.516357e-30,3.5756385e-29,1.0
testing5220.jpg,Outside,1.0,2.5790313e-31,1.0994804e-29,1.0
testing5221.jpg,Outside,1.0,9.7153447e-26,4.5841846e-25,1.0
testing5222.jpg,Outside,1.0,9.131358e-25,2.1382874e-24,1.0
testing5223.jpg,Outside,1.0,2.2379506e-31,7.8357293e-28,1.0
testing5224.jpg,Nanodomain,1.0,0.0,1.0,0.0
testing5225.jpg,Nanodomain,1.0,0.0,1.0,0.0
testing5226.jpg,Nanodomain,1.0,0.0,1.0,0.0
testing5227.jpg,Nanodomain,1.0,0.0,1.0,0.0
testing5228.jpg,Nanodomain,1.0,0.0,1.0,0.0
testing5229.jpg,Nanodomain,1.0,0.0,1.0,0.0
testing5230.jpg,Nanodomain,1.0,0.0,1.0,0.0
testing5231.jpg,Nanodomain,1.0,0.0,1.0,0.0
testing5232.jpg,Nanodomain,1.0,0.0,1.0,0.0
testing5233.jpg,Nanodomain,1.0,0.0,1.0,0.0
testing5234.jpg,Nanodomain,1.0,0.0,1.0,0.0
testing5235.jpg,Nanodomain,1.0,0.0,1.0,0.0
testing5236.jpg,Nanodomain,1.0,0.0,1.0,0.0
testing5237.jpg,Nanodomain,1.0,0.0,1.0,0.0
testing5238.jpg,Nanodomain,1.0,0.0,1.0,0.0
testing5239.jpg,Outside,0.99999094,9.099034e-06,8.250568e-14,0.99999094
testing5240.jpg,Intermediate,1.0,1.0,4.5227615e-19,1.4240811e-08
testing5241.jpg,Nanodomain,1.0,1.2916782e-17,1.0,3.9223705e-36
testing5242.jpg,Nanodomain,1.0,0.0,1.0,0.0
testing5243.jpg,Nanodomain,1.0,0.0,1.0,0.0
testing5244.jpg,Nanodomain,1.0,0.0,1.0,0.0
testing5245.jpg,Nanodomain,1.0,0.0,1.0,0.0
testing5246.jpg,Nanodomain,1.0,0.0,1.0,0.0
testing5247.jpg,Nanodomain,1.0,0.0,1.0,0.0
testing5248.jpg,Nanodomain,1.0,0.0,1.0,0.0
testing5249.jpg,Nanodomain,1.0,0.0,1.0,0.0
testing5250.jpg,Nanodomain,1.0,0.0,1.0,0.0
testing5251.jpg,Nanodomain,1.0,0.0,1.0,0.0
testing5252.jpg,Nanodomain,1.0,0.0,1.0,0.0
testing5253.jpg,Nanodomain,1.0,0.0,1.0,0.0
testing5254.jpg,Nanodomain,1.0,0.0,1.0,0.0
testing5255.jpg,Nanodomain,1.0,0.0,1.0,0.0
testing5256.jpg,Outside,1.0,2.225742e-31,3.806587e-26,1.0
testing5257.jpg,Outside,1.0,7.4183475e-29,1.6851357e-24,1.0
testing5258.jpg,Outside,1.0,3.8928044e-32,8.259846e-27,1.0
testing5259.jpg,Intermediate,1.0,1.0,1.01450106e-22,2.6396987e-23
testing5260.jpg,Intermediate,1.0,1.0,2.3624904e-34,6.096489e-29
testing5261.jpg,Outside,1.0,2.66218e-22,2.3293782e-20,1.0
testing5262.jpg,Intermediate,0.6409605,0.6409605,2.2777626e-18,0.3590395
testing5263.jpg,Outside,1.0,2.6464148e-22,1.7831158e-21,1.0
testing5264.jpg,Outside,1.0,1.1197931e-30,1.2858956e-26,1.0
testing5265.jpg,Intermediate,1.0,1.0,3.835106e-36,1.4072012e-29
testing5266.jpg,Outside,1.0,6.2846256e-26,2.6314916e-25,1.0
testing5267.jpg,Intermediate,1.0,1.0,1.1580301e-16,2.7086429e-24
testing5268.jpg,Intermediate,1.0,1.0,1.17603525e-35,3.4692367e-30
testing5269.jpg,Nanodomain,1.0,5.3920426e-13,1.0,2.0341844e-29
testing5270.jpg,Nanodomain,1.0,3.428227e-17,1.0,1.8298223e-35
testing5271.jpg,Nanodomain,1.0,3.6902184e-10,1.0,1.710974e-24
testing5272.jpg,Nanodomain,1.0,0.0,1.0,0.0
testing5273.jpg,Nanodomain,1.0,0.0,1.0,0.0
testing5274.jpg,Nanodomain,1.0,0.0,1.0,0.0
testing5275.jpg,Nanodomain,1.0,0.0,1.0,0.0
testing5276.jpg,Nanodomain,1.0,0.0,1.0,0.0
testing5277.jpg,Nanodomain,1.0,0.0,1.0,0.0
testing5278.jpg,Nanodomain,1.0,0.0,1.0,0.0
testing5279.jpg,Nanodomain,1.0,0.0,1.0,0.0
testing5280.jpg,Nanodomain,1.0,0.0,1.0,0.0
testing5281.jpg,Nanodomain,1.0,0.0,1.0,0.0
testing5282.jpg,Nanodomain,1.0,0.0,1.0,0.0
testing5283.jpg,Nanodomain,1.0,0.0,1.0,0.0
testing5284.jpg,Nanodomain,1.0,0.0,1.0,0.0
testing5285.jpg,Nanodomain,1.0,0.0,1.0,0.0
testing5286.jpg,Nanodomain,1.0,0.0,1.0,0.0
testing5287.jpg,Nanodomain,1.0,0.0,1.0,0.0
testing5288.jpg,Nanodomain,1.0,0.0,1.0,0.0
testing5289.jpg,Nanodomain,1.0,0.0,1.0,0.0
testing5290.jpg,Nanodomain,1.0,0.0,1.0,0.0
testing5291.jpg,Nanodomain,0.9999342,6.58377e-05,0.9999342,4.3862548e-24
testing5292.jpg,Outside,1.0,2.6013924e-23,3.0538216e-23,1.0
testing5293.jpg,Outside,1.0,3.384516e-24,2.5894915e-23,1.0
testing5294.jpg,Nanodomain,1.0,0.0,1.0,0.0
testing5295.jpg,Nanodomain,1.0,0.0,1.0,0.0
testing5296.jpg,Nanodomain,1.0,0.0,1.0,0.0
testing5297.jpg,Nanodomain,1.0,0.0,1.0,0.0
testing5298.jpg,Nanodomain,1.0,0.0,1.0,0.0
testing5299.jpg,Nanodomain,1.0,0.0,1.0,0.0
testing5300.jpg,Nanodomain,1.0,0.0,1.0,0.0
testing5301.jpg,Nanodomain,1.0,0.0,1.0,0.0
testing5302.jpg,Nanodomain,1.0,0.0,1.0,0.0
testing5303.jpg,Nanodomain,1.0,0.0,1.0,0.0
testing5304.jpg,Nanodomain,1.0,0.0,1.0,0.0
testing5305.jpg,Nanodomain,1.0,0.0,1.0,0.0
testing5306.jpg,Nanodomain,1.0,0.0,1.0,0.0
testing5307.jpg,Outside,0.9996619,0.00033802583,1.881575e-13,0.9996619
testing5308.jpg,Outside,1.0,2.6778565e-21,4.2163097e-24,1.0
testing5309.jpg,Outside,1.0,2.5226368e-22,2.1132003e-22,1.0
testing5310.jpg,Outside,1.0,1.9624899e-10,7.2338486e-15,1.0
testing5311.jpg,Nanodomain,1.0,0.0,1.0,0.0
testing5312.jpg,Nanodomain,1.0,0.0,1.0,0.0
testing5313.jpg,Nanodomain,1.0,0.0,1.0,0.0
testing5314.jpg,Nanodomain,1.0,0.0,1.0,0.0
testing5315.jpg,Nanodomain,1.0,0.0,1.0,0.0
testing5316.jpg,Nanodomain,1.0,0.0,1.0,0.0
testing5317.jpg,Nanodomain,1.0,0.0,1.0,0.0
testing5318.jpg,Nanodomain,1.0,0.0,1.0,0.0
testing5319.jpg,Nanodomain,1.0,0.0,1.0,0.0
testing5320.jpg,Nanodomain,1.0,0.0,1.0,0.0
testing5321.jpg,Outside,1.0,3.285037e-28,1.0207026e-25,1.0
testing5322.jpg,Outside,1.0,1.5083762e-30,7.536467e-28,1.0
testing5323.jpg,Outside,1.0,1.7544253e-30,2.8217854e-28,1.0
testing5324.jpg,Outside,1.0,6.942359e-29,1.32629e-25,1.0
testing5325.jpg,Outside,1.0,1.26457446e-26,1.8654396e-23,1.0
testing5326.jpg,Outside,1.0,8.925315e-24,2.1240969e-20,1.0
testing5327.jpg,Outside,1.0,2.7083598e-27,7.0440107e-25,1.0
testing5328.jpg,Outside,1.0,9.951701e-25,5.1856576e-23,1.0
testing5329.jpg,Outside,1.0,1.0401856e-28,7.475258e-26,1.0
testing5330.jpg,Outside,1.0,1.0683364e-27,3.8768743e-24,1.0
testing5331.jpg,Outside,1.0,1.4919487e-27,1.0776744e-24,1.0
testing5332.jpg,Outside,1.0,2.0986375e-28,6.8766903e-25,1.0
testing5333.jpg,Outside,1.0,2.1953893e-27,5.7671875e-25,1.0
testing5334.jpg,Outside,1.0,3.7758272e-14,1.5269677e-20,1.0
testing5335.jpg,Outside,1.0,1.5917319e-19,8.112724e-22,1.0
testing5336.jpg,Outside,1.0,1.5263069e-16,1.8453094e-17,1.0
testing5337.jpg,Outside,1.0,3.2950018e-28,4.3839604e-27,1.0
testing5338.jpg,Outside,1.0,8.818313e-22,9.1879374e-23,1.0
testing5339.jpg,Outside,1.0,1.3020897e-28,1.349001e-26,1.0
testing5340.jpg,Outside,1.0,1.1295037e-34,4.8164224e-33,1.0
testing5341.jpg,Nanodomain,1.0,0.0,1.0,0.0
testing5342.jpg,Nanodomain,1.0,0.0,1.0,0.0
testing5343.jpg,Nanodomain,1.0,0.0,1.0,0.0
testing5344.jpg,Nanodomain,1.0,2.6905635e-36,1.0,0.0
testing5345.jpg,Nanodomain,1.0,0.0,1.0,0.0
testing5346.jpg,Nanodomain,1.0,3.877401e-27,1.0,0.0
testing5347.jpg,Intermediate,1.0,1.0,6.237823e-15,1.505946e-20
testing5348.jpg,Outside,1.0,7.627294e-14,7.30699e-21,1.0
testing5349.jpg,Outside,1.0,1.0454321e-29,9.763517e-29,1.0
testing5350.jpg,Outside,1.0,9.8975744e-30,1.8236537e-29,1.0
testing5351.jpg,Outside,1.0,1.9344068e-24,1.3764218e-25,1.0
testing5352.jpg,Nanodomain,1.0,0.0,1.0,0.0
testing5353.jpg,Nanodomain,1.0,0.0,1.0,0.0
testing5354.jpg,Nanodomain,1.0,0.0,1.0,0.0
testing5355.jpg,Nanodomain,1.0,0.0,1.0,0.0
testing5356.jpg,Nanodomain,1.0,0.0,1.0,0.0
testing5357.jpg,Nanodomain,1.0,0.0,1.0,0.0
testing5358.jpg,Nanodomain,1.0,0.0,1.0,0.0
testing5359.jpg,Nanodomain,1.0,0.0,1.0,0.0
testing5360.jpg,Nanodomain,1.0,0.0,1.0,0.0
testing5361.jpg,Nanodomain,1.0,0.0,1.0,0.0
testing5362.jpg,Nanodomain,1.0,0.0,1.0,0.0
testing5363.jpg,Nanodomain,1.0,0.0,1.0,0.0
testing5364.jpg,Nanodomain,1.0,0.0,1.0,0.0
testing5365.jpg,Nanodomain,1.0,0.0,1.0,0.0
testing5366.jpg,Nanodomain,1.0,0.0,1.0,0.0
testing5367.jpg,Outside,1.0,3.3848892e-32,1.856552e-30,1.0
testing5368.jpg,Outside,1.0,5.976175e-30,9.495122e-30,1.0
testing5369.jpg,Nanodomain,1.0,0.0,1.0,0.0
testing5370.jpg,Nanodomain,1.0,0.0,1.0,0.0
testing5371.jpg,Nanodomain,1.0,0.0,1.0,0.0
testing5372.jpg,Nanodomain,1.0,0.0,1.0,0.0
testing5373.jpg,Nanodomain,1.0,0.0,1.0,0.0
testing5374.jpg,Nanodomain,1.0,0.0,1.0,0.0
testing5375.jpg,Nanodomain,1.0,0.0,1.0,0.0
testing5376.jpg,Nanodomain,1.0,0.0,1.0,0.0
testing5377.jpg,Nanodomain,1.0,0.0,1.0,0.0
testing5378.jpg,Nanodomain,1.0,0.0,1.0,0.0
testing5379.jpg,Nanodomain,1.0,0.0,1.0,0.0
testing5380.jpg,Nanodomain,1.0,0.0,1.0,0.0
testing5381.jpg,Nanodomain,1.0,0.0,1.0,0.0
testing5382.jpg,Nanodomain,1.0,0.0,1.0,0.0
testing5383.jpg,Outside,1.0,7.8293875e-30,1.3072578e-25,1.0
testing5384.jpg,Outside,1.0,9.1486395e-20,1.3923383e-18,1.0
testing5385.jpg,Outside,1.0,9.032118e-22,2.7371592e-21,1.0
testing5386.jpg,Outside,1.0,1.4169855e-26,3.4895014e-24,1.0
testing5387.jpg,Outside,1.0,2.647978e-31,2.738425e-27,1.0
testing5388.jpg,Outside,1.0,2.0526496e-30,5.2004846e-27,1.0
testing5389.jpg,Outside,1.0,5.0432164e-26,7.8119034e-23,1.0
testing5390.jpg,Outside,1.0,2.0549484e-27,9.679208e-25,1.0
testing5391.jpg,Outside,1.0,7.4316105e-27,1.2007301e-23,1.0
testing5392.jpg,Outside,1.0,2.0809646e-27,2.432109e-24,1.0
testing5393.jpg,Intermediate,1.0,1.0,7.289737e-26,6.663718e-25
testing5394.jpg,Intermediate,1.0,1.0,4.039753e-29,2.1263037e-26
testing5395.jpg,Intermediate,1.0,1.0,4.078788e-30,9.587946e-28
testing5396.jpg,Intermediate,1.0,1.0,4.995638e-32,2.482648e-28
testing5397.jpg,Intermediate,1.0,1.0,7.01914e-19,7.8491554e-22
testing5398.jpg,Nanodomain,0.9999995,4.7000216e-07,0.9999995,4.2536378e-26
testing5399.jpg,Nanodomain,0.99701786,0.0029821994,0.99701786,4.774814e-22
testing5400.jpg,Nanodomain,0.9999993,7.48335e-07,0.9999993,7.3716667e-26
testing5401.jpg,Nanodomain,1.0,0.0,1.0,0.0
testing5402.jpg,Nanodomain,1.0,0.0,1.0,0.0
testing5403.jpg,Nanodomain,1.0,0.0,1.0,0.0
testing5404.jpg,Nanodomain,1.0,0.0,1.0,0.0
testing5405.jpg,Nanodomain,1.0,0.0,1.0,0.0
testing5406.jpg,Nanodomain,1.0,0.0,1.0,0.0
testing5407.jpg,Nanodomain,1.0,1.215997e-30,1.0,0.0
testing5408.jpg,Nanodomain,1.0,0.0,1.0,0.0
testing5409.jpg,Nanodomain,1.0,0.0,1.0,0.0
testing5410.jpg,Nanodomain,1.0,0.0,1.0,0.0
testing5411.jpg,Nanodomain,1.0,0.0,1.0,0.0
testing5412.jpg,Nanodomain,1.0,0.0,1.0,0.0
testing5413.jpg,Nanodomain,1.0,0.0,1.0,0.0
testing5414.jpg,Nanodomain,1.0,0.0,1.0,0.0
testing5415.jpg,Nanodomain,1.0,0.0,1.0,0.0
testing5416.jpg,Nanodomain,1.0,0.0,1.0,0.0
testing5417.jpg,Nanodomain,1.0,0.0,1.0,0.0
testing5418.jpg,Nanodomain,1.0,0.0,1.0,0.0
testing5419.jpg,Nanodomain,1.0,0.0,1.0,0.0
testing5420.jpg,Outside,1.0,1.5857936e-25,1.0796348e-21,1.0
testing5421.jpg,Outside,1.0,1.4486933e-24,7.0756035e-24,1.0
testing5422.jpg,Nanodomain,1.0,0.0,1.0,0.0
testing5423.jpg,Nanodomain,1.0,0.0,1.0,0.0
testing5424.jpg,Nanodomain,1.0,0.0,1.0,0.0
testing5425.jpg,Nanodomain,1.0,0.0,1.0,0.0
testing5426.jpg,Nanodomain,1.0,0.0,1.0,0.0
testing5427.jpg,Nanodomain,1.0,0.0,1.0,0.0
testing5428.jpg,Nanodomain,1.0,0.0,1.0,0.0
testing5429.jpg,Nanodomain,1.0,0.0,1.0,0.0
testing5430.jpg,Nanodomain,1.0,0.0,1.0,0.0
testing5431.jpg,Nanodomain,1.0,0.0,1.0,0.0
testing5432.jpg,Nanodomain,1.0,0.0,1.0,0.0
testing5433.jpg,Nanodomain,1.0,0.0,1.0,0.0
testing5434.jpg,Nanodomain,1.0,0.0,1.0,0.0
testing5435.jpg,Nanodomain,1.0,0.0,1.0,0.0
testing5436.jpg,Outside,1.0,3.4411372e-22,3.730815e-24,1.0
testing5437.jpg,Outside,0.99999976,2.7789198e-07,3.9258612e-19,0.99999976
testing5438.jpg,Outside,0.9999963,3.7496084e-06,4.1128964e-15,0.9999963
testing5439.jpg,Outside,1.0,1.5025918e-24,2.5640625e-23,1.0
testing5440.jpg,Intermediate,1.0,1.0,2.2163002e-19,1.6464268e-08
testing5441.jpg,Intermediate,1.0,1.0,1.953554e-24,4.8329596e-14
testing5442.jpg,Intermediate,0.99999976,0.99999976,1.538452e-18,2.6059345e-07
testing5443.jpg,Outside,1.0,1.977319e-26,1.4208022e-25,1.0
testing5444.jpg,Nanodomain,1.0,0.0,1.0,0.0
testing5445.jpg,Nanodomain,1.0,0.0,1.0,0.0
testing5446.jpg,Nanodomain,1.0,0.0,1.0,0.0
testing5447.jpg,Outside,1.0,6.2286274e-28,1.0274771e-24,1.0
testing5448.jpg,Outside,1.0,5.216559e-27,1.4305919e-25,1.0
testing5449.jpg,Outside,1.0,4.339486e-27,1.3529867e-23,1.0
testing5450.jpg,Outside,1.0,8.072612e-32,6.138076e-28,1.0
testing5451.jpg,Outside,1.0,6.6114358e-24,9.579749e-22,1.0
testing5452.jpg,Outside,1.0,3.4986922e-35,4.4229102e-29,1.0
testing5453.jpg,Outside,1.0,1.917465e-24,4.3162354e-22,1.0
testing5454.jpg,Outside,1.0,1.8170195e-32,7.317567e-27,1.0
testing5455.jpg,Outside,1.0,7.1529196e-32,8.2646875e-30,1.0
testing5456.jpg,Outside,1.0,1.6621765e-25,7.005934e-24,1.0
testing5457.jpg,Outside,1.0,1.10512934e-26,1.5114664e-26,1.0
testing5458.jpg,Outside,1.0,1.1801953e-30,1.8749671e-27,1.0
testing5459.jpg,Outside,1.0,1.3594595e-22,1.2540673e-20,1.0
testing5460.jpg,Outside,1.0,4.1256932e-27,4.810949e-26,1.0
testing5461.jpg,Outside,1.0,2.2825077e-24,8.626515e-26,1.0
testing5462.jpg,Outside,1.0,2.8161317e-26,2.616748e-24,1.0
testing5463.jpg,Outside,1.0,1.092472e-24,1.1874878e-24,1.0
testing5464.jpg,Outside,1.0,4.3627232e-27,7.824054e-27,1.0
testing5465.jpg,Outside,1.0,2.6502418e-31,4.5324775e-30,1.0
testing5466.jpg,Outside,1.0,2.2806316e-28,1.4447396e-27,1.0
testing5467.jpg,Outside,1.0,3.8368395e-25,7.132296e-24,1.0
testing5468.jpg,Outside,1.0,8.443553e-31,6.722047e-28,1.0
testing5469.jpg,Nanodomain,1.0,0.0,1.0,0.0
testing5470.jpg,Nanodomain,1.0,0.0,1.0,0.0
testing5471.jpg,Nanodomain,1.0,4.03516e-38,1.0,0.0
testing5472.jpg,Nanodomain,1.0,1.02211e-31,1.0,0.0
testing5473.jpg,Nanodomain,1.0,5.511694e-28,1.0,0.0
testing5474.jpg,Nanodomain,1.0,2.4721891e-18,1.0,0.0
testing5475.jpg,Intermediate,1.0,1.0,1.226562e-13,4.228406e-24
testing5476.jpg,Intermediate,0.9999994,0.9999994,6.403224e-07,4.9564116e-20
testing5477.jpg,Nanodomain,1.0,0.0,1.0,0.0
testing5478.jpg,Nanodomain,1.0,0.0,1.0,0.0
testing5479.jpg,Nanodomain,1.0,0.0,1.0,0.0
testing5480.jpg,Nanodomain,1.0,0.0,1.0,0.0
testing5481.jpg,Nanodomain,1.0,0.0,1.0,0.0
testing5482.jpg,Nanodomain,1.0,0.0,1.0,0.0
testing5483.jpg,Nanodomain,1.0,0.0,1.0,0.0
testing5484.jpg,Nanodomain,1.0,0.0,1.0,0.0
testing5485.jpg,Nanodomain,1.0,0.0,1.0,0.0
testing5486.jpg,Nanodomain,1.0,0.0,1.0,0.0
testing5487.jpg,Nanodomain,1.0,0.0,1.0,0.0
testing5488.jpg,Nanodomain,1.0,0.0,1.0,0.0
testing5489.jpg,Nanodomain,1.0,0.0,1.0,0.0
testing5490.jpg,Nanodomain,1.0,0.0,1.0,0.0
testing5491.jpg,Nanodomain,1.0,0.0,1.0,0.0
testing5492.jpg,Outside,1.0,2.1556507e-31,1.2671022e-30,1.0
testing5493.jpg,Outside,1.0,1.2657684e-23,7.960659e-24,1.0
testing5494.jpg,Outside,1.0,1.9734983e-26,8.731689e-28,1.0
testing5495.jpg,Outside,1.0,9.4433133e-32,1.1603516e-31,1.0
testing5496.jpg,Outside,1.0,1.296772e-34,2.0887363e-33,1.0
testing5497.jpg,Outside,1.0,5.022807e-26,7.619148e-26,1.0
testing5498.jpg,Outside,1.0,9.6987875e-27,3.0828327e-26,1.0
testing5499.jpg,Intermediate,1.0,1.0,5.151413e-22,8.0220503e-25
testing5500.jpg,Intermediate,1.0,1.0,2.0051714e-20,4.951054e-25
testing5501.jpg,Nanodomain,1.0,0.0,1.0,0.0
testing5502.jpg,Nanodomain,1.0,0.0,1.0,0.0
testing5503.jpg,Nanodomain,1.0,0.0,1.0,0.0
testing5504.jpg,Nanodomain,1.0,0.0,1.0,0.0
testing5505.jpg,Nanodomain,1.0,0.0,1.0,0.0
testing5506.jpg,Nanodomain,1.0,0.0,1.0,0.0
testing5507.jpg,Nanodomain,1.0,0.0,1.0,0.0
testing5508.jpg,Nanodomain,1.0,0.0,1.0,0.0
testing5509.jpg,Nanodomain,1.0,0.0,1.0,0.0
testing5510.jpg,Outside,1.0,1.54637085e-27,4.943036e-24,1.0
testing5511.jpg,Outside,1.0,8.359421e-32,7.7019566e-28,1.0
testing5512.jpg,Outside,1.0,3.467084e-28,1.3158187e-24,1.0
testing5513.jpg,Outside,1.0,2.4159432e-26,2.0878697e-24,1.0
testing5514.jpg,Outside,1.0,4.235433e-22,1.0764798e-22,1.0
testing5515.jpg,Intermediate,1.0,1.0,7.3204705e-27,1.7381125e-14
testing5516.jpg,Intermediate,1.0,1.0,3.6915703e-25,3.8289304e-17
testing5517.jpg,Outside,1.0,7.9718514e-29,4.3663383e-26,1.0
testing5518.jpg,Outside,1.0,2.889099e-28,2.9017817e-26,1.0
testing5519.jpg,Outside,1.0,1.8462051e-23,6.0156316e-22,1.0
testing5520.jpg,Outside,1.0,8.370185e-22,1.4294435e-21,1.0
testing5521.jpg,Nanodomain,1.0,1.4381624e-28,1.0,0.0
testing5522.jpg,Nanodomain,1.0,2.9858296e-34,1.0,0.0
testing5523.jpg,Nanodomain,1.0,5.406545e-23,1.0,0.0
testing5524.jpg,Nanodomain,1.0,0.0,1.0,0.0
testing5525.jpg,Intermediate,0.99997807,0.99997807,4.8242285e-16,2.1909695e-05
testing5526.jpg,Intermediate,0.99997604,0.99997604,5.162171e-21,2.3995624e-05
testing5527.jpg,Intermediate,1.0,1.0,1.3726622e-25,1.8649942e-20
testing5528.jpg,Nanodomain,0.9999999,1.349773e-07,0.9999999,5.8170115e-25
testing5529.jpg,Intermediate,0.88616836,0.88616836,0.11383163,5.0688714e-20
testing5530.jpg,Intermediate,1.0,1.0,3.3200494e-19,2.0171475e-20
testing5531.jpg,Intermediate,1.0,1.0,7.035702e-28,3.607939e-18
testing5532.jpg,Intermediate,1.0,1.0,1.449256e-33,4.0331707e-25
testing5533.jpg,Outside,0.9999999,1.04907514e-07,3.4634472e-21,0.9999999
testing5534.jpg,Intermediate,1.0,1.0,1.4473061e-25,4.703333e-22
testing5535.jpg,Nanodomain,1.0,0.0,1.0,0.0
testing5536.jpg,Nanodomain,1.0,0.0,1.0,0.0
testing5537.jpg,Nanodomain,1.0,0.0,1.0,0.0
testing5538.jpg,Nanodomain,1.0,0.0,1.0,0.0
testing5539.jpg,Nanodomain,1.0,0.0,1.0,0.0
testing5540.jpg,Nanodomain,1.0,0.0,1.0,0.0
testing5541.jpg,Nanodomain,1.0,0.0,1.0,0.0
testing5542.jpg,Nanodomain,1.0,0.0,1.0,0.0
testing5543.jpg,Nanodomain,1.0,0.0,1.0,0.0
testing5544.jpg,Nanodomain,1.0,0.0,1.0,0.0
testing5545.jpg,Nanodomain,1.0,0.0,1.0,0.0
testing5546.jpg,Nanodomain,1.0,0.0,1.0,0.0
testing5547.jpg,Nanodomain,1.0,0.0,1.0,0.0
testing5548.jpg,Nanodomain,1.0,0.0,1.0,0.0
testing5549.jpg,Outside,1.0,2.120457e-32,4.413491e-28,1.0
testing5550.jpg,Outside,1.0,4.869039e-31,9.1389104e-27,1.0
testing5551.jpg,Nanodomain,1.0,0.0,1.0,0.0
testing5552.jpg,Nanodomain,1.0,0.0,1.0,0.0
testing5553.jpg,Nanodomain,1.0,0.0,1.0,0.0
testing5554.jpg,Nanodomain,1.0,0.0,1.0,0.0
testing5555.jpg,Nanodomain,1.0,0.0,1.0,0.0
testing5556.jpg,Nanodomain,1.0,0.0,1.0,0.0
testing5557.jpg,Nanodomain,1.0,0.0,1.0,0.0
testing5558.jpg,Nanodomain,1.0,0.0,1.0,0.0
testing5559.jpg,Nanodomain,1.0,0.0,1.0,0.0
testing5560.jpg,Nanodomain,1.0,0.0,1.0,0.0
testing5561.jpg,Nanodomain,1.0,0.0,1.0,0.0
testing5562.jpg,Intermediate,1.0,1.0,0.0,2.6973185e-26
testing5563.jpg,Intermediate,1.0,1.0,2.421068e-30,2.113662e-20
testing5564.jpg,Outside,1.0,5.0367474e-22,4.0374409e-22,1.0
testing5565.jpg,Outside,1.0,5.2451434e-23,8.758299e-23,1.0
testing5566.jpg,Outside,0.9478223,0.052177798,3.4718902e-13,0.9478223
testing5567.jpg,Outside,1.0,1.050817e-23,3.1335477e-23,1.0
testing5568.jpg,Outside,1.0,5.0704423e-23,1.9095981e-22,1.0
testing5569.jpg,Outside,1.0,2.2330529e-26,1.0882591e-23,1.0
testing5570.jpg,Outside,1.0,6.2455595e-23,2.0194243e-22,1.0
testing5571.jpg,Outside,1.0,2.9874917e-20,3.0743147e-21,1.0
testing5572.jpg,Outside,1.0,1.1601654e-24,3.4498642e-22,1.0
testing5573.jpg,Outside,1.0,4.541065e-21,1.4958342e-21,1.0
testing5574.jpg,Outside,1.0,5.8582667e-28,8.0838616e-24,1.0
testing5575.jpg,Nanodomain,1.0,0.0,1.0,0.0
testing5576.jpg,Nanodomain,1.0,0.0,1.0,0.0
testing5577.jpg,Outside,1.0,1.481244e-32,2.3637853e-29,1.0
testing5578.jpg,Outside,1.0,6.2792452e-30,3.8363837e-26,1.0
testing5579.jpg,Outside,1.0,8.226816e-30,2.7230082e-27,1.0
testing5580.jpg,Outside,1.0,4.6179196e-32,4.4860383e-28,1.0
testing5581.jpg,Outside,1.0,1.8270196e-26,8.030768e-27,1.0
testing5582.jpg,Outside,1.0,1.7386222e-30,2.910237e-28,1.0
testing5583.jpg,Outside,1.0,3.102961e-26,1.1143766e-23,1.0
testing5584.jpg,Outside,1.0,1.0294509e-31,6.817854e-29,1.0
testing5585.jpg,Outside,1.0,1.2747733e-28,1.8379525e-26,1.0
testing5586.jpg,Outside,1.0,5.646694e-25,4.607168e-25,1.0
testing5587.jpg,Outside,1.0,1.3873826e-23,2.2931999e-23,1.0
testing5588.jpg,Outside,1.0,4.3892374e-32,1.1019206e-28,1.0
testing5589.jpg,Outside,1.0,3.2646205e-30,1.2161426e-27,1.0
testing5590.jpg,Outside,1.0,6.6828716e-22,2.5510768e-23,1.0
testing5591.jpg,Outside,1.0,2.2604938e-28,1.1418999e-24,1.0
testing5592.jpg,Outside,1.0,2.998058e-31,8.098467e-30,1.0
testing5593.jpg,Outside,1.0,8.239493e-25,4.4161247e-25,1.0
testing5594.jpg,Outside,1.0,2.335498e-29,3.4687375e-28,1.0
testing5595.jpg,Outside,1.0,1.1393267e-27,7.329891e-26,1.0
testing5596.jpg,Outside,1.0,4.1525985e-27,7.0811523e-28,1.0
testing5597.jpg,Outside,1.0,8.499897e-20,3.6536968e-20,1.0
testing5598.jpg,Outside,1.0,7.24558e-24,3.4508328e-25,1.0
testing5599.jpg,Outside,1.0,1.628742e-23,6.614264e-23,1.0
testing5600.jpg,Outside,1.0,5.0379092e-26,2.314087e-24,1.0
testing5601.jpg,Outside,1.0,2.2945854e-28,3.8501485e-27,1.0
testing5602.jpg,Outside,1.0,6.1336585e-26,7.030619e-24,1.0
testing5603.jpg,Outside,1.0,2.8867228e-33,1.4362045e-29,1.0
testing5604.jpg,Outside,1.0,1.598499e-33,1.1981942e-32,1.0
testing5605.jpg,Outside,1.0,5.337353e-27,8.81181e-25,1.0
testing5606.jpg,Nanodomain,1.0,0.0,1.0,0.0
testing5607.jpg,Nanodomain,1.0,0.0,1.0,0.0
testing5608.jpg,Nanodomain,1.0,0.0,1.0,0.0
testing5609.jpg,Nanodomain,1.0,0.0,1.0,0.0
testing5610.jpg,Nanodomain,1.0,0.0,1.0,0.0
testing5611.jpg,Nanodomain,1.0,0.0,1.0,0.0
testing5612.jpg,Nanodomain,1.0,0.0,1.0,0.0
testing5613.jpg,Nanodomain,1.0,0.0,1.0,0.0
testing5614.jpg,Nanodomain,1.0,0.0,1.0,0.0
testing5615.jpg,Nanodomain,1.0,0.0,1.0,0.0
testing5616.jpg,Nanodomain,1.0,0.0,1.0,0.0
testing5617.jpg,Nanodomain,1.0,0.0,1.0,0.0
testing5618.jpg,Nanodomain,1.0,0.0,1.0,0.0
testing5619.jpg,Nanodomain,1.0,0.0,1.0,0.0
testing5620.jpg,Outside,1.0,5.177137e-31,2.2057965e-29,1.0
testing5621.jpg,Outside,1.0,5.099285e-31,2.026424e-29,1.0
testing5622.jpg,Outside,1.0,2.6854857e-30,4.1910927e-28,1.0
testing5623.jpg,Outside,1.0,2.10951e-31,1.4115669e-29,1.0
testing5624.jpg,Outside,1.0,1.6719789e-37,8.948178e-34,1.0
testing5625.jpg,Nanodomain,1.0,0.0,1.0,0.0
testing5626.jpg,Nanodomain,1.0,0.0,1.0,0.0
testing5627.jpg,Nanodomain,1.0,0.0,1.0,0.0
testing5628.jpg,Nanodomain,1.0,0.0,1.0,0.0
testing5629.jpg,Nanodomain,1.0,0.0,1.0,0.0
testing5630.jpg,Nanodomain,1.0,0.0,1.0,0.0
testing5631.jpg,Nanodomain,1.0,0.0,1.0,0.0
testing5632.jpg,Nanodomain,1.0,0.0,1.0,0.0
testing5633.jpg,Nanodomain,1.0,0.0,1.0,0.0
testing5634.jpg,Nanodomain,1.0,0.0,1.0,0.0
testing5635.jpg,Nanodomain,1.0,0.0,1.0,0.0
testing5636.jpg,Nanodomain,1.0,0.0,1.0,0.0
testing5637.jpg,Outside,1.0,8.962681e-30,1.0147283e-24,1.0
testing5638.jpg,Outside,1.0,1.4592402e-27,2.422297e-22,1.0
testing5639.jpg,Outside,1.0,7.956107e-31,6.397294e-26,1.0
testing5640.jpg,Outside,1.0,3.6941586e-27,5.0189244e-24,1.0
testing5641.jpg,Outside,1.0,2.6016232e-21,2.4775465e-22,1.0
testing5642.jpg,Intermediate,0.9981664,0.9981664,1.2803398e-18,0.0018336315
testing5643.jpg,Intermediate,0.93777937,0.93777937,4.0602478e-15,0.06222066
testing5644.jpg,Outside,1.0,1.3813801e-09,1.6930217e-17,1.0
testing5645.jpg,Intermediate,0.9976217,0.9976217,5.252341e-18,0.0023783117
testing5646.jpg,Intermediate,1.0,1.0,3.3752283e-19,1.4040226e-20
testing5647.jpg,Nanodomain,1.0,6.1048686e-36,1.0,0.0
testing5648.jpg,Nanodomain,1.0,7.4214535e-31,1.0,0.0
testing5649.jpg,Nanodomain,1.0,4.7373502e-36,1.0,0.0
testing5650.jpg,Nanodomain,1.0,1.5330236e-38,1.0,0.0
testing5651.jpg,Nanodomain,1.0,0.0,1.0,0.0
testing5652.jpg,Nanodomain,1.0,1.3913985e-33,1.0,0.0
testing5653.jpg,Nanodomain,1.0,1.0805401e-08,1.0,3.0248966e-29
testing5654.jpg,Nanodomain,1.0,4.7385418e-29,1.0,0.0
testing5655.jpg,Intermediate,1.0,1.0,3.784324e-31,3.3203704e-24
testing5656.jpg,Intermediate,1.0,1.0,1.155208e-28,1.57255e-21
testing5657.jpg,Nanodomain,0.9854263,0.014573674,0.9854263,7.6191525e-21
testing5658.jpg,Nanodomain,1.0,0.0,1.0,0.0
testing5659.jpg,Nanodomain,0.9998958,0.000104201805,0.9998958,7.724679e-24
testing5660.jpg,Nanodomain,0.99994814,5.1854957e-05,0.99994814,1.7288173e-22
testing5661.jpg,Nanodomain,1.0,0.0,1.0,0.0
testing5662.jpg,Nanodomain,1.0,0.0,1.0,0.0
testing5663.jpg,Nanodomain,1.0,0.0,1.0,0.0
testing5664.jpg,Nanodomain,1.0,0.0,1.0,0.0
testing5665.jpg,Nanodomain,1.0,0.0,1.0,0.0
testing5666.jpg,Nanodomain,1.0,0.0,1.0,0.0
testing5667.jpg,Nanodomain,1.0,0.0,1.0,0.0
testing5668.jpg,Nanodomain,1.0,0.0,1.0,0.0
testing5669.jpg,Nanodomain,1.0,0.0,1.0,0.0
testing5670.jpg,Nanodomain,1.0,0.0,1.0,0.0
testing5671.jpg,Nanodomain,1.0,0.0,1.0,0.0
testing5672.jpg,Nanodomain,1.0,0.0,1.0,0.0
testing5673.jpg,Nanodomain,1.0,0.0,1.0,0.0
testing5674.jpg,Nanodomain,1.0,0.0,1.0,0.0
testing5675.jpg,Nanodomain,1.0,0.0,1.0,0.0
testing5676.jpg,Nanodomain,1.0,0.0,1.0,0.0
testing5677.jpg,Outside,1.0,3.528869e-25,3.32902e-24,1.0
testing5678.jpg,Outside,1.0,2.5807687e-27,1.4158363e-24,1.0
testing5679.jpg,Outside,1.0,6.016836e-26,9.706136e-23,1.0
testing5680.jpg,Outside,1.0,1.0159226e-29,8.571865e-26,1.0
testing5681.jpg,Outside,1.0,5.47036e-23,5.437203e-21,1.0
testing5682.jpg,Nanodomain,1.0,0.0,1.0,0.0
testing5683.jpg,Nanodomain,1.0,0.0,1.0,0.0
testing5684.jpg,Nanodomain,1.0,0.0,1.0,0.0
testing5685.jpg,Nanodomain,1.0,0.0,1.0,0.0
testing5686.jpg,Nanodomain,1.0,0.0,1.0,0.0
testing5687.jpg,Nanodomain,1.0,0.0,1.0,0.0
testing5688.jpg,Nanodomain,1.0,0.0,1.0,0.0
testing5689.jpg,Nanodomain,1.0,0.0,1.0,0.0
testing5690.jpg,Nanodomain,1.0,3.5127753e-27,1.0,0.0
testing5691.jpg,Nanodomain,1.0,1.2423287e-30,1.0,0.0
testing5692.jpg,Nanodomain,1.0,6.0093913e-15,1.0,5.121147e-35
testing5693.jpg,Nanodomain,1.0,6.60167e-20,1.0,7.081494e-38
testing5694.jpg,Outside,1.0,2.1560816e-13,3.0204051e-18,1.0
testing5695.jpg,Outside,0.9999981,1.9190231e-06,3.5350168e-19,0.9999981
testing5696.jpg,Intermediate,0.9999999,0.9999999,3.6082915e-21,1.4901892e-07
testing5697.jpg,Outside,0.99999344,6.5341965e-06,7.4770446e-16,0.99999344
testing5698.jpg,Nanodomain,1.0,0.0,1.0,0.0
testing5699.jpg,Outside,1.0,2.13557e-19,1.2501833e-21,1.0
testing5700.jpg,Outside,1.0,2.0276334e-26,4.8807376e-23,1.0
testing5701.jpg,Nanodomain,1.0,0.0,1.0,0.0
testing5702.jpg,Nanodomain,1.0,0.0,1.0,0.0
testing5703.jpg,Nanodomain,1.0,0.0,1.0,0.0
testing5704.jpg,Nanodomain,1.0,0.0,1.0,0.0
testing5705.jpg,Nanodomain,1.0,0.0,1.0,0.0
testing5706.jpg,Nanodomain,1.0,0.0,1.0,0.0
testing5707.jpg,Outside,1.0,1.9734847e-32,3.2383504e-30,1.0
testing5708.jpg,Outside,1.0,6.725788e-29,9.820453e-27,1.0
testing5709.jpg,Outside,1.0,3.6434643e-29,8.157367e-25,1.0
testing5710.jpg,Outside,1.0,8.534133e-37,2.9149657e-31,1.0
testing5711.jpg,Outside,1.0,2.7599296e-23,2.240465e-21,1.0
testing5712.jpg,Outside,1.0,2.148911e-30,1.9310365e-25,1.0
testing5713.jpg,Outside,1.0,6.29028e-28,5.169102e-25,1.0
testing5714.jpg,Outside,1.0,2.3899156e-22,4.903398e-21,1.0
testing5715.jpg,Outside,1.0,1.4046317e-30,2.5658968e-27,1.0
testing5716.jpg,Outside,1.0,1.4847016e-08,1.2123499e-18,1.0
testing5717.jpg,Outside,1.0,1.7223804e-18,1.2259892e-20,1.0
testing5718.jpg,Outside,1.0,5.442283e-30,2.8472292e-27,1.0
testing5719.jpg,Outside,1.0,3.5151076e-27,7.272829e-24,1.0
testing5720.jpg,Outside,1.0,2.9259214e-28,1.2281119e-24,1.0
testing5721.jpg,Outside,1.0,2.4585107e-29,4.7977376e-25,1.0
testing5722.jpg,Outside,1.0,2.4707474e-25,3.3519824e-24,1.0
testing5723.jpg,Outside,1.0,1.8865324e-27,1.7549118e-25,1.0
testing5724.jpg,Outside,1.0,9.769732e-23,4.0236472e-23,1.0
testing5725.jpg,Outside,1.0,2.100552e-20,1.31761955e-20,1.0
testing5726.jpg,Outside,1.0,2.244628e-16,1.1820886e-21,1.0
testing5727.jpg,Outside,1.0,3.2214707e-30,3.4293344e-27,1.0
testing5728.jpg,Outside,1.0,5.3581586e-28,2.9721467e-27,1.0
testing5729.jpg,Outside,1.0,9.02284e-25,2.7324708e-24,1.0
testing5730.jpg,Outside,1.0,2.5395225e-23,7.1177347e-22,1.0
testing5731.jpg,Outside,1.0,4.845677e-11,9.039762e-16,1.0
testing5732.jpg,Outside,1.0,6.439941e-28,1.9624188e-25,1.0
testing5733.jpg,Outside,1.0,2.179221e-25,2.844518e-25,1.0
testing5734.jpg,Nanodomain,1.0,0.0,1.0,0.0
testing5735.jpg,Nanodomain,1.0,0.0,1.0,0.0
testing5736.jpg,Nanodomain,1.0,1.699409e-16,1.0,7.533545e-33
testing5737.jpg,Nanodomain,1.0,0.0,1.0,0.0
testing5738.jpg,Nanodomain,1.0,0.0,1.0,0.0
testing5739.jpg,Nanodomain,1.0,0.0,1.0,0.0
testing5740.jpg,Nanodomain,1.0,0.0,1.0,0.0
testing5741.jpg,Nanodomain,1.0,0.0,1.0,0.0
testing5742.jpg,Nanodomain,1.0,0.0,1.0,0.0
testing5743.jpg,Nanodomain,1.0,0.0,1.0,0.0
testing5744.jpg,Nanodomain,1.0,0.0,1.0,0.0
testing5745.jpg,Nanodomain,1.0,0.0,1.0,0.0
testing5746.jpg,Nanodomain,1.0,0.0,1.0,0.0
testing5747.jpg,Nanodomain,1.0,0.0,1.0,0.0
testing5748.jpg,Outside,1.0,1.296741e-36,2.0200624e-31,1.0
testing5749.jpg,Outside,1.0,3.4968467e-30,2.7170704e-29,1.0
testing5750.jpg,Outside,1.0,5.0454764e-30,1.0573323e-28,1.0
testing5751.jpg,Outside,1.0,1.05159965e-29,7.677383e-26,1.0
testing5752.jpg,Outside,1.0,9.318252e-31,2.6774995e-28,1.0
testing5753.jpg,Nanodomain,1.0,0.0,1.0,0.0
testing5754.jpg,Nanodomain,1.0,0.0,1.0,0.0
testing5755.jpg,Nanodomain,1.0,0.0,1.0,0.0
testing5756.jpg,Nanodomain,1.0,0.0,1.0,0.0
testing5757.jpg,Nanodomain,1.0,0.0,1.0,0.0
testing5758.jpg,Nanodomain,1.0,0.0,1.0,0.0
testing5759.jpg,Nanodomain,1.0,0.0,1.0,0.0
testing5760.jpg,Nanodomain,1.0,0.0,1.0,0.0
testing5761.jpg,Outside,1.0,3.138796e-33,1.3616027e-30,1.0
testing5762.jpg,Outside,1.0,1.123311e-28,1.2055887e-26,1.0
testing5763.jpg,Outside,1.0,1.3995327e-25,6.8078136e-24,1.0
testing5764.jpg,Outside,1.0,3.1590033e-31,1.569855e-26,1.0
testing5765.jpg,Outside,1.0,8.6226324e-26,1.0917055e-24,1.0
testing5766.jpg,Outside,1.0,3.6401894e-27,1.2835312e-22,1.0
testing5767.jpg,Outside,1.0,7.5911814e-26,9.834012e-22,1.0
testing5768.jpg,Outside,1.0,6.35061e-26,3.7225046e-21,1.0
testing5769.jpg,Intermediate,0.9216979,0.9216979,3.500759e-17,0.07830204
testing5770.jpg,Outside,1.0,3.9214079e-16,1.0874111e-18,1.0
testing5771.jpg,Outside,1.0,2.7091575e-18,5.5653203e-19,1.0
testing5772.jpg,Intermediate,0.9999951,0.9999951,2.0214115e-21,4.869194e-06
testing5773.jpg,Outside,1.0,2.5245897e-23,4.0543314e-19,1.0
testing5774.jpg,Intermediate,1.0,1.0,6.300951e-33,2.797529e-29
testing5775.jpg,Nanodomain,1.0,1.6808456e-33,1.0,0.0
testing5776.jpg,Nanodomain,1.0,1.8814895e-32,1.0,0.0
testing5777.jpg,Nanodomain,1.0,1.2698395e-32,1.0,0.0
testing5778.jpg,Nanodomain,1.0,3.0563857e-23,1.0,0.0
testing5779.jpg,Nanodomain,1.0,6.1145922e-27,1.0,0.0
testing5780.jpg,Nanodomain,1.0,3.8618506e-23,1.0,0.0
testing5781.jpg,Nanodomain,1.0,6.569177e-31,1.0,0.0
testing5782.jpg,Outside,1.0,4.1385335e-15,5.52323e-20,1.0
testing5783.jpg,Intermediate,1.0,1.0,8.815521e-22,2.716662e-13
testing5784.jpg,Nanodomain,0.9995272,0.00047279993,0.9995272,5.6490916e-23
testing5785.jpg,Nanodomain,1.0,2.6884073e-11,1.0,3.582567e-33
testing5786.jpg,Nanodomain,1.0,5.7254153e-11,1.0,2.6857153e-27
testing5787.jpg,Nanodomain,1.0,4.4879462e-17,1.0,4.1450975e-34
testing5788.jpg,Nanodomain,1.0,0.0,1.0,0.0
testing5789.jpg,Nanodomain,1.0,0.0,1.0,0.0
testing5790.jpg,Nanodomain,1.0,0.0,1.0,0.0
testing5791.jpg,Nanodomain,1.0,0.0,1.0,0.0
testing5792.jpg,Nanodomain,1.0,0.0,1.0,0.0
testing5793.jpg,Nanodomain,1.0,0.0,1.0,0.0
testing5794.jpg,Nanodomain,1.0,0.0,1.0,0.0
testing5795.jpg,Nanodomain,1.0,0.0,1.0,0.0
testing5796.jpg,Nanodomain,1.0,0.0,1.0,0.0
testing5797.jpg,Nanodomain,1.0,0.0,1.0,0.0
testing5798.jpg,Nanodomain,1.0,0.0,1.0,0.0
testing5799.jpg,Nanodomain,1.0,0.0,1.0,0.0
testing5800.jpg,Nanodomain,1.0,0.0,1.0,0.0
testing5801.jpg,Nanodomain,1.0,0.0,1.0,0.0
testing5802.jpg,Nanodomain,1.0,0.0,1.0,0.0
testing5803.jpg,Nanodomain,1.0,0.0,1.0,0.0
testing5804.jpg,Nanodomain,1.0,0.0,1.0,0.0
testing5805.jpg,Outside,1.0,6.173235e-26,7.694366e-24,1.0
testing5806.jpg,Outside,1.0,2.0019837e-28,3.317039e-25,1.0
testing5807.jpg,Outside,1.0,9.89547e-28,6.501264e-25,1.0
testing5808.jpg,Outside,1.0,1.3974119e-29,1.91221e-27,1.0
testing5809.jpg,Nanodomain,1.0,0.0,1.0,0.0
testing5810.jpg,Nanodomain,1.0,0.0,1.0,0.0
testing5811.jpg,Nanodomain,1.0,0.0,1.0,0.0
testing5812.jpg,Nanodomain,1.0,0.0,1.0,0.0
testing5813.jpg,Nanodomain,1.0,0.0,1.0,0.0
testing5814.jpg,Nanodomain,1.0,0.0,1.0,0.0
testing5815.jpg,Nanodomain,1.0,0.0,1.0,0.0
testing5816.jpg,Nanodomain,1.0,0.0,1.0,0.0
testing5817.jpg,Nanodomain,1.0,0.0,1.0,0.0
testing5818.jpg,Nanodomain,1.0,3.4207374e-27,1.0,0.0
testing5819.jpg,Nanodomain,1.0,6.1616774e-09,1.0,7.281264e-25
testing5820.jpg,Nanodomain,1.0,2.2052242e-29,1.0,0.0
testing5821.jpg,Outside,1.0,8.104302e-24,1.1860854e-22,1.0
testing5822.jpg,Outside,1.0,2.8121457e-21,2.5410925e-23,1.0
testing5823.jpg,Outside,1.0,2.2683493e-10,2.9467227e-20,1.0
testing5824.jpg,Outside,1.0,7.8157213e-22,9.490091e-22,1.0
testing5825.jpg,Nanodomain,1.0,0.0,1.0,0.0
testing5826.jpg,Nanodomain,1.0,0.0,1.0,0.0
testing5827.jpg,Nanodomain,1.0,0.0,1.0,0.0
testing5828.jpg,Nanodomain,1.0,0.0,1.0,0.0
testing5829.jpg,Nanodomain,1.0,0.0,1.0,0.0
testing5830.jpg,Nanodomain,1.0,0.0,1.0,0.0
testing5831.jpg,Nanodomain,1.0,0.0,1.0,0.0
testing5832.jpg,Nanodomain,1.0,0.0,1.0,0.0
testing5833.jpg,Nanodomain,1.0,0.0,1.0,0.0
testing5834.jpg,Nanodomain,1.0,0.0,1.0,0.0
testing5835.jpg,Nanodomain,1.0,0.0,1.0,0.0
testing5836.jpg,Outside,1.0,1.8937808e-25,5.5486684e-23,1.0
testing5837.jpg,Outside,1.0,6.9111568e-28,4.5100006e-24,1.0
testing5838.jpg,Outside,1.0,6.657138e-25,7.170382e-23,1.0
testing5839.jpg,Outside,1.0,2.8630008e-34,1.3403417e-27,1.0
testing5840.jpg,Outside,1.0,1.7156419e-30,5.098556e-27,1.0
testing5841.jpg,Outside,1.0,1.8019483e-35,1.2239469e-28,1.0
testing5842.jpg,Outside,1.0,2.080698e-24,1.0596377e-21,1.0
testing5843.jpg,Outside,1.0,2.125267e-25,1.4578204e-21,1.0
testing5844.jpg,Outside,1.0,1.1235319e-24,4.721467e-24,1.0
testing5845.jpg,Nanodomain,1.0,0.0,1.0,0.0
testing5846.jpg,Nanodomain,1.0,0.0,1.0,0.0
testing5847.jpg,Nanodomain,1.0,0.0,1.0,0.0
testing5848.jpg,Nanodomain,1.0,0.0,1.0,0.0
testing5849.jpg,Outside,1.0,9.888635e-29,1.2825007e-26,1.0
testing5850.jpg,Outside,1.0,1.0225611e-26,1.1811982e-25,1.0
testing5851.jpg,Outside,1.0,1.0571272e-27,4.235309e-27,1.0
testing5852.jpg,Outside,1.0,7.8727253e-22,1.6910084e-24,1.0
testing5853.jpg,Outside,1.0,1.8416874e-25,2.7958828e-24,1.0
testing5854.jpg,Outside,1.0,3.2944394e-26,7.0260035e-25,1.0
testing5855.jpg,Outside,1.0,5.6711637e-36,2.155e-32,1.0
testing5856.jpg,Outside,1.0,3.2778894e-28,3.2475733e-26,1.0
testing5857.jpg,Outside,1.0,1.9766196e-24,1.7308793e-23,1.0
testing5858.jpg,Outside,1.0,2.358602e-25,2.436203e-25,1.0
testing5859.jpg,Outside,1.0,1.8793707e-20,1.6472804e-24,1.0
testing5860.jpg,Outside,1.0,5.2571145e-26,5.318617e-26,1.0
testing5861.jpg,Outside,1.0,5.954141e-25,1.0578589e-24,1.0
testing5862.jpg,Outside,1.0,3.9302127e-24,2.1238751e-23,1.0
testing5863.jpg,Nanodomain,1.0,0.0,1.0,0.0
testing5864.jpg,Nanodomain,1.0,0.0,1.0,0.0
testing5865.jpg,Nanodomain,1.0,0.0,1.0,0.0
testing5866.jpg,Nanodomain,1.0,0.0,1.0,0.0
testing5867.jpg,Nanodomain,1.0,0.0,1.0,0.0
testing5868.jpg,Nanodomain,1.0,0.0,1.0,0.0
testing5869.jpg,Nanodomain,1.0,0.0,1.0,0.0
testing5870.jpg,Nanodomain,1.0,0.0,1.0,0.0
testing5871.jpg,Nanodomain,1.0,0.0,1.0,0.0
testing5872.jpg,Nanodomain,1.0,0.0,1.0,0.0
testing5873.jpg,Nanodomain,1.0,0.0,1.0,0.0
testing5874.jpg,Nanodomain,1.0,0.0,1.0,0.0
testing5875.jpg,Outside,1.0,5.000848e-38,1.7534258e-33,1.0
testing5876.jpg,Outside,1.0,7.0348754e-34,2.2182344e-29,1.0
testing5877.jpg,Outside,1.0,3.5030228e-33,1.5469408e-30,1.0
testing5878.jpg,Outside,1.0,3.379699e-34,3.5288583e-31,1.0
testing5879.jpg,Outside,1.0,4.5148516e-33,1.1774523e-30,1.0
testing5880.jpg,Outside,1.0,1.1847964e-30,6.1985453e-29,1.0
testing5881.jpg,Outside,1.0,3.1433523e-31,6.80286e-30,1.0
testing5882.jpg,Outside,1.0,3.5856057e-31,1.3423921e-29,1.0
testing5883.jpg,Nanodomain,1.0,0.0,1.0,0.0
testing5884.jpg,Nanodomain,1.0,0.0,1.0,0.0
testing5885.jpg,Nanodomain,1.0,0.0,1.0,0.0
testing5886.jpg,Nanodomain,1.0,0.0,1.0,0.0
testing5887.jpg,Nanodomain,1.0,0.0,1.0,0.0
testing5888.jpg,Outside,1.0,2.4845994e-28,9.513219e-29,1.0
testing5889.jpg,Nanodomain,1.0,0.0,1.0,0.0
testing5890.jpg,Nanodomain,1.0,0.0,1.0,0.0
testing5891.jpg,Nanodomain,1.0,0.0,1.0,0.0
testing5892.jpg,Nanodomain,1.0,0.0,1.0,0.0
testing5893.jpg,Nanodomain,1.0,0.0,1.0,0.0
testing5894.jpg,Nanodomain,1.0,0.0,1.0,0.0
testing5895.jpg,Outside,0.9987172,0.0012828399,4.0257554e-17,0.9987172
testing5896.jpg,Outside,1.0,1.2885126e-19,7.3496174e-22,1.0
testing5897.jpg,Outside,1.0,1.812908e-12,1.08886855e-17,1.0
testing5898.jpg,Outside,1.0,1.0501464e-18,7.731956e-20,1.0
testing5899.jpg,Outside,1.0,8.0564364e-23,5.833812e-25,1.0
testing5900.jpg,Outside,1.0,7.543948e-20,1.7349324e-22,1.0
testing5901.jpg,Intermediate,1.0,1.0,5.2073733e-27,1.9084324e-15
testing5902.jpg,Nanodomain,1.0,5.637383e-22,1.0,0.0
testing5903.jpg,Nanodomain,1.0,1.8030805e-15,1.0,2.3544446e-36
testing5904.jpg,Nanodomain,1.0,1.5683084e-10,1.0,2.3710156e-32
testing5905.jpg,Nanodomain,1.0,1.3546234e-31,1.0,0.0
testing5906.jpg,Nanodomain,1.0,1.0318186e-29,1.0,0.0
testing5907.jpg,Nanodomain,1.0,8.826957e-23,1.0,0.0
testing5908.jpg,Nanodomain,1.0,3.1776663e-15,1.0,4.026882e-33
testing5909.jpg,Nanodomain,1.0,7.083002e-17,1.0,1.1051512e-32
testing5910.jpg,Outside,1.0,2.2891555e-21,4.2504084e-20,1.0
testing5911.jpg,Outside,1.0,1.456089e-25,2.0523427e-24,1.0
testing5912.jpg,Nanodomain,1.0,0.0,1.0,0.0
testing5913.jpg,Nanodomain,1.0,0.0,1.0,0.0
testing5914.jpg,Nanodomain,1.0,0.0,1.0,0.0
testing5915.jpg,Nanodomain,1.0,0.0,1.0,0.0
testing5916.jpg,Outside,1.0,3.4782884e-22,8.533193e-21,1.0
testing5917.jpg,Nanodomain,1.0,0.0,1.0,0.0
testing5918.jpg,Nanodomain,1.0,0.0,1.0,0.0
testing5919.jpg,Nanodomain,1.0,0.0,1.0,0.0
testing5920.jpg,Nanodomain,1.0,0.0,1.0,0.0
testing5921.jpg,Nanodomain,1.0,0.0,1.0,0.0
testing5922.jpg,Nanodomain,1.0,0.0,1.0,0.0
testing5923.jpg,Nanodomain,1.0,0.0,1.0,0.0
testing5924.jpg,Nanodomain,1.0,0.0,1.0,0.0
testing5925.jpg,Nanodomain,1.0,0.0,1.0,0.0
testing5926.jpg,Nanodomain,1.0,0.0,1.0,0.0
testing5927.jpg,Nanodomain,1.0,0.0,1.0,0.0
testing5928.jpg,Nanodomain,1.0,0.0,1.0,0.0
testing5929.jpg,Nanodomain,1.0,0.0,1.0,0.0
testing5930.jpg,Nanodomain,1.0,0.0,1.0,0.0
testing5931.jpg,Nanodomain,1.0,0.0,1.0,0.0
testing5932.jpg,Nanodomain,1.0,0.0,1.0,0.0
testing5933.jpg,Outside,1.0,6.6409555e-25,1.2590608e-22,1.0
testing5934.jpg,Outside,1.0,9.814402e-24,1.6458428e-23,1.0
testing5935.jpg,Outside,1.0,2.0051547e-29,1.6152026e-25,1.0
testing5936.jpg,Outside,1.0,2.2485024e-23,4.171457e-21,1.0
testing5937.jpg,Nanodomain,1.0,0.0,1.0,0.0
testing5938.jpg,Nanodomain,1.0,0.0,1.0,0.0
testing5939.jpg,Nanodomain,1.0,0.0,1.0,0.0
testing5940.jpg,Outside,1.0,4.269034e-26,1.1257462e-23,1.0
testing5941.jpg,Intermediate,0.9999876,0.9999876,6.716986e-22,1.236207e-05
testing5942.jpg,Nanodomain,1.0,8.496007e-35,1.0,0.0
testing5943.jpg,Nanodomain,1.0,3.039004e-31,1.0,0.0
testing5944.jpg,Nanodomain,1.0,1.515746e-32,1.0,0.0
testing5945.jpg,Nanodomain,1.0,7.512347e-23,1.0,0.0
testing5946.jpg,Nanodomain,1.0,3.607364e-24,1.0,0.0
testing5947.jpg,Nanodomain,1.0,2.1136593e-15,1.0,1.9196427e-35
testing5948.jpg,Intermediate,1.0,1.0,3.3527542e-29,1.8384916e-27
testing5949.jpg,Intermediate,1.0,1.0,5.107778e-29,5.512331e-26
testing5950.jpg,Nanodomain,1.0,0.0,1.0,0.0
testing5951.jpg,Nanodomain,1.0,0.0,1.0,0.0
testing5952.jpg,Nanodomain,1.0,0.0,1.0,0.0
testing5953.jpg,Nanodomain,1.0,0.0,1.0,0.0
testing5954.jpg,Nanodomain,1.0,0.0,1.0,0.0
testing5955.jpg,Nanodomain,1.0,0.0,1.0,0.0
testing5956.jpg,Nanodomain,1.0,0.0,1.0,0.0
testing5957.jpg,Nanodomain,1.0,0.0,1.0,0.0
testing5958.jpg,Nanodomain,1.0,0.0,1.0,0.0
testing5959.jpg,Nanodomain,1.0,0.0,1.0,0.0
testing5960.jpg,Nanodomain,1.0,0.0,1.0,0.0
testing5961.jpg,Nanodomain,1.0,0.0,1.0,0.0
testing5962.jpg,Nanodomain,1.0,0.0,1.0,0.0
testing5963.jpg,Nanodomain,1.0,0.0,1.0,0.0
testing5964.jpg,Outside,1.0,1.3091807e-30,1.2921681e-29,1.0
testing5965.jpg,Outside,1.0,3.029578e-26,8.429391e-24,1.0
testing5966.jpg,Outside,1.0,2.9244038e-28,2.6501054e-27,1.0
testing5967.jpg,Outside,1.0,2.9961502e-30,2.8310364e-28,1.0
testing5968.jpg,Outside,1.0,9.385849e-25,1.5705326e-25,1.0
testing5969.jpg,Outside,1.0,3.2392294e-29,3.907184e-28,1.0
testing5970.jpg,Outside,1.0,1.5050791e-27,5.3762633e-26,1.0
testing5971.jpg,Nanodomain,1.0,0.0,1.0,0.0
testing5972.jpg,Nanodomain,1.0,0.0,1.0,0.0
testing5973.jpg,Nanodomain,1.0,0.0,1.0,0.0
testing5974.jpg,Nanodomain,1.0,0.0,1.0,0.0
testing5975.jpg,Nanodomain,1.0,0.0,1.0,0.0
testing5976.jpg,Nanodomain,1.0,3.9135783e-38,1.0,0.0
testing5977.jpg,Intermediate,0.9999999,0.9999999,1.2891766e-07,2.0727067e-22
testing5978.jpg,Outside,1.0,7.756908e-23,7.035532e-23,1.0
testing5979.jpg,Outside,1.0,3.6403682e-28,3.3945348e-25,1.0
testing5980.jpg,Outside,1.0,2.0662461e-25,1.6229112e-24,1.0
testing5981.jpg,Outside,1.0,1.2104476e-23,2.2845383e-23,1.0
testing5982.jpg,Nanodomain,1.0,0.0,1.0,0.0
testing5983.jpg,Nanodomain,1.0,0.0,1.0,0.0
testing5984.jpg,Nanodomain,1.0,0.0,1.0,0.0
testing5985.jpg,Nanodomain,1.0,0.0,1.0,0.0
testing5986.jpg,Nanodomain,1.0,0.0,1.0,0.0
testing5987.jpg,Nanodomain,1.0,0.0,1.0,0.0
testing5988.jpg,Nanodomain,1.0,0.0,1.0,0.0
testing5989.jpg,Nanodomain,1.0,0.0,1.0,0.0
testing5990.jpg,Outside,1.0,1.570695e-24,6.3394767e-26,1.0
testing5991.jpg,Outside,1.0,1.5694736e-31,2.4332444e-29,1.0
testing5992.jpg,Nanodomain,1.0,0.0,1.0,0.0
testing5993.jpg,Nanodomain,1.0,0.0,1.0,0.0
testing5994.jpg,Nanodomain,1.0,0.0,1.0,0.0
testing5995.jpg,Nanodomain,1.0,0.0,1.0,0.0
testing5996.jpg,Nanodomain,1.0,0.0,1.0,0.0
testing5997.jpg,Nanodomain,1.0,0.0,1.0,0.0
testing5998.jpg,Nanodomain,1.0,0.0,1.0,0.0
testing5999.jpg,Nanodomain,1.0,0.0,1.0,0.0
testing6000.jpg,Nanodomain,1.0,0.0,1.0,0.0
testing6001.jpg,Nanodomain,1.0,0.0,1.0,0.0
testing6002.jpg,Outside,1.0,5.3700855e-29,9.482907e-26,1.0
testing6003.jpg,Outside,1.0,2.668447e-34,1.20338595e-29,1.0
testing6004.jpg,Outside,0.9997135,0.0002865556,2.925316e-14,0.9997135
testing6005.jpg,Outside,0.9999994,5.376599e-07,4.419106e-17,0.9999994
testing6006.jpg,Outside,1.0,2.8064548e-10,1.3570905e-16,1.0
testing6007.jpg,Outside,1.0,4.8140188e-32,2.1563085e-31,1.0
testing6008.jpg,Outside,1.0,1.7842538e-34,3.5263973e-30,1.0
testing6009.jpg,Outside,1.0,8.28294e-35,4.9724863e-30,1.0
testing6010.jpg,Outside,1.0,1.5229096e-32,3.543929e-30,1.0
testing6011.jpg,Outside,1.0,4.9050567e-31,5.244127e-29,1.0
testing6012.jpg,Outside,1.0,5.84341e-33,2.5471877e-30,1.0
testing6013.jpg,Outside,1.0,1.3989712e-34,2.5469631e-31,1.0
testing6014.jpg,Outside,1.0,4.4987943e-33,1.637052e-30,1.0
testing6015.jpg,Outside,1.0,3.6140985e-32,2.0966098e-31,1.0
testing6016.jpg,Outside,1.0,5.910531e-33,1.9065687e-31,1.0
testing6017.jpg,Nanodomain,1.0,0.0,1.0,0.0
testing6018.jpg,Nanodomain,1.0,0.0,1.0,0.0
testing6019.jpg,Nanodomain,1.0,0.0,1.0,0.0
testing6020.jpg,Nanodomain,1.0,0.0,1.0,0.0
testing6021.jpg,Nanodomain,1.0,0.0,1.0,0.0
testing6022.jpg,Nanodomain,1.0,0.0,1.0,0.0
testing6023.jpg,Intermediate,1.0,1.0,1.1422703e-24,4.550647e-24
testing6024.jpg,Outside,1.0,4.3345422e-18,1.1264025e-17,1.0
testing6025.jpg,Outside,1.0,3.000349e-29,4.096586e-27,1.0
testing6026.jpg,Outside,1.0,6.9429204e-20,2.3283656e-20,1.0
testing6027.jpg,Outside,1.0,5.6903372e-30,8.7227386e-27,1.0
testing6028.jpg,Outside,1.0,4.2106745e-21,4.2152022e-23,1.0
testing6029.jpg,Outside,0.9999999,1.2028406e-07,1.4486886e-15,0.9999999
testing6030.jpg,Nanodomain,1.0,3.07755e-38,1.0,0.0
testing6031.jpg,Nanodomain,1.0,6.8707574e-27,1.0,0.0
testing6032.jpg,Nanodomain,1.0,1.7167823e-21,1.0,0.0
testing6033.jpg,Nanodomain,1.0,8.4970855e-18,1.0,2.9482374e-37
testing6034.jpg,Nanodomain,1.0,1.2122723e-09,1.0,5.0395636e-33
testing6035.jpg,Nanodomain,1.0,1.9897088e-15,1.0,1.1832504e-32
testing6036.jpg,Intermediate,0.8536217,0.8536217,0.14637828,3.052388e-18
testing6037.jpg,Nanodomain,1.0,2.9905671e-22,1.0,0.0
testing6038.jpg,Outside,1.0,4.987251e-21,7.578787e-21,1.0
testing6039.jpg,Outside,1.0,2.8487855e-25,1.8934287e-23,1.0
testing6040.jpg,Nanodomain,1.0,0.0,1.0,0.0
testing6041.jpg,Nanodomain,1.0,0.0,1.0,0.0
testing6042.jpg,Nanodomain,1.0,0.0,1.0,0.0
testing6043.jpg,Nanodomain,1.0,0.0,1.0,0.0
testing6044.jpg,Nanodomain,1.0,1.2089069e-22,1.0,0.0
testing6045.jpg,Nanodomain,1.0,0.0,1.0,0.0
testing6046.jpg,Nanodomain,1.0,0.0,1.0,0.0
testing6047.jpg,Nanodomain,1.0,0.0,1.0,0.0
testing6048.jpg,Nanodomain,1.0,0.0,1.0,0.0
testing6049.jpg,Nanodomain,1.0,0.0,1.0,0.0
testing6050.jpg,Nanodomain,1.0,0.0,1.0,0.0
testing6051.jpg,Nanodomain,1.0,0.0,1.0,0.0
testing6052.jpg,Nanodomain,1.0,0.0,1.0,0.0
testing6053.jpg,Nanodomain,1.0,0.0,1.0,0.0
testing6054.jpg,Nanodomain,1.0,0.0,1.0,0.0
testing6055.jpg,Nanodomain,1.0,0.0,1.0,0.0
testing6056.jpg,Nanodomain,1.0,0.0,1.0,0.0
testing6057.jpg,Nanodomain,1.0,0.0,1.0,0.0
testing6058.jpg,Nanodomain,1.0,0.0,1.0,0.0
testing6059.jpg,Nanodomain,1.0,0.0,1.0,0.0
testing6060.jpg,Outside,1.0,4.146867e-20,1.5291085e-18,1.0
testing6061.jpg,Outside,1.0,1.6431375e-25,4.908029e-25,1.0
testing6062.jpg,Outside,1.0,1.0079166e-29,1.639868e-26,1.0
testing6063.jpg,Outside,1.0,5.2326475e-25,2.3856503e-24,1.0
testing6064.jpg,Outside,1.0,2.321121e-27,4.402484e-25,1.0
testing6065.jpg,Outside,1.0,1.18980175e-29,4.7383704e-25,1.0
testing6066.jpg,Outside,1.0,1.8193356e-25,1.4575797e-23,1.0
testing6067.jpg,Outside,1.0,2.686179e-25,1.1112391e-24,1.0
testing6068.jpg,Intermediate,1.0,1.0,1.8423478e-25,2.3368507e-23
testing6069.jpg,Intermediate,1.0,1.0,1.940914e-29,6.334277e-19
testing6070.jpg,Intermediate,1.0,1.0,5.540284e-26,1.697967e-20
testing6071.jpg,Intermediate,1.0,1.0,1.440511e-30,2.7163206e-24
testing6072.jpg,Intermediate,1.0,1.0,2.2360244e-29,3.9470794e-27
testing6073.jpg,Intermediate,0.99755234,0.99755234,2.9033115e-14,0.0024477073
testing6074.jpg,Outside,1.0,1.0588335e-21,4.9833876e-22,1.0
testing6075.jpg,Nanodomain,1.0,0.0,1.0,0.0
testing6076.jpg,Nanodomain,1.0,0.0,1.0,0.0
testing6077.jpg,Nanodomain,1.0,0.0,1.0,0.0
testing6078.jpg,Nanodomain,1.0,0.0,1.0,0.0
testing6079.jpg,Nanodomain,1.0,0.0,1.0,0.0
testing6080.jpg,Nanodomain,1.0,0.0,1.0,0.0
testing6081.jpg,Nanodomain,1.0,0.0,1.0,0.0
testing6082.jpg,Nanodomain,1.0,0.0,1.0,0.0
testing6083.jpg,Nanodomain,1.0,0.0,1.0,0.0
testing6084.jpg,Nanodomain,1.0,0.0,1.0,0.0
testing6085.jpg,Nanodomain,1.0,0.0,1.0,0.0
testing6086.jpg,Nanodomain,1.0,0.0,1.0,0.0
testing6087.jpg,Nanodomain,1.0,0.0,1.0,0.0
testing6088.jpg,Nanodomain,1.0,0.0,1.0,0.0
testing6089.jpg,Nanodomain,1.0,0.0,1.0,0.0
testing6090.jpg,Nanodomain,1.0,0.0,1.0,0.0
testing6091.jpg,Nanodomain,1.0,0.0,1.0,0.0
testing6092.jpg,Outside,1.0,2.5143082e-10,1.0874626e-15,1.0
testing6093.jpg,Outside,1.0,8.690513e-14,9.5366984e-20,1.0
testing6094.jpg,Outside,0.9650092,0.034990788,7.784319e-18,0.9650092
testing6095.jpg,Outside,1.0,1.5481132e-18,7.956659e-22,1.0
testing6096.jpg,Outside,1.0,6.628994e-22,5.8150654e-23,1.0
testing6097.jpg,Outside,1.0,6.775959e-20,1.01023377e-22,1.0
testing6098.jpg,Intermediate,0.99982566,0.99982566,6.3388075e-18,0.0001743183
testing6099.jpg,Outside,1.0,7.127139e-21,9.43395e-25,1.0
testing6100.jpg,Nanodomain,1.0,0.0,1.0,0.0
testing6101.jpg,Nanodomain,1.0,0.0,1.0,0.0
testing6102.jpg,Nanodomain,1.0,0.0,1.0,0.0
testing6103.jpg,Nanodomain,1.0,0.0,1.0,0.0
testing6104.jpg,Nanodomain,1.0,5.201991e-35,1.0,0.0
testing6105.jpg,Nanodomain,1.0,2.1370403e-16,1.0,6.159466e-36
testing6106.jpg,Nanodomain,1.0,7.066675e-13,1.0,7.0732848e-31
testing6107.jpg,Outside,1.0,5.2939863e-32,5.6748594e-30,1.0
testing6108.jpg,Nanodomain,1.0,0.0,1.0,0.0
testing6109.jpg,Nanodomain,1.0,0.0,1.0,0.0
testing6110.jpg,Nanodomain,1.0,0.0,1.0,0.0
testing6111.jpg,Nanodomain,1.0,0.0,1.0,0.0
testing6112.jpg,Nanodomain,1.0,0.0,1.0,0.0
testing6113.jpg,Nanodomain,1.0,0.0,1.0,0.0
testing6114.jpg,Nanodomain,1.0,0.0,1.0,0.0
testing6115.jpg,Nanodomain,1.0,0.0,1.0,0.0
testing6116.jpg,Nanodomain,1.0,0.0,1.0,0.0
testing6117.jpg,Nanodomain,1.0,0.0,1.0,0.0
testing6118.jpg,Nanodomain,1.0,0.0,1.0,0.0
testing6119.jpg,Nanodomain,1.0,0.0,1.0,0.0
testing6120.jpg,Nanodomain,1.0,0.0,1.0,0.0
testing6121.jpg,Nanodomain,1.0,0.0,1.0,0.0
testing6122.jpg,Nanodomain,1.0,0.0,1.0,0.0
testing6123.jpg,Nanodomain,1.0,0.0,1.0,0.0
testing6124.jpg,Nanodomain,1.0,0.0,1.0,0.0
testing6125.jpg,Nanodomain,1.0,0.0,1.0,0.0
testing6126.jpg,Nanodomain,1.0,0.0,1.0,0.0
testing6127.jpg,Nanodomain,1.0,0.0,1.0,0.0
testing6128.jpg,Nanodomain,1.0,0.0,1.0,0.0
testing6129.jpg,Nanodomain,1.0,0.0,1.0,0.0
testing6130.jpg,Outside,1.0,2.1236536e-33,3.312025e-29,1.0
testing6131.jpg,Outside,1.0,1.0990347e-31,6.617474e-29,1.0
testing6132.jpg,Outside,1.0,0.0,3.5391545e-33,1.0
testing6133.jpg,Outside,1.0,1.5346666e-32,1.1480287e-30,1.0
testing6134.jpg,Outside,1.0,6.9666924e-35,1.2475188e-31,1.0
testing6135.jpg,Outside,1.0,3.0992944e-33,1.6588459e-31,1.0
testing6136.jpg,Outside,1.0,8.2253197e-35,1.1718013e-31,1.0
testing6137.jpg,Outside,1.0,0.0,6.242479e-33,1.0
testing6138.jpg,Outside,1.0,7.0466834e-29,9.708931e-27,1.0
testing6139.jpg,Outside,1.0,5.5084515e-30,9.2282995e-30,1.0
testing6140.jpg,Outside,1.0,2.421638e-32,3.772768e-29,1.0
testing6141.jpg,Outside,1.0,6.4557316e-28,2.166884e-27,1.0
testing6142.jpg,Outside,1.0,4.3009834e-29,6.191985e-26,1.0
testing6143.jpg,Outside,1.0,4.8637514e-30,4.2857892e-27,1.0
testing6144.jpg,Outside,1.0,2.4032013e-35,9.9007694e-33,1.0
testing6145.jpg,Nanodomain,1.0,0.0,1.0,0.0
testing6146.jpg,Nanodomain,1.0,0.0,1.0,0.0
testing6147.jpg,Nanodomain,1.0,0.0,1.0,0.0
testing6148.jpg,Nanodomain,1.0,0.0,1.0,0.0
testing6149.jpg,Nanodomain,1.0,0.0,1.0,0.0
testing6150.jpg,Nanodomain,1.0,0.0,1.0,0.0
testing6151.jpg,Nanodomain,1.0,0.0,1.0,0.0
testing6152.jpg,Nanodomain,1.0,0.0,1.0,0.0
testing6153.jpg,Nanodomain,1.0,0.0,1.0,0.0
testing6154.jpg,Outside,1.0,8.936428e-15,7.392953e-21,1.0
testing6155.jpg,Intermediate,1.0,1.0,6.473813e-19,2.7192263e-22
testing6156.jpg,Intermediate,1.0,1.0,1.2209354e-19,1.7736937e-20
testing6157.jpg,Intermediate,1.0,1.0,8.459659e-27,3.3890357e-25
testing6158.jpg,Nanodomain,0.9999993,7.0625543e-07,0.9999993,1.0148649e-28
testing6159.jpg,Nanodomain,1.0,1.4729001e-12,1.0,7.608578e-33
testing6160.jpg,Nanodomain,1.0,5.8183198e-18,1.0,5.801122e-33
testing6161.jpg,Intermediate,1.0,1.0,2.1719201e-23,2.2369787e-15
testing6162.jpg,Intermediate,1.0,1.0,7.196217e-32,1.6688248e-22
testing6163.jpg,Intermediate,1.0,1.0,3.2592736e-28,3.189426e-20
testing6164.jpg,Outside,1.0,9.343574e-13,2.67326e-16,1.0
testing6165.jpg,Outside,1.0,7.2937096e-20,1.4540998e-20,1.0
testing6166.jpg,Nanodomain,1.0,0.0,1.0,0.0
testing6167.jpg,Nanodomain,1.0,0.0,1.0,0.0
testing6168.jpg,Nanodomain,1.0,0.0,1.0,0.0
testing6169.jpg,Nanodomain,1.0,0.0,1.0,0.0
testing6170.jpg,Nanodomain,1.0,0.0,1.0,0.0
testing6171.jpg,Nanodomain,1.0,0.0,1.0,0.0
testing6172.jpg,Nanodomain,1.0,0.0,1.0,0.0
testing6173.jpg,Nanodomain,1.0,0.0,1.0,0.0
testing6174.jpg,Nanodomain,1.0,0.0,1.0,0.0
testing6175.jpg,Nanodomain,1.0,0.0,1.0,0.0
testing6176.jpg,Nanodomain,1.0,0.0,1.0,0.0
testing6177.jpg,Nanodomain,1.0,0.0,1.0,0.0
testing6178.jpg,Nanodomain,1.0,0.0,1.0,0.0
testing6179.jpg,Nanodomain,1.0,0.0,1.0,0.0
testing6180.jpg,Nanodomain,1.0,0.0,1.0,0.0
testing6181.jpg,Nanodomain,1.0,0.0,1.0,0.0
testing6182.jpg,Nanodomain,1.0,0.0,1.0,0.0
testing6183.jpg,Nanodomain,1.0,0.0,1.0,0.0
testing6184.jpg,Nanodomain,1.0,0.0,1.0,0.0
testing6185.jpg,Nanodomain,1.0,0.0,1.0,0.0
testing6186.jpg,Nanodomain,1.0,0.0,1.0,0.0
testing6187.jpg,Nanodomain,1.0,0.0,1.0,0.0
testing6188.jpg,Nanodomain,1.0,0.0,1.0,0.0
testing6189.jpg,Intermediate,1.0,1.0,1.1238205e-29,1.3189281e-26
testing6190.jpg,Intermediate,1.0,1.0,1.0645548e-31,6.5536364e-30
testing6191.jpg,Intermediate,1.0,1.0,2.2399184e-28,3.2963252e-26
testing6192.jpg,Intermediate,0.99952984,0.99952984,2.1784891e-16,0.00047014205
testing6193.jpg,Outside,0.9999882,1.176764e-05,5.2905983e-15,0.9999882
testing6194.jpg,Intermediate,1.0,1.0,7.395944e-28,4.0722937e-13
testing6195.jpg,Outside,1.0,4.2091542e-11,2.2865495e-18,1.0
testing6196.jpg,Outside,1.0,1.8337171e-17,7.704834e-21,1.0
testing6197.jpg,Nanodomain,1.0,3.940873e-31,1.0,0.0
testing6198.jpg,Intermediate,1.0,1.0,6.589572e-34,3.7036244e-28
testing6199.jpg,Intermediate,1.0,1.0,1.404212e-25,9.4687795e-17
testing6200.jpg,Intermediate,1.0,1.0,6.6972655e-22,1.1361453e-12
testing6201.jpg,Intermediate,1.0,1.0,1.580273e-19,4.73426e-10
testing6202.jpg,Intermediate,1.0,1.0,1.6518126e-22,1.2282839e-11
testing6203.jpg,Outside,1.0,1.3149959e-09,3.5761516e-17,1.0
testing6204.jpg,Intermediate,1.0,1.0,1.1009107e-23,2.1029964e-21
testing6205.jpg,Nanodomain,1.0,0.0,1.0,0.0
testing6206.jpg,Nanodomain,1.0,0.0,1.0,0.0
testing6207.jpg,Nanodomain,1.0,0.0,1.0,0.0
testing6208.jpg,Nanodomain,1.0,0.0,1.0,0.0
testing6209.jpg,Nanodomain,1.0,0.0,1.0,0.0
testing6210.jpg,Nanodomain,1.0,0.0,1.0,0.0
testing6211.jpg,Nanodomain,1.0,0.0,1.0,0.0
testing6212.jpg,Nanodomain,1.0,0.0,1.0,0.0
testing6213.jpg,Nanodomain,1.0,0.0,1.0,0.0
testing6214.jpg,Nanodomain,1.0,0.0,1.0,0.0
testing6215.jpg,Nanodomain,1.0,0.0,1.0,0.0
testing6216.jpg,Nanodomain,1.0,0.0,1.0,0.0
testing6217.jpg,Nanodomain,1.0,0.0,1.0,0.0
testing6218.jpg,Nanodomain,1.0,0.0,1.0,0.0
testing6219.jpg,Nanodomain,1.0,0.0,1.0,0.0
testing6220.jpg,Intermediate,1.0,1.0,1.0359008e-21,1.2239416e-14
testing6221.jpg,Outside,1.0,4.9364596e-24,9.282266e-26,1.0
testing6222.jpg,Outside,1.0,1.9752879e-29,1.734273e-27,1.0
testing6223.jpg,Nanodomain,1.0,0.0,1.0,0.0
testing6224.jpg,Nanodomain,1.0,0.0,1.0,0.0
testing6225.jpg,Nanodomain,1.0,0.0,1.0,0.0
testing6226.jpg,Nanodomain,1.0,0.0,1.0,0.0
testing6227.jpg,Nanodomain,1.0,0.0,1.0,0.0
testing6228.jpg,Nanodomain,1.0,0.0,1.0,0.0
testing6229.jpg,Nanodomain,1.0,0.0,1.0,0.0
testing6230.jpg,Nanodomain,1.0,0.0,1.0,0.0
testing6231.jpg,Nanodomain,1.0,0.0,1.0,0.0
testing6232.jpg,Nanodomain,1.0,0.0,1.0,0.0
testing6233.jpg,Outside,1.0,1.4337879e-25,4.016392e-24,1.0
testing6234.jpg,Outside,1.0,7.01106e-26,3.6632174e-26,1.0
testing6235.jpg,Nanodomain,1.0,0.0,1.0,0.0
testing6236.jpg,Nanodomain,1.0,0.0,1.0,0.0
testing6237.jpg,Nanodomain,1.0,0.0,1.0,0.0
testing6238.jpg,Nanodomain,1.0,0.0,1.0,0.0
testing6239.jpg,Nanodomain,1.0,0.0,1.0,0.0
testing6240.jpg,Nanodomain,1.0,0.0,1.0,0.0
testing6241.jpg,Nanodomain,1.0,0.0,1.0,0.0
testing6242.jpg,Nanodomain,1.0,0.0,1.0,0.0
testing6243.jpg,Nanodomain,1.0,0.0,1.0,0.0
testing6244.jpg,Nanodomain,1.0,0.0,1.0,0.0
testing6245.jpg,Nanodomain,1.0,0.0,1.0,0.0
testing6246.jpg,Nanodomain,1.0,0.0,1.0,0.0
testing6247.jpg,Nanodomain,1.0,0.0,1.0,0.0
testing6248.jpg,Nanodomain,1.0,0.0,1.0,0.0
testing6249.jpg,Nanodomain,1.0,0.0,1.0,0.0
testing6250.jpg,Nanodomain,1.0,0.0,1.0,0.0
testing6251.jpg,Nanodomain,1.0,0.0,1.0,0.0
testing6252.jpg,Nanodomain,1.0,0.0,1.0,0.0
testing6253.jpg,Nanodomain,1.0,0.0,1.0,0.0
testing6254.jpg,Nanodomain,1.0,0.0,1.0,0.0
testing6255.jpg,Nanodomain,1.0,0.0,1.0,0.0
testing6256.jpg,Nanodomain,1.0,0.0,1.0,0.0
testing6257.jpg,Outside,1.0,6.859519e-28,2.9057456e-27,1.0
testing6258.jpg,Nanodomain,1.0,0.0,1.0,0.0
testing6259.jpg,Nanodomain,1.0,0.0,1.0,0.0
testing6260.jpg,Nanodomain,1.0,0.0,1.0,0.0
testing6261.jpg,Outside,0.9900379,0.009962116,2.9973712e-12,0.9900379
testing6262.jpg,Outside,1.0,3.4036824e-29,2.5988578e-27,1.0
testing6263.jpg,Outside,1.0,1.4452881e-12,7.3092516e-20,1.0
testing6264.jpg,Outside,1.0,5.4852716e-26,3.0833504e-26,1.0
testing6265.jpg,Outside,1.0,6.538304e-30,6.1270982e-30,1.0
testing6266.jpg,Outside,1.0,3.3750462e-20,1.2137768e-23,1.0
testing6267.jpg,Outside,1.0,7.029417e-30,1.6841682e-28,1.0
testing6268.jpg,Outside,1.0,4.876921e-31,3.4979023e-29,1.0
testing6269.jpg,Nanodomain,1.0,3.471075e-31,1.0,0.0
testing6270.jpg,Nanodomain,1.0,1.6083046e-17,1.0,0.0
testing6271.jpg,Nanodomain,1.0,4.328147e-26,1.0,0.0
testing6272.jpg,Nanodomain,1.0,5.0305465e-29,1.0,0.0
testing6273.jpg,Nanodomain,1.0,0.0,1.0,0.0
testing6274.jpg,Nanodomain,1.0,0.0,1.0,0.0
testing6275.jpg,Nanodomain,1.0,0.0,1.0,0.0
testing6276.jpg,Nanodomain,1.0,0.0,1.0,0.0
testing6277.jpg,Nanodomain,1.0,0.0,1.0,0.0
testing6278.jpg,Nanodomain,1.0,0.0,1.0,0.0
testing6279.jpg,Nanodomain,1.0,0.0,1.0,0.0
testing6280.jpg,Nanodomain,1.0,0.0,1.0,0.0
testing6281.jpg,Nanodomain,1.0,0.0,1.0,0.0
testing6282.jpg,Outside,1.0,3.1641557e-22,5.2888083e-21,1.0
testing6283.jpg,Outside,1.0,2.6046348e-19,9.732767e-21,1.0
testing6284.jpg,Outside,1.0,1.3660815e-12,5.9718103e-19,1.0
testing6285.jpg,Outside,1.0,3.7382184e-19,1.7557341e-19,1.0
testing6286.jpg,Outside,1.0,5.12426e-25,1.3867259e-24,1.0
testing6287.jpg,Outside,1.0,2.5833258e-15,1.3094378e-19,1.0
testing6288.jpg,Outside,1.0,6.523304e-16,8.71731e-21,1.0
testing6289.jpg,Outside,1.0,4.443013e-23,3.8094275e-22,1.0
testing6290.jpg,Intermediate,1.0,1.0,3.5221905e-22,9.249689e-12
testing6291.jpg,Outside,1.0,2.0987127e-25,7.470502e-25,1.0
testing6292.jpg,Outside,1.0,2.387783e-22,1.4861077e-22,1.0
testing6293.jpg,Nanodomain,1.0,0.0,1.0,0.0
testing6294.jpg,Nanodomain,1.0,0.0,1.0,0.0
testing6295.jpg,Intermediate,0.7584731,0.7584731,0.2415269,6.892941e-18
testing6296.jpg,Nanodomain,1.0,0.0,1.0,0.0
testing6297.jpg,Nanodomain,1.0,0.0,1.0,0.0
testing6298.jpg,Nanodomain,1.0,0.0,1.0,0.0
testing6299.jpg,Nanodomain,1.0,0.0,1.0,0.0
testing6300.jpg,Nanodomain,1.0,0.0,1.0,0.0
testing6301.jpg,Nanodomain,1.0,0.0,1.0,0.0
testing6302.jpg,Nanodomain,1.0,0.0,1.0,0.0
testing6303.jpg,Nanodomain,1.0,0.0,1.0,0.0
testing6304.jpg,Nanodomain,1.0,0.0,1.0,0.0
testing6305.jpg,Nanodomain,1.0,0.0,1.0,0.0
testing6306.jpg,Nanodomain,1.0,0.0,1.0,0.0
testing6307.jpg,Nanodomain,1.0,0.0,1.0,0.0
testing6308.jpg,Nanodomain,1.0,0.0,1.0,0.0
testing6309.jpg,Nanodomain,1.0,0.0,1.0,0.0
testing6310.jpg,Nanodomain,1.0,0.0,1.0,0.0
testing6311.jpg,Nanodomain,1.0,0.0,1.0,0.0
testing6312.jpg,Nanodomain,1.0,0.0,1.0,0.0
testing6313.jpg,Nanodomain,1.0,0.0,1.0,0.0
testing6314.jpg,Nanodomain,1.0,0.0,1.0,0.0
testing6315.jpg,Nanodomain,1.0,0.0,1.0,0.0
testing6316.jpg,Intermediate,0.9999995,0.9999995,4.266272e-15,4.8089885e-07
testing6317.jpg,Intermediate,1.0,1.0,5.727707e-23,4.30703e-12
testing6318.jpg,Intermediate,1.0,1.0,2.6377752e-31,2.2825464e-28
testing6319.jpg,Intermediate,1.0,1.0,1.8736756e-17,5.257288e-21
testing6320.jpg,Intermediate,1.0,1.0,1.129293e-26,1.8848943e-25
testing6321.jpg,Intermediate,1.0,1.0,1.4698675e-33,4.2616056e-30
testing6322.jpg,Intermediate,1.0,1.0,0.0,2.7038651e-30
testing6323.jpg,Intermediate,1.0,1.0,1.4122484e-25,1.6013835e-21
testing6324.jpg,Intermediate,1.0,1.0,6.8785737e-34,4.6033953e-23
testing6325.jpg,Intermediate,1.0,1.0,2.189129e-24,1.3350363e-17
testing6326.jpg,Nanodomain,1.0,0.0,1.0,0.0
testing6327.jpg,Nanodomain,1.0,1.8153649e-38,1.0,0.0
testing6328.jpg,Nanodomain,1.0,0.0,1.0,0.0
testing6329.jpg,Nanodomain,1.0,2.9439782e-22,1.0,0.0
testing6330.jpg,Outside,1.0,5.7196387e-12,9.423423e-15,1.0
testing6331.jpg,Nanodomain,1.0,0.0,1.0,0.0
testing6332.jpg,Nanodomain,1.0,0.0,1.0,0.0
testing6333.jpg,Nanodomain,1.0,0.0,1.0,0.0
testing6334.jpg,Nanodomain,1.0,0.0,1.0,0.0
testing6335.jpg,Nanodomain,1.0,0.0,1.0,0.0
testing6336.jpg,Nanodomain,1.0,0.0,1.0,0.0
testing6337.jpg,Nanodomain,1.0,0.0,1.0,0.0
testing6338.jpg,Nanodomain,1.0,0.0,1.0,0.0
testing6339.jpg,Nanodomain,1.0,0.0,1.0,0.0
testing6340.jpg,Nanodomain,1.0,0.0,1.0,0.0
testing6341.jpg,Nanodomain,1.0,0.0,1.0,0.0
testing6342.jpg,Nanodomain,1.0,0.0,1.0,0.0
testing6343.jpg,Nanodomain,1.0,0.0,1.0,0.0
testing6344.jpg,Nanodomain,1.0,0.0,1.0,0.0
testing6345.jpg,Nanodomain,1.0,0.0,1.0,0.0
testing6346.jpg,Nanodomain,1.0,0.0,1.0,0.0
testing6347.jpg,Nanodomain,1.0,0.0,1.0,0.0
testing6348.jpg,Nanodomain,1.0,1.5259837e-35,1.0,0.0
testing6349.jpg,Nanodomain,1.0,0.0,1.0,0.0
testing6350.jpg,Nanodomain,1.0,0.0,1.0,0.0
testing6351.jpg,Nanodomain,1.0,0.0,1.0,0.0
testing6352.jpg,Nanodomain,1.0,0.0,1.0,0.0
testing6353.jpg,Nanodomain,1.0,0.0,1.0,0.0
testing6354.jpg,Nanodomain,1.0,0.0,1.0,0.0
testing6355.jpg,Nanodomain,1.0,0.0,1.0,0.0
testing6356.jpg,Nanodomain,1.0,0.0,1.0,0.0
testing6357.jpg,Nanodomain,1.0,0.0,1.0,0.0
testing6358.jpg,Nanodomain,1.0,0.0,1.0,0.0
testing6359.jpg,Nanodomain,1.0,0.0,1.0,0.0
testing6360.jpg,Nanodomain,1.0,0.0,1.0,0.0
testing6361.jpg,Outside,1.0,8.1934044e-36,8.878494e-30,1.0
testing6362.jpg,Outside,1.0,6.3554865e-32,1.059703e-27,1.0
testing6363.jpg,Nanodomain,1.0,0.0,1.0,0.0
testing6364.jpg,Nanodomain,1.0,0.0,1.0,0.0
testing6365.jpg,Nanodomain,1.0,0.0,1.0,0.0
testing6366.jpg,Nanodomain,1.0,0.0,1.0,0.0
testing6367.jpg,Nanodomain,1.0,0.0,1.0,0.0
testing6368.jpg,Nanodomain,1.0,0.0,1.0,0.0
testing6369.jpg,Nanodomain,1.0,0.0,1.0,0.0
testing6370.jpg,Nanodomain,1.0,0.0,1.0,0.0
testing6371.jpg,Nanodomain,1.0,0.0,1.0,0.0
testing6372.jpg,Nanodomain,1.0,0.0,1.0,0.0
testing6373.jpg,Nanodomain,1.0,0.0,1.0,0.0
testing6374.jpg,Nanodomain,1.0,0.0,1.0,0.0
testing6375.jpg,Nanodomain,1.0,0.0,1.0,0.0
testing6376.jpg,Nanodomain,1.0,0.0,1.0,0.0
testing6377.jpg,Nanodomain,1.0,0.0,1.0,0.0
testing6378.jpg,Nanodomain,1.0,0.0,1.0,0.0
testing6379.jpg,Nanodomain,1.0,0.0,1.0,0.0
testing6380.jpg,Nanodomain,1.0,0.0,1.0,0.0
testing6381.jpg,Nanodomain,1.0,0.0,1.0,0.0
testing6382.jpg,Nanodomain,1.0,0.0,1.0,0.0
testing6383.jpg,Nanodomain,1.0,0.0,1.0,0.0
testing6384.jpg,Nanodomain,1.0,0.0,1.0,0.0
testing6385.jpg,Nanodomain,1.0,0.0,1.0,0.0
testing6386.jpg,Nanodomain,1.0,0.0,1.0,0.0
testing6387.jpg,Nanodomain,1.0,0.0,1.0,0.0
testing6388.jpg,Nanodomain,1.0,0.0,1.0,0.0
testing6389.jpg,Nanodomain,1.0,0.0,1.0,0.0
testing6390.jpg,Intermediate,1.0,1.0,8.085235e-20,3.8923337e-11
testing6391.jpg,Outside,1.0,5.0284335e-15,5.3991756e-20,1.0
testing6392.jpg,Outside,1.0,1.7414508e-14,1.6336462e-22,1.0
testing6393.jpg,Outside,1.0,3.0302492e-33,1.0492585e-31,1.0
testing6394.jpg,Outside,1.0,4.979066e-14,1.2791167e-23,1.0
testing6395.jpg,Nanodomain,1.0,8.267056e-29,1.0,0.0
testing6396.jpg,Nanodomain,1.0,1.5983211e-27,1.0,0.0
testing6397.jpg,Nanodomain,1.0,3.9821133e-12,1.0,1.4184393e-35
testing6398.jpg,Nanodomain,1.0,9.870126e-30,1.0,0.0
testing6399.jpg,Nanodomain,1.0,2.8137103e-15,1.0,1.3136448e-35
testing6400.jpg,Nanodomain,1.0,1.8777569e-29,1.0,0.0
testing6401.jpg,Nanodomain,1.0,0.0,1.0,0.0
testing6402.jpg,Nanodomain,1.0,0.0,1.0,0.0
testing6403.jpg,Nanodomain,1.0,0.0,1.0,0.0
testing6404.jpg,Nanodomain,1.0,0.0,1.0,0.0
testing6405.jpg,Nanodomain,1.0,0.0,1.0,0.0
testing6406.jpg,Nanodomain,1.0,0.0,1.0,0.0
testing6407.jpg,Nanodomain,1.0,0.0,1.0,0.0
testing6408.jpg,Nanodomain,1.0,0.0,1.0,0.0
testing6409.jpg,Nanodomain,1.0,0.0,1.0,0.0
testing6410.jpg,Outside,1.0,4.6859497e-27,7.5466305e-26,1.0
testing6411.jpg,Outside,1.0,4.4626115e-32,4.661311e-27,1.0
testing6412.jpg,Outside,1.0,5.270158e-29,8.9037894e-24,1.0
testing6413.jpg,Outside,1.0,1.3115487e-32,4.97196e-28,1.0
testing6414.jpg,Outside,1.0,1.1393887e-25,2.0788831e-22,1.0
testing6415.jpg,Outside,1.0,8.919646e-28,3.9339735e-26,1.0
testing6416.jpg,Outside,1.0,4.260926e-21,1.8257173e-18,1.0
testing6417.jpg,Nanodomain,1.0,2.8328397e-21,1.0,1.5570107e-38
testing6418.jpg,Nanodomain,1.0,8.552709e-22,1.0,0.0
testing6419.jpg,Outside,1.0,1.7082715e-27,1.9886762e-23,1.0
testing6420.jpg,Outside,1.0,2.9352059e-24,1.4587304e-24,1.0
testing6421.jpg,Nanodomain,1.0,0.0,1.0,0.0
testing6422.jpg,Nanodomain,1.0,0.0,1.0,0.0
testing6423.jpg,Nanodomain,1.0,0.0,1.0,0.0
testing6424.jpg,Nanodomain,1.0,0.0,1.0,0.0
testing6425.jpg,Nanodomain,1.0,0.0,1.0,0.0
testing6426.jpg,Nanodomain,1.0,0.0,1.0,0.0
testing6427.jpg,Nanodomain,1.0,0.0,1.0,0.0
testing6428.jpg,Nanodomain,1.0,0.0,1.0,0.0
testing6429.jpg,Nanodomain,1.0,0.0,1.0,0.0
testing6430.jpg,Nanodomain,1.0,0.0,1.0,0.0
testing6431.jpg,Nanodomain,1.0,0.0,1.0,0.0
testing6432.jpg,Nanodomain,1.0,0.0,1.0,0.0
testing6433.jpg,Nanodomain,1.0,0.0,1.0,0.0
testing6434.jpg,Nanodomain,1.0,0.0,1.0,0.0
testing6435.jpg,Nanodomain,1.0,0.0,1.0,0.0
testing6436.jpg,Nanodomain,1.0,0.0,1.0,0.0
testing6437.jpg,Nanodomain,1.0,0.0,1.0,0.0
testing6438.jpg,Nanodomain,1.0,0.0,1.0,0.0
testing6439.jpg,Nanodomain,1.0,0.0,1.0,0.0
testing6440.jpg,Nanodomain,1.0,0.0,1.0,0.0
testing6441.jpg,Outside,0.9993411,0.00065885624,6.084891e-17,0.9993411
testing6442.jpg,Outside,0.99999833,1.641819e-06,4.633847e-17,0.99999833
testing6443.jpg,Outside,0.99950004,0.0004999266,6.425619e-17,0.99950004
testing6444.jpg,Intermediate,0.99687445,0.99687445,8.642773e-17,0.0031255125
testing6445.jpg,Intermediate,1.0,1.0,6.5063366e-29,3.7388837e-14
testing6446.jpg,Intermediate,1.0,1.0,3.453878e-31,6.378151e-23
testing6447.jpg,Intermediate,1.0,1.0,1.8550695e-33,1.4943281e-29
testing6448.jpg,Intermediate,1.0,1.0,5.0871353e-26,3.8033512e-18
testing6449.jpg,Outside,1.0,1.4019815e-08,1.1266604e-17,1.0
testing6450.jpg,Outside,1.0,5.0805173e-09,3.5135704e-17,1.0
testing6451.jpg,Outside,0.95888853,0.041111436,6.992508e-16,0.95888853
testing6452.jpg,Nanodomain,1.0,6.888906e-38,1.0,0.0
testing6453.jpg,Nanodomain,1.0,4.071669e-37,1.0,0.0
testing6454.jpg,Nanodomain,1.0,8.984578e-25,1.0,0.0
testing6455.jpg,Nanodomain,1.0,2.1366897e-31,1.0,0.0
testing6456.jpg,Nanodomain,0.99999976,2.0100973e-07,0.99999976,5.195399e-30
testing6457.jpg,Outside,1.0,7.488651e-17,4.931691e-19,1.0
testing6458.jpg,Outside,1.0,4.415298e-18,5.563458e-17,1.0
testing6459.jpg,Nanodomain,1.0,0.0,1.0,0.0
testing6460.jpg,Nanodomain,1.0,0.0,1.0,0.0
testing6461.jpg,Nanodomain,1.0,0.0,1.0,0.0
testing6462.jpg,Nanodomain,1.0,0.0,1.0,0.0
testing6463.jpg,Nanodomain,1.0,0.0,1.0,0.0
testing6464.jpg,Nanodomain,1.0,0.0,1.0,0.0
testing6465.jpg,Nanodomain,1.0,0.0,1.0,0.0
testing6466.jpg,Nanodomain,1.0,0.0,1.0,0.0
testing6467.jpg,Nanodomain,1.0,0.0,1.0,0.0
testing6468.jpg,Nanodomain,1.0,0.0,1.0,0.0
testing6469.jpg,Nanodomain,1.0,0.0,1.0,0.0
testing6470.jpg,Nanodomain,1.0,0.0,1.0,0.0
testing6471.jpg,Nanodomain,1.0,0.0,1.0,0.0
testing6472.jpg,Nanodomain,1.0,0.0,1.0,0.0
testing6473.jpg,Nanodomain,1.0,0.0,1.0,0.0
testing6474.jpg,Nanodomain,1.0,0.0,1.0,0.0
testing6475.jpg,Nanodomain,1.0,0.0,1.0,0.0
testing6476.jpg,Nanodomain,1.0,0.0,1.0,0.0
testing6477.jpg,Nanodomain,1.0,0.0,1.0,0.0
testing6478.jpg,Nanodomain,1.0,0.0,1.0,0.0
testing6479.jpg,Nanodomain,1.0,0.0,1.0,0.0
testing6480.jpg,Nanodomain,1.0,0.0,1.0,0.0
testing6481.jpg,Nanodomain,1.0,0.0,1.0,0.0
testing6482.jpg,Nanodomain,1.0,0.0,1.0,0.0
testing6483.jpg,Nanodomain,1.0,0.0,1.0,0.0
testing6484.jpg,Nanodomain,1.0,0.0,1.0,0.0
testing6485.jpg,Nanodomain,1.0,0.0,1.0,0.0
testing6486.jpg,Nanodomain,1.0,0.0,1.0,0.0
testing6487.jpg,Nanodomain,1.0,0.0,1.0,0.0
testing6488.jpg,Nanodomain,1.0,0.0,1.0,0.0
testing6489.jpg,Outside,1.0,6.845597e-25,3.319777e-23,1.0
testing6490.jpg,Nanodomain,1.0,0.0,1.0,0.0
testing6491.jpg,Nanodomain,1.0,0.0,1.0,0.0
testing6492.jpg,Nanodomain,1.0,0.0,1.0,0.0
testing6493.jpg,Nanodomain,1.0,0.0,1.0,0.0
testing6494.jpg,Nanodomain,1.0,0.0,1.0,0.0
testing6495.jpg,Nanodomain,1.0,0.0,1.0,0.0
testing6496.jpg,Nanodomain,1.0,0.0,1.0,0.0
testing6497.jpg,Nanodomain,1.0,0.0,1.0,0.0
testing6498.jpg,Nanodomain,1.0,0.0,1.0,0.0
testing6499.jpg,Nanodomain,1.0,0.0,1.0,0.0
testing6500.jpg,Nanodomain,1.0,0.0,1.0,0.0
testing6501.jpg,Nanodomain,1.0,0.0,1.0,0.0
testing6502.jpg,Nanodomain,1.0,0.0,1.0,0.0
testing6503.jpg,Nanodomain,1.0,0.0,1.0,0.0
testing6504.jpg,Nanodomain,1.0,0.0,1.0,0.0
testing6505.jpg,Nanodomain,1.0,0.0,1.0,0.0
testing6506.jpg,Nanodomain,1.0,0.0,1.0,0.0
testing6507.jpg,Nanodomain,1.0,0.0,1.0,0.0
testing6508.jpg,Nanodomain,1.0,0.0,1.0,0.0
testing6509.jpg,Nanodomain,1.0,0.0,1.0,0.0
testing6510.jpg,Nanodomain,1.0,0.0,1.0,0.0
testing6511.jpg,Nanodomain,1.0,0.0,1.0,0.0
testing6512.jpg,Nanodomain,1.0,0.0,1.0,0.0
testing6513.jpg,Nanodomain,1.0,0.0,1.0,0.0
testing6514.jpg,Nanodomain,1.0,0.0,1.0,0.0
testing6515.jpg,Nanodomain,1.0,0.0,1.0,0.0
testing6516.jpg,Nanodomain,1.0,0.0,1.0,0.0
testing6517.jpg,Outside,1.0,8.798126e-28,3.5637965e-26,1.0
testing6518.jpg,Intermediate,1.0,1.0,7.557606e-26,2.2481456e-20
testing6519.jpg,Outside,1.0,1.8132743e-31,9.3376595e-28,1.0
testing6520.jpg,Outside,1.0,1.2073587e-29,1.215043e-28,1.0
testing6521.jpg,Nanodomain,1.0,5.16517e-21,1.0,0.0
testing6522.jpg,Outside,1.0,3.5752076e-26,2.0732413e-25,1.0
testing6523.jpg,Outside,1.0,4.060324e-33,3.8596737e-29,1.0
testing6524.jpg,Nanodomain,0.999972,2.800846e-05,0.999972,4.2680675e-26
testing6525.jpg,Nanodomain,1.0,1.546326e-09,1.0,1.1675179e-31
testing6526.jpg,Nanodomain,1.0,1.5025261e-20,1.0,0.0
testing6527.jpg,Nanodomain,1.0,9.082848e-20,1.0,0.0
testing6528.jpg,Nanodomain,0.9998777,0.00012231075,0.9998777,2.9084718e-28
testing6529.jpg,Nanodomain,1.0,0.0,1.0,0.0
testing6530.jpg,Nanodomain,1.0,0.0,1.0,0.0
testing6531.jpg,Nanodomain,1.0,0.0,1.0,0.0
testing6532.jpg,Nanodomain,1.0,0.0,1.0,0.0
testing6533.jpg,Nanodomain,1.0,0.0,1.0,0.0
testing6534.jpg,Nanodomain,1.0,0.0,1.0,0.0
testing6535.jpg,Nanodomain,1.0,0.0,1.0,0.0
testing6536.jpg,Nanodomain,1.0,0.0,1.0,0.0
testing6537.jpg,Outside,1.0,6.059319e-23,2.7953672e-19,1.0
testing6538.jpg,Outside,1.0,3.4199693e-26,1.2484134e-24,1.0
testing6539.jpg,Outside,1.0,8.55969e-23,4.246628e-22,1.0
testing6540.jpg,Outside,1.0,2.0868019e-25,2.7684255e-25,1.0
testing6541.jpg,Outside,1.0,2.698389e-26,1.8615218e-24,1.0
testing6542.jpg,Outside,1.0,1.7480901e-25,2.4898908e-23,1.0
testing6543.jpg,Outside,1.0,3.6648688e-25,1.6403575e-24,1.0
testing6544.jpg,Outside,1.0,6.7999973e-25,8.530023e-24,1.0
testing6545.jpg,Outside,1.0,1.0414607e-27,5.625838e-25,1.0
testing6546.jpg,Outside,1.0,5.7999197e-28,6.2592377e-27,1.0
testing6547.jpg,Outside,1.0,8.704709e-30,2.0375102e-27,1.0
testing6548.jpg,Outside,1.0,1.1454768e-25,5.5788704e-23,1.0
testing6549.jpg,Nanodomain,0.9999913,8.6712e-06,0.9999913,1.2964635e-27
testing6550.jpg,Nanodomain,1.0,1.8077484e-13,1.0,3.6385e-32
testing6551.jpg,Outside,1.0,7.119873e-24,9.267032e-23,1.0
testing6552.jpg,Outside,1.0,9.6192004e-27,6.259319e-24,1.0
testing6553.jpg,Outside,1.0,2.0514775e-28,1.0543885e-27,1.0
testing6554.jpg,Outside,1.0,3.5234258e-15,2.6861258e-19,1.0
testing6555.jpg,Nanodomain,1.0,0.0,1.0,0.0
testing6556.jpg,Nanodomain,1.0,0.0,1.0,0.0
testing6557.jpg,Nanodomain,1.0,0.0,1.0,0.0
testing6558.jpg,Nanodomain,1.0,0.0,1.0,0.0
testing6559.jpg,Nanodomain,1.0,0.0,1.0,0.0
testing6560.jpg,Nanodomain,1.0,0.0,1.0,0.0
testing6561.jpg,Nanodomain,1.0,0.0,1.0,0.0
testing6562.jpg,Nanodomain,1.0,0.0,1.0,0.0
testing6563.jpg,Nanodomain,1.0,0.0,1.0,0.0
testing6564.jpg,Nanodomain,1.0,0.0,1.0,0.0
testing6565.jpg,Nanodomain,1.0,0.0,1.0,0.0
testing6566.jpg,Nanodomain,1.0,0.0,1.0,0.0
testing6567.jpg,Nanodomain,1.0,0.0,1.0,0.0
testing6568.jpg,Nanodomain,1.0,0.0,1.0,0.0
testing6569.jpg,Outside,0.7902211,0.20977892,1.0186101e-11,0.7902211
testing6570.jpg,Intermediate,0.99597424,0.99597424,1.539259e-19,0.004025746
testing6571.jpg,Intermediate,1.0,1.0,4.06015e-27,1.4965624e-24
testing6572.jpg,Intermediate,1.0,1.0,5.4888772e-24,3.1789004e-24
testing6573.jpg,Intermediate,1.0,1.0,3.7596729e-25,1.0615976e-25
testing6574.jpg,Intermediate,1.0,1.0,6.0701133e-26,1.8744424e-15
testing6575.jpg,Intermediate,1.0,1.0,2.4577015e-31,5.8020527e-25
testing6576.jpg,Intermediate,1.0,1.0,2.1528145e-32,5.9404256e-29
testing6577.jpg,Intermediate,1.0,1.0,0.0,2.4094142e-29
testing6578.jpg,Intermediate,1.0,1.0,1.836577e-28,4.462454e-19
testing6579.jpg,Intermediate,1.0,1.0,2.6893805e-23,2.321361e-11
testing6580.jpg,Outside,1.0,5.7429204e-09,1.9968141e-19,1.0
testing6581.jpg,Nanodomain,1.0,6.7013726e-24,1.0,0.0
testing6582.jpg,Nanodomain,1.0,1.3533831e-17,1.0,1.3385777e-36
testing6583.jpg,Nanodomain,1.0,4.0295853e-26,1.0,0.0
testing6584.jpg,Nanodomain,1.0,4.17359e-21,1.0,0.0
testing6585.jpg,Nanodomain,1.0,0.0,1.0,0.0
testing6586.jpg,Nanodomain,1.0,0.0,1.0,0.0
testing6587.jpg,Nanodomain,1.0,0.0,1.0,0.0
testing6588.jpg,Nanodomain,1.0,0.0,1.0,0.0
testing6589.jpg,Nanodomain,1.0,0.0,1.0,0.0
testing6590.jpg,Nanodomain,1.0,0.0,1.0,0.0
testing6591.jpg,Nanodomain,1.0,0.0,1.0,0.0
testing6592.jpg,Nanodomain,1.0,0.0,1.0,0.0
testing6593.jpg,Nanodomain,1.0,0.0,1.0,0.0
testing6594.jpg,Nanodomain,1.0,0.0,1.0,0.0
testing6595.jpg,Nanodomain,1.0,0.0,1.0,0.0
testing6596.jpg,Nanodomain,1.0,0.0,1.0,0.0
testing6597.jpg,Nanodomain,1.0,0.0,1.0,0.0
testing6598.jpg,Nanodomain,1.0,0.0,1.0,0.0
testing6599.jpg,Nanodomain,1.0,0.0,1.0,0.0
testing6600.jpg,Nanodomain,1.0,0.0,1.0,0.0
testing6601.jpg,Nanodomain,1.0,0.0,1.0,0.0
testing6602.jpg,Nanodomain,1.0,1.3264569e-10,1.0,2.008269e-30
testing6603.jpg,Nanodomain,1.0,0.0,1.0,0.0
testing6604.jpg,Outside,1.0,3.94468e-30,6.996846e-26,1.0
testing6605.jpg,Nanodomain,1.0,0.0,1.0,0.0
testing6606.jpg,Nanodomain,1.0,0.0,1.0,0.0
testing6607.jpg,Nanodomain,1.0,0.0,1.0,0.0
testing6608.jpg,Nanodomain,1.0,0.0,1.0,0.0
testing6609.jpg,Nanodomain,1.0,0.0,1.0,0.0
testing6610.jpg,Nanodomain,1.0,0.0,1.0,0.0
testing6611.jpg,Nanodomain,1.0,0.0,1.0,0.0
testing6612.jpg,Nanodomain,1.0,0.0,1.0,0.0
testing6613.jpg,Nanodomain,1.0,0.0,1.0,0.0
testing6614.jpg,Nanodomain,1.0,0.0,1.0,0.0
testing6615.jpg,Nanodomain,1.0,0.0,1.0,0.0
testing6616.jpg,Nanodomain,1.0,0.0,1.0,0.0
testing6617.jpg,Outside,1.0,1.6581026e-27,3.7351992e-25,1.0
testing6618.jpg,Nanodomain,1.0,0.0,1.0,0.0
testing6619.jpg,Nanodomain,1.0,0.0,1.0,0.0
testing6620.jpg,Nanodomain,1.0,0.0,1.0,0.0
testing6621.jpg,Nanodomain,1.0,0.0,1.0,0.0
testing6622.jpg,Nanodomain,1.0,0.0,1.0,0.0
testing6623.jpg,Nanodomain,1.0,0.0,1.0,0.0
testing6624.jpg,Nanodomain,1.0,0.0,1.0,0.0
testing6625.jpg,Nanodomain,1.0,0.0,1.0,0.0
testing6626.jpg,Nanodomain,1.0,0.0,1.0,0.0
testing6627.jpg,Nanodomain,1.0,0.0,1.0,0.0
testing6628.jpg,Nanodomain,1.0,0.0,1.0,0.0
testing6629.jpg,Nanodomain,1.0,0.0,1.0,0.0
testing6630.jpg,Nanodomain,1.0,0.0,1.0,0.0
testing6631.jpg,Nanodomain,1.0,0.0,1.0,0.0
testing6632.jpg,Nanodomain,1.0,0.0,1.0,0.0
testing6633.jpg,Nanodomain,1.0,0.0,1.0,0.0
testing6634.jpg,Nanodomain,1.0,0.0,1.0,0.0
testing6635.jpg,Nanodomain,1.0,0.0,1.0,0.0
testing6636.jpg,Nanodomain,1.0,0.0,1.0,0.0
testing6637.jpg,Nanodomain,1.0,0.0,1.0,0.0
testing6638.jpg,Nanodomain,1.0,0.0,1.0,0.0
testing6639.jpg,Nanodomain,1.0,0.0,1.0,0.0
testing6640.jpg,Nanodomain,1.0,0.0,1.0,0.0
testing6641.jpg,Nanodomain,1.0,0.0,1.0,0.0
testing6642.jpg,Nanodomain,1.0,0.0,1.0,0.0
testing6643.jpg,Nanodomain,1.0,0.0,1.0,0.0
testing6644.jpg,Nanodomain,1.0,0.0,1.0,0.0
testing6645.jpg,Outside,1.0,4.3796273e-29,5.2099934e-28,1.0
testing6646.jpg,Outside,1.0,1.0901576e-31,1.0549587e-29,1.0
testing6647.jpg,Outside,1.0,1.9504931e-32,1.2284268e-30,1.0
testing6648.jpg,Outside,1.0,3.1314862e-27,6.142536e-25,1.0
testing6649.jpg,Outside,1.0,5.67335e-28,1.7151293e-25,1.0
testing6650.jpg,Nanodomain,0.99963665,0.00036328167,0.99963665,1.24747024e-23
testing6651.jpg,Intermediate,1.0,1.0,2.7325536e-17,5.4494097e-22
testing6652.jpg,Intermediate,1.0,1.0,2.7403236e-22,4.424529e-22
testing6653.jpg,Intermediate,1.0,1.0,1.4025032e-19,1.3598285e-21
testing6654.jpg,Intermediate,1.0,1.0,5.6584384e-35,4.236818e-24
testing6655.jpg,Intermediate,1.0,1.0,9.823671e-28,1.0177778e-27
testing6656.jpg,Intermediate,1.0,1.0,6.3618886e-25,2.4694986e-14
testing6657.jpg,Nanodomain,1.0,0.0,1.0,0.0
testing6658.jpg,Nanodomain,1.0,0.0,1.0,0.0
testing6659.jpg,Nanodomain,1.0,0.0,1.0,0.0
testing6660.jpg,Nanodomain,1.0,0.0,1.0,0.0
testing6661.jpg,Nanodomain,1.0,0.0,1.0,0.0
testing6662.jpg,Nanodomain,1.0,0.0,1.0,0.0
testing6663.jpg,Nanodomain,1.0,0.0,1.0,0.0
testing6664.jpg,Nanodomain,1.0,1.9175676e-24,1.0,0.0
testing6665.jpg,Outside,1.0,1.5264254e-21,3.622003e-19,1.0
testing6666.jpg,Outside,1.0,5.9897577e-29,5.698212e-26,1.0
testing6667.jpg,Outside,1.0,1.14422026e-23,3.3029041e-21,1.0
testing6668.jpg,Outside,1.0,7.064255e-30,1.3181542e-25,1.0
testing6669.jpg,Outside,1.0,2.9159183e-26,7.689181e-22,1.0
testing6670.jpg,Outside,1.0,6.0077386e-31,8.948478e-28,1.0
testing6671.jpg,Outside,1.0,1.4745274e-35,4.96818e-31,1.0
testing6672.jpg,Outside,1.0,3.4622966e-22,4.1465052e-19,1.0
testing6673.jpg,Outside,1.0,7.0815734e-16,1.696767e-15,1.0
testing6674.jpg,Outside,1.0,3.4975136e-30,1.369816e-26,1.0
testing6675.jpg,Outside,1.0,5.1843174e-10,2.3475619e-17,1.0
testing6676.jpg,Outside,1.0,8.121104e-17,1.6267878e-21,1.0
testing6677.jpg,Outside,0.99995756,4.2488584e-05,7.1647177e-16,0.99995756
testing6678.jpg,Outside,1.0,5.477813e-16,1.9705274e-18,1.0
testing6679.jpg,Outside,1.0,7.536015e-26,2.1730493e-21,1.0
testing6680.jpg,Outside,1.0,6.618597e-18,1.6114903e-19,1.0
testing6681.jpg,Intermediate,0.8051629,0.8051629,2.2353269e-17,0.19483715
testing6682.jpg,Outside,1.0,2.63314e-09,9.758235e-13,1.0
testing6683.jpg,Nanodomain,1.0,0.0,1.0,0.0
testing6684.jpg,Nanodomain,1.0,0.0,1.0,0.0
testing6685.jpg,Nanodomain,1.0,0.0,1.0,0.0
testing6686.jpg,Nanodomain,1.0,0.0,1.0,0.0
testing6687.jpg,Nanodomain,1.0,0.0,1.0,0.0
testing6688.jpg,Nanodomain,1.0,0.0,1.0,0.0
testing6689.jpg,Nanodomain,1.0,0.0,1.0,0.0
testing6690.jpg,Nanodomain,1.0,0.0,1.0,0.0
testing6691.jpg,Nanodomain,1.0,0.0,1.0,0.0
testing6692.jpg,Nanodomain,1.0,0.0,1.0,0.0
testing6693.jpg,Nanodomain,1.0,0.0,1.0,0.0
testing6694.jpg,Nanodomain,1.0,0.0,1.0,0.0
testing6695.jpg,Nanodomain,1.0,0.0,1.0,0.0
testing6696.jpg,Nanodomain,1.0,0.0,1.0,0.0
testing6697.jpg,Nanodomain,1.0,0.0,1.0,0.0
testing6698.jpg,Intermediate,1.0,1.0,9.2616316e-29,1.1351092e-21
testing6699.jpg,Intermediate,0.9999995,0.9999995,1.8396138e-19,5.129326e-07
testing6700.jpg,Intermediate,1.0,1.0,2.2640938e-27,1.3968303e-15
testing6701.jpg,Intermediate,1.0,1.0,3.3183154e-26,3.076251e-13
testing6702.jpg,Intermediate,1.0,1.0,4.056678e-29,3.3740035e-20
testing6703.jpg,Intermediate,1.0,1.0,3.7708854e-35,4.7522184e-25
testing6704.jpg,Intermediate,1.0,1.0,4.4800242e-33,3.330328e-24
testing6705.jpg,Intermediate,1.0,1.0,1.744708e-30,1.0090949e-27
testing6706.jpg,Intermediate,1.0,1.0,3.4289796e-28,3.656014e-26
testing6707.jpg,Intermediate,1.0,1.0,1.16676245e-36,3.4591521e-31
testing6708.jpg,Intermediate,1.0,1.0,1.4700835e-29,8.197976e-27
testing6709.jpg,Nanodomain,1.0,1.916818e-20,1.0,0.0
testing6710.jpg,Nanodomain,1.0,1.0258943e-25,1.0,0.0
testing6711.jpg,Nanodomain,1.0,1.3911645e-26,1.0,0.0
testing6712.jpg,Nanodomain,1.0,3.4206956e-21,1.0,0.0
testing6713.jpg,Intermediate,0.6178538,0.6178538,1.4029162e-16,0.38214618
testing6714.jpg,Nanodomain,1.0,0.0,1.0,0.0
testing6715.jpg,Nanodomain,1.0,0.0,1.0,0.0
testing6716.jpg,Nanodomain,1.0,0.0,1.0,0.0
testing6717.jpg,Nanodomain,1.0,0.0,1.0,0.0
testing6718.jpg,Nanodomain,1.0,0.0,1.0,0.0
testing6719.jpg,Nanodomain,1.0,0.0,1.0,0.0
testing6720.jpg,Nanodomain,1.0,0.0,1.0,0.0
testing6721.jpg,Nanodomain,1.0,0.0,1.0,0.0
testing6722.jpg,Nanodomain,1.0,0.0,1.0,0.0
testing6723.jpg,Nanodomain,1.0,0.0,1.0,0.0
testing6724.jpg,Nanodomain,1.0,0.0,1.0,0.0
testing6725.jpg,Nanodomain,1.0,0.0,1.0,0.0
testing6726.jpg,Nanodomain,1.0,0.0,1.0,0.0
testing6727.jpg,Nanodomain,1.0,0.0,1.0,0.0
testing6728.jpg,Nanodomain,1.0,0.0,1.0,0.0
testing6729.jpg,Nanodomain,1.0,7.193068e-15,1.0,7.463652e-36
testing6730.jpg,Nanodomain,0.993721,0.0062789884,0.993721,8.465114e-18
testing6731.jpg,Outside,1.0,5.055287e-21,4.420577e-24,1.0
testing6732.jpg,Outside,1.0,3.9117254e-24,6.116141e-24,1.0
testing6733.jpg,Nanodomain,1.0,0.0,1.0,0.0
testing6734.jpg,Nanodomain,1.0,0.0,1.0,0.0
testing6735.jpg,Nanodomain,1.0,0.0,1.0,0.0
testing6736.jpg,Nanodomain,1.0,0.0,1.0,0.0
testing6737.jpg,Nanodomain,1.0,0.0,1.0,0.0
testing6738.jpg,Nanodomain,1.0,0.0,1.0,0.0
testing6739.jpg,Nanodomain,1.0,0.0,1.0,0.0
testing6740.jpg,Nanodomain,1.0,0.0,1.0,0.0
testing6741.jpg,Nanodomain,1.0,0.0,1.0,0.0
testing6742.jpg,Nanodomain,1.0,0.0,1.0,0.0
testing6743.jpg,Nanodomain,1.0,0.0,1.0,0.0
testing6744.jpg,Nanodomain,1.0,0.0,1.0,0.0
testing6745.jpg,Outside,1.0,5.9192104e-28,1.000521e-26,1.0
testing6746.jpg,Nanodomain,1.0,0.0,1.0,0.0
testing6747.jpg,Nanodomain,1.0,0.0,1.0,0.0
testing6748.jpg,Nanodomain,1.0,0.0,1.0,0.0
testing6749.jpg,Nanodomain,1.0,0.0,1.0,0.0
testing6750.jpg,Nanodomain,1.0,0.0,1.0,0.0
testing6751.jpg,Nanodomain,1.0,0.0,1.0,0.0
testing6752.jpg,Nanodomain,1.0,0.0,1.0,0.0
testing6753.jpg,Nanodomain,1.0,0.0,1.0,0.0
testing6754.jpg,Nanodomain,1.0,0.0,1.0,0.0
testing6755.jpg,Nanodomain,1.0,0.0,1.0,0.0
testing6756.jpg,Nanodomain,1.0,0.0,1.0,0.0
testing6757.jpg,Nanodomain,1.0,0.0,1.0,0.0
testing6758.jpg,Nanodomain,1.0,0.0,1.0,0.0
testing6759.jpg,Nanodomain,1.0,0.0,1.0,0.0
testing6760.jpg,Nanodomain,1.0,0.0,1.0,0.0
testing6761.jpg,Nanodomain,1.0,0.0,1.0,0.0
testing6762.jpg,Nanodomain,1.0,0.0,1.0,0.0
testing6763.jpg,Nanodomain,1.0,0.0,1.0,0.0
testing6764.jpg,Nanodomain,1.0,0.0,1.0,0.0
testing6765.jpg,Nanodomain,1.0,0.0,1.0,0.0
testing6766.jpg,Nanodomain,1.0,0.0,1.0,0.0
testing6767.jpg,Nanodomain,1.0,0.0,1.0,0.0
testing6768.jpg,Nanodomain,1.0,0.0,1.0,0.0
testing6769.jpg,Nanodomain,1.0,0.0,1.0,0.0
testing6770.jpg,Nanodomain,1.0,0.0,1.0,0.0
testing6771.jpg,Nanodomain,1.0,0.0,1.0,0.0
testing6772.jpg,Nanodomain,1.0,0.0,1.0,0.0
testing6773.jpg,Outside,0.9999999,1.3442865e-07,3.481139e-16,0.9999999
testing6774.jpg,Intermediate,1.0,1.0,1.7606525e-24,6.383628e-23
testing6775.jpg,Intermediate,1.0,1.0,6.209452e-15,7.404225e-18
testing6776.jpg,Outside,1.0,1.1087653e-18,2.0623228e-19,1.0
testing6777.jpg,Intermediate,0.9999999,0.9999999,1.0360925e-17,9.132377e-08
testing6778.jpg,Intermediate,1.0,1.0,5.3393345e-25,3.2261142e-18
testing6779.jpg,Intermediate,1.0,1.0,1.2516169e-33,4.7020453e-28
testing6780.jpg,Intermediate,1.0,1.0,9.875259e-28,2.3566367e-14
testing6781.jpg,Intermediate,1.0,1.0,2.8090636e-32,9.800943e-22
testing6782.jpg,Intermediate,1.0,1.0,1.3546927e-28,2.8974518e-22
testing6783.jpg,Intermediate,1.0,1.0,3.4833537e-26,1.17649556e-23
testing6784.jpg,Outside,1.0,3.904106e-25,1.0395174e-24,1.0
testing6785.jpg,Nanodomain,1.0,0.0,1.0,0.0
testing6786.jpg,Nanodomain,1.0,0.0,1.0,0.0
testing6787.jpg,Nanodomain,1.0,0.0,1.0,0.0
testing6788.jpg,Nanodomain,1.0,0.0,1.0,0.0
testing6789.jpg,Nanodomain,1.0,0.0,1.0,0.0
testing6790.jpg,Nanodomain,1.0,0.0,1.0,0.0
testing6791.jpg,Nanodomain,1.0,0.0,1.0,0.0
testing6792.jpg,Nanodomain,1.0,0.0,1.0,0.0
testing6793.jpg,Nanodomain,1.0,1.2027924e-09,1.0,1.1762733e-27
testing6794.jpg,Nanodomain,1.0,0.0,1.0,0.0
testing6795.jpg,Nanodomain,1.0,0.0,1.0,0.0
testing6796.jpg,Outside,1.0,6.8935906e-29,2.0860705e-24,1.0
testing6797.jpg,Nanodomain,1.0,0.0,1.0,0.0
testing6798.jpg,Nanodomain,1.0,0.0,1.0,0.0
testing6799.jpg,Nanodomain,1.0,0.0,1.0,0.0
testing6800.jpg,Outside,1.0,2.4435058e-35,7.104282e-29,1.0
testing6801.jpg,Outside,1.0,2.2396536e-28,5.10245e-26,1.0
testing6802.jpg,Outside,1.0,1.2988338e-23,4.419984e-25,1.0
testing6803.jpg,Outside,1.0,1.5368725e-28,3.3960257e-24,1.0
testing6804.jpg,Outside,1.0,2.3261444e-29,9.168836e-27,1.0
testing6805.jpg,Outside,1.0,4.6593705e-28,1.1345484e-25,1.0
testing6806.jpg,Intermediate,1.0,1.0,9.2196836e-29,3.974829e-23
testing6807.jpg,Outside,1.0,7.990292e-24,3.0033287e-20,1.0
testing6808.jpg,Outside,1.0,2.6888014e-34,6.0307323e-28,1.0
testing6809.jpg,Outside,1.0,5.534039e-31,2.599651e-27,1.0
testing6810.jpg,Outside,1.0,2.1553135e-16,1.7879691e-17,1.0
testing6811.jpg,Nanodomain,1.0,0.0,1.0,0.0
testing6812.jpg,Nanodomain,1.0,0.0,1.0,0.0
testing6813.jpg,Nanodomain,1.0,0.0,1.0,0.0
testing6814.jpg,Nanodomain,1.0,0.0,1.0,0.0
testing6815.jpg,Nanodomain,1.0,0.0,1.0,0.0
testing6816.jpg,Nanodomain,1.0,0.0,1.0,0.0
testing6817.jpg,Nanodomain,1.0,0.0,1.0,0.0
testing6818.jpg,Nanodomain,1.0,0.0,1.0,0.0
testing6819.jpg,Nanodomain,1.0,0.0,1.0,0.0
testing6820.jpg,Nanodomain,1.0,0.0,1.0,0.0
testing6821.jpg,Nanodomain,1.0,0.0,1.0,0.0
testing6822.jpg,Nanodomain,1.0,0.0,1.0,0.0
testing6823.jpg,Nanodomain,1.0,0.0,1.0,0.0
testing6824.jpg,Nanodomain,1.0,0.0,1.0,0.0
testing6825.jpg,Outside,1.0,5.106951e-25,1.4852058e-23,1.0
testing6826.jpg,Intermediate,1.0,1.0,1.9005505e-22,2.0555786e-09
testing6827.jpg,Intermediate,1.0,1.0,1.7670284e-27,2.6024306e-26
testing6828.jpg,Intermediate,1.0,1.0,4.160315e-37,3.2001938e-31
testing6829.jpg,Intermediate,1.0,1.0,2.2429623e-28,2.350626e-25
testing6830.jpg,Intermediate,1.0,1.0,2.5719873e-12,2.4522181e-20
testing6831.jpg,Intermediate,0.9999999,0.9999999,7.490484e-08,2.675592e-19
testing6832.jpg,Intermediate,1.0,1.0,4.6287686e-31,5.7240505e-26
testing6833.jpg,Intermediate,1.0,1.0,2.877811e-37,3.2809865e-31
testing6834.jpg,Intermediate,1.0,1.0,3.596679e-36,7.651412e-28
testing6835.jpg,Intermediate,1.0,1.0,9.224097e-33,9.143879e-31
testing6836.jpg,Nanodomain,1.0,0.0,1.0,0.0
testing6837.jpg,Nanodomain,1.0,0.0,1.0,0.0
testing6838.jpg,Nanodomain,1.0,7.219242e-29,1.0,0.0
testing6839.jpg,Nanodomain,1.0,1.01201034e-10,1.0,4.018701e-34
testing6840.jpg,Intermediate,1.0,1.0,4.0407033e-24,9.585079e-16
testing6841.jpg,Nanodomain,1.0,0.0,1.0,0.0
testing6842.jpg,Nanodomain,1.0,0.0,1.0,0.0
testing6843.jpg,Nanodomain,1.0,1.1738966e-36,1.0,0.0
testing6844.jpg,Nanodomain,1.0,0.0,1.0,0.0
testing6845.jpg,Nanodomain,1.0,0.0,1.0,0.0
testing6846.jpg,Nanodomain,1.0,0.0,1.0,0.0
testing6847.jpg,Nanodomain,1.0,0.0,1.0,0.0
testing6848.jpg,Nanodomain,1.0,0.0,1.0,0.0
testing6849.jpg,Nanodomain,1.0,0.0,1.0,0.0
testing6850.jpg,Nanodomain,1.0,0.0,1.0,0.0
testing6851.jpg,Nanodomain,1.0,0.0,1.0,0.0
testing6852.jpg,Nanodomain,1.0,0.0,1.0,0.0
testing6853.jpg,Nanodomain,1.0,0.0,1.0,0.0
testing6854.jpg,Nanodomain,1.0,0.0,1.0,0.0
testing6855.jpg,Nanodomain,1.0,0.0,1.0,0.0
testing6856.jpg,Nanodomain,1.0,1.2645712e-12,1.0,3.648114e-34
testing6857.jpg,Nanodomain,1.0,7.988139e-10,1.0,7.8775344e-29
testing6858.jpg,Nanodomain,1.0,0.0,1.0,0.0
testing6859.jpg,Nanodomain,1.0,0.0,1.0,0.0
testing6860.jpg,Nanodomain,1.0,0.0,1.0,0.0
testing6861.jpg,Nanodomain,1.0,0.0,1.0,0.0
testing6862.jpg,Nanodomain,1.0,0.0,1.0,0.0
testing6863.jpg,Nanodomain,1.0,0.0,1.0,0.0
testing6864.jpg,Nanodomain,1.0,0.0,1.0,0.0
testing6865.jpg,Nanodomain,1.0,0.0,1.0,0.0
testing6866.jpg,Nanodomain,1.0,0.0,1.0,0.0
testing6867.jpg,Nanodomain,1.0,0.0,1.0,0.0
testing6868.jpg,Nanodomain,1.0,0.0,1.0,0.0
testing6869.jpg,Nanodomain,1.0,0.0,1.0,0.0
testing6870.jpg,Nanodomain,1.0,0.0,1.0,0.0
testing6871.jpg,Nanodomain,1.0,0.0,1.0,0.0
testing6872.jpg,Nanodomain,1.0,0.0,1.0,0.0
testing6873.jpg,Outside,1.0,1.5793759e-18,6.3191596e-22,1.0
testing6874.jpg,Nanodomain,1.0,0.0,1.0,0.0
testing6875.jpg,Nanodomain,1.0,0.0,1.0,0.0
testing6876.jpg,Nanodomain,1.0,0.0,1.0,0.0
testing6877.jpg,Nanodomain,1.0,0.0,1.0,0.0
testing6878.jpg,Nanodomain,1.0,0.0,1.0,0.0
testing6879.jpg,Nanodomain,1.0,0.0,1.0,0.0
testing6880.jpg,Nanodomain,1.0,0.0,1.0,0.0
testing6881.jpg,Nanodomain,1.0,0.0,1.0,0.0
testing6882.jpg,Nanodomain,1.0,0.0,1.0,0.0
testing6883.jpg,Nanodomain,1.0,0.0,1.0,0.0
testing6884.jpg,Nanodomain,1.0,0.0,1.0,0.0
testing6885.jpg,Nanodomain,1.0,0.0,1.0,0.0
testing6886.jpg,Nanodomain,1.0,0.0,1.0,0.0
testing6887.jpg,Nanodomain,1.0,0.0,1.0,0.0
testing6888.jpg,Nanodomain,1.0,0.0,1.0,0.0
testing6889.jpg,Nanodomain,1.0,0.0,1.0,0.0
testing6890.jpg,Nanodomain,1.0,0.0,1.0,0.0
testing6891.jpg,Nanodomain,1.0,0.0,1.0,0.0
testing6892.jpg,Nanodomain,1.0,0.0,1.0,0.0
testing6893.jpg,Nanodomain,1.0,0.0,1.0,0.0
testing6894.jpg,Nanodomain,1.0,0.0,1.0,0.0
testing6895.jpg,Nanodomain,1.0,0.0,1.0,0.0
testing6896.jpg,Nanodomain,1.0,0.0,1.0,0.0
testing6897.jpg,Nanodomain,1.0,0.0,1.0,0.0
testing6898.jpg,Nanodomain,1.0,0.0,1.0,0.0
testing6899.jpg,Nanodomain,1.0,0.0,1.0,0.0
testing6900.jpg,Nanodomain,1.0,0.0,1.0,0.0
testing6901.jpg,Outside,1.0,2.9454713e-15,7.6571005e-22,1.0
testing6902.jpg,Outside,1.0,1.2304521e-16,1.03457054e-20,1.0
testing6903.jpg,Intermediate,1.0,1.0,3.0392552e-26,2.683205e-13
testing6904.jpg,Intermediate,1.0,1.0,1.4844521e-31,2.6171714e-21
testing6905.jpg,Intermediate,1.0,1.0,1.0963499e-25,2.8365112e-17
testing6906.jpg,Intermediate,1.0,1.0,5.94927e-29,1.8218152e-17
testing6907.jpg,Intermediate,0.9999993,0.9999993,7.765614e-21,7.201446e-07
testing6908.jpg,Intermediate,1.0,1.0,9.105861e-25,2.3797937e-19
testing6909.jpg,Intermediate,1.0,1.0,7.206238e-26,3.3875262e-16
testing6910.jpg,Outside,0.99999833,1.7101534e-06,1.4679669e-16,0.99999833
testing6911.jpg,Outside,1.0,5.4085946e-13,1.6308911e-18,1.0
testing6912.jpg,Intermediate,1.0,1.0,1.12192216e-23,1.1147633e-16
testing6913.jpg,Nanodomain,1.0,0.0,1.0,0.0
testing6914.jpg,Nanodomain,1.0,0.0,1.0,0.0
testing6915.jpg,Nanodomain,1.0,0.0,1.0,0.0
testing6916.jpg,Nanodomain,1.0,0.0,1.0,0.0
testing6917.jpg,Nanodomain,1.0,0.0,1.0,0.0
testing6918.jpg,Nanodomain,1.0,0.0,1.0,0.0
testing6919.jpg,Nanodomain,1.0,0.0,1.0,0.0
testing6920.jpg,Nanodomain,1.0,7.907899e-25,1.0,0.0
testing6921.jpg,Outside,1.0,1.668744e-27,1.2427164e-24,1.0
testing6922.jpg,Outside,1.0,6.5198524e-29,1.8297338e-25,1.0
testing6923.jpg,Outside,1.0,3.8466713e-26,1.0674632e-22,1.0
testing6924.jpg,Nanodomain,1.0,0.0,1.0,0.0
testing6925.jpg,Nanodomain,1.0,0.0,1.0,0.0
testing6926.jpg,Nanodomain,1.0,0.0,1.0,0.0
testing6927.jpg,Outside,1.0,8.8473794e-32,3.186699e-29,1.0
testing6928.jpg,Outside,1.0,3.7248405e-25,1.1147896e-22,1.0
testing6929.jpg,Outside,1.0,4.562896e-34,7.63243e-29,1.0
testing6930.jpg,Outside,1.0,1.6635131e-27,3.5259223e-25,1.0
testing6931.jpg,Outside,1.0,7.007754e-31,6.3239005e-25,1.0
testing6932.jpg,Outside,1.0,8.543948e-27,1.3481137e-22,1.0
testing6933.jpg,Outside,1.0,3.967949e-24,5.2129885e-23,1.0
testing6934.jpg,Outside,1.0,3.6194923e-25,1.7596405e-22,1.0
testing6935.jpg,Outside,1.0,8.74398e-30,1.2983568e-25,1.0
testing6936.jpg,Outside,1.0,1.23722356e-26,1.3325537e-24,1.0
testing6937.jpg,Outside,1.0,3.1476857e-30,2.959656e-27,1.0
testing6938.jpg,Outside,1.0,1.1315626e-31,2.0225105e-27,1.0
testing6939.jpg,Outside,1.0,1.0867064e-25,2.1134562e-24,1.0
testing6940.jpg,Nanodomain,1.0,0.0,1.0,0.0
testing6941.jpg,Nanodomain,1.0,0.0,1.0,0.0
testing6942.jpg,Nanodomain,1.0,0.0,1.0,0.0
testing6943.jpg,Nanodomain,1.0,0.0,1.0,0.0
testing6944.jpg,Nanodomain,1.0,0.0,1.0,0.0
testing6945.jpg,Nanodomain,1.0,0.0,1.0,0.0
testing6946.jpg,Nanodomain,1.0,0.0,1.0,0.0
testing6947.jpg,Nanodomain,1.0,0.0,1.0,0.0
testing6948.jpg,Nanodomain,1.0,0.0,1.0,0.0
testing6949.jpg,Nanodomain,1.0,0.0,1.0,0.0
testing6950.jpg,Nanodomain,1.0,0.0,1.0,0.0
testing6951.jpg,Nanodomain,1.0,0.0,1.0,0.0
testing6952.jpg,Nanodomain,1.0,0.0,1.0,0.0
testing6953.jpg,Intermediate,0.59678155,0.59678155,2.1132818e-15,0.40321845
testing6954.jpg,Intermediate,1.0,1.0,8.979165e-25,4.458087e-24
testing6955.jpg,Intermediate,1.0,1.0,3.216531e-32,8.234581e-20
testing6956.jpg,Intermediate,1.0,1.0,5.531103e-32,1.0951173e-24
testing6957.jpg,Intermediate,1.0,1.0,3.0226395e-34,1.5663563e-25
testing6958.jpg,Intermediate,1.0,1.0,0.0,2.1810773e-31
testing6959.jpg,Intermediate,1.0,1.0,3.4381035e-31,1.0447944e-21
testing6960.jpg,Intermediate,1.0,1.0,5.89299e-34,9.119384e-25
testing6961.jpg,Intermediate,1.0,1.0,6.8260254e-29,1.7614874e-22
testing6962.jpg,Intermediate,1.0,1.0,8.004119e-37,2.779559e-24
testing6963.jpg,Intermediate,1.0,1.0,6.7407613e-37,1.0906542e-28
testing6964.jpg,Nanodomain,1.0,8.64473e-34,1.0,0.0
testing6965.jpg,Nanodomain,0.9999999,1.4376496e-07,0.9999999,3.0309517e-27
testing6966.jpg,Nanodomain,1.0,5.307617e-09,1.0,8.38901e-30
testing6967.jpg,Nanodomain,1.0,2.3697559e-27,1.0,0.0
testing6968.jpg,Intermediate,1.0,1.0,5.749094e-23,9.32078e-15
testing6969.jpg,Nanodomain,1.0,0.0,1.0,0.0
testing6970.jpg,Nanodomain,1.0,0.0,1.0,0.0
testing6971.jpg,Nanodomain,1.0,0.0,1.0,0.0
testing6972.jpg,Nanodomain,1.0,0.0,1.0,0.0
testing6973.jpg,Nanodomain,1.0,3.261723e-36,1.0,0.0
testing6974.jpg,Nanodomain,1.0,0.0,1.0,0.0
testing6975.jpg,Nanodomain,1.0,0.0,1.0,0.0
testing6976.jpg,Nanodomain,1.0,0.0,1.0,0.0
testing6977.jpg,Nanodomain,1.0,0.0,1.0,0.0
testing6978.jpg,Nanodomain,1.0,0.0,1.0,0.0
testing6979.jpg,Nanodomain,1.0,0.0,1.0,0.0
testing6980.jpg,Nanodomain,1.0,0.0,1.0,0.0
testing6981.jpg,Nanodomain,1.0,0.0,1.0,0.0
testing6982.jpg,Nanodomain,1.0,0.0,1.0,0.0
testing6983.jpg,Nanodomain,1.0,0.0,1.0,0.0
testing6984.jpg,Nanodomain,1.0,4.0164376e-24,1.0,0.0
testing6985.jpg,Nanodomain,1.0,0.0,1.0,0.0
testing6986.jpg,Outside,1.0,8.980976e-26,5.4208336e-24,1.0
testing6987.jpg,Outside,1.0,1.7988573e-28,2.4337202e-27,1.0
testing6988.jpg,Nanodomain,1.0,0.0,1.0,0.0
testing6989.jpg,Nanodomain,1.0,0.0,1.0,0.0
testing6990.jpg,Nanodomain,1.0,0.0,1.0,0.0
testing6991.jpg,Nanodomain,1.0,0.0,1.0,0.0
testing6992.jpg,Nanodomain,1.0,0.0,1.0,0.0
testing6993.jpg,Nanodomain,1.0,0.0,1.0,0.0
testing6994.jpg,Nanodomain,1.0,0.0,1.0,0.0
testing6995.jpg,Nanodomain,1.0,0.0,1.0,0.0
testing6996.jpg,Nanodomain,1.0,0.0,1.0,0.0
testing6997.jpg,Nanodomain,1.0,0.0,1.0,0.0
testing6998.jpg,Nanodomain,1.0,0.0,1.0,0.0
testing6999.jpg,Nanodomain,1.0,0.0,1.0,0.0
testing7000.jpg,Nanodomain,1.0,0.0,1.0,0.0
testing7001.jpg,Nanodomain,1.0,0.0,1.0,0.0
testing7002.jpg,Nanodomain,1.0,0.0,1.0,0.0
testing7003.jpg,Nanodomain,1.0,0.0,1.0,0.0
testing7004.jpg,Nanodomain,1.0,0.0,1.0,0.0
testing7005.jpg,Nanodomain,1.0,0.0,1.0,0.0
testing7006.jpg,Nanodomain,1.0,0.0,1.0,0.0
testing7007.jpg,Nanodomain,1.0,0.0,1.0,0.0
testing7008.jpg,Nanodomain,1.0,0.0,1.0,0.0
testing7009.jpg,Nanodomain,1.0,0.0,1.0,0.0
testing7010.jpg,Nanodomain,1.0,0.0,1.0,0.0
testing7011.jpg,Nanodomain,1.0,0.0,1.0,0.0
testing7012.jpg,Nanodomain,1.0,0.0,1.0,0.0
testing7013.jpg,Nanodomain,1.0,0.0,1.0,0.0
testing7014.jpg,Nanodomain,1.0,0.0,1.0,0.0
testing7015.jpg,Nanodomain,1.0,0.0,1.0,0.0
testing7016.jpg,Nanodomain,1.0,0.0,1.0,0.0
testing7017.jpg,Nanodomain,1.0,0.0,1.0,0.0
testing7018.jpg,Nanodomain,1.0,0.0,1.0,0.0
testing7019.jpg,Nanodomain,1.0,0.0,1.0,0.0
testing7020.jpg,Nanodomain,1.0,0.0,1.0,0.0
testing7021.jpg,Nanodomain,1.0,0.0,1.0,0.0
testing7022.jpg,Nanodomain,1.0,0.0,1.0,0.0
testing7023.jpg,Nanodomain,1.0,0.0,1.0,0.0
testing7024.jpg,Nanodomain,1.0,0.0,1.0,0.0
testing7025.jpg,Nanodomain,1.0,0.0,1.0,0.0
testing7026.jpg,Nanodomain,1.0,0.0,1.0,0.0
testing7027.jpg,Nanodomain,1.0,0.0,1.0,0.0
testing7028.jpg,Nanodomain,1.0,0.0,1.0,0.0
testing7029.jpg,Nanodomain,1.0,0.0,1.0,0.0
testing7030.jpg,Intermediate,1.0,1.0,2.2477778e-34,8.6593994e-23
testing7031.jpg,Intermediate,1.0,1.0,4.2661752e-23,3.6730695e-18
testing7032.jpg,Intermediate,0.9999999,0.9999999,2.6711544e-20,6.256576e-08
testing7033.jpg,Intermediate,1.0,1.0,2.6143038e-24,7.199078e-23
testing7034.jpg,Nanodomain,0.92666006,0.07333991,0.92666006,2.1827655e-24
testing7035.jpg,Intermediate,0.99987125,0.99987125,0.00012872253,1.7822394e-22
testing7036.jpg,Intermediate,1.0,1.0,1.1844122e-15,2.5010126e-28
testing7037.jpg,Intermediate,1.0,1.0,5.0493504e-21,1.3444287e-26
testing7038.jpg,Nanodomain,0.9817632,0.01823675,0.9817632,2.1852595e-24
testing7039.jpg,Nanodomain,1.0,3.83911e-17,1.0,1.9164588e-36
testing7040.jpg,Nanodomain,0.9977863,0.002213641,0.9977863,1.4771354e-26
testing7041.jpg,Nanodomain,1.0,0.0,1.0,0.0
testing7042.jpg,Nanodomain,1.0,0.0,1.0,0.0
testing7043.jpg,Nanodomain,1.0,0.0,1.0,0.0
testing7044.jpg,Nanodomain,1.0,0.0,1.0,0.0
testing7045.jpg,Nanodomain,1.0,0.0,1.0,0.0
testing7046.jpg,Nanodomain,1.0,0.0,1.0,0.0
testing7047.jpg,Nanodomain,1.0,0.0,1.0,0.0
testing7048.jpg,Nanodomain,1.0,4.9733984e-37,1.0,0.0
testing7049.jpg,Nanodomain,1.0,2.7698814e-34,1.0,0.0
testing7050.jpg,Outside,1.0,9.767299e-25,2.6330134e-21,1.0
testing7051.jpg,Outside,1.0,7.723857e-33,3.0259612e-27,1.0
testing7052.jpg,Nanodomain,1.0,0.0,1.0,0.0
testing7053.jpg,Nanodomain,1.0,0.0,1.0,0.0
testing7054.jpg,Outside,1.0,9.730504e-28,1.0032284e-23,1.0
testing7055.jpg,Outside,1.0,4.2519376e-33,2.700899e-28,1.0
testing7056.jpg,Outside,1.0,1.098934e-31,1.2605665e-27,1.0
testing7057.jpg,Outside,1.0,2.2569926e-23,1.6140041e-22,1.0
testing7058.jpg,Outside,1.0,2.0083171e-28,9.678723e-26,1.0
testing7059.jpg,Outside,1.0,9.278645e-28,2.7228863e-25,1.0
testing7060.jpg,Intermediate,1.0,1.0,1.9105828e-21,1.2232619e-11
testing7061.jpg,Outside,1.0,6.321486e-26,1.7328612e-23,1.0
testing7062.jpg,Outside,1.0,8.627465e-27,9.740505e-26,1.0
testing7063.jpg,Outside,1.0,3.6329876e-28,6.815212e-26,1.0
testing7064.jpg,Outside,0.9989895,0.0010104679,7.910073e-17,0.9989895
testing7065.jpg,Outside,1.0,1.0498882e-14,1.7976951e-16,1.0
testing7066.jpg,Outside,1.0,2.1780908e-25,6.5085375e-24,1.0
testing7067.jpg,Nanodomain,1.0,0.0,1.0,0.0
testing7068.jpg,Nanodomain,1.0,0.0,1.0,0.0
testing7069.jpg,Nanodomain,1.0,0.0,1.0,0.0
testing7070.jpg,Nanodomain,1.0,0.0,1.0,0.0
testing7071.jpg,Nanodomain,1.0,0.0,1.0,0.0
testing7072.jpg,Nanodomain,1.0,0.0,1.0,0.0
testing7073.jpg,Nanodomain,1.0,0.0,1.0,0.0
testing7074.jpg,Nanodomain,1.0,0.0,1.0,0.0
testing7075.jpg,Nanodomain,1.0,0.0,1.0,0.0
testing7076.jpg,Nanodomain,1.0,0.0,1.0,0.0
testing7077.jpg,Nanodomain,1.0,0.0,1.0,0.0
testing7078.jpg,Nanodomain,1.0,0.0,1.0,0.0
testing7079.jpg,Nanodomain,1.0,0.0,1.0,0.0
testing7080.jpg,Nanodomain,1.0,0.0,1.0,0.0
testing7081.jpg,Intermediate,0.99806494,0.99806494,2.495266e-15,0.0019351175
testing7082.jpg,Intermediate,0.99989796,0.99989796,2.2309417e-20,0.00010204528
testing7083.jpg,Outside,1.0,3.6513488e-09,5.643136e-19,1.0
testing7084.jpg,Intermediate,1.0,1.0,1.4412537e-29,4.5077153e-23
testing7085.jpg,Intermediate,1.0,1.0,9.851511e-29,4.2525042e-26
testing7086.jpg,Intermediate,1.0,1.0,5.7792625e-23,7.663046e-11
testing7087.jpg,Intermediate,1.0,1.0,2.6609752e-27,3.810746e-13
testing7088.jpg,Intermediate,1.0,1.0,5.174023e-29,8.254396e-27
testing7089.jpg,Intermediate,0.9998116,0.9998116,5.6496357e-18,0.00018848719
testing7090.jpg,Intermediate,1.0,1.0,2.7588145e-30,1.6437384e-26
testing7091.jpg,Intermediate,1.0,1.0,3.693704e-29,1.0456251e-26
testing7092.jpg,Nanodomain,1.0,1.32030635e-20,1.0,8.5388503e-38
testing7093.jpg,Nanodomain,1.0,2.2877074e-09,1.0,2.1275873e-32
testing7094.jpg,Nanodomain,1.0,3.2787737e-15,1.0,7.894529e-37
testing7095.jpg,Nanodomain,1.0,1.2690573e-21,1.0,3.4810476e-38
testing7096.jpg,Outside,1.0,1.7907795e-19,1.3194196e-21,1.0
testing7097.jpg,Outside,1.0,2.7936966e-17,1.4492994e-19,1.0
testing7098.jpg,Nanodomain,1.0,0.0,1.0,0.0
testing7099.jpg,Nanodomain,1.0,0.0,1.0,0.0
testing7100.jpg,Nanodomain,1.0,4.3776716e-37,1.0,0.0
testing7101.jpg,Nanodomain,1.0,0.0,1.0,0.0
testing7102.jpg,Nanodomain,1.0,0.0,1.0,0.0
testing7103.jpg,Nanodomain,1.0,0.0,1.0,0.0
testing7104.jpg,Nanodomain,1.0,0.0,1.0,0.0
testing7105.jpg,Nanodomain,1.0,0.0,1.0,0.0
testing7106.jpg,Nanodomain,1.0,0.0,1.0,0.0
testing7107.jpg,Nanodomain,1.0,0.0,1.0,0.0
testing7108.jpg,Nanodomain,1.0,0.0,1.0,0.0
testing7109.jpg,Nanodomain,1.0,0.0,1.0,0.0
testing7110.jpg,Nanodomain,1.0,2.7162716e-37,1.0,0.0
testing7111.jpg,Nanodomain,1.0,3.511869e-32,1.0,0.0
testing7112.jpg,Nanodomain,1.0,5.5672454e-29,1.0,0.0
testing7113.jpg,Nanodomain,0.99999845,1.5131973e-06,0.99999845,3.215565e-27
testing7114.jpg,Nanodomain,1.0,0.0,1.0,0.0
testing7115.jpg,Nanodomain,1.0,0.0,1.0,0.0
testing7116.jpg,Nanodomain,1.0,0.0,1.0,0.0
testing7117.jpg,Nanodomain,1.0,0.0,1.0,0.0
testing7118.jpg,Nanodomain,1.0,0.0,1.0,0.0
testing7119.jpg,Nanodomain,1.0,0.0,1.0,0.0
testing7120.jpg,Nanodomain,1.0,0.0,1.0,0.0
testing7121.jpg,Nanodomain,1.0,0.0,1.0,0.0
testing7122.jpg,Nanodomain,1.0,0.0,1.0,0.0
testing7123.jpg,Nanodomain,1.0,0.0,1.0,0.0
testing7124.jpg,Nanodomain,1.0,0.0,1.0,0.0
testing7125.jpg,Nanodomain,1.0,0.0,1.0,0.0
testing7126.jpg,Nanodomain,1.0,0.0,1.0,0.0
testing7127.jpg,Nanodomain,1.0,0.0,1.0,0.0
testing7128.jpg,Nanodomain,1.0,0.0,1.0,0.0
testing7129.jpg,Nanodomain,1.0,0.0,1.0,0.0
testing7130.jpg,Nanodomain,1.0,0.0,1.0,0.0
testing7131.jpg,Nanodomain,1.0,0.0,1.0,0.0
testing7132.jpg,Nanodomain,1.0,0.0,1.0,0.0
testing7133.jpg,Nanodomain,1.0,0.0,1.0,0.0
testing7134.jpg,Nanodomain,1.0,0.0,1.0,0.0
testing7135.jpg,Nanodomain,1.0,0.0,1.0,0.0
testing7136.jpg,Nanodomain,1.0,0.0,1.0,0.0
testing7137.jpg,Nanodomain,1.0,0.0,1.0,0.0
testing7138.jpg,Nanodomain,1.0,0.0,1.0,0.0
testing7139.jpg,Nanodomain,1.0,0.0,1.0,0.0
testing7140.jpg,Nanodomain,1.0,0.0,1.0,0.0
testing7141.jpg,Nanodomain,1.0,0.0,1.0,0.0
testing7142.jpg,Nanodomain,1.0,0.0,1.0,0.0
testing7143.jpg,Nanodomain,1.0,0.0,1.0,0.0
testing7144.jpg,Nanodomain,1.0,0.0,1.0,0.0
testing7145.jpg,Nanodomain,1.0,0.0,1.0,0.0
testing7146.jpg,Nanodomain,1.0,0.0,1.0,0.0
testing7147.jpg,Nanodomain,1.0,0.0,1.0,0.0
testing7148.jpg,Nanodomain,1.0,0.0,1.0,0.0
testing7149.jpg,Nanodomain,1.0,0.0,1.0,0.0
testing7150.jpg,Nanodomain,1.0,0.0,1.0,0.0
testing7151.jpg,Nanodomain,1.0,0.0,1.0,0.0
testing7152.jpg,Nanodomain,1.0,0.0,1.0,0.0
testing7153.jpg,Nanodomain,1.0,0.0,1.0,0.0
testing7154.jpg,Nanodomain,1.0,0.0,1.0,0.0
testing7155.jpg,Nanodomain,1.0,0.0,1.0,0.0
testing7156.jpg,Nanodomain,1.0,0.0,1.0,0.0
testing7157.jpg,Nanodomain,1.0,0.0,1.0,0.0
testing7158.jpg,Outside,1.0,1.885018e-31,2.6609623e-29,1.0
testing7159.jpg,Intermediate,0.9984339,0.9984339,0.0015661281,6.050461e-20
testing7160.jpg,Intermediate,1.0,1.0,8.07261e-25,1.4286267e-20
testing7161.jpg,Intermediate,0.9998392,0.9998392,0.00016077545,2.2258198e-21
testing7162.jpg,Nanodomain,1.0,2.3608504e-08,1.0,2.0915813e-27
testing7163.jpg,Nanodomain,0.9999999,1.1112145e-07,0.9999999,1.3439759e-28
testing7164.jpg,Nanodomain,1.0,8.4545204e-14,1.0,5.0068566e-32
testing7165.jpg,Intermediate,1.0,1.0,1.1806085e-13,3.5404803e-24
testing7166.jpg,Intermediate,0.9999999,0.9999999,1.3196515e-07,2.2453014e-26
testing7167.jpg,Nanodomain,0.98216945,0.017830608,0.98216945,8.205016e-24
testing7168.jpg,Nanodomain,0.9999434,5.658102e-05,0.9999434,5.5642537e-22
testing7169.jpg,Nanodomain,1.0,0.0,1.0,0.0
testing7170.jpg,Nanodomain,1.0,0.0,1.0,0.0
testing7171.jpg,Nanodomain,1.0,0.0,1.0,0.0
testing7172.jpg,Nanodomain,1.0,0.0,1.0,0.0
testing7173.jpg,Nanodomain,1.0,0.0,1.0,0.0
testing7174.jpg,Nanodomain,1.0,0.0,1.0,0.0
testing7175.jpg,Nanodomain,0.9962088,0.0037911637,0.9962088,4.9094247e-23
testing7176.jpg,Intermediate,1.0,1.0,1.7942108e-28,3.3669783e-23
testing7177.jpg,Nanodomain,1.0,0.0,1.0,0.0
testing7178.jpg,Nanodomain,1.0,0.0,1.0,0.0
testing7179.jpg,Nanodomain,1.0,0.0,1.0,0.0
testing7180.jpg,Nanodomain,1.0,0.0,1.0,0.0
testing7181.jpg,Nanodomain,1.0,0.0,1.0,0.0
testing7182.jpg,Nanodomain,1.0,0.0,1.0,0.0
testing7183.jpg,Nanodomain,1.0,0.0,1.0,0.0
testing7184.jpg,Nanodomain,1.0,0.0,1.0,0.0
testing7185.jpg,Outside,1.0,2.7658653e-29,2.2074265e-24,1.0
testing7186.jpg,Outside,1.0,2.3182262e-28,9.5251065e-26,1.0
testing7187.jpg,Outside,1.0,6.1991254e-25,8.089573e-23,1.0
testing7188.jpg,Outside,1.0,3.1568866e-29,8.220397e-27,1.0
testing7189.jpg,Outside,1.0,4.0973362e-27,2.975908e-23,1.0
testing7190.jpg,Outside,1.0,1.1175106e-29,3.8290426e-27,1.0
testing7191.jpg,Outside,1.0,9.8334994e-27,2.0783916e-22,1.0
testing7192.jpg,Outside,1.0,3.2978974e-26,1.0087925e-24,1.0
testing7193.jpg,Outside,1.0,1.7060498e-28,4.2731767e-24,1.0
testing7194.jpg,Outside,1.0,2.1681272e-32,1.8799457e-26,1.0
testing7195.jpg,Outside,1.0,2.6443757e-30,9.051967e-26,1.0
testing7196.jpg,Nanodomain,1.0,0.0,1.0,0.0
testing7197.jpg,Nanodomain,1.0,0.0,1.0,0.0
testing7198.jpg,Nanodomain,1.0,0.0,1.0,0.0
testing7199.jpg,Nanodomain,1.0,0.0,1.0,0.0
testing7200.jpg,Nanodomain,1.0,0.0,1.0,0.0
testing7201.jpg,Nanodomain,1.0,0.0,1.0,0.0
testing7202.jpg,Nanodomain,1.0,0.0,1.0,0.0
testing7203.jpg,Nanodomain,1.0,0.0,1.0,0.0
testing7204.jpg,Nanodomain,1.0,0.0,1.0,0.0
testing7205.jpg,Nanodomain,1.0,0.0,1.0,0.0
testing7206.jpg,Nanodomain,1.0,0.0,1.0,0.0
testing7207.jpg,Outside,1.0,2.3643987e-29,4.4595235e-28,1.0
testing7208.jpg,Outside,0.99562836,0.004371606,2.1211033e-14,0.99562836
testing7209.jpg,Intermediate,1.0,1.0,4.071758e-24,3.3623585e-15
testing7210.jpg,Intermediate,0.9835186,0.9835186,1.0200558e-15,0.016481418
testing7211.jpg,Intermediate,1.0,1.0,2.7854935e-31,8.39571e-28
testing7212.jpg,Intermediate,1.0,1.0,1.0353072e-23,1.1809916e-24
testing7213.jpg,Intermediate,0.75316983,0.75316983,0.2468302,2.603507e-19
testing7214.jpg,Intermediate,1.0,1.0,1.7055835e-33,1.9902117e-28
testing7215.jpg,Intermediate,1.0,1.0,1.2906475e-19,4.0078557e-22
testing7216.jpg,Intermediate,1.0,1.0,6.4202473e-27,4.3169177e-26
testing7217.jpg,Intermediate,1.0,1.0,1.6577924e-35,1.2663152e-29
testing7218.jpg,Intermediate,0.9970233,0.9970233,1.5816527e-17,0.0029766564
testing7219.jpg,Intermediate,1.0,1.0,2.1245583e-28,3.5541593e-25
testing7220.jpg,Intermediate,1.0,1.0,4.2290032e-24,1.8417341e-20
testing7221.jpg,Nanodomain,1.0,1.7599288e-11,1.0,2.3618337e-33
testing7222.jpg,Nanodomain,0.9999999,8.861623e-08,0.9999999,4.5708534e-28
testing7223.jpg,Intermediate,0.99996555,0.99996555,3.4485252e-05,6.417282e-20
testing7224.jpg,Outside,1.0,2.8167943e-21,2.044789e-21,1.0
testing7225.jpg,Outside,0.99999845,1.5652387e-06,8.8182305e-15,0.99999845
testing7226.jpg,Nanodomain,1.0,0.0,1.0,0.0
testing7227.jpg,Nanodomain,1.0,0.0,1.0,0.0
testing7228.jpg,Nanodomain,1.0,2.7454965e-34,1.0,0.0
testing7229.jpg,Nanodomain,1.0,0.0,1.0,0.0
testing7230.jpg,Nanodomain,1.0,0.0,1.0,0.0
testing7231.jpg,Nanodomain,1.0,0.0,1.0,0.0
testing7232.jpg,Nanodomain,1.0,0.0,1.0,0.0
testing7233.jpg,Nanodomain,1.0,0.0,1.0,0.0
testing7234.jpg,Nanodomain,1.0,0.0,1.0,0.0
testing7235.jpg,Nanodomain,1.0,0.0,1.0,0.0
testing7236.jpg,Nanodomain,1.0,0.0,1.0,0.0
testing7237.jpg,Nanodomain,1.0,0.0,1.0,0.0
testing7238.jpg,Nanodomain,1.0,0.0,1.0,0.0
testing7239.jpg,Nanodomain,1.0,5.1033637e-19,1.0,5.696817e-35
testing7240.jpg,Nanodomain,1.0,7.0046014e-23,1.0,0.0
testing7241.jpg,Nanodomain,1.0,2.4808327e-26,1.0,0.0
testing7242.jpg,Nanodomain,1.0,0.0,1.0,0.0
testing7243.jpg,Nanodomain,1.0,0.0,1.0,0.0
testing7244.jpg,Nanodomain,1.0,0.0,1.0,0.0
testing7245.jpg,Nanodomain,1.0,0.0,1.0,0.0
testing7246.jpg,Nanodomain,1.0,0.0,1.0,0.0
testing7247.jpg,Nanodomain,1.0,0.0,1.0,0.0
testing7248.jpg,Nanodomain,1.0,0.0,1.0,0.0
testing7249.jpg,Nanodomain,1.0,0.0,1.0,0.0
testing7250.jpg,Nanodomain,1.0,0.0,1.0,0.0
testing7251.jpg,Nanodomain,1.0,0.0,1.0,0.0
testing7252.jpg,Nanodomain,1.0,0.0,1.0,0.0
testing7253.jpg,Nanodomain,1.0,0.0,1.0,0.0
testing7254.jpg,Nanodomain,1.0,0.0,1.0,0.0
testing7255.jpg,Nanodomain,1.0,0.0,1.0,0.0
testing7256.jpg,Nanodomain,1.0,0.0,1.0,0.0
testing7257.jpg,Nanodomain,1.0,0.0,1.0,0.0
testing7258.jpg,Nanodomain,1.0,0.0,1.0,0.0
testing7259.jpg,Nanodomain,1.0,0.0,1.0,0.0
testing7260.jpg,Nanodomain,1.0,0.0,1.0,0.0
testing7261.jpg,Nanodomain,1.0,0.0,1.0,0.0
testing7262.jpg,Nanodomain,1.0,0.0,1.0,0.0
testing7263.jpg,Nanodomain,1.0,1.5960407e-29,1.0,0.0
testing7264.jpg,Nanodomain,1.0,2.5119047e-34,1.0,0.0
testing7265.jpg,Nanodomain,1.0,7.680105e-34,1.0,0.0
testing7266.jpg,Nanodomain,1.0,9.867148e-31,1.0,0.0
testing7267.jpg,Nanodomain,1.0,0.0,1.0,0.0
testing7268.jpg,Nanodomain,1.0,0.0,1.0,0.0
testing7269.jpg,Nanodomain,1.0,0.0,1.0,0.0
testing7270.jpg,Nanodomain,1.0,0.0,1.0,0.0
testing7271.jpg,Nanodomain,1.0,0.0,1.0,0.0
testing7272.jpg,Nanodomain,1.0,0.0,1.0,0.0
testing7273.jpg,Nanodomain,1.0,0.0,1.0,0.0
testing7274.jpg,Nanodomain,1.0,0.0,1.0,0.0
testing7275.jpg,Nanodomain,1.0,0.0,1.0,0.0
testing7276.jpg,Nanodomain,1.0,0.0,1.0,0.0
testing7277.jpg,Nanodomain,1.0,0.0,1.0,0.0
testing7278.jpg,Nanodomain,1.0,0.0,1.0,0.0
testing7279.jpg,Nanodomain,1.0,0.0,1.0,0.0
testing7280.jpg,Nanodomain,1.0,0.0,1.0,0.0
testing7281.jpg,Nanodomain,1.0,0.0,1.0,0.0
testing7282.jpg,Nanodomain,1.0,0.0,1.0,0.0
testing7283.jpg,Nanodomain,1.0,0.0,1.0,0.0
testing7284.jpg,Nanodomain,1.0,0.0,1.0,0.0
testing7285.jpg,Nanodomain,1.0,0.0,1.0,0.0
testing7286.jpg,Intermediate,0.9983321,0.9983321,0.0016678894,8.898116e-20
testing7287.jpg,Intermediate,1.0,1.0,9.202595e-24,1.840779e-20
testing7288.jpg,Intermediate,1.0,1.0,5.517451e-23,1.8976043e-12
testing7289.jpg,Intermediate,1.0,1.0,1.739702e-17,3.4895131e-25
testing7290.jpg,Nanodomain,1.0,4.731715e-21,1.0,0.0
testing7291.jpg,Nanodomain,0.99999976,2.4273191e-07,0.99999976,6.3790796e-29
testing7292.jpg,Nanodomain,1.0,7.6392004e-11,1.0,4.9566273e-33
testing7293.jpg,Nanodomain,0.99998105,1.8980112e-05,0.99998105,1.676757e-29
testing7294.jpg,Nanodomain,0.99999464,5.3921603e-06,0.99999464,2.808036e-28
testing7295.jpg,Nanodomain,0.9991123,0.00088767643,0.9991123,5.659483e-26
testing7296.jpg,Intermediate,0.9999782,0.9999782,2.1837935e-05,5.398122e-23
testing7297.jpg,Intermediate,1.0,1.0,1.11060985e-20,6.4161586e-27
testing7298.jpg,Nanodomain,1.0,1.3554384e-11,1.0,2.425616e-30
testing7299.jpg,Intermediate,1.0,1.0,1.2274514e-24,2.745229e-23
testing7300.jpg,Intermediate,1.0,1.0,1.555082e-30,1.1719977e-24
testing7301.jpg,Intermediate,1.0,1.0,2.5515083e-28,3.7679054e-22
testing7302.jpg,Outside,0.9985252,0.0014747677,1.2750248e-16,0.9985252
testing7303.jpg,Nanodomain,1.0,0.0,1.0,0.0
testing7304.jpg,Nanodomain,1.0,0.0,1.0,0.0
testing7305.jpg,Nanodomain,1.0,0.0,1.0,0.0
testing7306.jpg,Nanodomain,1.0,0.0,1.0,0.0
testing7307.jpg,Nanodomain,1.0,0.0,1.0,0.0
testing7308.jpg,Nanodomain,1.0,0.0,1.0,0.0
testing7309.jpg,Nanodomain,1.0,0.0,1.0,0.0
testing7310.jpg,Nanodomain,1.0,0.0,1.0,0.0
testing7311.jpg,Nanodomain,1.0,0.0,1.0,0.0
testing7312.jpg,Nanodomain,1.0,0.0,1.0,0.0
testing7313.jpg,Nanodomain,1.0,0.0,1.0,0.0
testing7314.jpg,Outside,1.0,1.4213299e-30,1.1025102e-26,1.0
testing7315.jpg,Outside,1.0,4.079757e-28,5.356611e-26,1.0
testing7316.jpg,Outside,1.0,6.21911e-27,1.441654e-23,1.0
testing7317.jpg,Outside,1.0,1.6580206e-27,5.1032146e-24,1.0
testing7318.jpg,Outside,1.0,3.5675725e-29,7.997236e-26,1.0
testing7319.jpg,Outside,1.0,7.926526e-27,6.062787e-23,1.0
testing7320.jpg,Outside,1.0,1.0474909e-31,2.4921853e-27,1.0
testing7321.jpg,Outside,1.0,4.2723346e-29,3.8999508e-26,1.0
testing7322.jpg,Outside,1.0,7.7832226e-32,1.0993935e-27,1.0
testing7323.jpg,Outside,1.0,3.2386544e-33,2.1436325e-28,1.0
testing7324.jpg,Outside,1.0,3.2724618e-31,5.552532e-27,1.0
testing7325.jpg,Nanodomain,1.0,0.0,1.0,0.0
testing7326.jpg,Nanodomain,1.0,0.0,1.0,0.0
testing7327.jpg,Nanodomain,1.0,0.0,1.0,0.0
testing7328.jpg,Nanodomain,1.0,0.0,1.0,0.0
testing7329.jpg,Nanodomain,1.0,0.0,1.0,0.0
testing7330.jpg,Nanodomain,1.0,0.0,1.0,0.0
testing7331.jpg,Nanodomain,1.0,0.0,1.0,0.0
testing7332.jpg,Intermediate,1.0,1.0,2.869347e-23,8.5772404e-16
testing7333.jpg,Intermediate,1.0,1.0,1.6798854e-24,1.2229225e-13
testing7334.jpg,Intermediate,0.995845,0.995845,2.2705175e-18,0.0041550165
testing7335.jpg,Intermediate,1.0,1.0,6.305335e-23,5.533762e-17
testing7336.jpg,Intermediate,1.0,1.0,2.028342e-29,1.1457493e-15
testing7337.jpg,Intermediate,1.0,1.0,0.0,2.3488494e-34
testing7338.jpg,Intermediate,0.9961908,0.9961908,2.399767e-16,0.0038091813
testing7339.jpg,Outside,1.0,1.3915757e-15,9.437403e-18,1.0
testing7340.jpg,Intermediate,1.0,1.0,6.7418546e-33,3.7925942e-29
testing7341.jpg,Intermediate,1.0,1.0,3.2809223e-32,2.1011848e-28
testing7342.jpg,Intermediate,1.0,1.0,3.265617e-30,1.2054059e-24
testing7343.jpg,Intermediate,1.0,1.0,2.3169766e-23,1.567684e-24
testing7344.jpg,Intermediate,1.0,1.0,9.708414e-34,1.9898996e-29
testing7345.jpg,Intermediate,1.0,1.0,1.5938504e-29,3.740471e-27
testing7346.jpg,Intermediate,0.9999995,0.9999995,7.5577166e-19,5.140158e-07
testing7347.jpg,Intermediate,1.0,1.0,2.8001323e-38,8.0681436e-33
testing7348.jpg,Intermediate,1.0,1.0,2.2225861e-23,3.5559133e-15
testing7349.jpg,Intermediate,1.0,1.0,7.2471555e-24,3.784935e-10
testing7350.jpg,Intermediate,1.0,1.0,4.883313e-21,2.4052323e-17
testing7351.jpg,Outside,1.0,1.6590264e-12,1.04242684e-19,1.0
testing7352.jpg,Outside,0.99999833,1.7013592e-06,3.2488697e-18,0.99999833
testing7353.jpg,Outside,1.0,2.8482633e-18,1.9215852e-19,1.0
testing7354.jpg,Nanodomain,1.0,1.3821319e-38,1.0,0.0
testing7355.jpg,Nanodomain,1.0,2.5386631e-36,1.0,0.0
testing7356.jpg,Nanodomain,1.0,7.782638e-37,1.0,0.0
testing7357.jpg,Nanodomain,1.0,4.5105973e-34,1.0,0.0
testing7358.jpg,Nanodomain,1.0,2.8074425e-27,1.0,0.0
testing7359.jpg,Nanodomain,1.0,0.0,1.0,0.0
testing7360.jpg,Nanodomain,1.0,1.3168645e-37,1.0,0.0
testing7361.jpg,Nanodomain,1.0,2.9636404e-37,1.0,0.0
testing7362.jpg,Nanodomain,1.0,4.1601965e-33,1.0,0.0
testing7363.jpg,Nanodomain,1.0,0.0,1.0,0.0
testing7364.jpg,Nanodomain,1.0,0.0,1.0,0.0
testing7365.jpg,Nanodomain,1.0,0.0,1.0,0.0
testing7366.jpg,Nanodomain,1.0,0.0,1.0,0.0
testing7367.jpg,Nanodomain,1.0,5.4955384e-13,1.0,5.4580487e-35
testing7368.jpg,Nanodomain,0.9999999,1.4546364e-07,0.9999999,8.22049e-27
testing7369.jpg,Outside,1.0,3.836258e-23,4.8201706e-26,1.0
testing7370.jpg,Nanodomain,1.0,0.0,1.0,0.0
testing7371.jpg,Nanodomain,1.0,0.0,1.0,0.0
testing7372.jpg,Nanodomain,1.0,0.0,1.0,0.0
testing7373.jpg,Nanodomain,1.0,0.0,1.0,0.0
testing7374.jpg,Nanodomain,1.0,0.0,1.0,0.0
testing7375.jpg,Nanodomain,1.0,0.0,1.0,0.0
testing7376.jpg,Nanodomain,1.0,0.0,1.0,0.0
testing7377.jpg,Nanodomain,1.0,0.0,1.0,0.0
testing7378.jpg,Nanodomain,1.0,0.0,1.0,0.0
testing7379.jpg,Nanodomain,1.0,0.0,1.0,0.0
testing7380.jpg,Nanodomain,1.0,0.0,1.0,0.0
testing7381.jpg,Nanodomain,1.0,0.0,1.0,0.0
testing7382.jpg,Nanodomain,1.0,0.0,1.0,0.0
testing7383.jpg,Nanodomain,1.0,0.0,1.0,0.0
testing7384.jpg,Nanodomain,1.0,0.0,1.0,0.0
testing7385.jpg,Nanodomain,1.0,0.0,1.0,0.0
testing7386.jpg,Intermediate,0.87044704,0.87044704,0.12955292,5.305223e-18
testing7387.jpg,Nanodomain,1.0,0.0,1.0,0.0
testing7388.jpg,Nanodomain,1.0,0.0,1.0,0.0
testing7389.jpg,Nanodomain,1.0,0.0,1.0,0.0
testing7390.jpg,Nanodomain,1.0,0.0,1.0,0.0
testing7391.jpg,Nanodomain,1.0,0.0,1.0,0.0
testing7392.jpg,Nanodomain,1.0,0.0,1.0,0.0
testing7393.jpg,Nanodomain,1.0,0.0,1.0,0.0
testing7394.jpg,Nanodomain,1.0,0.0,1.0,0.0
testing7395.jpg,Nanodomain,1.0,0.0,1.0,0.0
testing7396.jpg,Nanodomain,1.0,0.0,1.0,0.0
testing7397.jpg,Outside,1.0,1.191422e-16,2.597675e-22,1.0
testing7398.jpg,Outside,0.99655104,0.0034489331,4.963391e-17,0.99655104
testing7399.jpg,Outside,1.0,4.320339e-21,8.2132583e-25,1.0
testing7400.jpg,Outside,1.0,2.0828813e-17,8.4515806e-23,1.0
testing7401.jpg,Nanodomain,1.0,0.0,1.0,0.0
testing7402.jpg,Nanodomain,1.0,0.0,1.0,0.0
testing7403.jpg,Nanodomain,1.0,0.0,1.0,0.0
testing7404.jpg,Nanodomain,1.0,0.0,1.0,0.0
testing7405.jpg,Nanodomain,1.0,0.0,1.0,0.0
testing7406.jpg,Nanodomain,1.0,0.0,1.0,0.0
testing7407.jpg,Nanodomain,1.0,0.0,1.0,0.0
testing7408.jpg,Nanodomain,1.0,0.0,1.0,0.0
testing7409.jpg,Nanodomain,1.0,0.0,1.0,0.0
testing7410.jpg,Nanodomain,1.0,0.0,1.0,0.0
testing7411.jpg,Nanodomain,1.0,0.0,1.0,0.0
testing7412.jpg,Nanodomain,1.0,0.0,1.0,0.0
testing7413.jpg,Nanodomain,1.0,0.0,1.0,0.0
testing7414.jpg,Intermediate,1.0,1.0,7.4897344e-25,7.120496e-17
testing7415.jpg,Intermediate,1.0,1.0,6.6202786e-21,1.0510345e-21
testing7416.jpg,Intermediate,0.9995921,0.9995921,0.00040790177,9.558839e-21
testing7417.jpg,Nanodomain,1.0,5.896624e-22,1.0,0.0
testing7418.jpg,Nanodomain,1.0,1.6313081e-18,1.0,2.5338422e-38
testing7419.jpg,Intermediate,1.0,1.0,3.7882487e-33,2.1963359e-27
testing7420.jpg,Intermediate,1.0,1.0,2.0899107e-23,2.204357e-11
testing7421.jpg,Outside,0.999998,2.0351706e-06,4.72814e-18,0.999998
testing7422.jpg,Intermediate,1.0,1.0,9.557209e-26,1.6336824e-16
testing7423.jpg,Intermediate,1.0,1.0,1.0654487e-31,2.5633329e-20
testing7424.jpg,Intermediate,1.0,1.0,6.475731e-29,2.458337e-18
testing7425.jpg,Intermediate,1.0,1.0,4.0732194e-16,4.6500595e-16
testing7426.jpg,Intermediate,0.9999999,0.9999999,1.4208314e-07,2.1001535e-18
testing7427.jpg,Intermediate,1.0,1.0,1.6590607e-24,7.7130644e-22
testing7428.jpg,Outside,1.0,2.5127073e-21,9.940637e-22,1.0
testing7429.jpg,Outside,1.0,3.1590003e-18,1.0406588e-19,1.0
testing7430.jpg,Nanodomain,1.0,0.0,1.0,0.0
testing7431.jpg,Nanodomain,1.0,0.0,1.0,0.0
testing7432.jpg,Nanodomain,1.0,0.0,1.0,0.0
testing7433.jpg,Nanodomain,1.0,0.0,1.0,0.0
testing7434.jpg,Nanodomain,1.0,0.0,1.0,0.0
testing7435.jpg,Nanodomain,1.0,0.0,1.0,0.0
testing7436.jpg,Nanodomain,1.0,0.0,1.0,0.0
testing7437.jpg,Nanodomain,1.0,0.0,1.0,0.0
testing7438.jpg,Nanodomain,1.0,0.0,1.0,0.0
testing7439.jpg,Nanodomain,1.0,0.0,1.0,0.0
testing7440.jpg,Nanodomain,1.0,0.0,1.0,0.0
testing7441.jpg,Nanodomain,1.0,0.0,1.0,0.0
testing7442.jpg,Intermediate,1.0,1.0,1.0629755e-25,2.2860238e-20
testing7443.jpg,Nanodomain,1.0,0.0,1.0,0.0
testing7444.jpg,Outside,1.0,2.0664205e-24,6.479034e-24,1.0
testing7445.jpg,Outside,1.0,4.1924182e-29,2.8328663e-25,1.0
testing7446.jpg,Outside,1.0,9.680595e-36,1.290212e-30,1.0
testing7447.jpg,Outside,1.0,4.843078e-27,6.303916e-23,1.0
testing7448.jpg,Outside,1.0,1.1453539e-26,5.196422e-26,1.0
testing7449.jpg,Outside,1.0,8.4704964e-30,4.3803856e-26,1.0
testing7450.jpg,Outside,1.0,3.905975e-29,6.879494e-26,1.0
testing7451.jpg,Intermediate,0.9967859,0.9967859,6.628598e-20,0.003214169
testing7452.jpg,Outside,1.0,1.8442314e-26,6.6076287e-24,1.0
testing7453.jpg,Outside,1.0,5.469273e-31,7.240651e-27,1.0
testing7454.jpg,Outside,1.0,7.2759505e-28,1.0396245e-24,1.0
testing7455.jpg,Outside,1.0,3.381703e-31,3.8271e-27,1.0
testing7456.jpg,Outside,1.0,7.764623e-26,2.162711e-22,1.0
testing7457.jpg,Intermediate,0.6691042,0.6691042,9.010402e-11,0.33089578
testing7458.jpg,Outside,0.88956106,0.11043891,7.7001366e-13,0.88956106
testing7459.jpg,Intermediate,0.9986539,0.9986539,2.6356245e-14,0.0013460912
testing7460.jpg,Intermediate,1.0,1.0,2.1895872e-25,4.239419e-25
testing7461.jpg,Outside,1.0,6.810612e-26,6.5167358e-24,1.0
testing7462.jpg,Outside,1.0,1.2198929e-26,1.4495778e-24,1.0
testing7463.jpg,Intermediate,0.99983597,0.99983597,8.5753665e-18,0.00016400442
testing7464.jpg,Intermediate,1.0,1.0,2.2900266e-23,1.3871819e-15
testing7465.jpg,Intermediate,1.0,1.0,2.3418757e-30,1.20389475e-23
testing7466.jpg,Intermediate,0.9999999,0.9999999,2.0891209e-16,1.388727e-07
testing7467.jpg,Intermediate,1.0,1.0,1.0246009e-23,8.917437e-09
testing7468.jpg,Intermediate,0.9999809,0.9999809,1.1573565e-20,1.9025652e-05
testing7469.jpg,Intermediate,1.0,1.0,8.822197e-26,1.5466275e-12
testing7470.jpg,Intermediate,0.9999831,0.9999831,1.0805916e-16,1.696742e-05
testing7471.jpg,Intermediate,1.0,1.0,1.7350692e-32,5.339098e-22
testing7472.jpg,Intermediate,1.0,1.0,2.546616e-29,6.611858e-26
testing7473.jpg,Intermediate,1.0,1.0,5.790838e-34,1.04746316e-23
testing7474.jpg,Intermediate,1.0,1.0,5.0691003e-26,5.8210664e-20
testing7475.jpg,Intermediate,1.0,1.0,1.5184591e-26,1.712962e-21
testing7476.jpg,Intermediate,1.0,1.0,5.233346e-25,3.139096e-25
testing7477.jpg,Intermediate,1.0,1.0,2.1315174e-26,6.787969e-26
testing7478.jpg,Intermediate,1.0,1.0,2.583559e-25,6.4062937e-22
testing7479.jpg,Intermediate,0.9996555,0.9996555,6.642212e-18,0.00034452687
testing7480.jpg,Outside,0.5679351,0.43206495,1.0265251e-13,0.5679351
testing7481.jpg,Intermediate,0.9995865,0.9995865,2.1940742e-17,0.000413468
testing7482.jpg,Intermediate,1.0,1.0,2.83119e-26,4.3335173e-18
testing7483.jpg,Outside,0.99999976,1.9588015e-07,2.5720956e-15,0.99999976
testing7484.jpg,Nanodomain,1.0,3.969164e-37,1.0,0.0
testing7485.jpg,Nanodomain,1.0,1.4757713e-27,1.0,0.0
testing7486.jpg,Nanodomain,1.0,0.0,1.0,0.0
testing7487.jpg,Nanodomain,1.0,1.1918381e-27,1.0,0.0
testing7488.jpg,Nanodomain,1.0,1.1510762e-23,1.0,0.0
testing7489.jpg,Nanodomain,1.0,9.517369e-34,1.0,0.0
testing7490.jpg,Nanodomain,1.0,2.4830272e-35,1.0,0.0
testing7491.jpg,Nanodomain,1.0,2.7914165e-32,1.0,0.0
testing7492.jpg,Nanodomain,1.0,0.0,1.0,0.0
testing7493.jpg,Nanodomain,1.0,1.1382806e-33,1.0,0.0
testing7494.jpg,Nanodomain,1.0,9.74493e-18,1.0,2.0829871e-37
testing7495.jpg,Nanodomain,1.0,9.314771e-38,1.0,0.0
testing7496.jpg,Outside,1.0,6.5117776e-28,4.8788554e-24,1.0
testing7497.jpg,Nanodomain,1.0,0.0,1.0,0.0
testing7498.jpg,Nanodomain,1.0,0.0,1.0,0.0
testing7499.jpg,Nanodomain,1.0,0.0,1.0,0.0
testing7500.jpg,Nanodomain,1.0,0.0,1.0,0.0
testing7501.jpg,Nanodomain,1.0,0.0,1.0,0.0
testing7502.jpg,Nanodomain,1.0,0.0,1.0,0.0
testing7503.jpg,Nanodomain,1.0,0.0,1.0,0.0
testing7504.jpg,Nanodomain,1.0,0.0,1.0,0.0
testing7505.jpg,Nanodomain,1.0,0.0,1.0,0.0
testing7506.jpg,Nanodomain,1.0,0.0,1.0,0.0
testing7507.jpg,Nanodomain,1.0,0.0,1.0,0.0
testing7508.jpg,Nanodomain,1.0,0.0,1.0,0.0
testing7509.jpg,Nanodomain,1.0,0.0,1.0,0.0
testing7510.jpg,Nanodomain,1.0,0.0,1.0,0.0
testing7511.jpg,Nanodomain,1.0,0.0,1.0,0.0
testing7512.jpg,Nanodomain,1.0,0.0,1.0,0.0
testing7513.jpg,Nanodomain,1.0,0.0,1.0,0.0
testing7514.jpg,Nanodomain,1.0,0.0,1.0,0.0
testing7515.jpg,Nanodomain,1.0,1.2349432e-38,1.0,0.0
testing7516.jpg,Intermediate,1.0,1.0,3.9304055e-25,4.750844e-24
testing7517.jpg,Nanodomain,1.0,0.0,1.0,0.0
testing7518.jpg,Nanodomain,1.0,0.0,1.0,0.0
testing7519.jpg,Nanodomain,1.0,0.0,1.0,0.0
testing7520.jpg,Nanodomain,1.0,0.0,1.0,0.0
testing7521.jpg,Nanodomain,1.0,0.0,1.0,0.0
testing7522.jpg,Nanodomain,1.0,0.0,1.0,0.0
testing7523.jpg,Nanodomain,1.0,0.0,1.0,0.0
testing7524.jpg,Nanodomain,1.0,0.0,1.0,0.0
testing7525.jpg,Nanodomain,1.0,0.0,1.0,0.0
testing7526.jpg,Nanodomain,1.0,0.0,1.0,0.0
testing7527.jpg,Outside,1.0,1.8327604e-23,3.3026738e-23,1.0
testing7528.jpg,Nanodomain,1.0,0.0,1.0,0.0
testing7529.jpg,Nanodomain,1.0,0.0,1.0,0.0
testing7530.jpg,Nanodomain,1.0,0.0,1.0,0.0
testing7531.jpg,Nanodomain,1.0,0.0,1.0,0.0
testing7532.jpg,Nanodomain,1.0,0.0,1.0,0.0
testing7533.jpg,Nanodomain,1.0,0.0,1.0,0.0
testing7534.jpg,Nanodomain,1.0,0.0,1.0,0.0
testing7535.jpg,Nanodomain,1.0,0.0,1.0,0.0
testing7536.jpg,Nanodomain,1.0,0.0,1.0,0.0
testing7537.jpg,Nanodomain,1.0,0.0,1.0,0.0
testing7538.jpg,Nanodomain,1.0,0.0,1.0,0.0
testing7539.jpg,Nanodomain,1.0,0.0,1.0,0.0
testing7540.jpg,Nanodomain,1.0,0.0,1.0,0.0
testing7541.jpg,Nanodomain,1.0,0.0,1.0,0.0
testing7542.jpg,Intermediate,1.0,1.0,3.7071827e-30,8.623683e-19
testing7543.jpg,Intermediate,1.0,1.0,8.0846903e-25,3.503863e-19
testing7544.jpg,Intermediate,1.0,1.0,3.360288e-26,1.346647e-17
testing7545.jpg,Intermediate,1.0,1.0,2.7606041e-30,1.6691765e-20
testing7546.jpg,Intermediate,1.0,1.0,7.572293e-34,1.9798824e-21
testing7547.jpg,Nanodomain,1.0,1.0489061e-09,1.0,5.5301265e-34
testing7548.jpg,Intermediate,0.9868081,0.9868081,0.013191854,1.7988006e-21
testing7549.jpg,Intermediate,1.0,1.0,3.4620249e-19,2.535882e-16
testing7550.jpg,Intermediate,1.0,1.0,7.056125e-14,9.5639406e-29
testing7551.jpg,Intermediate,1.0,1.0,3.195836e-25,7.2209824e-20
testing7552.jpg,Intermediate,1.0,1.0,1.6255041e-28,5.671061e-19
testing7553.jpg,Nanodomain,0.9872075,0.012792556,0.9872075,1.8941205e-24
testing7554.jpg,Nanodomain,0.9999976,2.3983064e-06,0.9999976,1.4951502e-23
testing7555.jpg,Intermediate,0.9999999,0.9999999,4.2009812e-22,6.733124e-08
testing7556.jpg,Intermediate,0.9040745,0.9040745,1.4901114e-12,0.09592554
testing7557.jpg,Outside,1.0,1.7136979e-09,4.0062628e-16,1.0
testing7558.jpg,Nanodomain,1.0,0.0,1.0,0.0
testing7559.jpg,Nanodomain,1.0,0.0,1.0,0.0
testing7560.jpg,Nanodomain,1.0,0.0,1.0,0.0
testing7561.jpg,Nanodomain,1.0,0.0,1.0,0.0
testing7562.jpg,Nanodomain,1.0,0.0,1.0,0.0
testing7563.jpg,Nanodomain,1.0,0.0,1.0,0.0
testing7564.jpg,Nanodomain,1.0,0.0,1.0,0.0
testing7565.jpg,Nanodomain,1.0,0.0,1.0,0.0
testing7566.jpg,Nanodomain,1.0,0.0,1.0,0.0
testing7567.jpg,Nanodomain,1.0,0.0,1.0,0.0
testing7568.jpg,Nanodomain,1.0,0.0,1.0,0.0
testing7569.jpg,Nanodomain,1.0,0.0,1.0,0.0
testing7570.jpg,Nanodomain,1.0,0.0,1.0,0.0
testing7571.jpg,Nanodomain,1.0,0.0,1.0,0.0
testing7572.jpg,Outside,1.0,1.4349103e-24,4.8304147e-22,1.0
testing7573.jpg,Outside,1.0,1.0236617e-26,3.4797598e-23,1.0
testing7574.jpg,Outside,1.0,9.536276e-32,1.2631274e-27,1.0
testing7575.jpg,Outside,1.0,9.5822737e-29,1.0023322e-25,1.0
testing7576.jpg,Outside,1.0,1.6998144e-27,1.3662478e-24,1.0
testing7577.jpg,Outside,1.0,2.8300645e-28,3.751417e-27,1.0
testing7578.jpg,Outside,1.0,1.4741284e-27,6.1492176e-25,1.0
testing7579.jpg,Outside,1.0,9.0842855e-24,6.472386e-25,1.0
testing7580.jpg,Outside,1.0,1.1984171e-19,8.864752e-23,1.0
testing7581.jpg,Outside,1.0,1.231255e-31,5.804631e-29,1.0
testing7582.jpg,Outside,1.0,4.0238993e-20,5.8405038e-21,1.0
testing7583.jpg,Intermediate,0.9999995,0.9999995,3.7206465e-19,5.1459017e-07
testing7584.jpg,Intermediate,1.0,1.0,2.2006505e-31,2.0059573e-22
testing7585.jpg,Intermediate,1.0,1.0,4.8624834e-25,1.0052082e-17
testing7586.jpg,Intermediate,1.0,1.0,1.073834e-23,2.2419124e-11
testing7587.jpg,Intermediate,1.0,1.0,7.0308414e-29,7.352635e-25
testing7588.jpg,Intermediate,1.0,1.0,1.1644474e-26,1.3111009e-21
testing7589.jpg,Outside,1.0,2.8074344e-25,8.1963575e-25,1.0
testing7590.jpg,Outside,1.0,3.8950612e-10,2.1883845e-14,1.0
testing7591.jpg,Intermediate,1.0,1.0,6.377509e-26,2.1485473e-18
testing7592.jpg,Outside,0.9973672,0.002632802,4.4513547e-17,0.9973672
testing7593.jpg,Outside,1.0,4.8378418e-24,2.8690094e-22,1.0
testing7594.jpg,Intermediate,1.0,1.0,8.0224925e-29,5.85716e-17
testing7595.jpg,Intermediate,0.70936257,0.70936257,6.792808e-18,0.29063746
testing7596.jpg,Intermediate,1.0,1.0,1.8747631e-31,6.869889e-28
testing7597.jpg,Intermediate,1.0,1.0,7.5399753e-28,1.4427844e-27
testing7598.jpg,Intermediate,1.0,1.0,1.1523058e-31,2.6318102e-27
testing7599.jpg,Intermediate,1.0,1.0,4.143928e-34,7.7936545e-31
testing7600.jpg,Intermediate,1.0,1.0,2.5304466e-27,8.0168683e-28
testing7601.jpg,Intermediate,1.0,1.0,4.9187087e-34,5.876979e-28
testing7602.jpg,Intermediate,1.0,1.0,1.3672837e-34,4.8837073e-27
testing7603.jpg,Intermediate,1.0,1.0,9.562837e-31,2.3471547e-28
testing7604.jpg,Intermediate,1.0,1.0,9.322127e-16,6.7976894e-25
testing7605.jpg,Outside,0.99146044,0.008539583,3.978073e-15,0.99146044
testing7606.jpg,Intermediate,1.0,1.0,9.755263e-27,4.3986404e-17
testing7607.jpg,Intermediate,0.99622405,0.99622405,2.4779134e-18,0.0037758884
testing7608.jpg,Outside,0.5996086,0.40039146,1.5415519e-14,0.5996086
testing7609.jpg,Outside,0.9999838,1.6239288e-05,3.1490637e-15,0.9999838
testing7610.jpg,Intermediate,1.0,1.0,6.2474298e-27,4.0477204e-14
testing7611.jpg,Outside,0.9999255,7.451927e-05,1.0868952e-17,0.9999255
testing7612.jpg,Outside,0.99783283,0.0021672042,1.8306726e-16,0.99783283
testing7613.jpg,Intermediate,1.0,1.0,9.592251e-23,1.8094665e-09
testing7614.jpg,Nanodomain,1.0,2.9357607e-35,1.0,0.0
testing7615.jpg,Nanodomain,1.0,1.2372739e-36,1.0,0.0
testing7616.jpg,Nanodomain,1.0,0.0,1.0,0.0
testing7617.jpg,Nanodomain,1.0,4.8852803e-24,1.0,0.0
testing7618.jpg,Nanodomain,1.0,1.0249116e-12,1.0,8.909902e-32
testing7619.jpg,Nanodomain,1.0,2.3196394e-11,1.0,7.20998e-33
testing7620.jpg,Nanodomain,1.0,2.5745987e-08,1.0,1.447876e-31
testing7621.jpg,Nanodomain,1.0,2.1258352e-13,1.0,2.0723347e-30
testing7622.jpg,Outside,1.0,8.2746536e-23,2.6561862e-21,1.0
testing7623.jpg,Outside,1.0,8.739634e-25,2.1787103e-21,1.0
testing7624.jpg,Outside,1.0,6.288883e-37,2.1770778e-32,1.0
testing7625.jpg,Outside,1.0,3.7305248e-27,1.4409881e-24,1.0
testing7626.jpg,Nanodomain,1.0,0.0,1.0,0.0
testing7627.jpg,Nanodomain,1.0,0.0,1.0,0.0
testing7628.jpg,Nanodomain,1.0,0.0,1.0,0.0
testing7629.jpg,Nanodomain,1.0,0.0,1.0,0.0
testing7630.jpg,Nanodomain,1.0,0.0,1.0,0.0
testing7631.jpg,Nanodomain,1.0,0.0,1.0,0.0
testing7632.jpg,Nanodomain,1.0,0.0,1.0,0.0
testing7633.jpg,Nanodomain,1.0,0.0,1.0,0.0
testing7634.jpg,Nanodomain,1.0,0.0,1.0,0.0
testing7635.jpg,Nanodomain,1.0,0.0,1.0,0.0
testing7636.jpg,Nanodomain,1.0,0.0,1.0,0.0
testing7637.jpg,Nanodomain,1.0,0.0,1.0,0.0
testing7638.jpg,Nanodomain,1.0,0.0,1.0,0.0
testing7639.jpg,Nanodomain,1.0,0.0,1.0,0.0
testing7640.jpg,Nanodomain,1.0,0.0,1.0,0.0
testing7641.jpg,Intermediate,0.99998283,0.99998283,1.7147362e-05,1.3339314e-21
testing7642.jpg,Nanodomain,1.0,0.0,1.0,0.0
testing7643.jpg,Nanodomain,1.0,0.0,1.0,0.0
testing7644.jpg,Nanodomain,1.0,0.0,1.0,0.0
testing7645.jpg,Nanodomain,1.0,0.0,1.0,0.0
testing7646.jpg,Nanodomain,1.0,0.0,1.0,0.0
testing7647.jpg,Nanodomain,1.0,0.0,1.0,0.0
testing7648.jpg,Nanodomain,1.0,0.0,1.0,0.0
testing7649.jpg,Nanodomain,1.0,0.0,1.0,0.0
testing7650.jpg,Nanodomain,1.0,0.0,1.0,0.0
testing7651.jpg,Nanodomain,1.0,0.0,1.0,0.0
testing7652.jpg,Nanodomain,1.0,0.0,1.0,0.0
testing7653.jpg,Nanodomain,1.0,0.0,1.0,0.0
testing7654.jpg,Outside,1.0,2.6549017e-27,2.8485544e-27,1.0
testing7655.jpg,Outside,1.0,4.2958253e-26,2.5106218e-26,1.0
testing7656.jpg,Nanodomain,1.0,0.0,1.0,0.0
testing7657.jpg,Nanodomain,1.0,0.0,1.0,0.0
testing7658.jpg,Nanodomain,1.0,0.0,1.0,0.0
testing7659.jpg,Nanodomain,1.0,0.0,1.0,0.0
testing7660.jpg,Nanodomain,1.0,0.0,1.0,0.0
testing7661.jpg,Nanodomain,1.0,0.0,1.0,0.0
testing7662.jpg,Nanodomain,1.0,0.0,1.0,0.0
testing7663.jpg,Nanodomain,1.0,0.0,1.0,0.0
testing7664.jpg,Nanodomain,1.0,0.0,1.0,0.0
testing7665.jpg,Nanodomain,1.0,0.0,1.0,0.0
testing7666.jpg,Nanodomain,1.0,0.0,1.0,0.0
testing7667.jpg,Nanodomain,1.0,0.0,1.0,0.0
testing7668.jpg,Nanodomain,1.0,0.0,1.0,0.0
testing7669.jpg,Nanodomain,1.0,0.0,1.0,0.0
testing7670.jpg,Intermediate,1.0,1.0,5.7376544e-09,6.9158055e-26
testing7671.jpg,Intermediate,1.0,1.0,7.2264755e-10,2.2321462e-22
testing7672.jpg,Intermediate,1.0,1.0,2.2241582e-13,1.9619877e-22
testing7673.jpg,Nanodomain,1.0,3.7160023e-12,1.0,2.0880125e-32
testing7674.jpg,Nanodomain,1.0,2.073813e-08,1.0,2.1045887e-33
testing7675.jpg,Intermediate,1.0,1.0,1.5769427e-08,1.5337408e-26
testing7676.jpg,Intermediate,1.0,1.0,7.7460065e-13,8.703058e-28
testing7677.jpg,Intermediate,0.97671086,0.97671086,0.023289187,1.3202034e-21
testing7678.jpg,Intermediate,0.99999607,0.99999607,3.8899125e-06,1.6276061e-22
testing7679.jpg,Intermediate,1.0,1.0,1.8576707e-23,1.403444e-28
testing7680.jpg,Intermediate,1.0,1.0,0.0,1.8931878e-33
testing7681.jpg,Intermediate,1.0,1.0,4.6285724e-13,4.3644944e-24
testing7682.jpg,Outside,1.0,5.318368e-28,2.2773154e-24,1.0
testing7683.jpg,Outside,1.0,5.7955105e-23,3.2126844e-22,1.0
testing7684.jpg,Outside,1.0,3.5337914e-22,3.1848317e-19,1.0
testing7685.jpg,Nanodomain,1.0,0.0,1.0,0.0
testing7686.jpg,Nanodomain,1.0,0.0,1.0,0.0
testing7687.jpg,Nanodomain,1.0,0.0,1.0,0.0
testing7688.jpg,Nanodomain,1.0,0.0,1.0,0.0
testing7689.jpg,Nanodomain,1.0,0.0,1.0,0.0
testing7690.jpg,Nanodomain,1.0,0.0,1.0,0.0
testing7691.jpg,Nanodomain,1.0,0.0,1.0,0.0
testing7692.jpg,Nanodomain,1.0,0.0,1.0,0.0
testing7693.jpg,Nanodomain,1.0,0.0,1.0,0.0
testing7694.jpg,Nanodomain,1.0,0.0,1.0,0.0
testing7695.jpg,Nanodomain,1.0,0.0,1.0,0.0
testing7696.jpg,Nanodomain,1.0,0.0,1.0,0.0
testing7697.jpg,Nanodomain,1.0,0.0,1.0,0.0
testing7698.jpg,Nanodomain,1.0,0.0,1.0,0.0
testing7699.jpg,Nanodomain,1.0,0.0,1.0,0.0
testing7700.jpg,Nanodomain,1.0,0.0,1.0,0.0
testing7701.jpg,Outside,1.0,1.214058e-10,4.2159005e-20,1.0
testing7702.jpg,Outside,1.0,4.7428868e-27,2.7913855e-24,1.0
testing7703.jpg,Outside,1.0,2.7204098e-29,2.9190568e-26,1.0
testing7704.jpg,Outside,1.0,6.704235e-32,1.1827526e-27,1.0
testing7705.jpg,Outside,1.0,1.00051994e-28,6.3775366e-25,1.0
testing7706.jpg,Outside,1.0,1.2731184e-32,1.2172141e-28,1.0
testing7707.jpg,Outside,1.0,1.896374e-27,8.6606546e-23,1.0
testing7708.jpg,Outside,1.0,1.7500215e-29,7.9613445e-27,1.0
testing7709.jpg,Outside,1.0,2.446126e-28,4.9078578e-26,1.0
testing7710.jpg,Outside,1.0,5.56414e-31,6.556848e-27,1.0
testing7711.jpg,Outside,1.0,1.10223545e-36,5.0313803e-33,1.0
testing7712.jpg,Outside,1.0,2.1182715e-12,2.6041716e-16,1.0
testing7713.jpg,Intermediate,1.0,1.0,2.2107816e-23,1.9360495e-09
testing7714.jpg,Outside,1.0,1.2635396e-23,1.3101753e-22,1.0
testing7715.jpg,Outside,0.99999785,2.1884323e-06,6.689641e-15,0.99999785
testing7716.jpg,Intermediate,0.948636,0.948636,1.0348578e-15,0.051364027
testing7717.jpg,Intermediate,1.0,1.0,8.2326546e-15,1.3579267e-20
testing7718.jpg,Intermediate,1.0,1.0,1.7772217e-28,8.94296e-26
testing7719.jpg,Intermediate,1.0,1.0,1.1664991e-30,5.084693e-25
testing7720.jpg,Intermediate,1.0,1.0,6.2152283e-32,7.825088e-30
testing7721.jpg,Intermediate,1.0,1.0,1.4220397e-31,5.9979694e-28
testing7722.jpg,Intermediate,1.0,1.0,6.0601806e-36,1.3144965e-28
testing7723.jpg,Intermediate,1.0,1.0,1.8663573e-31,1.8826277e-28
testing7724.jpg,Intermediate,1.0,1.0,2.0469857e-25,1.735791e-24
testing7725.jpg,Intermediate,1.0,1.0,3.2248296e-36,5.747977e-30
testing7726.jpg,Intermediate,1.0,1.0,1.4118637e-28,3.435243e-25
testing7727.jpg,Intermediate,1.0,1.0,7.6365604e-38,3.6768938e-27
testing7728.jpg,Intermediate,1.0,1.0,6.6136858e-15,4.9888574e-25
testing7729.jpg,Intermediate,1.0,1.0,3.6195528e-22,2.0013419e-21
testing7730.jpg,Intermediate,1.0,1.0,7.5532584e-25,7.025494e-25
testing7731.jpg,Intermediate,1.0,1.0,5.343341e-35,1.2975323e-29
testing7732.jpg,Intermediate,1.0,1.0,2.0105529e-23,7.1082816e-25
testing7733.jpg,Intermediate,1.0,1.0,2.3840305e-17,8.848766e-24
testing7734.jpg,Intermediate,1.0,1.0,3.0345046e-19,3.088788e-08
testing7735.jpg,Intermediate,1.0,1.0,8.0834056e-30,1.9188276e-15
testing7736.jpg,Outside,1.0,1.4474611e-13,5.4673226e-20,1.0
testing7737.jpg,Outside,1.0,8.019313e-21,3.0332431e-19,1.0
testing7738.jpg,Outside,0.9994443,0.0005556692,2.0631725e-14,0.9994443
testing7739.jpg,Nanodomain,1.0,0.0,1.0,0.0
testing7740.jpg,Outside,1.0,2.292661e-20,9.4660745e-24,1.0
testing7741.jpg,Nanodomain,1.0,0.0,1.0,0.0
testing7742.jpg,Nanodomain,1.0,0.0,1.0,0.0
testing7743.jpg,Nanodomain,1.0,0.0,1.0,0.0
testing7744.jpg,Nanodomain,1.0,0.0,1.0,0.0
testing7745.jpg,Nanodomain,1.0,0.0,1.0,0.0
testing7746.jpg,Nanodomain,1.0,1.823196e-20,1.0,1.4614508e-36
testing7747.jpg,Nanodomain,1.0,8.064422e-25,1.0,0.0
testing7748.jpg,Nanodomain,0.99999845,1.5370678e-06,0.99999845,1.7605848e-29
testing7749.jpg,Intermediate,1.0,1.0,4.0451468e-08,8.0757515e-25
testing7750.jpg,Outside,1.0,1.4879532e-27,7.181133e-25,1.0
testing7751.jpg,Outside,1.0,3.8537877e-22,3.3295855e-20,1.0
testing7752.jpg,Outside,1.0,6.8400485e-29,1.8638587e-25,1.0
testing7753.jpg,Outside,1.0,3.5630574e-29,6.2366696e-26,1.0
testing7754.jpg,Outside,1.0,4.8270223e-31,1.1836746e-25,1.0
testing7755.jpg,Nanodomain,1.0,0.0,1.0,0.0
testing7756.jpg,Nanodomain,1.0,0.0,1.0,0.0
testing7757.jpg,Nanodomain,1.0,0.0,1.0,0.0
testing7758.jpg,Nanodomain,1.0,0.0,1.0,0.0
testing7759.jpg,Nanodomain,1.0,0.0,1.0,0.0
testing7760.jpg,Nanodomain,1.0,0.0,1.0,0.0
testing7761.jpg,Nanodomain,1.0,0.0,1.0,0.0
testing7762.jpg,Nanodomain,1.0,0.0,1.0,0.0
testing7763.jpg,Nanodomain,1.0,0.0,1.0,0.0
testing7764.jpg,Nanodomain,1.0,0.0,1.0,0.0
testing7765.jpg,Nanodomain,1.0,0.0,1.0,0.0
testing7766.jpg,Nanodomain,1.0,0.0,1.0,0.0
testing7767.jpg,Nanodomain,1.0,0.0,1.0,0.0
testing7768.jpg,Outside,1.0,2.630337e-33,2.9733003e-29,1.0
testing7769.jpg,Outside,1.0,6.089267e-27,5.957185e-25,1.0
testing7770.jpg,Nanodomain,1.0,0.0,1.0,0.0
testing7771.jpg,Nanodomain,1.0,0.0,1.0,0.0
testing7772.jpg,Nanodomain,1.0,0.0,1.0,0.0
testing7773.jpg,Nanodomain,1.0,0.0,1.0,0.0
testing7774.jpg,Nanodomain,1.0,0.0,1.0,0.0
testing7775.jpg,Nanodomain,1.0,0.0,1.0,0.0
testing7776.jpg,Nanodomain,1.0,0.0,1.0,0.0
testing7777.jpg,Nanodomain,1.0,0.0,1.0,0.0
testing7778.jpg,Nanodomain,1.0,0.0,1.0,0.0
testing7779.jpg,Nanodomain,1.0,0.0,1.0,0.0
testing7780.jpg,Nanodomain,1.0,0.0,1.0,0.0
testing7781.jpg,Nanodomain,1.0,1.5709304e-37,1.0,0.0
testing7782.jpg,Outside,1.0,1.0312647e-35,1.7745492e-32,1.0
testing7783.jpg,Outside,1.0,1.3308427e-30,6.217775e-29,1.0
testing7784.jpg,Outside,1.0,8.027023e-29,1.7994277e-27,1.0
testing7785.jpg,Nanodomain,1.0,0.0,1.0,0.0
testing7786.jpg,Nanodomain,1.0,0.0,1.0,0.0
testing7787.jpg,Nanodomain,1.0,0.0,1.0,0.0
testing7788.jpg,Nanodomain,1.0,0.0,1.0,0.0
testing7789.jpg,Nanodomain,1.0,0.0,1.0,0.0
testing7790.jpg,Nanodomain,1.0,0.0,1.0,0.0
testing7791.jpg,Nanodomain,1.0,0.0,1.0,0.0
testing7792.jpg,Nanodomain,1.0,0.0,1.0,0.0
testing7793.jpg,Nanodomain,1.0,0.0,1.0,0.0
testing7794.jpg,Nanodomain,1.0,0.0,1.0,0.0
testing7795.jpg,Nanodomain,1.0,0.0,1.0,0.0
testing7796.jpg,Nanodomain,1.0,0.0,1.0,0.0
testing7797.jpg,Nanodomain,1.0,0.0,1.0,0.0
testing7798.jpg,Intermediate,1.0,1.0,1.1830876e-25,3.4576878e-16
testing7799.jpg,Intermediate,1.0,1.0,7.572761e-25,5.4025722e-21
testing7800.jpg,Intermediate,1.0,1.0,1.5338505e-28,8.162669e-30
testing7801.jpg,Intermediate,1.0,1.0,1.1858334e-20,4.821437e-27
testing7802.jpg,Intermediate,1.0,1.0,1.1927074e-26,4.8274476e-30
testing7803.jpg,Intermediate,0.9996207,0.9996207,0.00037929867,7.991184e-26
testing7804.jpg,Intermediate,1.0,1.0,1.4312272e-22,2.5660692e-30
testing7805.jpg,Intermediate,1.0,1.0,9.219925e-30,1.00432935e-19
testing7806.jpg,Intermediate,1.0,1.0,2.566492e-21,7.923102e-29
testing7807.jpg,Intermediate,1.0,1.0,2.8115777e-28,6.055973e-29
testing7808.jpg,Intermediate,1.0,1.0,6.569284e-29,5.4270242e-30
testing7809.jpg,Outside,1.0,1.6116554e-20,9.070676e-24,1.0
testing7810.jpg,Outside,1.0,5.96608e-24,8.350977e-24,1.0
testing7811.jpg,Outside,1.0,5.511164e-22,1.9526564e-20,1.0
testing7812.jpg,Outside,1.0,2.4339473e-31,8.875493e-27,1.0
testing7813.jpg,Outside,1.0,1.0783415e-30,7.841624e-27,1.0
testing7814.jpg,Outside,1.0,3.2027827e-31,1.5197456e-26,1.0
testing7815.jpg,Nanodomain,1.0,0.0,1.0,0.0
testing7816.jpg,Nanodomain,1.0,0.0,1.0,0.0
testing7817.jpg,Nanodomain,1.0,0.0,1.0,0.0
testing7818.jpg,Nanodomain,1.0,0.0,1.0,0.0
testing7819.jpg,Nanodomain,1.0,0.0,1.0,0.0
testing7820.jpg,Nanodomain,1.0,0.0,1.0,0.0
testing7821.jpg,Nanodomain,1.0,0.0,1.0,0.0
testing7822.jpg,Nanodomain,1.0,0.0,1.0,0.0
testing7823.jpg,Nanodomain,1.0,0.0,1.0,0.0
testing7824.jpg,Nanodomain,1.0,0.0,1.0,0.0
testing7825.jpg,Nanodomain,1.0,0.0,1.0,0.0
testing7826.jpg,Nanodomain,1.0,0.0,1.0,0.0
testing7827.jpg,Nanodomain,1.0,0.0,1.0,0.0
testing7828.jpg,Nanodomain,1.0,0.0,1.0,0.0
testing7829.jpg,Outside,1.0,2.6768793e-26,4.7696925e-24,1.0
testing7830.jpg,Outside,1.0,8.9134174e-29,1.684414e-26,1.0
testing7831.jpg,Outside,1.0,4.8628767e-31,4.440833e-28,1.0
testing7832.jpg,Outside,1.0,8.0801805e-27,6.4775515e-24,1.0
testing7833.jpg,Outside,0.9999999,6.0660824e-08,1.7328492e-14,0.9999999
testing7834.jpg,Outside,1.0,6.044545e-30,2.1552685e-27,1.0
testing7835.jpg,Outside,1.0,5.7309867e-30,2.135814e-27,1.0
testing7836.jpg,Outside,1.0,2.1218288e-28,2.4196982e-25,1.0
testing7837.jpg,Outside,1.0,1.1365097e-19,6.7429605e-18,1.0
testing7838.jpg,Outside,1.0,7.758253e-27,3.709486e-24,1.0
testing7839.jpg,Outside,1.0,3.0292907e-25,5.8810473e-25,1.0
testing7840.jpg,Outside,1.0,8.268974e-23,9.6596687e-23,1.0
testing7841.jpg,Intermediate,1.0,1.0,3.877618e-22,6.3417776e-25
testing7842.jpg,Intermediate,1.0,1.0,5.5268607e-33,9.2242496e-23
testing7843.jpg,Intermediate,1.0,1.0,1.3144985e-25,6.813931e-13
testing7844.jpg,Outside,0.9999894,1.064849e-05,5.4983498e-18,0.9999894
testing7845.jpg,Intermediate,0.99492306,0.99492306,6.224573e-16,0.005076958
testing7846.jpg,Outside,1.0,1.5026789e-15,4.514953e-19,1.0
testing7847.jpg,Outside,1.0,3.0232675e-23,3.837561e-23,1.0
testing7848.jpg,Outside,1.0,4.6769922e-24,3.9476897e-23,1.0
testing7849.jpg,Intermediate,1.0,1.0,4.2467815e-26,9.1865915e-26
testing7850.jpg,Intermediate,1.0,1.0,7.1791404e-23,6.234562e-23
testing7851.jpg,Intermediate,1.0,1.0,8.380986e-29,1.2700579e-24
testing7852.jpg,Intermediate,1.0,1.0,1.4166546e-28,4.3893488e-27
testing7853.jpg,Intermediate,1.0,1.0,9.8361907e-29,4.2962838e-26
testing7854.jpg,Intermediate,1.0,1.0,8.286324e-27,7.431715e-22
testing7855.jpg,Intermediate,1.0,1.0,3.7674886e-22,3.474584e-17
testing7856.jpg,Intermediate,1.0,1.0,1.6575462e-27,2.6888747e-18
testing7857.jpg,Intermediate,1.0,1.0,3.261054e-27,6.816893e-21
testing7858.jpg,Intermediate,1.0,1.0,1.09743055e-23,5.3720937e-14
testing7859.jpg,Intermediate,1.0,1.0,3.607883e-26,5.4434444e-23
testing7860.jpg,Intermediate,1.0,1.0,4.06394e-30,5.5816133e-24
testing7861.jpg,Intermediate,1.0,1.0,1.8652376e-26,7.45557e-21
testing7862.jpg,Intermediate,1.0,1.0,1.1169711e-26,6.0472664e-15
testing7863.jpg,Intermediate,1.0,1.0,1.097286e-27,7.33175e-15
testing7864.jpg,Outside,1.0,9.970639e-22,3.636203e-21,1.0
testing7865.jpg,Outside,1.0,8.753178e-18,5.135584e-20,1.0
testing7866.jpg,Outside,1.0,7.273835e-22,1.6471258e-21,1.0
testing7867.jpg,Nanodomain,1.0,0.0,1.0,0.0
testing7868.jpg,Nanodomain,1.0,0.0,1.0,0.0
testing7869.jpg,Nanodomain,1.0,0.0,1.0,0.0
testing7870.jpg,Nanodomain,1.0,0.0,1.0,0.0
testing7871.jpg,Nanodomain,1.0,0.0,1.0,0.0
testing7872.jpg,Nanodomain,1.0,0.0,1.0,0.0
testing7873.jpg,Nanodomain,1.0,0.0,1.0,0.0
testing7874.jpg,Nanodomain,1.0,0.0,1.0,0.0
testing7875.jpg,Nanodomain,1.0,0.0,1.0,0.0
testing7876.jpg,Outside,1.0,8.560476e-30,3.5892805e-27,1.0
testing7877.jpg,Outside,1.0,3.4649224e-24,1.05412573e-22,1.0
testing7878.jpg,Outside,1.0,4.982138e-20,1.4915209e-21,1.0
testing7879.jpg,Outside,1.0,6.65608e-30,1.2169281e-25,1.0
testing7880.jpg,Outside,1.0,3.8658044e-21,1.2272239e-21,1.0
testing7881.jpg,Nanodomain,1.0,0.0,1.0,0.0
testing7882.jpg,Nanodomain,1.0,0.0,1.0,0.0
testing7883.jpg,Nanodomain,1.0,0.0,1.0,0.0
testing7884.jpg,Nanodomain,1.0,0.0,1.0,0.0
testing7885.jpg,Nanodomain,1.0,0.0,1.0,0.0
testing7886.jpg,Nanodomain,1.0,0.0,1.0,0.0
testing7887.jpg,Nanodomain,1.0,0.0,1.0,0.0
testing7888.jpg,Nanodomain,1.0,0.0,1.0,0.0
testing7889.jpg,Nanodomain,1.0,0.0,1.0,0.0
testing7890.jpg,Nanodomain,1.0,0.0,1.0,0.0
testing7891.jpg,Nanodomain,1.0,0.0,1.0,0.0
testing7892.jpg,Nanodomain,1.0,0.0,1.0,0.0
testing7893.jpg,Nanodomain,1.0,0.0,1.0,0.0
testing7894.jpg,Nanodomain,1.0,0.0,1.0,0.0
testing7895.jpg,Nanodomain,1.0,0.0,1.0,0.0
testing7896.jpg,Outside,1.0,5.130286e-32,9.750927e-31,1.0
testing7897.jpg,Nanodomain,1.0,0.0,1.0,0.0
testing7898.jpg,Nanodomain,1.0,0.0,1.0,0.0
testing7899.jpg,Nanodomain,1.0,0.0,1.0,0.0
testing7900.jpg,Nanodomain,1.0,0.0,1.0,0.0
testing7901.jpg,Nanodomain,1.0,0.0,1.0,0.0
testing7902.jpg,Nanodomain,1.0,0.0,1.0,0.0
testing7903.jpg,Nanodomain,1.0,0.0,1.0,0.0
testing7904.jpg,Nanodomain,1.0,0.0,1.0,0.0
testing7905.jpg,Nanodomain,1.0,0.0,1.0,0.0
testing7906.jpg,Nanodomain,1.0,0.0,1.0,0.0
testing7907.jpg,Nanodomain,1.0,0.0,1.0,0.0
testing7908.jpg,Nanodomain,1.0,0.0,1.0,0.0
testing7909.jpg,Outside,1.0,1.4298522e-29,7.0985695e-28,1.0
testing7910.jpg,Outside,1.0,3.7814163e-27,1.4523278e-25,1.0
testing7911.jpg,Outside,1.0,1.4951512e-34,5.25776e-32,1.0
testing7912.jpg,Outside,1.0,1.1917548e-22,9.2699304e-23,1.0
testing7913.jpg,Outside,1.0,7.919365e-34,3.7248536e-33,1.0
testing7914.jpg,Nanodomain,1.0,0.0,1.0,0.0
testing7915.jpg,Nanodomain,1.0,0.0,1.0,0.0
testing7916.jpg,Nanodomain,1.0,0.0,1.0,0.0
testing7917.jpg,Nanodomain,1.0,0.0,1.0,0.0
testing7918.jpg,Nanodomain,1.0,0.0,1.0,0.0
testing7919.jpg,Nanodomain,1.0,0.0,1.0,0.0
testing7920.jpg,Nanodomain,1.0,0.0,1.0,0.0
testing7921.jpg,Nanodomain,1.0,0.0,1.0,0.0
testing7922.jpg,Nanodomain,1.0,0.0,1.0,0.0
testing7923.jpg,Nanodomain,1.0,0.0,1.0,0.0
testing7924.jpg,Nanodomain,1.0,0.0,1.0,0.0
testing7925.jpg,Intermediate,0.99756867,0.99756867,0.002431336,2.3712098e-20
testing7926.jpg,Intermediate,0.99996495,0.99996495,3.4992172e-05,1.17424e-22
testing7927.jpg,Intermediate,1.0,1.0,2.0316253e-14,2.7276802e-24
testing7928.jpg,Intermediate,1.0,1.0,9.85331e-15,1.8496088e-24
testing7929.jpg,Intermediate,0.99999905,0.99999905,9.3165977e-07,4.3227473e-26
testing7930.jpg,Intermediate,0.6149852,0.6149852,0.3850148,2.695398e-23
testing7931.jpg,Intermediate,0.9992397,0.9992397,0.0007603275,4.495838e-25
testing7932.jpg,Intermediate,1.0,1.0,1.0640064e-09,2.5439289e-27
testing7933.jpg,Intermediate,1.0,1.0,1.5618555e-20,9.0556486e-29
testing7934.jpg,Intermediate,1.0,1.0,2.8161105e-26,8.467099e-16
testing7935.jpg,Intermediate,1.0,1.0,1.1403151e-17,2.2829484e-12
testing7936.jpg,Intermediate,1.0,1.0,0.0,2.2125242e-34
testing7937.jpg,Outside,1.0,8.1372274e-25,1.831222e-24,1.0
testing7938.jpg,Outside,1.0,4.1546985e-23,2.0484672e-20,1.0
testing7939.jpg,Intermediate,1.0,1.0,4.764238e-31,4.0378767e-20
testing7940.jpg,Outside,1.0,1.5119613e-20,4.161242e-19,1.0
testing7941.jpg,Intermediate,1.0,1.0,2.8470545e-20,4.43305e-08
testing7942.jpg,Outside,1.0,6.7412e-29,1.3088995e-25,1.0
testing7943.jpg,Nanodomain,1.0,0.0,1.0,0.0
testing7944.jpg,Nanodomain,1.0,0.0,1.0,0.0
testing7945.jpg,Nanodomain,1.0,0.0,1.0,0.0
testing7946.jpg,Nanodomain,1.0,0.0,1.0,0.0
testing7947.jpg,Nanodomain,1.0,0.0,1.0,0.0
testing7948.jpg,Nanodomain,1.0,0.0,1.0,0.0
testing7949.jpg,Nanodomain,1.0,0.0,1.0,0.0
testing7950.jpg,Nanodomain,1.0,0.0,1.0,0.0
testing7951.jpg,Nanodomain,1.0,0.0,1.0,0.0
testing7952.jpg,Nanodomain,1.0,0.0,1.0,0.0
testing7953.jpg,Nanodomain,1.0,0.0,1.0,0.0
testing7954.jpg,Nanodomain,1.0,0.0,1.0,0.0
testing7955.jpg,Nanodomain,1.0,0.0,1.0,0.0
testing7956.jpg,Nanodomain,1.0,0.0,1.0,0.0
testing7957.jpg,Outside,1.0,7.114439e-25,2.5548556e-23,1.0
testing7958.jpg,Outside,1.0,2.072046e-34,5.8914095e-29,1.0
testing7959.jpg,Outside,1.0,4.714156e-18,9.863466e-22,1.0
testing7960.jpg,Outside,1.0,5.718507e-26,3.7444618e-23,1.0
testing7961.jpg,Outside,1.0,4.6076928e-26,1.4643008e-23,1.0
testing7962.jpg,Outside,1.0,5.586904e-10,9.348033e-20,1.0
testing7963.jpg,Outside,1.0,9.122348e-31,7.038769e-26,1.0
testing7964.jpg,Outside,1.0,3.6937732e-22,4.0003537e-23,1.0
testing7965.jpg,Outside,0.9999995,5.0318096e-07,1.7139844e-17,0.9999995
testing7966.jpg,Intermediate,0.99941576,0.99941576,4.313478e-17,0.0005842299
testing7967.jpg,Intermediate,1.0,1.0,1.7216061e-32,6.299672e-27
testing7968.jpg,Intermediate,1.0,1.0,2.65171e-37,8.6455104e-29
testing7969.jpg,Intermediate,1.0,1.0,1.2861881e-29,2.1869676e-16
testing7970.jpg,Intermediate,1.0,1.0,4.265225e-26,4.6710215e-23
testing7971.jpg,Outside,1.0,7.0699825e-19,1.5076244e-20,1.0
testing7972.jpg,Outside,1.0,1.1286099e-23,1.5555326e-23,1.0
testing7973.jpg,Intermediate,1.0,1.0,2.7366166e-21,2.8712968e-15
testing7974.jpg,Outside,1.0,1.3440031e-26,5.635958e-24,1.0
testing7975.jpg,Outside,1.0,3.3549147e-30,4.837929e-26,1.0
testing7976.jpg,Outside,1.0,5.601443e-19,5.6391897e-22,1.0
testing7977.jpg,Nanodomain,1.0,1.8611518e-10,1.0,1.3721276e-26
testing7978.jpg,Nanodomain,1.0,7.611467e-14,1.0,8.211122e-34
testing7979.jpg,Nanodomain,1.0,8.797432e-18,1.0,3.139207e-38
testing7980.jpg,Nanodomain,0.9999999,8.0417585e-08,0.9999999,4.425673e-31
testing7981.jpg,Nanodomain,1.0,2.1878312e-20,1.0,0.0
testing7982.jpg,Nanodomain,1.0,2.656015e-20,1.0,0.0
testing7983.jpg,Nanodomain,1.0,1.7999256e-23,1.0,0.0
testing7984.jpg,Nanodomain,1.0,1.0014516e-13,1.0,1.5173413e-34
testing7985.jpg,Nanodomain,1.0,7.4090426e-14,1.0,2.0148402e-35
testing7986.jpg,Nanodomain,1.0,5.5072876e-33,1.0,0.0
testing7987.jpg,Nanodomain,1.0,0.0,1.0,0.0
testing7988.jpg,Nanodomain,1.0,4.0298327e-33,1.0,0.0
testing7989.jpg,Intermediate,1.0,1.0,4.631378e-33,2.9975348e-29
testing7990.jpg,Intermediate,1.0,1.0,4.0961617e-28,4.1899463e-26
testing7991.jpg,Outside,1.0,1.2050403e-13,1.4880231e-17,1.0
testing7992.jpg,Outside,0.99997234,2.7652215e-05,1.3167668e-16,0.99997234
testing7993.jpg,Intermediate,1.0,1.0,2.0215711e-33,8.8019364e-24
testing7994.jpg,Outside,1.0,2.7208636e-31,1.5428458e-29,1.0
testing7995.jpg,Intermediate,1.0,1.0,2.6153004e-32,4.4092252e-24
testing7996.jpg,Intermediate,1.0,1.0,0.0,1.5881477e-26
testing7997.jpg,Nanodomain,1.0,0.0,1.0,0.0
testing7998.jpg,Nanodomain,1.0,0.0,1.0,0.0
testing7999.jpg,Nanodomain,1.0,0.0,1.0,0.0
testing8000.jpg,Nanodomain,1.0,0.0,1.0,0.0
testing8001.jpg,Nanodomain,1.0,0.0,1.0,0.0
testing8002.jpg,Nanodomain,1.0,0.0,1.0,0.0
testing8003.jpg,Nanodomain,1.0,2.9050072e-13,1.0,1.5990966e-33
testing8004.jpg,Nanodomain,1.0,0.0,1.0,0.0
testing8005.jpg,Nanodomain,1.0,0.0,1.0,0.0
testing8006.jpg,Nanodomain,1.0,0.0,1.0,0.0
testing8007.jpg,Nanodomain,1.0,0.0,1.0,0.0
testing8008.jpg,Nanodomain,1.0,0.0,1.0,0.0
testing8009.jpg,Nanodomain,1.0,0.0,1.0,0.0
testing8010.jpg,Nanodomain,1.0,0.0,1.0,0.0
testing8011.jpg,Nanodomain,1.0,0.0,1.0,0.0
testing8012.jpg,Nanodomain,1.0,0.0,1.0,0.0
testing8013.jpg,Nanodomain,1.0,0.0,1.0,0.0
testing8014.jpg,Nanodomain,1.0,0.0,1.0,0.0
testing8015.jpg,Nanodomain,1.0,0.0,1.0,0.0
testing8016.jpg,Nanodomain,1.0,0.0,1.0,0.0
testing8017.jpg,Nanodomain,1.0,0.0,1.0,0.0
testing8018.jpg,Nanodomain,1.0,0.0,1.0,0.0
testing8019.jpg,Nanodomain,1.0,0.0,1.0,0.0
testing8020.jpg,Nanodomain,1.0,0.0,1.0,0.0
testing8021.jpg,Nanodomain,1.0,0.0,1.0,0.0
testing8022.jpg,Nanodomain,1.0,0.0,1.0,0.0
testing8023.jpg,Intermediate,1.0,1.0,6.22518e-29,1.5087644e-19
testing8024.jpg,Nanodomain,1.0,0.0,1.0,0.0
testing8025.jpg,Nanodomain,1.0,0.0,1.0,0.0
testing8026.jpg,Nanodomain,1.0,0.0,1.0,0.0
testing8027.jpg,Nanodomain,1.0,0.0,1.0,0.0
testing8028.jpg,Nanodomain,1.0,0.0,1.0,0.0
testing8029.jpg,Nanodomain,1.0,0.0,1.0,0.0
testing8030.jpg,Nanodomain,1.0,0.0,1.0,0.0
testing8031.jpg,Nanodomain,1.0,0.0,1.0,0.0
testing8032.jpg,Nanodomain,1.0,0.0,1.0,0.0
testing8033.jpg,Nanodomain,1.0,0.0,1.0,0.0
testing8034.jpg,Nanodomain,1.0,3.2838207e-36,1.0,0.0
testing8035.jpg,Intermediate,1.0,1.0,7.5578697e-25,1.7734799e-17
testing8036.jpg,Intermediate,1.0,1.0,8.63697e-22,7.352397e-21
testing8037.jpg,Intermediate,1.0,1.0,1.477543e-23,3.783922e-15
testing8038.jpg,Outside,1.0,1.5366298e-31,9.108339e-30,1.0
testing8039.jpg,Intermediate,0.9994796,0.9994796,8.4736905e-20,0.00052039843
testing8040.jpg,Outside,1.0,1.896079e-33,1.7528735e-30,1.0
testing8041.jpg,Outside,1.0,1.6036032e-35,4.141909e-32,1.0
testing8042.jpg,Outside,1.0,6.657038e-32,3.9585786e-30,1.0
testing8043.jpg,Outside,1.0,3.9942441e-28,3.2105462e-26,1.0
testing8044.jpg,Outside,1.0,1.5998847e-32,3.9001043e-31,1.0
testing8045.jpg,Nanodomain,1.0,0.0,1.0,0.0
testing8046.jpg,Nanodomain,1.0,0.0,1.0,0.0
testing8047.jpg,Nanodomain,1.0,0.0,1.0,0.0
testing8048.jpg,Nanodomain,1.0,0.0,1.0,0.0
testing8049.jpg,Nanodomain,1.0,0.0,1.0,0.0
testing8050.jpg,Nanodomain,1.0,0.0,1.0,0.0
testing8051.jpg,Nanodomain,1.0,0.0,1.0,0.0
testing8052.jpg,Nanodomain,1.0,0.0,1.0,0.0
testing8053.jpg,Outside,1.0,9.094602e-35,4.4261756e-33,1.0
testing8054.jpg,Nanodomain,1.0,0.0,1.0,0.0
testing8055.jpg,Nanodomain,1.0,0.0,1.0,0.0
testing8056.jpg,Nanodomain,1.0,0.0,1.0,0.0
testing8057.jpg,Nanodomain,1.0,0.0,1.0,0.0
testing8058.jpg,Nanodomain,1.0,0.0,1.0,0.0
testing8059.jpg,Nanodomain,1.0,0.0,1.0,0.0
testing8060.jpg,Nanodomain,1.0,0.0,1.0,0.0
testing8061.jpg,Nanodomain,1.0,0.0,1.0,0.0
testing8062.jpg,Nanodomain,1.0,0.0,1.0,0.0
testing8063.jpg,Nanodomain,1.0,0.0,1.0,0.0
testing8064.jpg,Outside,1.0,7.1479865e-31,2.5250745e-28,1.0
testing8065.jpg,Outside,1.0,1.9222684e-25,1.4232488e-25,1.0
testing8066.jpg,Outside,1.0,1.6710036e-29,1.2606016e-25,1.0
testing8067.jpg,Outside,1.0,1.5641745e-28,6.9302017e-25,1.0
testing8068.jpg,Outside,1.0,9.507598e-21,7.245015e-20,1.0
testing8069.jpg,Outside,1.0,3.3600925e-28,6.2856807e-26,1.0
testing8070.jpg,Outside,1.0,4.155084e-28,9.3191645e-26,1.0
testing8071.jpg,Outside,1.0,2.5633405e-29,3.4711617e-27,1.0
testing8072.jpg,Outside,1.0,3.7486772e-16,1.6024431e-18,1.0
testing8073.jpg,Nanodomain,1.0,0.0,1.0,0.0
testing8074.jpg,Nanodomain,1.0,0.0,1.0,0.0
testing8075.jpg,Nanodomain,1.0,0.0,1.0,0.0
testing8076.jpg,Nanodomain,1.0,0.0,1.0,0.0
testing8077.jpg,Nanodomain,1.0,0.0,1.0,0.0
testing8078.jpg,Nanodomain,1.0,0.0,1.0,0.0
testing8079.jpg,Nanodomain,1.0,0.0,1.0,0.0
testing8080.jpg,Nanodomain,1.0,0.0,1.0,0.0
testing8081.jpg,Nanodomain,1.0,0.0,1.0,0.0
testing8082.jpg,Nanodomain,1.0,0.0,1.0,0.0
testing8083.jpg,Nanodomain,1.0,0.0,1.0,0.0
testing8084.jpg,Nanodomain,1.0,0.0,1.0,0.0
testing8085.jpg,Outside,1.0,2.9381993e-30,4.7991605e-27,1.0
testing8086.jpg,Intermediate,0.99999344,0.99999344,2.2215409e-20,6.571561e-06
testing8087.jpg,Nanodomain,1.0,0.0,1.0,0.0
testing8088.jpg,Nanodomain,1.0,0.0,1.0,0.0
testing8089.jpg,Nanodomain,1.0,0.0,1.0,0.0
testing8090.jpg,Nanodomain,1.0,0.0,1.0,0.0
testing8091.jpg,Nanodomain,1.0,0.0,1.0,0.0
testing8092.jpg,Nanodomain,1.0,0.0,1.0,0.0
testing8093.jpg,Nanodomain,1.0,0.0,1.0,0.0
testing8094.jpg,Nanodomain,1.0,2.875626e-38,1.0,0.0
testing8095.jpg,Nanodomain,1.0,1.3296131e-25,1.0,0.0
testing8096.jpg,Intermediate,1.0,1.0,3.527758e-29,6.592415e-26
testing8097.jpg,Intermediate,1.0,1.0,1.6229408e-26,2.4843013e-24
testing8098.jpg,Intermediate,1.0,1.0,5.2483874e-30,2.1549698e-22
testing8099.jpg,Intermediate,1.0,1.0,5.2732265e-32,2.1429653e-25
testing8100.jpg,Intermediate,1.0,1.0,2.3425165e-32,1.0898474e-28
testing8101.jpg,Intermediate,1.0,1.0,2.1774972e-21,3.4492495e-20
testing8102.jpg,Outside,1.0,2.7184899e-37,1.5605715e-32,1.0
testing8103.jpg,Intermediate,1.0,1.0,1.1096691e-21,5.69476e-25
testing8104.jpg,Nanodomain,1.0,1.5263298e-24,1.0,0.0
testing8105.jpg,Nanodomain,1.0,8.2715017e-22,1.0,0.0
testing8106.jpg,Nanodomain,1.0,2.5210264e-25,1.0,0.0
testing8107.jpg,Nanodomain,1.0,4.6671483e-34,1.0,0.0
testing8108.jpg,Nanodomain,1.0,0.0,1.0,0.0
testing8109.jpg,Nanodomain,1.0,5.169837e-38,1.0,0.0
testing8110.jpg,Nanodomain,1.0,0.0,1.0,0.0
testing8111.jpg,Nanodomain,1.0,2.2306599e-34,1.0,0.0
testing8112.jpg,Nanodomain,1.0,1.4892964e-38,1.0,0.0
testing8113.jpg,Nanodomain,1.0,1.3971823e-37,1.0,0.0
testing8114.jpg,Nanodomain,1.0,1.746645e-31,1.0,0.0
testing8115.jpg,Nanodomain,1.0,1.0341484e-35,1.0,0.0
testing8116.jpg,Intermediate,1.0,1.0,1.7593848e-30,1.39585e-23
testing8117.jpg,Intermediate,1.0,1.0,1.3713518e-28,7.370892e-24
testing8118.jpg,Outside,1.0,2.4027917e-14,1.5047827e-17,1.0
testing8119.jpg,Intermediate,0.9999999,0.9999999,6.9934744e-21,1.2517276e-07
testing8120.jpg,Intermediate,0.9999995,0.9999995,1.7068371e-20,5.0172093e-07
testing8121.jpg,Intermediate,0.8859689,0.8859689,7.775931e-17,0.11403107
testing8122.jpg,Outside,1.0,2.4719768e-22,4.072706e-24,1.0
testing8123.jpg,Intermediate,1.0,1.0,1.4668219e-31,1.2846802e-25
testing8124.jpg,Intermediate,1.0,1.0,5.5769465e-26,1.3881915e-17
testing8125.jpg,Intermediate,1.0,1.0,1.6194494e-30,9.2056494e-24
testing8126.jpg,Intermediate,1.0,1.0,5.010919e-20,3.0874675e-20
testing8127.jpg,Intermediate,0.9999999,0.9999999,6.892099e-08,2.6667577e-19
testing8128.jpg,Intermediate,1.0,1.0,1.6106445e-31,1.0440593e-25
testing8129.jpg,Intermediate,1.0,1.0,8.5224555e-29,1.5580043e-14
testing8130.jpg,Intermediate,1.0,1.0,3.2022102e-30,6.364905e-23
testing8131.jpg,Intermediate,0.9962599,0.9962599,5.5416777e-17,0.0037401135
testing8132.jpg,Intermediate,1.0,1.0,7.15296e-36,1.2379754e-24
testing8133.jpg,Outside,1.0,1.4269695e-22,1.0015377e-24,1.0
testing8134.jpg,Nanodomain,1.0,0.0,1.0,0.0
testing8135.jpg,Nanodomain,1.0,0.0,1.0,0.0
testing8136.jpg,Nanodomain,1.0,0.0,1.0,0.0
testing8137.jpg,Nanodomain,1.0,0.0,1.0,0.0
testing8138.jpg,Nanodomain,1.0,0.0,1.0,0.0
testing8139.jpg,Nanodomain,1.0,0.0,1.0,0.0
testing8140.jpg,Nanodomain,1.0,0.0,1.0,0.0
testing8141.jpg,Nanodomain,1.0,0.0,1.0,0.0
testing8142.jpg,Nanodomain,1.0,0.0,1.0,0.0
testing8143.jpg,Nanodomain,1.0,0.0,1.0,0.0
testing8144.jpg,Nanodomain,1.0,0.0,1.0,0.0
testing8145.jpg,Nanodomain,1.0,0.0,1.0,0.0
testing8146.jpg,Intermediate,0.94209355,0.94209355,0.05790644,4.9638137e-19
testing8147.jpg,Intermediate,0.9999999,0.9999999,1.6712421e-07,2.1365791e-20
testing8148.jpg,Outside,1.0,3.372468e-30,1.2328797e-26,1.0
testing8149.jpg,Intermediate,1.0,1.0,2.3810734e-27,9.145523e-15
testing8150.jpg,Nanodomain,1.0,0.0,1.0,0.0
testing8151.jpg,Nanodomain,1.0,0.0,1.0,0.0
testing8152.jpg,Nanodomain,1.0,0.0,1.0,0.0
testing8153.jpg,Nanodomain,1.0,0.0,1.0,0.0
testing8154.jpg,Nanodomain,1.0,0.0,1.0,0.0
testing8155.jpg,Nanodomain,1.0,0.0,1.0,0.0
testing8156.jpg,Nanodomain,1.0,0.0,1.0,0.0
testing8157.jpg,Nanodomain,1.0,0.0,1.0,0.0
testing8158.jpg,Nanodomain,1.0,0.0,1.0,0.0
testing8159.jpg,Nanodomain,1.0,0.0,1.0,0.0
testing8160.jpg,Nanodomain,1.0,0.0,1.0,0.0
testing8161.jpg,Nanodomain,1.0,0.0,1.0,0.0
testing8162.jpg,Nanodomain,1.0,0.0,1.0,0.0
testing8163.jpg,Nanodomain,1.0,9.629211e-37,1.0,0.0
testing8164.jpg,Nanodomain,1.0,2.2415863e-12,1.0,7.851068e-38
testing8165.jpg,Nanodomain,1.0,3.3378278e-19,1.0,8.590967e-37
testing8166.jpg,Intermediate,1.0,1.0,8.076746e-23,6.2540806e-20
testing8167.jpg,Intermediate,1.0,1.0,3.4673423e-24,1.8473795e-14
testing8168.jpg,Intermediate,1.0,1.0,3.845083e-28,2.8184288e-28
testing8169.jpg,Intermediate,1.0,1.0,5.3052563e-36,1.4056104e-33
testing8170.jpg,Intermediate,1.0,1.0,1.8628317e-36,5.8073006e-25
testing8171.jpg,Nanodomain,1.0,0.0,1.0,0.0
testing8172.jpg,Nanodomain,1.0,0.0,1.0,0.0
testing8173.jpg,Nanodomain,1.0,0.0,1.0,0.0
testing8174.jpg,Nanodomain,1.0,0.0,1.0,0.0
testing8175.jpg,Nanodomain,1.0,0.0,1.0,0.0
testing8176.jpg,Nanodomain,1.0,0.0,1.0,0.0
testing8177.jpg,Nanodomain,1.0,0.0,1.0,0.0
testing8178.jpg,Nanodomain,1.0,0.0,1.0,0.0
testing8179.jpg,Outside,1.0,2.0405305e-25,7.324085e-24,1.0
testing8180.jpg,Nanodomain,1.0,0.0,1.0,0.0
testing8181.jpg,Nanodomain,1.0,0.0,1.0,0.0
testing8182.jpg,Nanodomain,1.0,0.0,1.0,0.0
testing8183.jpg,Nanodomain,1.0,0.0,1.0,0.0
testing8184.jpg,Nanodomain,1.0,0.0,1.0,0.0
testing8185.jpg,Nanodomain,1.0,0.0,1.0,0.0
testing8186.jpg,Nanodomain,1.0,0.0,1.0,0.0
testing8187.jpg,Nanodomain,1.0,0.0,1.0,0.0
testing8188.jpg,Nanodomain,1.0,0.0,1.0,0.0
testing8189.jpg,Nanodomain,1.0,0.0,1.0,0.0
testing8190.jpg,Nanodomain,1.0,0.0,1.0,0.0
testing8191.jpg,Nanodomain,1.0,0.0,1.0,0.0
testing8192.jpg,Outside,1.0,4.5443445e-34,6.91194e-30,1.0
testing8193.jpg,Outside,1.0,1.3039099e-19,7.196741e-24,1.0
testing8194.jpg,Outside,1.0,4.9742255e-25,6.245825e-22,1.0
testing8195.jpg,Outside,1.0,2.8282943e-28,3.8108065e-23,1.0
testing8196.jpg,Outside,1.0,3.0821711e-28,2.3734065e-23,1.0
testing8197.jpg,Outside,1.0,1.9722973e-23,2.554456e-23,1.0
testing8198.jpg,Outside,1.0,9.34595e-23,3.6720955e-22,1.0
testing8199.jpg,Outside,1.0,6.8796707e-28,4.9808878e-26,1.0
testing8200.jpg,Outside,1.0,3.850633e-27,7.716677e-24,1.0
testing8201.jpg,Outside,1.0,2.7761243e-25,6.40971e-24,1.0
testing8202.jpg,Outside,1.0,5.3795407e-28,4.3785145e-26,1.0
testing8203.jpg,Outside,1.0,4.1675337e-26,3.4152437e-22,1.0
testing8204.jpg,Outside,1.0,1.079229e-25,7.794076e-22,1.0
testing8205.jpg,Outside,1.0,1.5227486e-30,2.3114455e-27,1.0
testing8206.jpg,Outside,1.0,4.28871e-30,8.951893e-28,1.0
testing8207.jpg,Nanodomain,1.0,0.0,1.0,0.0
testing8208.jpg,Nanodomain,1.0,0.0,1.0,0.0
testing8209.jpg,Nanodomain,1.0,0.0,1.0,0.0
testing8210.jpg,Outside,1.0,2.4324186e-14,1.9868332e-16,1.0
testing8211.jpg,Outside,1.0,2.5186808e-10,2.879665e-12,1.0
testing8212.jpg,Nanodomain,1.0,6.9851317e-28,1.0,0.0
testing8213.jpg,Nanodomain,1.0,0.0,1.0,0.0
testing8214.jpg,Nanodomain,1.0,3.369757e-36,1.0,0.0
testing8215.jpg,Nanodomain,1.0,2.4521958e-38,1.0,0.0
testing8216.jpg,Nanodomain,1.0,0.0,1.0,0.0
testing8217.jpg,Nanodomain,1.0,0.0,1.0,0.0
testing8218.jpg,Nanodomain,1.0,0.0,1.0,0.0
testing8219.jpg,Nanodomain,1.0,2.8945646e-32,1.0,0.0
testing8220.jpg,Nanodomain,1.0,0.0,1.0,0.0
testing8221.jpg,Nanodomain,1.0,0.0,1.0,0.0
testing8222.jpg,Nanodomain,1.0,0.0,1.0,0.0
testing8223.jpg,Nanodomain,1.0,3.1046563e-32,1.0,0.0
testing8224.jpg,Nanodomain,1.0,0.0,1.0,0.0
testing8225.jpg,Intermediate,1.0,1.0,4.2045065e-23,8.5897807e-16
testing8226.jpg,Intermediate,1.0,1.0,3.2080846e-19,2.4429912e-22
testing8227.jpg,Intermediate,1.0,1.0,3.434414e-27,9.87157e-20
testing8228.jpg,Outside,1.0,3.8233908e-21,1.0400788e-20,1.0
testing8229.jpg,Intermediate,1.0,1.0,3.718138e-26,6.842308e-17
testing8230.jpg,Nanodomain,1.0,1.8221076e-24,1.0,0.0
testing8231.jpg,Nanodomain,1.0,4.693223e-08,1.0,4.431823e-31
testing8232.jpg,Nanodomain,1.0,3.0032906e-15,1.0,5.48949e-37
testing8233.jpg,Nanodomain,1.0,4.0379133e-17,1.0,3.3851407e-36
testing8234.jpg,Nanodomain,1.0,8.3182966e-38,1.0,0.0
testing8235.jpg,Nanodomain,1.0,0.0,1.0,0.0
testing8236.jpg,Nanodomain,1.0,6.4879046e-34,1.0,0.0
testing8237.jpg,Nanodomain,1.0,0.0,1.0,0.0
testing8238.jpg,Nanodomain,1.0,5.712516e-32,1.0,0.0
testing8239.jpg,Nanodomain,1.0,2.2069096e-27,1.0,0.0
testing8240.jpg,Nanodomain,1.0,7.1048236e-29,1.0,0.0
testing8241.jpg,Nanodomain,1.0,5.0339466e-28,1.0,0.0
testing8242.jpg,Nanodomain,1.0,4.3257635e-29,1.0,0.0
testing8243.jpg,Nanodomain,1.0,5.1050527e-36,1.0,0.0
testing8244.jpg,Nanodomain,1.0,3.566027e-26,1.0,0.0
testing8245.jpg,Nanodomain,1.0,2.7834966e-31,1.0,0.0
testing8246.jpg,Nanodomain,1.0,7.6334713e-31,1.0,0.0
testing8247.jpg,Outside,0.9992465,0.00075354957,5.9097956e-18,0.9992465
testing8248.jpg,Outside,0.9999492,5.0741837e-05,1.2846578e-12,0.9999492
testing8249.jpg,Intermediate,1.0,1.0,8.393695e-35,1.5329912e-27
testing8250.jpg,Intermediate,1.0,1.0,1.9907594e-27,3.191088e-23
testing8251.jpg,Intermediate,1.0,1.0,7.79656e-33,2.204239e-30
testing8252.jpg,Intermediate,1.0,1.0,0.0,1.0360911e-35
testing8253.jpg,Intermediate,1.0,1.0,3.325586e-28,5.5766885e-27
testing8254.jpg,Intermediate,1.0,1.0,7.2539086e-23,1.2507822e-17
testing8255.jpg,Intermediate,1.0,1.0,7.8823115e-37,2.4291637e-29
testing8256.jpg,Intermediate,1.0,1.0,6.2940867e-31,3.120001e-21
testing8257.jpg,Intermediate,1.0,1.0,2.3825902e-35,8.0341736e-26
testing8258.jpg,Intermediate,1.0,1.0,1.5865693e-31,4.2524988e-21
testing8259.jpg,Intermediate,1.0,1.0,1.2019338e-33,1.852732e-22
testing8260.jpg,Intermediate,1.0,1.0,9.257656e-33,2.7352645e-25
testing8261.jpg,Nanodomain,1.0,0.0,1.0,0.0
testing8262.jpg,Nanodomain,1.0,0.0,1.0,0.0
testing8263.jpg,Nanodomain,1.0,0.0,1.0,0.0
testing8264.jpg,Nanodomain,1.0,0.0,1.0,0.0
testing8265.jpg,Nanodomain,1.0,0.0,1.0,0.0
testing8266.jpg,Nanodomain,1.0,0.0,1.0,0.0
testing8267.jpg,Nanodomain,1.0,0.0,1.0,0.0
testing8268.jpg,Nanodomain,1.0,0.0,1.0,0.0
testing8269.jpg,Nanodomain,1.0,0.0,1.0,0.0
testing8270.jpg,Nanodomain,1.0,0.0,1.0,0.0
testing8271.jpg,Nanodomain,1.0,0.0,1.0,0.0
testing8272.jpg,Nanodomain,1.0,0.0,1.0,0.0
testing8273.jpg,Nanodomain,1.0,0.0,1.0,0.0
testing8274.jpg,Outside,1.0,2.0049807e-27,4.661504e-28,1.0
testing8275.jpg,Outside,1.0,1.4884229e-29,5.339608e-29,1.0
testing8276.jpg,Outside,1.0,5.1578246e-29,9.316524e-28,1.0
testing8277.jpg,Nanodomain,1.0,0.0,1.0,0.0
testing8278.jpg,Nanodomain,1.0,0.0,1.0,0.0
testing8279.jpg,Nanodomain,1.0,2.1589689e-37,1.0,0.0
testing8280.jpg,Nanodomain,1.0,0.0,1.0,0.0
testing8281.jpg,Nanodomain,1.0,0.0,1.0,0.0
testing8282.jpg,Nanodomain,1.0,0.0,1.0,0.0
testing8283.jpg,Nanodomain,1.0,0.0,1.0,0.0
testing8284.jpg,Nanodomain,1.0,0.0,1.0,0.0
testing8285.jpg,Nanodomain,1.0,0.0,1.0,0.0
testing8286.jpg,Nanodomain,1.0,0.0,1.0,0.0
testing8287.jpg,Nanodomain,1.0,0.0,1.0,0.0
testing8288.jpg,Nanodomain,1.0,2.0575106e-37,1.0,0.0
testing8289.jpg,Nanodomain,1.0,0.0,1.0,0.0
testing8290.jpg,Nanodomain,1.0,0.0,1.0,0.0
testing8291.jpg,Nanodomain,1.0,0.0,1.0,0.0
testing8292.jpg,Nanodomain,1.0,3.6932488e-31,1.0,0.0
testing8293.jpg,Nanodomain,1.0,3.6433337e-32,1.0,0.0
testing8294.jpg,Intermediate,1.0,1.0,0.0,4.7524144e-34
testing8295.jpg,Nanodomain,1.0,1.3383176e-28,1.0,0.0
testing8296.jpg,Nanodomain,1.0,1.1678651e-24,1.0,0.0
testing8297.jpg,Nanodomain,1.0,4.957481e-32,1.0,0.0
testing8298.jpg,Nanodomain,1.0,1.5617812e-31,1.0,0.0
testing8299.jpg,Nanodomain,1.0,2.5843882e-24,1.0,0.0
testing8300.jpg,Outside,1.0,1.40855e-28,6.152124e-26,1.0
testing8301.jpg,Nanodomain,1.0,0.0,1.0,0.0
testing8302.jpg,Nanodomain,1.0,0.0,1.0,0.0
testing8303.jpg,Nanodomain,1.0,0.0,1.0,0.0
testing8304.jpg,Nanodomain,1.0,0.0,1.0,0.0
testing8305.jpg,Nanodomain,1.0,0.0,1.0,0.0
testing8306.jpg,Nanodomain,1.0,0.0,1.0,0.0
testing8307.jpg,Outside,1.0,4.3449245e-32,2.1973883e-30,1.0
testing8308.jpg,Outside,1.0,3.0096414e-32,3.2340685e-29,1.0
testing8309.jpg,Outside,1.0,1.825567e-30,7.995206e-30,1.0
testing8310.jpg,Nanodomain,1.0,0.0,1.0,0.0
testing8311.jpg,Nanodomain,1.0,0.0,1.0,0.0
testing8312.jpg,Nanodomain,1.0,0.0,1.0,0.0
testing8313.jpg,Nanodomain,1.0,0.0,1.0,0.0
testing8314.jpg,Nanodomain,1.0,0.0,1.0,0.0
testing8315.jpg,Nanodomain,1.0,0.0,1.0,0.0
testing8316.jpg,Nanodomain,1.0,0.0,1.0,0.0
testing8317.jpg,Nanodomain,1.0,0.0,1.0,0.0
testing8318.jpg,Nanodomain,1.0,0.0,1.0,0.0
testing8319.jpg,Outside,1.0,7.028014e-25,4.054812e-26,1.0
testing8320.jpg,Intermediate,1.0,1.0,3.137783e-15,6.2211235e-28
testing8321.jpg,Outside,1.0,9.546819e-27,3.4637166e-26,1.0
testing8322.jpg,Outside,1.0,1.0995271e-28,1.8000072e-24,1.0
testing8323.jpg,Outside,1.0,4.053014e-28,1.4764774e-24,1.0
testing8324.jpg,Outside,1.0,1.6595758e-21,4.856355e-22,1.0
testing8325.jpg,Outside,1.0,2.1935867e-22,5.672251e-19,1.0
testing8326.jpg,Outside,1.0,1.5099369e-29,8.597699e-27,1.0
testing8327.jpg,Outside,1.0,2.3456713e-26,5.4707326e-24,1.0
testing8328.jpg,Outside,1.0,3.0488466e-26,6.484864e-26,1.0
testing8329.jpg,Intermediate,1.0,1.0,4.0071126e-19,1.5551644e-16
testing8330.jpg,Outside,1.0,3.973538e-24,4.6585426e-25,1.0
testing8331.jpg,Outside,1.0,4.483455e-13,7.2640546e-20,1.0
testing8332.jpg,Outside,1.0,9.801219e-19,7.2767736e-23,1.0
testing8333.jpg,Intermediate,1.0,1.0,3.274772e-16,1.7117373e-17
testing8334.jpg,Outside,1.0,2.723689e-23,2.7272136e-23,1.0
testing8335.jpg,Outside,1.0,9.635654e-27,6.18823e-26,1.0
testing8336.jpg,Outside,1.0,1.53585e-09,1.4487917e-14,1.0
testing8337.jpg,Outside,1.0,8.141218e-21,1.1412365e-19,1.0
testing8338.jpg,Outside,1.0,1.171939e-25,4.8511475e-24,1.0
testing8339.jpg,Outside,1.0,2.3955894e-25,4.9602578e-26,1.0
testing8340.jpg,Nanodomain,1.0,7.5663424e-27,1.0,0.0
testing8341.jpg,Nanodomain,1.0,1.8339181e-19,1.0,0.0
testing8342.jpg,Nanodomain,1.0,4.143945e-26,1.0,0.0
testing8343.jpg,Nanodomain,1.0,0.0,1.0,0.0
testing8344.jpg,Nanodomain,1.0,1.1961142e-28,1.0,0.0
testing8345.jpg,Nanodomain,1.0,2.0403846e-38,1.0,0.0
testing8346.jpg,Nanodomain,1.0,3.5584786e-37,1.0,0.0
testing8347.jpg,Nanodomain,1.0,5.346749e-34,1.0,0.0
testing8348.jpg,Nanodomain,1.0,2.3258834e-32,1.0,0.0
testing8349.jpg,Nanodomain,1.0,3.5010877e-32,1.0,0.0
testing8350.jpg,Nanodomain,1.0,0.0,1.0,0.0
testing8351.jpg,Nanodomain,1.0,1.2744022e-23,1.0,0.0
testing8352.jpg,Nanodomain,1.0,4.9834977e-16,1.0,2.579459e-35
testing8353.jpg,Outside,1.0,1.6925865e-20,1.1091534e-20,1.0
testing8354.jpg,Outside,1.0,2.7929797e-19,1.7935593e-22,1.0
testing8355.jpg,Intermediate,1.0,1.0,2.0937217e-26,3.548389e-17
testing8356.jpg,Intermediate,1.0,1.0,0.0,1.0977632e-27
testing8357.jpg,Intermediate,1.0,1.0,4.5149448e-30,1.1041444e-24
testing8358.jpg,Intermediate,1.0,1.0,7.860492e-27,2.4184166e-24
testing8359.jpg,Intermediate,1.0,1.0,4.724222e-32,3.3836213e-26
testing8360.jpg,Outside,1.0,6.6795806e-23,2.979327e-23,1.0
testing8361.jpg,Nanodomain,1.0,1.7779076e-27,1.0,0.0
testing8362.jpg,Nanodomain,1.0,8.444677e-32,1.0,0.0
testing8363.jpg,Nanodomain,1.0,1.5833424e-29,1.0,0.0
testing8364.jpg,Nanodomain,1.0,1.6475825e-31,1.0,0.0
testing8365.jpg,Nanodomain,1.0,2.4628587e-35,1.0,0.0
testing8366.jpg,Nanodomain,1.0,1.270741e-32,1.0,0.0
testing8367.jpg,Nanodomain,1.0,4.219853e-15,1.0,6.411095e-34
testing8368.jpg,Nanodomain,1.0,2.4792086e-31,1.0,0.0
testing8369.jpg,Nanodomain,1.0,2.2703402e-25,1.0,0.0
testing8370.jpg,Nanodomain,1.0,1.2376788e-15,1.0,5.0302623e-35
testing8371.jpg,Nanodomain,1.0,2.7571304e-23,1.0,0.0
testing8372.jpg,Nanodomain,1.0,8.718401e-15,1.0,5.8250394e-36
testing8373.jpg,Nanodomain,1.0,6.405802e-23,1.0,0.0
testing8374.jpg,Outside,1.0,1.2218039e-31,2.8438953e-28,1.0
testing8375.jpg,Outside,1.0,3.0406537e-29,5.7270777e-29,1.0
testing8376.jpg,Outside,0.9430352,0.05696487,2.4394276e-14,0.9430352
testing8377.jpg,Intermediate,1.0,1.0,1.3435417e-26,9.763016e-25
testing8378.jpg,Intermediate,1.0,1.0,1.019882e-24,5.5069805e-15
testing8379.jpg,Intermediate,1.0,1.0,2.5742746e-23,1.3347471e-08
testing8380.jpg,Intermediate,1.0,1.0,3.7150944e-31,3.0061813e-21
testing8381.jpg,Intermediate,1.0,1.0,1.3857997e-25,3.8334233e-10
testing8382.jpg,Intermediate,1.0,1.0,1.1082847e-23,4.913463e-17
testing8383.jpg,Intermediate,0.9878449,0.9878449,3.1195342e-16,0.012155139
testing8384.jpg,Intermediate,0.9999999,0.9999999,5.4799746e-20,9.679162e-08
testing8385.jpg,Outside,1.0,4.1835672e-14,4.798594e-19,1.0
testing8386.jpg,Intermediate,1.0,1.0,5.613092e-22,7.105143e-12
testing8387.jpg,Intermediate,1.0,1.0,1.7086986e-23,4.3465127e-11
testing8388.jpg,Nanodomain,1.0,0.0,1.0,0.0
testing8389.jpg,Nanodomain,1.0,0.0,1.0,0.0
testing8390.jpg,Nanodomain,1.0,0.0,1.0,0.0
testing8391.jpg,Nanodomain,1.0,0.0,1.0,0.0
testing8392.jpg,Nanodomain,1.0,0.0,1.0,0.0
testing8393.jpg,Nanodomain,1.0,0.0,1.0,0.0
testing8394.jpg,Nanodomain,1.0,0.0,1.0,0.0
testing8395.jpg,Nanodomain,1.0,0.0,1.0,0.0
testing8396.jpg,Nanodomain,1.0,0.0,1.0,0.0
testing8397.jpg,Nanodomain,1.0,0.0,1.0,0.0
testing8398.jpg,Nanodomain,1.0,0.0,1.0,0.0
testing8399.jpg,Nanodomain,1.0,0.0,1.0,0.0
testing8400.jpg,Nanodomain,1.0,0.0,1.0,0.0
testing8401.jpg,Nanodomain,1.0,0.0,1.0,0.0
testing8402.jpg,Nanodomain,1.0,0.0,1.0,0.0
testing8403.jpg,Intermediate,1.0,1.0,4.543494e-27,1.811779e-18
testing8404.jpg,Outside,1.0,6.195106e-25,4.204951e-25,1.0
testing8405.jpg,Intermediate,1.0,1.0,1.5937798e-11,1.0385785e-23
testing8406.jpg,Intermediate,1.0,1.0,2.8473065e-26,3.567072e-20
testing8407.jpg,Intermediate,1.0,1.0,2.552735e-28,5.51288e-25
testing8408.jpg,Nanodomain,1.0,0.0,1.0,0.0
testing8409.jpg,Nanodomain,1.0,0.0,1.0,0.0
testing8410.jpg,Nanodomain,1.0,0.0,1.0,0.0
testing8411.jpg,Nanodomain,1.0,0.0,1.0,0.0
testing8412.jpg,Nanodomain,1.0,0.0,1.0,0.0
testing8413.jpg,Nanodomain,1.0,0.0,1.0,0.0
testing8414.jpg,Nanodomain,1.0,0.0,1.0,0.0
testing8415.jpg,Nanodomain,1.0,0.0,1.0,0.0
testing8416.jpg,Nanodomain,1.0,0.0,1.0,0.0
testing8417.jpg,Nanodomain,1.0,0.0,1.0,0.0
testing8418.jpg,Nanodomain,1.0,0.0,1.0,0.0
testing8419.jpg,Nanodomain,1.0,0.0,1.0,0.0
testing8420.jpg,Nanodomain,1.0,0.0,1.0,0.0
testing8421.jpg,Nanodomain,1.0,0.0,1.0,0.0
testing8422.jpg,Nanodomain,1.0,3.758293e-34,1.0,0.0
testing8423.jpg,Intermediate,0.9999956,0.9999956,4.419232e-06,2.966646e-23
testing8424.jpg,Intermediate,1.0,1.0,4.481379e-16,1.699506e-24
testing8425.jpg,Intermediate,1.0,1.0,1.3147693e-25,1.1939358e-27
testing8426.jpg,Nanodomain,1.0,0.0,1.0,0.0
testing8427.jpg,Nanodomain,1.0,0.0,1.0,0.0
testing8428.jpg,Nanodomain,1.0,0.0,1.0,0.0
testing8429.jpg,Nanodomain,1.0,0.0,1.0,0.0
testing8430.jpg,Nanodomain,1.0,0.0,1.0,0.0
testing8431.jpg,Nanodomain,1.0,0.0,1.0,0.0
testing8432.jpg,Nanodomain,1.0,0.0,1.0,0.0
testing8433.jpg,Nanodomain,1.0,0.0,1.0,0.0
testing8434.jpg,Nanodomain,1.0,2.162826e-30,1.0,0.0
testing8435.jpg,Nanodomain,1.0,2.8647013e-14,1.0,1.2872246e-35
testing8436.jpg,Outside,1.0,6.3467437e-31,1.1424814e-28,1.0
testing8437.jpg,Nanodomain,1.0,0.0,1.0,0.0
testing8438.jpg,Nanodomain,1.0,0.0,1.0,0.0
testing8439.jpg,Nanodomain,1.0,0.0,1.0,0.0
testing8440.jpg,Nanodomain,1.0,0.0,1.0,0.0
testing8441.jpg,Nanodomain,1.0,0.0,1.0,0.0
testing8442.jpg,Nanodomain,1.0,2.1240839e-32,1.0,0.0
testing8443.jpg,Nanodomain,1.0,0.0,1.0,0.0
testing8444.jpg,Nanodomain,1.0,0.0,1.0,0.0
testing8445.jpg,Nanodomain,1.0,0.0,1.0,0.0
testing8446.jpg,Nanodomain,1.0,0.0,1.0,0.0
testing8447.jpg,Outside,1.0,7.97959e-34,1.9357064e-31,1.0
testing8448.jpg,Intermediate,1.0,1.0,3.8830524e-21,2.8136286e-27
testing8449.jpg,Outside,1.0,9.681866e-25,2.242472e-23,1.0
testing8450.jpg,Outside,1.0,6.6649866e-26,4.7367804e-25,1.0
testing8451.jpg,Outside,1.0,1.090664e-33,3.5442802e-30,1.0
testing8452.jpg,Outside,1.0,1.00067263e-28,4.5420232e-26,1.0
testing8453.jpg,Outside,1.0,5.6163118e-27,8.127796e-25,1.0
testing8454.jpg,Outside,1.0,2.0503307e-25,1.3576812e-23,1.0
testing8455.jpg,Outside,1.0,1.344735e-28,1.01686636e-26,1.0
testing8456.jpg,Outside,1.0,1.0122541e-24,1.3094015e-21,1.0
testing8457.jpg,Outside,1.0,3.2352119e-24,6.9710944e-23,1.0
testing8458.jpg,Outside,1.0,8.0158145e-24,8.26629e-24,1.0
testing8459.jpg,Outside,1.0,9.7807845e-20,4.6497055e-23,1.0
testing8460.jpg,Outside,1.0,7.074918e-27,3.904033e-24,1.0
testing8461.jpg,Outside,1.0,1.2472032e-26,1.1306944e-25,1.0
testing8462.jpg,Outside,1.0,3.3417442e-31,3.6347898e-28,1.0
testing8463.jpg,Outside,1.0,4.254116e-31,2.388769e-28,1.0
testing8464.jpg,Outside,1.0,1.5364153e-28,2.8762564e-27,1.0
testing8465.jpg,Outside,1.0,1.0794894e-23,6.667024e-25,1.0
testing8466.jpg,Outside,1.0,2.0791398e-27,3.6043634e-25,1.0
testing8467.jpg,Outside,0.99995375,4.6212408e-05,1.04082995e-17,0.99995375
testing8468.jpg,Nanodomain,1.0,9.612013e-34,1.0,0.0
testing8469.jpg,Nanodomain,1.0,1.4742558e-37,1.0,0.0
testing8470.jpg,Nanodomain,1.0,2.311927e-30,1.0,0.0
testing8471.jpg,Nanodomain,1.0,2.3191384e-27,1.0,0.0
testing8472.jpg,Nanodomain,1.0,1.5297285e-31,1.0,0.0
testing8473.jpg,Nanodomain,1.0,2.8650698e-31,1.0,0.0
testing8474.jpg,Nanodomain,1.0,1.6999212e-31,1.0,0.0
testing8475.jpg,Nanodomain,1.0,1.8089415e-32,1.0,0.0
testing8476.jpg,Nanodomain,1.0,4.6496113e-33,1.0,0.0
testing8477.jpg,Nanodomain,1.0,1.01659795e-20,1.0,0.0
testing8478.jpg,Nanodomain,1.0,1.6715112e-17,1.0,1.44619965e-36
testing8479.jpg,Nanodomain,1.0,7.282565e-19,1.0,0.0
testing8480.jpg,Nanodomain,1.0,6.0779034e-17,1.0,1.19848035e-35
testing8481.jpg,Outside,1.0,3.2923657e-19,8.503488e-22,1.0
testing8482.jpg,Outside,1.0,4.630562e-12,2.0493803e-14,1.0
testing8483.jpg,Outside,1.0,2.1144152e-32,5.9149897e-28,1.0
testing8484.jpg,Outside,1.0,2.2423966e-29,8.6984204e-26,1.0
testing8485.jpg,Intermediate,1.0,1.0,1.5176879e-20,8.562675e-20
testing8486.jpg,Nanodomain,1.0,2.4627257e-21,1.0,0.0
testing8487.jpg,Nanodomain,1.0,3.942776e-08,1.0,2.189184e-27
testing8488.jpg,Nanodomain,1.0,1.2428548e-15,1.0,1.28716705e-33
testing8489.jpg,Nanodomain,1.0,1.094101e-12,1.0,8.1131774e-32
testing8490.jpg,Nanodomain,0.9999939,6.0852317e-06,0.9999939,8.609466e-26
testing8491.jpg,Nanodomain,1.0,1.3554446e-17,1.0,1.1972128e-38
testing8492.jpg,Nanodomain,0.99999976,1.8991729e-07,0.99999976,8.090847e-28
testing8493.jpg,Nanodomain,1.0,4.3538064e-22,1.0,0.0
testing8494.jpg,Nanodomain,1.0,7.6455963e-23,1.0,0.0
testing8495.jpg,Nanodomain,1.0,8.912881e-20,1.0,2.3036774e-38
testing8496.jpg,Nanodomain,1.0,2.6632434e-13,1.0,1.9512734e-33
testing8497.jpg,Nanodomain,1.0,1.6503866e-10,1.0,3.5565355e-31
testing8498.jpg,Nanodomain,1.0,1.2009987e-18,1.0,1.1405907e-37
testing8499.jpg,Nanodomain,0.9996158,0.00038419542,0.9996158,4.628381e-25
testing8500.jpg,Nanodomain,1.0,2.1810214e-14,1.0,1.605455e-31
testing8501.jpg,Nanodomain,1.0,3.9585357e-10,1.0,3.0349724e-31
testing8502.jpg,Intermediate,1.0,1.0,1.5165249e-27,5.6657793e-21
testing8503.jpg,Intermediate,0.9999502,0.9999502,6.920009e-16,4.9884315e-05
testing8504.jpg,Intermediate,0.9901452,0.9901452,3.1135815e-19,0.009854829
testing8505.jpg,Intermediate,1.0,1.0,3.864278e-25,2.8072588e-13
testing8506.jpg,Intermediate,1.0,1.0,2.8194703e-29,5.578051e-19
testing8507.jpg,Intermediate,1.0,1.0,2.2466628e-27,3.2370298e-22
testing8508.jpg,Intermediate,1.0,1.0,5.538298e-26,1.1946718e-23
testing8509.jpg,Intermediate,1.0,1.0,9.518169e-26,7.073332e-18
testing8510.jpg,Intermediate,1.0,1.0,2.673573e-26,6.1978295e-16
testing8511.jpg,Outside,1.0,4.4896775e-16,2.962899e-19,1.0
testing8512.jpg,Intermediate,1.0,1.0,1.665687e-32,3.438573e-25
testing8513.jpg,Outside,1.0,5.794895e-22,2.4540205e-23,1.0
testing8514.jpg,Outside,1.0,7.8544e-10,1.5222939e-17,1.0
testing8515.jpg,Nanodomain,1.0,0.0,1.0,0.0
testing8516.jpg,Nanodomain,1.0,0.0,1.0,0.0
testing8517.jpg,Nanodomain,1.0,0.0,1.0,0.0
testing8518.jpg,Nanodomain,1.0,0.0,1.0,0.0
testing8519.jpg,Nanodomain,1.0,0.0,1.0,0.0
testing8520.jpg,Nanodomain,1.0,0.0,1.0,0.0
testing8521.jpg,Nanodomain,1.0,0.0,1.0,0.0
testing8522.jpg,Nanodomain,1.0,0.0,1.0,0.0
testing8523.jpg,Nanodomain,1.0,0.0,1.0,0.0
testing8524.jpg,Nanodomain,1.0,0.0,1.0,0.0
testing8525.jpg,Nanodomain,1.0,0.0,1.0,0.0
testing8526.jpg,Nanodomain,1.0,0.0,1.0,0.0
testing8527.jpg,Nanodomain,1.0,0.0,1.0,0.0
testing8528.jpg,Nanodomain,1.0,0.0,1.0,0.0
testing8529.jpg,Nanodomain,1.0,0.0,1.0,0.0
testing8530.jpg,Outside,1.0,7.2489195e-33,2.083132e-28,1.0
testing8531.jpg,Outside,1.0,3.0154753e-27,1.849352e-27,1.0
testing8532.jpg,Intermediate,1.0,1.0,4.507273e-21,2.054431e-12
testing8533.jpg,Intermediate,1.0,1.0,3.3014267e-23,2.538064e-20
testing8534.jpg,Nanodomain,1.0,2.158023e-36,1.0,0.0
testing8535.jpg,Nanodomain,1.0,0.0,1.0,0.0
testing8536.jpg,Nanodomain,1.0,0.0,1.0,0.0
testing8537.jpg,Nanodomain,1.0,0.0,1.0,0.0
testing8538.jpg,Nanodomain,1.0,0.0,1.0,0.0
testing8539.jpg,Nanodomain,1.0,0.0,1.0,0.0
testing8540.jpg,Nanodomain,1.0,0.0,1.0,0.0
testing8541.jpg,Nanodomain,1.0,0.0,1.0,0.0
testing8542.jpg,Nanodomain,1.0,0.0,1.0,0.0
testing8543.jpg,Nanodomain,1.0,0.0,1.0,0.0
testing8544.jpg,Nanodomain,1.0,0.0,1.0,0.0
testing8545.jpg,Nanodomain,1.0,0.0,1.0,0.0
testing8546.jpg,Nanodomain,1.0,0.0,1.0,0.0
testing8547.jpg,Nanodomain,1.0,0.0,1.0,0.0
testing8548.jpg,Nanodomain,1.0,5.3537697e-34,1.0,0.0
testing8549.jpg,Nanodomain,1.0,2.696907e-26,1.0,0.0
testing8550.jpg,Intermediate,0.9999989,0.9999989,1.0316969e-06,1.3816168e-19
testing8551.jpg,Nanodomain,0.98577195,0.014228043,0.98577195,7.6183586e-23
testing8552.jpg,Nanodomain,1.0,0.0,1.0,0.0
testing8553.jpg,Intermediate,1.0,1.0,2.1297106e-21,1.9703205e-22
testing8554.jpg,Intermediate,0.9983911,0.9983911,0.0016088815,1.3400947e-21
testing8555.jpg,Intermediate,1.0,1.0,5.059055e-11,2.353751e-23
testing8556.jpg,Nanodomain,1.0,0.0,1.0,0.0
testing8557.jpg,Intermediate,1.0,1.0,2.1527439e-29,3.130721e-20
testing8558.jpg,Intermediate,1.0,1.0,6.013894e-20,4.1475005e-12
testing8559.jpg,Intermediate,1.0,1.0,2.8107656e-26,5.369834e-16
testing8560.jpg,Intermediate,1.0,1.0,2.0637215e-21,2.6315475e-21
testing8561.jpg,Nanodomain,1.0,2.6425854e-19,1.0,0.0
testing8562.jpg,Nanodomain,1.0,2.1137598e-19,1.0,0.0
testing8563.jpg,Nanodomain,1.0,4.3696197e-34,1.0,0.0
testing8564.jpg,Nanodomain,1.0,2.1701076e-22,1.0,0.0
testing8565.jpg,Nanodomain,1.0,0.0,1.0,0.0
testing8566.jpg,Nanodomain,1.0,0.0,1.0,0.0
testing8567.jpg,Nanodomain,1.0,0.0,1.0,0.0
testing8568.jpg,Nanodomain,1.0,0.0,1.0,0.0
testing8569.jpg,Nanodomain,1.0,0.0,1.0,0.0
testing8570.jpg,Nanodomain,1.0,0.0,1.0,0.0
testing8571.jpg,Nanodomain,1.0,0.0,1.0,0.0
testing8572.jpg,Nanodomain,1.0,0.0,1.0,0.0
testing8573.jpg,Nanodomain,1.0,0.0,1.0,0.0
testing8574.jpg,Nanodomain,1.0,0.0,1.0,0.0
testing8575.jpg,Intermediate,1.0,1.0,2.6741752e-18,5.7023935e-24
testing8576.jpg,Intermediate,0.99975795,0.99975795,0.00024205924,1.0819376e-21
testing8577.jpg,Outside,1.0,1.4992221e-28,7.125769e-24,1.0
testing8578.jpg,Outside,1.0,5.2697943e-22,1.4627831e-22,1.0
testing8579.jpg,Outside,1.0,6.886396e-27,9.647038e-23,1.0
testing8580.jpg,Outside,1.0,2.2703878e-29,8.00988e-25,1.0
testing8581.jpg,Outside,1.0,1.089611e-27,1.2257243e-25,1.0
testing8582.jpg,Outside,1.0,1.62869e-26,3.5001253e-25,1.0
testing8583.jpg,Outside,1.0,1.0580895e-23,1.0960367e-24,1.0
testing8584.jpg,Outside,1.0,4.2082796e-22,5.1304512e-21,1.0
testing8585.jpg,Outside,1.0,1.0227193e-22,5.855955e-24,1.0
testing8586.jpg,Outside,1.0,1.3989875e-26,2.3867973e-24,1.0
testing8587.jpg,Outside,1.0,7.106442e-24,7.14957e-23,1.0
testing8588.jpg,Outside,1.0,1.194673e-21,2.2247346e-21,1.0
testing8589.jpg,Outside,1.0,5.989629e-19,3.082973e-19,1.0
testing8590.jpg,Outside,1.0,6.9350043e-13,5.2411196e-17,1.0
testing8591.jpg,Outside,1.0,4.5848423e-28,4.610561e-25,1.0
testing8592.jpg,Outside,1.0,5.040831e-26,7.423296e-23,1.0
testing8593.jpg,Outside,1.0,8.3713344e-22,2.5743068e-21,1.0
testing8594.jpg,Outside,1.0,3.742974e-17,3.4507612e-21,1.0
testing8595.jpg,Outside,1.0,3.807625e-30,5.644227e-29,1.0
testing8596.jpg,Outside,1.0,2.4440728e-29,5.353506e-26,1.0
testing8597.jpg,Nanodomain,0.9999999,6.961912e-08,0.9999999,2.595485e-30
testing8598.jpg,Nanodomain,1.0,8.951939e-18,1.0,0.0
testing8599.jpg,Nanodomain,0.9999995,4.6729153e-07,0.9999995,5.1081265e-29
testing8600.jpg,Nanodomain,1.0,1.1974227e-31,1.0,0.0
testing8601.jpg,Nanodomain,1.0,1.6473634e-15,1.0,8.5633235e-36
testing8602.jpg,Nanodomain,1.0,3.1480218e-30,1.0,0.0
testing8603.jpg,Nanodomain,1.0,2.248003e-32,1.0,0.0
testing8604.jpg,Nanodomain,1.0,2.8964598e-20,1.0,0.0
testing8605.jpg,Nanodomain,1.0,4.306979e-09,1.0,3.912741e-31
testing8606.jpg,Nanodomain,1.0,2.5948577e-18,1.0,2.9453245e-38
testing8607.jpg,Nanodomain,1.0,4.476629e-16,1.0,4.7916363e-37
testing8608.jpg,Outside,1.0,1.1476874e-22,9.629679e-24,1.0
testing8609.jpg,Outside,1.0,6.3277615e-25,1.4181782e-22,1.0
testing8610.jpg,Outside,1.0,9.498868e-27,7.768152e-25,1.0
testing8611.jpg,Outside,1.0,8.825429e-26,3.6030536e-27,1.0
testing8612.jpg,Intermediate,0.99742633,0.99742633,3.4412533e-19,0.0025736352
testing8613.jpg,Intermediate,1.0,1.0,1.5476054e-33,1.01521567e-25
testing8614.jpg,Nanodomain,0.9999635,3.6472655e-05,0.9999635,4.576332e-24
testing8615.jpg,Intermediate,0.8101057,0.8101057,0.18989435,1.8261338e-19
testing8616.jpg,Nanodomain,0.9999505,4.941628e-05,0.9999505,1.7301939e-22
testing8617.jpg,Nanodomain,0.9999989,1.059886e-06,0.9999989,6.116202e-25
testing8618.jpg,Intermediate,1.0,1.0,1.9819766e-09,1.8320362e-20
testing8619.jpg,Intermediate,1.0,1.0,3.2345562e-10,2.852181e-23
testing8620.jpg,Intermediate,1.0,1.0,2.4719804e-19,3.95421e-26
testing8621.jpg,Intermediate,1.0,1.0,7.7785426e-22,5.352876e-25
testing8622.jpg,Nanodomain,1.0,1.7717102e-11,1.0,1.0662177e-30
testing8623.jpg,Nanodomain,1.0,5.4036426e-14,1.0,3.605836e-32
testing8624.jpg,Nanodomain,0.9999949,5.1248994e-06,0.9999949,3.3656608e-25
testing8625.jpg,Nanodomain,0.99935395,0.0006460222,0.99935395,1.419314e-20
testing8626.jpg,Nanodomain,0.9998301,0.00016982867,0.9998301,1.18415666e-23
testing8627.jpg,Nanodomain,1.0,1.1714071e-10,1.0,1.0993965e-29
testing8628.jpg,Nanodomain,0.9999999,6.198268e-08,0.9999999,1.0872157e-26
testing8629.jpg,Nanodomain,1.0,0.0,1.0,0.0
testing8630.jpg,Nanodomain,1.0,0.0,1.0,0.0
testing8631.jpg,Nanodomain,1.0,0.0,1.0,0.0
testing8632.jpg,Nanodomain,1.0,0.0,1.0,0.0
testing8633.jpg,Nanodomain,1.0,0.0,1.0,0.0
testing8634.jpg,Nanodomain,1.0,0.0,1.0,0.0
testing8635.jpg,Intermediate,0.9978137,0.9978137,1.0223257e-12,0.002186319
testing8636.jpg,Intermediate,1.0,1.0,4.3566086e-32,4.9887537e-21
testing8637.jpg,Intermediate,1.0,1.0,4.7503225e-22,8.268982e-21
testing8638.jpg,Intermediate,1.0,1.0,5.32861e-33,3.227891e-23
testing8639.jpg,Intermediate,1.0,1.0,3.893665e-25,7.451249e-21
testing8640.jpg,Intermediate,1.0,1.0,9.472412e-28,3.376663e-16
testing8641.jpg,Outside,1.0,4.6172507e-17,7.509146e-21,1.0
testing8642.jpg,Outside,0.9962698,0.0037301662,1.0607716e-13,0.9962698
testing8643.jpg,Outside,1.0,1.4664554e-20,5.564709e-25,1.0
testing8644.jpg,Outside,1.0,8.86971e-26,2.6156988e-25,1.0
testing8645.jpg,Outside,0.9999865,1.3433586e-05,1.6113235e-16,0.9999865
testing8646.jpg,Nanodomain,1.0,0.0,1.0,0.0
testing8647.jpg,Nanodomain,1.0,0.0,1.0,0.0
testing8648.jpg,Nanodomain,1.0,0.0,1.0,0.0
testing8649.jpg,Nanodomain,1.0,0.0,1.0,0.0
testing8650.jpg,Nanodomain,1.0,0.0,1.0,0.0
testing8651.jpg,Nanodomain,1.0,0.0,1.0,0.0
testing8652.jpg,Nanodomain,1.0,0.0,1.0,0.0
testing8653.jpg,Nanodomain,1.0,0.0,1.0,0.0
testing8654.jpg,Nanodomain,1.0,0.0,1.0,0.0
testing8655.jpg,Nanodomain,1.0,0.0,1.0,0.0
testing8656.jpg,Nanodomain,1.0,0.0,1.0,0.0
testing8657.jpg,Nanodomain,1.0,0.0,1.0,0.0
testing8658.jpg,Outside,1.0,8.0000006e-29,1.5851336e-26,1.0
testing8659.jpg,Outside,1.0,2.5841498e-33,1.1322843e-30,1.0
testing8660.jpg,Nanodomain,1.0,1.811461e-33,1.0,0.0
testing8661.jpg,Nanodomain,1.0,6.0197024e-27,1.0,0.0
testing8662.jpg,Nanodomain,1.0,0.0,1.0,0.0
testing8663.jpg,Nanodomain,0.97242504,0.027575001,0.97242504,6.067868e-25
testing8664.jpg,Nanodomain,1.0,0.0,1.0,0.0
testing8665.jpg,Nanodomain,1.0,0.0,1.0,0.0
testing8666.jpg,Nanodomain,1.0,0.0,1.0,0.0
testing8667.jpg,Nanodomain,1.0,0.0,1.0,0.0
testing8668.jpg,Nanodomain,1.0,0.0,1.0,0.0
testing8669.jpg,Nanodomain,1.0,0.0,1.0,0.0
testing8670.jpg,Nanodomain,1.0,0.0,1.0,0.0
testing8671.jpg,Nanodomain,1.0,4.6997258e-38,1.0,0.0
testing8672.jpg,Nanodomain,1.0,0.0,1.0,0.0
testing8673.jpg,Nanodomain,1.0,0.0,1.0,0.0
testing8674.jpg,Nanodomain,1.0,0.0,1.0,0.0
testing8675.jpg,Nanodomain,1.0,0.0,1.0,0.0
testing8676.jpg,Nanodomain,1.0,0.0,1.0,0.0
testing8677.jpg,Nanodomain,1.0,0.0,1.0,0.0
testing8678.jpg,Intermediate,0.9999995,0.9999995,5.101728e-07,4.3603197e-22
testing8679.jpg,Intermediate,0.99999964,0.99999964,3.0715776e-07,9.7305254e-23
testing8680.jpg,Nanodomain,1.0,4.275421e-19,1.0,0.0
testing8681.jpg,Nanodomain,1.0,0.0,1.0,0.0
testing8682.jpg,Nanodomain,1.0,0.0,1.0,0.0
testing8683.jpg,Nanodomain,1.0,0.0,1.0,0.0
testing8684.jpg,Nanodomain,1.0,0.0,1.0,0.0
testing8685.jpg,Nanodomain,1.0,0.0,1.0,0.0
testing8686.jpg,Nanodomain,1.0,0.0,1.0,0.0
testing8687.jpg,Nanodomain,0.98091197,0.01908805,0.98091197,5.975955e-26
testing8688.jpg,Intermediate,1.0,1.0,3.9259308e-11,2.3941423e-28
testing8689.jpg,Intermediate,1.0,1.0,4.445806e-25,4.167112e-30
testing8690.jpg,Intermediate,1.0,1.0,2.8723156e-15,2.492662e-26
testing8691.jpg,Outside,1.0,8.22999e-29,5.711525e-28,1.0
testing8692.jpg,Intermediate,0.9997423,0.9997423,3.9764898e-15,0.00025760478
testing8693.jpg,Outside,1.0,4.03753e-31,2.8355755e-28,1.0
testing8694.jpg,Nanodomain,1.0,0.0,1.0,0.0
testing8695.jpg,Nanodomain,1.0,0.0,1.0,0.0
testing8696.jpg,Nanodomain,1.0,0.0,1.0,0.0
testing8697.jpg,Nanodomain,1.0,0.0,1.0,0.0
testing8698.jpg,Nanodomain,1.0,0.0,1.0,0.0
testing8699.jpg,Nanodomain,1.0,0.0,1.0,0.0
testing8700.jpg,Nanodomain,1.0,0.0,1.0,0.0
testing8701.jpg,Outside,1.0,2.2666448e-33,1.9723041e-31,1.0
testing8702.jpg,Outside,1.0,6.2601466e-34,7.1789985e-32,1.0
testing8703.jpg,Outside,1.0,1.8320469e-31,4.2501203e-26,1.0
testing8704.jpg,Outside,1.0,1.9563177e-12,9.262129e-21,1.0
testing8705.jpg,Outside,1.0,1.5821743e-25,1.0826408e-22,1.0
testing8706.jpg,Outside,1.0,4.7073647e-25,5.610178e-23,1.0
testing8707.jpg,Outside,1.0,4.611999e-12,1.1365791e-19,1.0
testing8708.jpg,Outside,1.0,2.1003283e-27,2.9435807e-25,1.0
testing8709.jpg,Outside,1.0,5.0152418e-27,9.402334e-25,1.0
testing8710.jpg,Outside,1.0,4.3780813e-33,7.290143e-29,1.0
testing8711.jpg,Outside,1.0,6.801423e-33,9.671069e-29,1.0
testing8712.jpg,Outside,1.0,7.615309e-27,1.7861299e-23,1.0
testing8713.jpg,Outside,1.0,3.2988413e-26,1.1193651e-24,1.0
testing8714.jpg,Outside,1.0,5.7484597e-30,2.2716007e-29,1.0
testing8715.jpg,Outside,1.0,4.4238426e-27,5.4157285e-24,1.0
testing8716.jpg,Outside,1.0,5.1490787e-28,1.2502428e-25,1.0
testing8717.jpg,Outside,1.0,3.414763e-29,3.217768e-26,1.0
testing8718.jpg,Outside,1.0,5.755042e-30,4.0679947e-27,1.0
testing8719.jpg,Outside,1.0,3.2338217e-29,1.8648747e-26,1.0
testing8720.jpg,Outside,1.0,5.893027e-29,3.14402e-26,1.0
testing8721.jpg,Outside,1.0,1.988241e-26,1.5990438e-23,1.0
testing8722.jpg,Outside,1.0,5.797056e-24,3.621027e-24,1.0
testing8723.jpg,Outside,1.0,3.0732145e-27,4.011599e-24,1.0
testing8724.jpg,Outside,1.0,5.281329e-21,8.6644734e-19,1.0
testing8725.jpg,Outside,1.0,7.0467375e-29,2.934362e-27,1.0
testing8726.jpg,Outside,1.0,1.5485401e-31,7.8664873e-28,1.0
testing8727.jpg,Nanodomain,1.0,1.8937231e-10,1.0,1.1561806e-31
testing8728.jpg,Outside,1.0,8.212348e-33,2.1479883e-27,1.0
testing8729.jpg,Nanodomain,1.0,3.7901113e-19,1.0,0.0
testing8730.jpg,Nanodomain,1.0,2.4775544e-12,1.0,2.0000952e-31
testing8731.jpg,Nanodomain,1.0,3.9580463e-17,1.0,3.885629e-37
testing8732.jpg,Nanodomain,1.0,9.999549e-11,1.0,8.281966e-34
testing8733.jpg,Nanodomain,1.0,2.8644644e-19,1.0,2.7478918e-37
testing8734.jpg,Nanodomain,0.9999982,1.7634936e-06,0.9999982,1.7550609e-27
testing8735.jpg,Nanodomain,1.0,7.8578616e-10,1.0,1.3743698e-26
testing8736.jpg,Nanodomain,0.99999344,6.53702e-06,0.99999344,1.6536648e-26
testing8737.jpg,Outside,1.0,5.5356435e-16,1.0142153e-21,1.0
testing8738.jpg,Outside,1.0,4.4127443e-23,2.5967832e-22,1.0
testing8739.jpg,Outside,1.0,1.6129798e-25,5.1427515e-23,1.0
testing8740.jpg,Outside,1.0,5.3959646e-27,9.969526e-24,1.0
testing8741.jpg,Outside,1.0,1.2689554e-29,1.8607674e-26,1.0
testing8742.jpg,Outside,1.0,1.9027802e-19,1.8269338e-21,1.0
testing8743.jpg,Nanodomain,0.99999845,1.5598056e-06,0.99999845,1.20118635e-23
testing8744.jpg,Intermediate,0.9999951,0.9999951,4.890466e-06,1.4952293e-19
testing8745.jpg,Intermediate,1.0,1.0,7.3373785e-10,1.57273e-21
testing8746.jpg,Intermediate,1.0,1.0,4.5310253e-15,3.269242e-24
testing8747.jpg,Intermediate,0.9999995,0.9999995,4.5538448e-07,1.0120278e-20
testing8748.jpg,Intermediate,1.0,1.0,1.0051496e-19,1.1067916e-26
testing8749.jpg,Intermediate,1.0,1.0,4.0483063e-18,1.5886732e-28
testing8750.jpg,Nanodomain,1.0,1.1883101e-13,1.0,1.5953749e-32
testing8751.jpg,Intermediate,0.92466635,0.92466635,0.075333655,6.402651e-25
testing8752.jpg,Nanodomain,1.0,7.85537e-26,1.0,0.0
testing8753.jpg,Nanodomain,0.99999905,9.533815e-07,0.99999905,1.0237813e-27
testing8754.jpg,Intermediate,0.9204056,0.9204056,0.07959443,2.2605077e-20
testing8755.jpg,Intermediate,1.0,1.0,1.4892637e-36,6.6570585e-26
testing8756.jpg,Nanodomain,1.0,0.0,1.0,0.0
testing8757.jpg,Nanodomain,1.0,0.0,1.0,0.0
testing8758.jpg,Nanodomain,1.0,0.0,1.0,0.0
testing8759.jpg,Nanodomain,1.0,0.0,1.0,0.0
testing8760.jpg,Nanodomain,1.0,0.0,1.0,0.0
testing8761.jpg,Nanodomain,1.0,0.0,1.0,0.0
testing8762.jpg,Nanodomain,1.0,0.0,1.0,0.0
testing8763.jpg,Nanodomain,1.0,6.8477395e-32,1.0,0.0
testing8764.jpg,Nanodomain,1.0,3.0957141e-18,1.0,6.7869983e-37
testing8765.jpg,Intermediate,0.5115303,0.5115303,2.4872215e-18,0.48846972
testing8766.jpg,Intermediate,1.0,1.0,1.6468874e-28,7.002265e-19
testing8767.jpg,Intermediate,1.0,1.0,4.3720153e-29,9.931816e-20
testing8768.jpg,Intermediate,1.0,1.0,4.366749e-36,2.4282527e-24
testing8769.jpg,Outside,1.0,3.2064665e-21,7.535275e-24,1.0
testing8770.jpg,Outside,1.0,3.1959442e-26,3.6210648e-26,1.0
testing8771.jpg,Outside,1.0,5.5355013e-14,3.3871284e-22,1.0
testing8772.jpg,Outside,1.0,1.3120902e-23,1.9577634e-22,1.0
testing8773.jpg,Outside,1.0,7.2759505e-28,3.054245e-28,1.0
testing8774.jpg,Outside,1.0,4.629946e-11,4.7255126e-20,1.0
testing8775.jpg,Nanodomain,1.0,0.0,1.0,0.0
testing8776.jpg,Nanodomain,1.0,0.0,1.0,0.0
testing8777.jpg,Nanodomain,1.0,0.0,1.0,0.0
testing8778.jpg,Nanodomain,1.0,0.0,1.0,0.0
testing8779.jpg,Nanodomain,1.0,0.0,1.0,0.0
testing8780.jpg,Nanodomain,1.0,0.0,1.0,0.0
testing8781.jpg,Nanodomain,1.0,0.0,1.0,0.0
testing8782.jpg,Nanodomain,1.0,0.0,1.0,0.0
testing8783.jpg,Nanodomain,1.0,0.0,1.0,0.0
testing8784.jpg,Nanodomain,1.0,0.0,1.0,0.0
testing8785.jpg,Nanodomain,1.0,0.0,1.0,0.0
testing8786.jpg,Outside,1.0,6.977756e-35,4.516766e-32,1.0
testing8787.jpg,Outside,1.0,3.6242707e-26,8.466932e-25,1.0
testing8788.jpg,Nanodomain,1.0,4.0234774e-31,1.0,0.0
testing8789.jpg,Nanodomain,1.0,1.505732e-22,1.0,0.0
testing8790.jpg,Nanodomain,1.0,0.0,1.0,0.0
testing8791.jpg,Nanodomain,1.0,0.0,1.0,0.0
testing8792.jpg,Nanodomain,1.0,0.0,1.0,0.0
testing8793.jpg,Nanodomain,1.0,0.0,1.0,0.0
testing8794.jpg,Nanodomain,1.0,0.0,1.0,0.0
testing8795.jpg,Nanodomain,1.0,0.0,1.0,0.0
testing8796.jpg,Nanodomain,1.0,0.0,1.0,0.0
testing8797.jpg,Nanodomain,1.0,0.0,1.0,0.0
testing8798.jpg,Nanodomain,1.0,0.0,1.0,0.0
testing8799.jpg,Nanodomain,1.0,0.0,1.0,0.0
testing8800.jpg,Nanodomain,1.0,7.667342e-34,1.0,0.0
testing8801.jpg,Nanodomain,1.0,1.3555287e-30,1.0,0.0
testing8802.jpg,Nanodomain,1.0,8.34381e-17,1.0,3.0365278e-36
testing8803.jpg,Nanodomain,1.0,6.132457e-36,1.0,0.0
testing8804.jpg,Nanodomain,1.0,0.0,1.0,0.0
testing8805.jpg,Nanodomain,1.0,0.0,1.0,0.0
testing8806.jpg,Nanodomain,1.0,0.0,1.0,0.0
testing8807.jpg,Nanodomain,1.0,0.0,1.0,0.0
testing8808.jpg,Nanodomain,1.0,7.986281e-36,1.0,0.0
testing8809.jpg,Nanodomain,1.0,1.0295818e-21,1.0,0.0
testing8810.jpg,Nanodomain,1.0,0.0,1.0,0.0
testing8811.jpg,Nanodomain,1.0,0.0,1.0,0.0
testing8812.jpg,Nanodomain,1.0,0.0,1.0,0.0
testing8813.jpg,Nanodomain,1.0,3.175905e-25,1.0,0.0
testing8814.jpg,Intermediate,1.0,1.0,2.146784e-12,3.8937393e-25
testing8815.jpg,Nanodomain,1.0,0.0,1.0,0.0
testing8816.jpg,Nanodomain,1.0,0.0,1.0,0.0
testing8817.jpg,Nanodomain,1.0,2.0900003e-36,1.0,0.0
testing8818.jpg,Nanodomain,1.0,6.525471e-38,1.0,0.0
testing8819.jpg,Nanodomain,1.0,9.462271e-34,1.0,0.0
testing8820.jpg,Nanodomain,1.0,7.0410645e-30,1.0,0.0
testing8821.jpg,Outside,1.0,2.3490517e-11,9.146496e-16,1.0
testing8822.jpg,Outside,1.0,3.867059e-28,4.7235333e-26,1.0
testing8823.jpg,Intermediate,1.0,1.0,3.3691358e-31,5.0567278e-23
testing8824.jpg,Intermediate,1.0,1.0,6.6874844e-23,8.5885766e-14
testing8825.jpg,Intermediate,1.0,1.0,4.2062412e-22,1.1820323e-17
testing8826.jpg,Intermediate,1.0,1.0,1.5715545e-21,1.5182096e-08
testing8827.jpg,Outside,1.0,7.888652e-31,3.8150855e-29,1.0
testing8828.jpg,Outside,1.0,9.7825625e-30,2.3793097e-29,1.0
testing8829.jpg,Outside,1.0,9.6844554e-32,2.8556016e-29,1.0
testing8830.jpg,Outside,1.0,4.0728354e-29,1.9608754e-27,1.0
testing8831.jpg,Intermediate,0.99744105,0.99744105,0.0025589278,3.9012394e-24
testing8832.jpg,Intermediate,0.9999999,0.9999999,8.2454434e-08,1.3614827e-23
testing8833.jpg,Outside,1.0,1.4585022e-24,8.90773e-24,1.0
testing8834.jpg,Outside,1.0,1.1846102e-24,6.388601e-22,1.0
testing8835.jpg,Outside,1.0,2.8144724e-30,8.352239e-27,1.0
testing8836.jpg,Outside,1.0,1.3873202e-29,4.8244752e-26,1.0
testing8837.jpg,Outside,1.0,5.7084623e-25,2.124961e-23,1.0
testing8838.jpg,Outside,1.0,1.13249765e-27,1.4188795e-25,1.0
testing8839.jpg,Outside,1.0,4.9117213e-24,1.584357e-22,1.0
testing8840.jpg,Intermediate,1.0,1.0,4.019778e-32,2.5542279e-26
testing8841.jpg,Outside,1.0,2.0619605e-27,5.9401912e-24,1.0
testing8842.jpg,Outside,1.0,7.1667035e-27,3.163908e-26,1.0
testing8843.jpg,Outside,1.0,2.4731354e-23,1.352347e-23,1.0
testing8844.jpg,Outside,1.0,6.755571e-27,5.856332e-25,1.0
testing8845.jpg,Outside,1.0,3.4313793e-25,5.3170404e-24,1.0
testing8846.jpg,Outside,1.0,6.4400046e-31,6.7980645e-29,1.0
testing8847.jpg,Outside,1.0,2.846472e-25,1.2400071e-25,1.0
testing8848.jpg,Outside,1.0,1.6478925e-21,2.3581865e-19,1.0
testing8849.jpg,Intermediate,1.0,1.0,1.1585939e-34,8.541969e-25
testing8850.jpg,Outside,1.0,4.0021496e-18,4.325173e-20,1.0
testing8851.jpg,Outside,1.0,5.955654e-28,2.257816e-26,1.0
testing8852.jpg,Outside,1.0,1.7110441e-26,2.9847517e-24,1.0
testing8853.jpg,Outside,1.0,4.3405364e-31,6.432084e-28,1.0
testing8854.jpg,Outside,1.0,1.7558239e-31,5.27817e-27,1.0
testing8855.jpg,Outside,1.0,1.1736647e-27,1.1965092e-24,1.0
testing8856.jpg,Nanodomain,1.0,1.4770959e-18,1.0,1.061936e-36
testing8857.jpg,Nanodomain,1.0,1.7657581e-16,1.0,8.759778e-36
testing8858.jpg,Nanodomain,1.0,1.0457257e-17,1.0,1.5682153e-33
testing8859.jpg,Nanodomain,0.99999964,4.050054e-07,0.99999964,8.9318714e-27
testing8860.jpg,Nanodomain,1.0,9.917591e-18,1.0,1.4570436e-34
testing8861.jpg,Nanodomain,1.0,7.4047675e-24,1.0,0.0
testing8862.jpg,Nanodomain,1.0,2.8972167e-09,1.0,3.5481528e-28
testing8863.jpg,Intermediate,1.0,1.0,1.3314654e-18,2.5091498e-09
testing8864.jpg,Outside,1.0,1.324679e-22,2.6669163e-22,1.0
testing8865.jpg,Outside,1.0,1.7128744e-24,1.1114266e-22,1.0
testing8866.jpg,Outside,1.0,1.0485852e-33,1.3784157e-29,1.0
testing8867.jpg,Outside,1.0,1.9072582e-25,1.1606701e-24,1.0
testing8868.jpg,Outside,1.0,2.9968358e-15,4.26303e-18,1.0
testing8869.jpg,Outside,1.0,6.941727e-28,3.311124e-24,1.0
testing8870.jpg,Outside,1.0,2.5219704e-24,1.4761025e-21,1.0
testing8871.jpg,Outside,1.0,2.316141e-27,8.6971884e-27,1.0
testing8872.jpg,Intermediate,1.0,1.0,1.823562e-08,1.1588674e-20
testing8873.jpg,Intermediate,1.0,1.0,8.74176e-34,5.1544768e-23
testing8874.jpg,Intermediate,1.0,1.0,1.5821221e-11,1.2611594e-25
testing8875.jpg,Intermediate,0.9999999,0.9999999,1.2392617e-07,4.0134677e-23
testing8876.jpg,Intermediate,0.9999989,0.9999989,1.0596264e-06,1.9297718e-21
testing8877.jpg,Intermediate,1.0,1.0,1.3282618e-29,3.1650966e-30
testing8878.jpg,Nanodomain,1.0,3.876913e-12,1.0,4.48619e-29
testing8879.jpg,Intermediate,0.999998,0.999998,1.9956963e-06,7.3121297e-22
testing8880.jpg,Nanodomain,1.0,4.789934e-08,1.0,1.2490736e-27
testing8881.jpg,Nanodomain,1.0,4.9912345e-26,1.0,0.0
testing8882.jpg,Nanodomain,1.0,9.8556085e-14,1.0,3.640916e-32
testing8883.jpg,Nanodomain,0.9632553,0.036744714,0.9632553,4.0965524e-22
testing8884.jpg,Nanodomain,1.0,0.0,1.0,0.0
testing8885.jpg,Nanodomain,1.0,0.0,1.0,0.0
testing8886.jpg,Nanodomain,1.0,0.0,1.0,0.0
testing8887.jpg,Nanodomain,1.0,0.0,1.0,0.0
testing8888.jpg,Nanodomain,1.0,0.0,1.0,0.0
testing8889.jpg,Nanodomain,1.0,0.0,1.0,0.0
testing8890.jpg,Nanodomain,1.0,0.0,1.0,0.0
testing8891.jpg,Intermediate,1.0,1.0,6.6461034e-24,7.5925155e-18
testing8892.jpg,Intermediate,1.0,1.0,2.7154242e-28,1.4210458e-18
testing8893.jpg,Outside,0.9999801,1.9926283e-05,4.157972e-18,0.9999801
testing8894.jpg,Intermediate,1.0,1.0,1.6510482e-32,4.5570666e-20
testing8895.jpg,Intermediate,1.0,1.0,6.889069e-29,2.9749024e-20
testing8896.jpg,Intermediate,1.0,1.0,2.3217071e-33,1.0676511e-21
testing8897.jpg,Intermediate,1.0,1.0,2.9890646e-20,4.0787147e-09
testing8898.jpg,Intermediate,1.0,1.0,4.411042e-24,5.3878787e-13
testing8899.jpg,Outside,1.0,3.59572e-28,5.6474695e-25,1.0
testing8900.jpg,Outside,1.0,3.4955815e-29,2.043162e-26,1.0
testing8901.jpg,Outside,1.0,8.330997e-31,3.3045576e-27,1.0
testing8902.jpg,Outside,1.0,2.8433933e-30,1.0421561e-27,1.0
testing8903.jpg,Outside,1.0,1.7259013e-38,1.6153757e-32,1.0
testing8904.jpg,Outside,1.0,2.8782087e-28,3.903121e-26,1.0
testing8905.jpg,Nanodomain,1.0,0.0,1.0,0.0
testing8906.jpg,Nanodomain,1.0,0.0,1.0,0.0
testing8907.jpg,Nanodomain,1.0,0.0,1.0,0.0
testing8908.jpg,Nanodomain,1.0,0.0,1.0,0.0
testing8909.jpg,Nanodomain,1.0,0.0,1.0,0.0
testing8910.jpg,Nanodomain,1.0,0.0,1.0,0.0
testing8911.jpg,Nanodomain,1.0,0.0,1.0,0.0
testing8912.jpg,Nanodomain,1.0,0.0,1.0,0.0
testing8913.jpg,Outside,1.0,1.0327103e-26,1.5703834e-24,1.0
testing8914.jpg,Outside,1.0,1.4048366e-28,2.9008866e-25,1.0
testing8915.jpg,Outside,1.0,6.916996e-25,1.365545e-23,1.0
testing8916.jpg,Nanodomain,1.0,7.692134e-32,1.0,0.0
testing8917.jpg,Nanodomain,1.0,0.0,1.0,0.0
testing8918.jpg,Nanodomain,1.0,0.0,1.0,0.0
testing8919.jpg,Nanodomain,1.0,0.0,1.0,0.0
testing8920.jpg,Nanodomain,1.0,0.0,1.0,0.0
testing8921.jpg,Nanodomain,1.0,0.0,1.0,0.0
testing8922.jpg,Nanodomain,1.0,0.0,1.0,0.0
testing8923.jpg,Nanodomain,1.0,0.0,1.0,0.0
testing8924.jpg,Nanodomain,1.0,0.0,1.0,0.0
testing8925.jpg,Nanodomain,1.0,0.0,1.0,0.0
testing8926.jpg,Nanodomain,1.0,0.0,1.0,0.0
testing8927.jpg,Nanodomain,1.0,0.0,1.0,0.0
testing8928.jpg,Nanodomain,1.0,0.0,1.0,0.0
testing8929.jpg,Nanodomain,1.0,0.0,1.0,0.0
testing8930.jpg,Intermediate,1.0,1.0,4.1566324e-23,9.724944e-27
testing8931.jpg,Intermediate,0.5820012,0.5820012,0.41799876,2.4858632e-18
testing8932.jpg,Intermediate,1.0,1.0,4.929526e-20,3.2352982e-24
testing8933.jpg,Intermediate,1.0,1.0,2.7552478e-16,7.693801e-26
testing8934.jpg,Intermediate,1.0,1.0,4.667606e-21,7.1454694e-26
testing8935.jpg,Nanodomain,1.0,0.0,1.0,0.0
testing8936.jpg,Nanodomain,1.0,0.0,1.0,0.0
testing8937.jpg,Nanodomain,1.0,0.0,1.0,0.0
testing8938.jpg,Nanodomain,1.0,0.0,1.0,0.0
testing8939.jpg,Nanodomain,1.0,0.0,1.0,0.0
testing8940.jpg,Nanodomain,1.0,0.0,1.0,0.0
testing8941.jpg,Nanodomain,1.0,0.0,1.0,0.0
testing8942.jpg,Nanodomain,1.0,0.0,1.0,0.0
testing8943.jpg,Nanodomain,1.0,0.0,1.0,0.0
testing8944.jpg,Nanodomain,1.0,0.0,1.0,0.0
testing8945.jpg,Nanodomain,1.0,0.0,1.0,0.0
testing8946.jpg,Nanodomain,1.0,4.1434718e-33,1.0,0.0
testing8947.jpg,Nanodomain,1.0,1.13363415e-35,1.0,0.0
testing8948.jpg,Nanodomain,1.0,5.3703617e-33,1.0,0.0
testing8949.jpg,Nanodomain,1.0,5.04287e-26,1.0,0.0
testing8950.jpg,Outside,1.0,3.6324377e-33,4.136229e-30,1.0
testing8951.jpg,Outside,1.0,7.9253225e-33,2.3437727e-28,1.0
testing8952.jpg,Outside,1.0,2.9789974e-38,8.171509e-32,1.0
testing8953.jpg,Nanodomain,1.0,0.0,1.0,0.0
testing8954.jpg,Outside,1.0,2.8544132e-30,1.38837e-27,1.0
testing8955.jpg,Outside,1.0,7.425507e-30,5.4390567e-26,1.0
testing8956.jpg,Outside,1.0,5.226627e-31,5.8960434e-28,1.0
testing8957.jpg,Outside,1.0,5.0583565e-35,2.3377798e-29,1.0
testing8958.jpg,Outside,1.0,2.269235e-30,2.4972017e-26,1.0
testing8959.jpg,Intermediate,1.0,1.0,1.8557425e-10,9.928197e-24
testing8960.jpg,Intermediate,1.0,1.0,3.2843333e-14,2.6661203e-24
testing8961.jpg,Outside,1.0,1.7590602e-18,4.8174673e-19,1.0
testing8962.jpg,Outside,0.98205006,0.01794993,4.5005825e-15,0.98205006
testing8963.jpg,Outside,1.0,4.263863e-24,6.63567e-23,1.0
testing8964.jpg,Outside,1.0,6.813613e-30,2.0391677e-26,1.0
testing8965.jpg,Outside,1.0,1.5515064e-26,3.436308e-23,1.0
testing8966.jpg,Outside,1.0,8.3433e-25,1.3113553e-22,1.0
testing8967.jpg,Outside,1.0,4.126878e-25,2.0700657e-24,1.0
testing8968.jpg,Outside,1.0,9.791523e-30,5.6836265e-25,1.0
testing8969.jpg,Outside,1.0,1.693972e-24,1.02836444e-22,1.0
testing8970.jpg,Outside,1.0,4.6010593e-31,1.8441169e-28,1.0
testing8971.jpg,Outside,1.0,1.5218821e-24,1.6449846e-21,1.0
testing8972.jpg,Outside,1.0,2.8366542e-23,4.7500208e-27,1.0
testing8973.jpg,Outside,1.0,4.0599096e-16,6.1415234e-19,1.0
testing8974.jpg,Outside,1.0,1.13336694e-26,6.9003926e-25,1.0
testing8975.jpg,Outside,1.0,1.3726558e-08,1.6859698e-11,1.0
testing8976.jpg,Outside,1.0,5.924195e-23,3.8009486e-23,1.0
testing8977.jpg,Outside,1.0,8.815546e-24,2.6829355e-23,1.0
testing8978.jpg,Outside,1.0,5.390872e-16,3.4324354e-20,1.0
testing8979.jpg,Intermediate,0.50168943,0.50168943,1.5389942e-15,0.49831057
testing8980.jpg,Outside,1.0,1.076512e-16,2.0287632e-18,1.0
testing8981.jpg,Outside,1.0,1.999151e-22,5.4634386e-22,1.0
testing8982.jpg,Outside,1.0,6.146661e-25,2.2394885e-23,1.0
testing8983.jpg,Outside,1.0,1.857895e-26,7.607249e-24,1.0
testing8984.jpg,Outside,1.0,3.0533883e-17,2.3811715e-21,1.0
testing8985.jpg,Intermediate,0.99999917,0.99999917,8.582591e-18,7.8056075e-07
testing8986.jpg,Outside,1.0,7.563671e-24,6.6722714e-23,1.0
testing8987.jpg,Nanodomain,1.0,7.4522895e-09,1.0,1.1192171e-29
testing8988.jpg,Outside,1.0,4.1007336e-10,1.1971206e-17,1.0
testing8989.jpg,Outside,1.0,1.2487318e-10,1.6457599e-17,1.0
testing8990.jpg,Outside,1.0,9.1641904e-26,2.194547e-24,1.0
testing8991.jpg,Outside,1.0,4.2179964e-25,3.6911392e-22,1.0
testing8992.jpg,Outside,1.0,4.036659e-28,5.618133e-27,1.0
testing8993.jpg,Outside,1.0,1.5207548e-26,3.3340032e-23,1.0
testing8994.jpg,Outside,1.0,1.2214155e-26,2.141283e-24,1.0
testing8995.jpg,Outside,1.0,5.070725e-26,5.4510436e-25,1.0
testing8996.jpg,Outside,1.0,1.185304e-28,4.336944e-24,1.0
testing8997.jpg,Intermediate,1.0,1.0,1.3647646e-37,3.9232333e-31
testing8998.jpg,Intermediate,1.0,1.0,7.7862236e-24,9.3355667e-26
testing8999.jpg,Nanodomain,1.0,1.0849094e-24,1.0,0.0
testing9000.jpg,Nanodomain,1.0,7.615425e-12,1.0,4.1971186e-31
testing9001.jpg,Nanodomain,1.0,1.8478412e-29,1.0,0.0
testing9002.jpg,Nanodomain,1.0,1.541642e-26,1.0,0.0
testing9003.jpg,Nanodomain,1.0,2.5021277e-29,1.0,0.0
testing9004.jpg,Nanodomain,1.0,3.0076471e-30,1.0,0.0
testing9005.jpg,Nanodomain,1.0,4.4615458e-29,1.0,0.0
testing9006.jpg,Nanodomain,1.0,1.0746471e-35,1.0,0.0
testing9007.jpg,Nanodomain,1.0,1.8485969e-35,1.0,0.0
testing9008.jpg,Nanodomain,1.0,4.109964e-37,1.0,0.0
testing9009.jpg,Nanodomain,1.0,4.3144683e-32,1.0,0.0
testing9010.jpg,Nanodomain,1.0,5.2804384e-30,1.0,0.0
testing9011.jpg,Nanodomain,1.0,1.1709178e-29,1.0,0.0
testing9012.jpg,Nanodomain,1.0,0.0,1.0,0.0
testing9013.jpg,Nanodomain,1.0,0.0,1.0,0.0
testing9014.jpg,Nanodomain,1.0,0.0,1.0,0.0
testing9015.jpg,Nanodomain,1.0,0.0,1.0,0.0
testing9016.jpg,Nanodomain,1.0,0.0,1.0,0.0
testing9017.jpg,Nanodomain,1.0,6.2170716e-34,1.0,0.0
testing9018.jpg,Nanodomain,1.0,0.0,1.0,0.0
testing9019.jpg,Nanodomain,1.0,8.3534534e-26,1.0,0.0
testing9020.jpg,Intermediate,0.99999976,0.99999976,2.3204002e-07,1.1428471e-21
testing9021.jpg,Outside,0.9999968,3.190509e-06,3.1147786e-16,0.9999968
testing9022.jpg,Intermediate,0.9012557,0.9012557,8.986844e-16,0.098744236
testing9023.jpg,Nanodomain,1.0,0.0,1.0,0.0
testing9024.jpg,Nanodomain,1.0,0.0,1.0,0.0
testing9025.jpg,Nanodomain,1.0,0.0,1.0,0.0
testing9026.jpg,Nanodomain,1.0,0.0,1.0,0.0
testing9027.jpg,Nanodomain,1.0,0.0,1.0,0.0
testing9028.jpg,Nanodomain,1.0,0.0,1.0,0.0
testing9029.jpg,Nanodomain,1.0,0.0,1.0,0.0
testing9030.jpg,Nanodomain,1.0,0.0,1.0,0.0
testing9031.jpg,Nanodomain,1.0,0.0,1.0,0.0
testing9032.jpg,Nanodomain,1.0,0.0,1.0,0.0
testing9033.jpg,Outside,1.0,1.16589005e-29,9.8846475e-27,1.0
testing9034.jpg,Nanodomain,1.0,0.0,1.0,0.0
testing9035.jpg,Nanodomain,1.0,0.0,1.0,0.0
testing9036.jpg,Nanodomain,1.0,0.0,1.0,0.0
testing9037.jpg,Nanodomain,1.0,0.0,1.0,0.0
testing9038.jpg,Nanodomain,1.0,0.0,1.0,0.0
testing9039.jpg,Nanodomain,1.0,0.0,1.0,0.0
testing9040.jpg,Nanodomain,1.0,0.0,1.0,0.0
testing9041.jpg,Nanodomain,1.0,0.0,1.0,0.0
testing9042.jpg,Outside,1.0,9.681584e-30,4.1743576e-27,1.0
testing9043.jpg,Intermediate,1.0,1.0,5.1338067e-18,1.249142e-17
testing9044.jpg,Nanodomain,1.0,0.0,1.0,0.0
testing9045.jpg,Nanodomain,1.0,2.4687142e-31,1.0,0.0
testing9046.jpg,Nanodomain,1.0,0.0,1.0,0.0
testing9047.jpg,Nanodomain,1.0,8.267022e-37,1.0,0.0
testing9048.jpg,Nanodomain,1.0,0.0,1.0,0.0
testing9049.jpg,Nanodomain,1.0,1.8297009e-38,1.0,0.0
testing9050.jpg,Nanodomain,1.0,0.0,1.0,0.0
testing9051.jpg,Nanodomain,1.0,5.3160396e-34,1.0,0.0
testing9052.jpg,Nanodomain,1.0,0.0,1.0,0.0
testing9053.jpg,Nanodomain,1.0,1.4239522e-36,1.0,0.0
testing9054.jpg,Nanodomain,1.0,6.772684e-33,1.0,0.0
testing9055.jpg,Nanodomain,1.0,0.0,1.0,0.0
testing9056.jpg,Nanodomain,1.0,0.0,1.0,0.0
testing9057.jpg,Intermediate,0.98129785,0.98129785,0.018702196,9.1750456e-23
testing9058.jpg,Intermediate,1.0,1.0,2.0974911e-11,2.2371159e-22
testing9059.jpg,Intermediate,1.0,1.0,3.7305212e-29,3.73659e-28
testing9060.jpg,Intermediate,0.9998826,0.9998826,0.00011740746,9.375091e-24
testing9061.jpg,Intermediate,1.0,1.0,2.1993882e-19,8.970802e-27
testing9062.jpg,Intermediate,1.0,1.0,1.0356298e-18,2.196488e-26
testing9063.jpg,Intermediate,1.0,1.0,8.7444276e-27,1.1028983e-24
testing9064.jpg,Intermediate,1.0,1.0,3.3577885e-19,1.6208606e-20
testing9065.jpg,Intermediate,1.0,1.0,5.188796e-26,4.725683e-24
testing9066.jpg,Intermediate,1.0,1.0,2.6075688e-18,1.2918381e-21
testing9067.jpg,Intermediate,1.0,1.0,1.2205113e-27,1.9304635e-16
testing9068.jpg,Intermediate,1.0,1.0,1.5003469e-31,1.2859551e-25
testing9069.jpg,Intermediate,1.0,1.0,1.3062362e-32,1.5346191e-18
testing9070.jpg,Nanodomain,1.0,4.614736e-38,1.0,0.0
testing9071.jpg,Nanodomain,1.0,0.0,1.0,0.0
testing9072.jpg,Nanodomain,1.0,0.0,1.0,0.0
testing9073.jpg,Nanodomain,1.0,3.1821705e-35,1.0,0.0
testing9074.jpg,Nanodomain,1.0,3.1903313e-32,1.0,0.0
testing9075.jpg,Nanodomain,1.0,5.8966166e-17,1.0,5.386172e-36
testing9076.jpg,Nanodomain,1.0,1.2792143e-23,1.0,0.0
testing9077.jpg,Nanodomain,1.0,1.0375356e-26,1.0,0.0
testing9078.jpg,Outside,1.0,7.894365e-33,3.2074076e-29,1.0
testing9079.jpg,Outside,1.0,2.3201263e-37,4.3513554e-34,1.0
testing9080.jpg,Outside,1.0,6.227935e-29,1.02304154e-25,1.0
testing9081.jpg,Outside,1.0,1.3617986e-32,3.1871993e-28,1.0
testing9082.jpg,Outside,1.0,4.052944e-32,8.6160396e-30,1.0
testing9083.jpg,Outside,1.0,1.882825e-32,1.713786e-28,1.0
testing9084.jpg,Outside,1.0,7.2883395e-28,1.5463784e-25,1.0
testing9085.jpg,Outside,1.0,7.488658e-30,4.3628565e-27,1.0
testing9086.jpg,Outside,1.0,4.8946106e-30,4.350193e-27,1.0
testing9087.jpg,Intermediate,0.59302145,0.59302145,0.40697855,1.8573337e-22
testing9088.jpg,Intermediate,1.0,1.0,1.8865975e-08,3.975121e-21
testing9089.jpg,Outside,1.0,7.003162e-22,5.0763916e-20,1.0
testing9090.jpg,Outside,1.0,4.6599646e-25,2.5956147e-22,1.0
testing9091.jpg,Outside,1.0,6.695777e-24,2.6446992e-22,1.0
testing9092.jpg,Outside,1.0,3.7325982e-22,1.2383848e-19,1.0
testing9093.jpg,Outside,1.0,4.4981065e-26,9.689294e-25,1.0
testing9094.jpg,Outside,1.0,6.8813995e-29,7.150787e-26,1.0
testing9095.jpg,Outside,1.0,5.198028e-26,5.9606204e-24,1.0
testing9096.jpg,Outside,1.0,1.7813231e-26,1.3198914e-23,1.0
testing9097.jpg,Outside,1.0,3.1543168e-25,9.2840464e-24,1.0
testing9098.jpg,Outside,1.0,2.3838594e-23,1.3257217e-20,1.0
testing9099.jpg,Outside,1.0,2.7148053e-26,4.4186884e-24,1.0
testing9100.jpg,Intermediate,0.6219583,0.6219583,1.289175e-17,0.3780417
testing9101.jpg,Outside,1.0,5.0862296e-31,8.319609e-28,1.0
testing9102.jpg,Outside,1.0,2.2305107e-23,4.3743142e-23,1.0
testing9103.jpg,Outside,1.0,1.5885001e-25,6.1833013e-25,1.0
testing9104.jpg,Outside,1.0,4.7604013e-25,9.135016e-25,1.0
testing9105.jpg,Outside,1.0,1.0211142e-20,3.979445e-21,1.0
testing9106.jpg,Outside,1.0,1.489713e-28,1.0142973e-27,1.0
testing9107.jpg,Outside,1.0,9.061839e-28,1.0691028e-27,1.0
testing9108.jpg,Outside,1.0,5.0231328e-26,9.861124e-24,1.0
testing9109.jpg,Outside,1.0,3.1235532e-19,2.4102407e-22,1.0
testing9110.jpg,Outside,1.0,1.6649208e-29,3.6739252e-25,1.0
testing9111.jpg,Outside,1.0,7.122454e-24,6.441597e-25,1.0
testing9112.jpg,Outside,1.0,3.2506208e-27,5.6421294e-25,1.0
testing9113.jpg,Outside,1.0,7.647414e-13,2.639754e-19,1.0
testing9114.jpg,Outside,0.99998605,1.3982427e-05,1.277211e-17,0.99998605
testing9115.jpg,Outside,1.0,1.6273845e-20,6.6298536e-22,1.0
testing9116.jpg,Outside,1.0,8.778018e-19,5.3868318e-20,1.0
testing9117.jpg,Outside,1.0,1.9874396e-16,7.2967e-24,1.0
testing9118.jpg,Outside,1.0,5.7242364e-11,1.07051865e-20,1.0
testing9119.jpg,Outside,1.0,1.1554995e-12,1.9103397e-16,1.0
testing9120.jpg,Outside,1.0,7.4172726e-29,8.002794e-25,1.0
testing9121.jpg,Outside,1.0,8.049715e-29,4.317546e-25,1.0
testing9122.jpg,Outside,1.0,4.1743084e-35,5.190018e-28,1.0
testing9123.jpg,Outside,1.0,1.80873e-22,4.1374725e-24,1.0
testing9124.jpg,Outside,1.0,2.0795156e-24,5.5798123e-21,1.0
testing9125.jpg,Nanodomain,1.0,5.0339453e-21,1.0,0.0
testing9126.jpg,Nanodomain,1.0,5.5281824e-09,1.0,1.7009665e-30
testing9127.jpg,Nanodomain,1.0,4.520619e-13,1.0,4.2148915e-33
testing9128.jpg,Nanodomain,1.0,1.5518149e-10,1.0,2.0048838e-32
testing9129.jpg,Nanodomain,1.0,3.7640984e-22,1.0,0.0
testing9130.jpg,Nanodomain,1.0,1.3332087e-18,1.0,1.6747492e-37
testing9131.jpg,Nanodomain,1.0,9.021867e-27,1.0,0.0
testing9132.jpg,Nanodomain,1.0,2.638405e-34,1.0,0.0
testing9133.jpg,Nanodomain,1.0,1.0589824e-22,1.0,0.0
testing9134.jpg,Nanodomain,1.0,4.3736933e-17,1.0,2.6291565e-38
testing9135.jpg,Nanodomain,1.0,1.7637349e-20,1.0,0.0
testing9136.jpg,Nanodomain,1.0,0.0,1.0,0.0
testing9137.jpg,Nanodomain,1.0,1.1963436e-26,1.0,0.0
testing9138.jpg,Nanodomain,1.0,3.9037484e-25,1.0,0.0
testing9139.jpg,Nanodomain,1.0,1.517806e-17,1.0,0.0
testing9140.jpg,Nanodomain,1.0,5.0452962e-14,1.0,1.4611337e-35
testing9141.jpg,Outside,1.0,3.577925e-17,4.117128e-18,1.0
testing9142.jpg,Nanodomain,1.0,4.9757893e-22,1.0,0.0
testing9143.jpg,Nanodomain,1.0,5.78897e-38,1.0,0.0
testing9144.jpg,Nanodomain,1.0,0.0,1.0,0.0
testing9145.jpg,Nanodomain,1.0,0.0,1.0,0.0
testing9146.jpg,Nanodomain,1.0,1.5829872e-35,1.0,0.0
testing9147.jpg,Nanodomain,1.0,1.4320209e-27,1.0,0.0
testing9148.jpg,Nanodomain,1.0,7.660045e-16,1.0,4.6220746e-34
testing9149.jpg,Nanodomain,0.98444796,0.01555201,0.98444796,3.6729232e-22
testing9150.jpg,Nanodomain,1.0,0.0,1.0,0.0
testing9151.jpg,Nanodomain,1.0,0.0,1.0,0.0
testing9152.jpg,Nanodomain,1.0,0.0,1.0,0.0
testing9153.jpg,Nanodomain,1.0,0.0,1.0,0.0
testing9154.jpg,Nanodomain,1.0,0.0,1.0,0.0
testing9155.jpg,Nanodomain,1.0,0.0,1.0,0.0
testing9156.jpg,Nanodomain,1.0,0.0,1.0,0.0
testing9157.jpg,Nanodomain,1.0,0.0,1.0,0.0
testing9158.jpg,Nanodomain,1.0,0.0,1.0,0.0
testing9159.jpg,Nanodomain,1.0,0.0,1.0,0.0
testing9160.jpg,Nanodomain,1.0,0.0,1.0,0.0
testing9161.jpg,Nanodomain,1.0,0.0,1.0,0.0
testing9162.jpg,Nanodomain,1.0,0.0,1.0,0.0
testing9163.jpg,Outside,1.0,2.5003162e-28,1.4021023e-26,1.0
testing9164.jpg,Intermediate,1.0,1.0,1.04956705e-23,4.7513314e-17
testing9165.jpg,Intermediate,1.0,1.0,6.784815e-32,1.6138333e-20
testing9166.jpg,Nanodomain,1.0,0.0,1.0,0.0
testing9167.jpg,Intermediate,1.0,1.0,1.0366501e-17,5.6079423e-19
testing9168.jpg,Nanodomain,1.0,0.0,1.0,0.0
testing9169.jpg,Nanodomain,1.0,0.0,1.0,0.0
testing9170.jpg,Nanodomain,1.0,0.0,1.0,0.0
testing9171.jpg,Outside,1.0,3.6409457e-16,7.636456e-20,1.0
testing9172.jpg,Nanodomain,1.0,1.7399747e-16,1.0,7.8356714e-35
testing9173.jpg,Nanodomain,1.0,6.707027e-31,1.0,0.0
testing9174.jpg,Nanodomain,1.0,1.2377235e-19,1.0,0.0
testing9175.jpg,Nanodomain,1.0,8.74095e-14,1.0,5.6680547e-34
testing9176.jpg,Nanodomain,1.0,2.3394553e-38,1.0,0.0
testing9177.jpg,Nanodomain,1.0,9.335088e-37,1.0,0.0
testing9178.jpg,Nanodomain,1.0,5.1092655e-34,1.0,0.0
testing9179.jpg,Nanodomain,1.0,0.0,1.0,0.0
testing9180.jpg,Nanodomain,1.0,6.992182e-32,1.0,0.0
testing9181.jpg,Nanodomain,1.0,0.0,1.0,0.0
testing9182.jpg,Nanodomain,1.0,4.0025743e-27,1.0,0.0
testing9183.jpg,Nanodomain,1.0,0.0,1.0,0.0
testing9184.jpg,Nanodomain,1.0,0.0,1.0,0.0
testing9185.jpg,Intermediate,1.0,1.0,7.831691e-29,2.0686882e-20
testing9186.jpg,Intermediate,1.0,1.0,1.3507157e-26,1.0644609e-17
testing9187.jpg,Intermediate,0.9999747,0.9999747,2.5319463e-05,7.803518e-22
testing9188.jpg,Intermediate,0.999977,0.999977,2.2985127e-05,7.88617e-27
testing9189.jpg,Intermediate,1.0,1.0,2.1647322e-38,1.4272598e-27
testing9190.jpg,Nanodomain,1.0,0.0,1.0,0.0
testing9191.jpg,Nanodomain,1.0,0.0,1.0,0.0
testing9192.jpg,Nanodomain,1.0,0.0,1.0,0.0
testing9193.jpg,Nanodomain,1.0,0.0,1.0,0.0
testing9194.jpg,Nanodomain,1.0,0.0,1.0,0.0
testing9195.jpg,Nanodomain,1.0,0.0,1.0,0.0
testing9196.jpg,Nanodomain,1.0,0.0,1.0,0.0
testing9197.jpg,Nanodomain,1.0,0.0,1.0,0.0
testing9198.jpg,Nanodomain,1.0,0.0,1.0,0.0
testing9199.jpg,Nanodomain,1.0,0.0,1.0,0.0
testing9200.jpg,Nanodomain,1.0,0.0,1.0,0.0
testing9201.jpg,Nanodomain,1.0,0.0,1.0,0.0
testing9202.jpg,Nanodomain,1.0,1.2350383e-29,1.0,0.0
testing9203.jpg,Nanodomain,1.0,2.6675896e-36,1.0,0.0
testing9204.jpg,Nanodomain,1.0,1.8551121e-33,1.0,0.0
testing9205.jpg,Outside,1.0,1.638571e-29,1.23081206e-26,1.0
testing9206.jpg,Outside,1.0,3.1476072e-34,3.8491294e-30,1.0
testing9207.jpg,Outside,1.0,3.3216625e-24,1.9275416e-24,1.0
testing9208.jpg,Outside,1.0,2.5399934e-26,4.8131753e-24,1.0
testing9209.jpg,Outside,1.0,1.8423974e-32,2.7184594e-29,1.0
testing9210.jpg,Outside,1.0,1.7689528e-32,6.326976e-29,1.0
testing9211.jpg,Outside,1.0,6.3430934e-37,2.3950506e-32,1.0
testing9212.jpg,Outside,1.0,9.2171415e-31,8.726528e-28,1.0
testing9213.jpg,Outside,1.0,1.00488374e-29,4.69766e-25,1.0
testing9214.jpg,Outside,1.0,9.92668e-32,4.7610093e-29,1.0
testing9215.jpg,Outside,1.0,1.00554815e-27,2.0716514e-26,1.0
testing9216.jpg,Intermediate,1.0,1.0,1.484773e-11,2.559538e-23
testing9217.jpg,Outside,0.9997315,0.00026854585,1.0132907e-11,0.9997315
testing9218.jpg,Outside,1.0,2.9516383e-28,2.191182e-26,1.0
testing9219.jpg,Outside,1.0,2.8335377e-24,5.93428e-24,1.0
testing9220.jpg,Outside,1.0,3.716644e-21,2.1377766e-21,1.0
testing9221.jpg,Outside,1.0,3.8438012e-31,3.3458453e-27,1.0
testing9222.jpg,Outside,1.0,3.419304e-26,2.198006e-25,1.0
testing9223.jpg,Outside,1.0,3.3486753e-30,1.2850668e-26,1.0
testing9224.jpg,Outside,1.0,2.5483483e-27,4.862674e-23,1.0
testing9225.jpg,Outside,1.0,1.4786486e-30,7.7860297e-28,1.0
testing9226.jpg,Outside,1.0,9.368705e-27,1.5284848e-25,1.0
testing9227.jpg,Outside,1.0,2.8006046e-29,3.6025352e-25,1.0
testing9228.jpg,Outside,1.0,1.0407573e-28,1.8538816e-25,1.0
testing9229.jpg,Outside,1.0,2.279636e-24,8.2695963e-25,1.0
testing9230.jpg,Outside,1.0,1.1122223e-25,2.7625205e-23,1.0
testing9231.jpg,Outside,1.0,2.7274188e-25,1.9961075e-25,1.0
testing9232.jpg,Outside,1.0,1.4619248e-21,4.148006e-20,1.0
testing9233.jpg,Outside,1.0,8.396101e-19,6.481915e-20,1.0
testing9234.jpg,Outside,1.0,3.2690073e-30,2.5450148e-28,1.0
testing9235.jpg,Outside,1.0,1.0161371e-19,8.406757e-23,1.0
testing9236.jpg,Outside,1.0,1.14023336e-23,7.2760274e-22,1.0
testing9237.jpg,Outside,1.0,4.9158342e-21,2.0676863e-20,1.0
testing9238.jpg,Outside,1.0,1.9971844e-22,4.6624586e-23,1.0
testing9239.jpg,Outside,1.0,1.3004939e-24,1.1880326e-22,1.0
testing9240.jpg,Outside,0.9999994,5.6842606e-07,2.2092887e-15,0.9999994
testing9241.jpg,Outside,1.0,1.5448882e-23,2.906669e-25,1.0
testing9242.jpg,Outside,1.0,8.01487e-23,6.06353e-22,1.0
testing9243.jpg,Intermediate,0.95173776,0.95173776,1.4566649e-19,0.048262205
testing9244.jpg,Outside,1.0,2.2587e-10,1.9161922e-17,1.0
testing9245.jpg,Intermediate,1.0,1.0,1.4317379e-33,8.988568e-22
testing9246.jpg,Outside,1.0,1.5984035e-08,8.137944e-17,1.0
testing9247.jpg,Outside,1.0,3.3495506e-26,1.7879763e-24,1.0
testing9248.jpg,Outside,1.0,4.0975333e-15,1.7102142e-20,1.0
testing9249.jpg,Outside,1.0,1.4895763e-21,1.0937861e-23,1.0
testing9250.jpg,Outside,1.0,2.2210076e-25,3.5732322e-25,1.0
testing9251.jpg,Outside,1.0,1.0298806e-28,1.06874444e-26,1.0
testing9252.jpg,Outside,1.0,5.768512e-16,3.3254775e-17,1.0
testing9253.jpg,Outside,1.0,1.9905478e-26,3.650525e-25,1.0
testing9254.jpg,Nanodomain,1.0,2.8284958e-08,1.0,7.954355e-29
testing9255.jpg,Outside,1.0,5.339492e-12,1.2403033e-13,1.0
testing9256.jpg,Intermediate,1.0,1.0,4.2769973e-22,7.802457e-13
testing9257.jpg,Intermediate,1.0,1.0,1.3948329e-31,1.6809778e-21
testing9258.jpg,Nanodomain,1.0,4.2014577e-13,1.0,1.687051e-33
testing9259.jpg,Nanodomain,0.997053,0.0029470047,0.997053,9.068538e-25
testing9260.jpg,Nanodomain,0.99997914,2.082517e-05,0.99997914,6.525072e-27
testing9261.jpg,Nanodomain,1.0,5.592252e-30,1.0,0.0
testing9262.jpg,Nanodomain,1.0,2.3849635e-20,1.0,0.0
testing9263.jpg,Nanodomain,1.0,1.3612551e-22,1.0,0.0
testing9264.jpg,Nanodomain,1.0,3.3526666e-28,1.0,0.0
testing9265.jpg,Nanodomain,1.0,3.5074187e-20,1.0,0.0
testing9266.jpg,Nanodomain,1.0,2.7949896e-11,1.0,1.02953625e-33
testing9267.jpg,Outside,1.0,4.2192296e-28,1.8288266e-25,1.0
testing9268.jpg,Outside,1.0,4.0651675e-29,3.1560948e-27,1.0
testing9269.jpg,Intermediate,0.9962484,0.9962484,7.511641e-18,0.003751548
testing9270.jpg,Intermediate,1.0,1.0,1.0222234e-23,4.4487962e-23
testing9271.jpg,Intermediate,1.0,1.0,7.741715e-30,6.8009577e-25
testing9272.jpg,Nanodomain,1.0,2.3791348e-16,1.0,1.4147849e-37
testing9273.jpg,Nanodomain,1.0,3.081341e-14,1.0,1.5906801e-36
testing9274.jpg,Nanodomain,1.0,4.0782393e-17,1.0,4.8754927e-37
testing9275.jpg,Outside,1.0,2.3197707e-16,6.456475e-19,1.0
testing9276.jpg,Intermediate,1.0,1.0,8.153696e-25,9.9051714e-14
testing9277.jpg,Nanodomain,1.0,0.0,1.0,0.0
testing9278.jpg,Nanodomain,1.0,0.0,1.0,0.0
testing9279.jpg,Nanodomain,1.0,0.0,1.0,0.0
testing9280.jpg,Nanodomain,1.0,0.0,1.0,0.0
testing9281.jpg,Nanodomain,1.0,0.0,1.0,0.0
testing9282.jpg,Nanodomain,1.0,0.0,1.0,0.0
testing9283.jpg,Nanodomain,1.0,0.0,1.0,0.0
testing9284.jpg,Nanodomain,1.0,0.0,1.0,0.0
testing9285.jpg,Nanodomain,1.0,0.0,1.0,0.0
testing9286.jpg,Nanodomain,1.0,0.0,1.0,0.0
testing9287.jpg,Nanodomain,1.0,0.0,1.0,0.0
testing9288.jpg,Nanodomain,1.0,0.0,1.0,0.0
testing9289.jpg,Nanodomain,1.0,0.0,1.0,0.0
testing9290.jpg,Nanodomain,1.0,0.0,1.0,0.0
testing9291.jpg,Outside,1.0,1.0115176e-30,2.5135695e-29,1.0
testing9292.jpg,Intermediate,1.0,1.0,3.5002063e-32,1.2249088e-21
testing9293.jpg,Intermediate,0.99999607,0.99999607,8.604652e-20,3.987723e-06
testing9294.jpg,Nanodomain,1.0,0.0,1.0,0.0
testing9295.jpg,Nanodomain,1.0,0.0,1.0,0.0
testing9296.jpg,Nanodomain,1.0,0.0,1.0,0.0
testing9297.jpg,Nanodomain,1.0,0.0,1.0,0.0
testing9298.jpg,Nanodomain,1.0,0.0,1.0,0.0
testing9299.jpg,Nanodomain,1.0,0.0,1.0,0.0
testing9300.jpg,Intermediate,1.0,1.0,4.5347196e-25,5.1809186e-13
testing9301.jpg,Outside,1.0,5.9433693e-15,6.816387e-17,1.0
testing9302.jpg,Intermediate,0.9999919,0.9999919,4.074244e-23,8.0906575e-06
testing9303.jpg,Nanodomain,1.0,2.3765363e-27,1.0,0.0
testing9304.jpg,Nanodomain,1.0,9.6774464e-23,1.0,0.0
testing9305.jpg,Nanodomain,1.0,1.1452902e-23,1.0,0.0
testing9306.jpg,Nanodomain,1.0,7.281624e-33,1.0,0.0
testing9307.jpg,Nanodomain,1.0,0.0,1.0,0.0
testing9308.jpg,Nanodomain,1.0,0.0,1.0,0.0
testing9309.jpg,Nanodomain,1.0,0.0,1.0,0.0
testing9310.jpg,Nanodomain,1.0,0.0,1.0,0.0
testing9311.jpg,Nanodomain,1.0,0.0,1.0,0.0
testing9312.jpg,Nanodomain,1.0,0.0,1.0,0.0
testing9313.jpg,Nanodomain,0.9990048,0.0009952043,0.9990048,1.0413424e-25
testing9314.jpg,Intermediate,0.9999981,0.9999981,1.9637578e-06,1.269035e-22
testing9315.jpg,Intermediate,1.0,1.0,1.6419244e-22,1.540102e-26
testing9316.jpg,Intermediate,1.0,1.0,6.756881e-21,1.9003553e-10
testing9317.jpg,Intermediate,1.0,1.0,2.0672998e-20,9.886123e-26
testing9318.jpg,Nanodomain,1.0,0.0,1.0,0.0
testing9319.jpg,Intermediate,1.0,1.0,8.16545e-28,6.383472e-26
testing9320.jpg,Intermediate,1.0,1.0,5.342355e-08,1.3603221e-20
testing9321.jpg,Nanodomain,1.0,0.0,1.0,0.0
testing9322.jpg,Nanodomain,1.0,0.0,1.0,0.0
testing9323.jpg,Nanodomain,1.0,0.0,1.0,0.0
testing9324.jpg,Nanodomain,1.0,0.0,1.0,0.0
testing9325.jpg,Nanodomain,1.0,0.0,1.0,0.0
testing9326.jpg,Nanodomain,1.0,0.0,1.0,0.0
testing9327.jpg,Nanodomain,1.0,0.0,1.0,0.0
testing9328.jpg,Nanodomain,1.0,0.0,1.0,0.0
testing9329.jpg,Nanodomain,1.0,6.882917e-38,1.0,0.0
testing9330.jpg,Nanodomain,1.0,1.2856475e-38,1.0,0.0
testing9331.jpg,Nanodomain,1.0,3.2516525e-33,1.0,0.0
testing9332.jpg,Nanodomain,1.0,1.7114918e-29,1.0,0.0
testing9333.jpg,Outside,1.0,1.9929295e-30,1.997668e-26,1.0
testing9334.jpg,Outside,1.0,7.643154e-36,4.727884e-31,1.0
testing9335.jpg,Outside,1.0,5.243024e-30,3.564001e-26,1.0
testing9336.jpg,Outside,1.0,2.145249e-31,2.018596e-26,1.0
testing9337.jpg,Outside,1.0,3.584094e-35,1.4159184e-30,1.0
testing9338.jpg,Outside,1.0,1.5566253e-30,6.7509314e-28,1.0
testing9339.jpg,Outside,1.0,2.9332748e-28,1.5500866e-26,1.0
testing9340.jpg,Outside,1.0,3.0120985e-25,1.4768879e-25,1.0
testing9341.jpg,Outside,1.0,4.1760095e-29,5.421898e-28,1.0
testing9342.jpg,Outside,1.0,3.7850373e-28,1.02398205e-26,1.0
testing9343.jpg,Outside,1.0,9.17195e-27,4.5405877e-25,1.0
testing9344.jpg,Intermediate,1.0,1.0,5.2968697e-19,6.356081e-28
testing9345.jpg,Outside,1.0,1.8212108e-17,2.6316317e-18,1.0
testing9346.jpg,Outside,1.0,2.7985405e-16,1.2393111e-19,1.0
testing9347.jpg,Outside,1.0,2.99521e-17,3.592612e-18,1.0
testing9348.jpg,Outside,1.0,2.1135571e-20,3.1600923e-21,1.0
testing9349.jpg,Outside,1.0,9.855977e-23,1.5789939e-21,1.0
testing9350.jpg,Outside,1.0,5.3986855e-26,5.802454e-24,1.0
testing9351.jpg,Outside,1.0,2.0311019e-18,1.6646356e-21,1.0
testing9352.jpg,Outside,1.0,1.8291562e-12,1.315898e-18,1.0
testing9353.jpg,Outside,1.0,1.2685253e-28,6.6358557e-28,1.0
testing9354.jpg,Outside,1.0,9.369071e-25,7.7515536e-23,1.0
testing9355.jpg,Outside,1.0,2.439397e-29,3.6499504e-27,1.0
testing9356.jpg,Outside,1.0,1.68349e-25,1.3683237e-24,1.0
testing9357.jpg,Outside,1.0,7.721759e-12,1.2688372e-17,1.0
testing9358.jpg,Outside,1.0,9.198121e-20,1.1446593e-19,1.0
testing9359.jpg,Outside,1.0,1.1349568e-30,2.8300984e-27,1.0
testing9360.jpg,Outside,1.0,7.4010716e-23,3.8449607e-23,1.0
testing9361.jpg,Outside,1.0,2.039121e-26,2.1047649e-26,1.0
testing9362.jpg,Outside,1.0,7.630511e-21,8.583953e-23,1.0
testing9363.jpg,Outside,1.0,1.8413946e-15,1.243775e-15,1.0
testing9364.jpg,Outside,1.0,2.85602e-26,5.9042196e-26,1.0
testing9365.jpg,Outside,1.0,4.4903677e-29,2.099953e-26,1.0
testing9366.jpg,Outside,1.0,8.7663276e-29,8.711271e-26,1.0
testing9367.jpg,Outside,1.0,5.025792e-13,2.0798066e-19,1.0
testing9368.jpg,Intermediate,0.94515914,0.94515914,2.698294e-17,0.05484084
testing9369.jpg,Intermediate,0.9999976,0.9999976,1.7016314e-22,2.3340103e-06
testing9370.jpg,Outside,1.0,5.2411252e-11,6.5207954e-22,1.0
testing9371.jpg,Outside,1.0,7.9705585e-18,1.4291164e-21,1.0
testing9372.jpg,Intermediate,0.99966025,0.99966025,1.6358692e-18,0.00033977893
testing9373.jpg,Outside,1.0,8.511905e-12,2.2218278e-19,1.0
testing9374.jpg,Outside,1.0,3.6147403e-09,5.1850404e-17,1.0
testing9375.jpg,Outside,1.0,6.049531e-14,1.1831705e-15,1.0
testing9376.jpg,Outside,1.0,5.360477e-25,2.9003334e-25,1.0
testing9377.jpg,Outside,1.0,6.040984e-26,4.3905805e-23,1.0
testing9378.jpg,Outside,1.0,1.1498247e-24,1.149997e-22,1.0
testing9379.jpg,Outside,1.0,4.4871064e-25,2.7501882e-22,1.0
testing9380.jpg,Outside,1.0,3.5115465e-25,4.3192798e-23,1.0
testing9381.jpg,Outside,1.0,2.0515981e-25,2.80887e-25,1.0
testing9382.jpg,Outside,1.0,7.549949e-24,1.3327628e-23,1.0
testing9383.jpg,Nanodomain,1.0,1.0740539e-18,1.0,3.8923172e-38
testing9384.jpg,Nanodomain,1.0,4.5400958e-13,1.0,3.7592846e-33
testing9385.jpg,Nanodomain,1.0,9.557486e-14,1.0,4.4708247e-32
testing9386.jpg,Intermediate,1.0,1.0,1.7258587e-19,4.207922e-09
testing9387.jpg,Intermediate,0.9976272,0.9976272,0.0023728714,9.707632e-22
testing9388.jpg,Nanodomain,1.0,0.0,1.0,0.0
testing9389.jpg,Nanodomain,1.0,0.0,1.0,0.0
testing9390.jpg,Nanodomain,1.0,1.5288557e-13,1.0,1.8648951e-27
testing9391.jpg,Nanodomain,1.0,1.4022212e-13,1.0,4.141923e-33
testing9392.jpg,Nanodomain,1.0,5.7265357e-09,1.0,1.41830015e-33
testing9393.jpg,Nanodomain,1.0,3.1974454e-14,1.0,6.991208e-36
testing9394.jpg,Outside,1.0,9.8163135e-31,5.8889884e-27,1.0
testing9395.jpg,Outside,1.0,2.1839772e-29,1.2801406e-25,1.0
testing9396.jpg,Outside,1.0,1.357714e-28,1.0113851e-25,1.0
testing9397.jpg,Outside,1.0,2.1940593e-26,2.469606e-26,1.0
testing9398.jpg,Outside,1.0,9.324824e-25,1.0490512e-22,1.0
testing9399.jpg,Intermediate,0.9999691,0.9999691,8.5662695e-19,3.085541e-05
testing9400.jpg,Intermediate,1.0,1.0,1.7161935e-28,1.5638706e-20
testing9401.jpg,Intermediate,0.86757797,0.86757797,7.6197824e-16,0.13242206
testing9402.jpg,Outside,1.0,4.9393367e-26,9.344692e-25,1.0
testing9403.jpg,Outside,1.0,1.0432625e-26,2.6425886e-24,1.0
testing9404.jpg,Outside,1.0,8.149564e-24,5.0923634e-24,1.0
testing9405.jpg,Nanodomain,1.0,0.0,1.0,0.0
testing9406.jpg,Nanodomain,1.0,0.0,1.0,0.0
testing9407.jpg,Nanodomain,1.0,0.0,1.0,0.0
testing9408.jpg,Nanodomain,1.0,0.0,1.0,0.0
testing9409.jpg,Nanodomain,1.0,0.0,1.0,0.0
testing9410.jpg,Nanodomain,1.0,0.0,1.0,0.0
testing9411.jpg,Nanodomain,1.0,0.0,1.0,0.0
testing9412.jpg,Nanodomain,1.0,0.0,1.0,0.0
testing9413.jpg,Nanodomain,1.0,0.0,1.0,0.0
testing9414.jpg,Nanodomain,1.0,0.0,1.0,0.0
testing9415.jpg,Nanodomain,1.0,0.0,1.0,0.0
testing9416.jpg,Nanodomain,1.0,0.0,1.0,0.0
testing9417.jpg,Nanodomain,1.0,0.0,1.0,0.0
testing9418.jpg,Nanodomain,1.0,0.0,1.0,0.0
testing9419.jpg,Nanodomain,1.0,0.0,1.0,0.0
testing9420.jpg,Outside,1.0,7.661994e-11,1.5837621e-18,1.0
testing9421.jpg,Outside,0.9999999,8.473952e-08,1.2701349e-17,0.9999999
testing9422.jpg,Outside,0.9999963,3.679575e-06,7.5268316e-16,0.9999963
testing9423.jpg,Nanodomain,1.0,8.366778e-35,1.0,0.0
testing9424.jpg,Nanodomain,1.0,0.0,1.0,0.0
testing9425.jpg,Nanodomain,1.0,0.0,1.0,0.0
testing9426.jpg,Nanodomain,1.0,0.0,1.0,0.0
testing9427.jpg,Nanodomain,1.0,0.0,1.0,0.0
testing9428.jpg,Nanodomain,1.0,0.0,1.0,0.0
testing9429.jpg,Nanodomain,0.9930569,0.006943082,0.9930569,1.4625183e-22
testing9430.jpg,Nanodomain,1.0,0.0,1.0,0.0
testing9431.jpg,Intermediate,0.7065067,0.7065067,3.6948715e-17,0.29349327
testing9432.jpg,Outside,0.9337615,0.066238455,1.3999612e-17,0.9337615
testing9433.jpg,Nanodomain,1.0,0.0,1.0,0.0
testing9434.jpg,Nanodomain,1.0,0.0,1.0,0.0
testing9435.jpg,Nanodomain,1.0,0.0,1.0,0.0
testing9436.jpg,Nanodomain,1.0,0.0,1.0,0.0
testing9437.jpg,Nanodomain,1.0,0.0,1.0,0.0
testing9438.jpg,Nanodomain,1.0,0.0,1.0,0.0
testing9439.jpg,Nanodomain,1.0,0.0,1.0,0.0
testing9440.jpg,Nanodomain,1.0,0.0,1.0,0.0
testing9441.jpg,Nanodomain,1.0,0.0,1.0,0.0
testing9442.jpg,Nanodomain,1.0,0.0,1.0,0.0
testing9443.jpg,Outside,1.0,1.7483396e-22,3.2564218e-24,1.0
testing9444.jpg,Outside,1.0,1.2893517e-29,4.894947e-30,1.0
testing9445.jpg,Outside,1.0,8.86565e-26,4.4437012e-26,1.0
testing9446.jpg,Nanodomain,1.0,0.0,1.0,0.0
testing9447.jpg,Intermediate,1.0,1.0,2.1184677e-25,3.2246763e-17
testing9448.jpg,Nanodomain,1.0,0.0,1.0,0.0
testing9449.jpg,Nanodomain,1.0,0.0,1.0,0.0
testing9450.jpg,Nanodomain,1.0,0.0,1.0,0.0
testing9451.jpg,Nanodomain,1.0,0.0,1.0,0.0
testing9452.jpg,Nanodomain,1.0,0.0,1.0,0.0
testing9453.jpg,Nanodomain,1.0,0.0,1.0,0.0
testing9454.jpg,Nanodomain,1.0,0.0,1.0,0.0
testing9455.jpg,Nanodomain,1.0,0.0,1.0,0.0
testing9456.jpg,Nanodomain,1.0,0.0,1.0,0.0
testing9457.jpg,Nanodomain,1.0,0.0,1.0,0.0
testing9458.jpg,Nanodomain,1.0,6.3705646e-38,1.0,0.0
testing9459.jpg,Nanodomain,1.0,8.362547e-32,1.0,0.0
testing9460.jpg,Outside,1.0,4.2783645e-31,5.0199865e-28,1.0
testing9461.jpg,Outside,1.0,3.3001677e-38,1.267265e-32,1.0
testing9462.jpg,Outside,1.0,9.177417e-33,2.1577425e-29,1.0
testing9463.jpg,Outside,1.0,6.1415536e-32,1.1355382e-28,1.0
testing9464.jpg,Outside,1.0,1.7367586e-31,5.7905654e-29,1.0
testing9465.jpg,Outside,1.0,2.6203763e-30,3.3999743e-27,1.0
testing9466.jpg,Outside,1.0,2.2449835e-27,8.34094e-26,1.0
testing9467.jpg,Outside,1.0,2.773881e-32,5.9300752e-30,1.0
testing9468.jpg,Outside,1.0,1.9704907e-32,9.494036e-30,1.0
testing9469.jpg,Outside,1.0,2.1823814e-26,3.621258e-26,1.0
testing9470.jpg,Outside,1.0,4.6140707e-29,3.6768098e-27,1.0
testing9471.jpg,Outside,1.0,8.928761e-30,1.3013788e-29,1.0
testing9472.jpg,Outside,1.0,7.8355596e-33,8.382549e-30,1.0
testing9473.jpg,Outside,1.0,3.3500396e-09,4.8678374e-14,1.0
testing9474.jpg,Outside,1.0,6.40971e-24,3.4670247e-24,1.0
testing9475.jpg,Outside,1.0,1.7525485e-27,8.203793e-27,1.0
testing9476.jpg,Outside,1.0,3.5518623e-21,5.098958e-22,1.0
testing9477.jpg,Outside,1.0,9.141214e-19,5.857659e-22,1.0
testing9478.jpg,Outside,1.0,5.3303346e-08,1.2680201e-16,1.0
testing9479.jpg,Outside,1.0,2.307356e-21,1.8622624e-22,1.0
testing9480.jpg,Outside,1.0,7.0826757e-25,3.0590434e-24,1.0
testing9481.jpg,Intermediate,1.0,1.0,4.835936e-26,8.441325e-25
testing9482.jpg,Intermediate,1.0,1.0,5.9335192e-21,7.0842575e-21
testing9483.jpg,Intermediate,1.0,1.0,2.4308905e-27,8.86224e-25
testing9484.jpg,Intermediate,1.0,1.0,9.7666565e-27,3.54806e-27
testing9485.jpg,Outside,1.0,2.109953e-23,6.9806207e-23,1.0
testing9486.jpg,Outside,1.0,3.0662378e-18,6.0068156e-18,1.0
testing9487.jpg,Outside,1.0,7.8499864e-24,3.1434644e-21,1.0
testing9488.jpg,Outside,1.0,1.7123989e-30,2.4067054e-28,1.0
testing9489.jpg,Outside,1.0,3.0921135e-26,3.1926466e-23,1.0
testing9490.jpg,Outside,1.0,1.421843e-18,6.367139e-23,1.0
testing9491.jpg,Outside,1.0,4.2331756e-20,3.6088263e-22,1.0
testing9492.jpg,Outside,1.0,5.119653e-16,4.811682e-19,1.0
testing9493.jpg,Outside,1.0,3.646653e-19,8.1271576e-22,1.0
testing9494.jpg,Outside,1.0,9.22132e-25,4.1122672e-23,1.0
testing9495.jpg,Outside,1.0,5.2633254e-22,8.691112e-21,1.0
testing9496.jpg,Outside,1.0,3.279821e-32,3.0280467e-30,1.0
testing9497.jpg,Intermediate,1.0,1.0,8.487868e-22,2.2075534e-16
testing9498.jpg,Outside,0.7245868,0.27541322,6.156245e-17,0.7245868
testing9499.jpg,Outside,1.0,3.8547757e-13,2.5367115e-18,1.0
testing9500.jpg,Intermediate,1.0,1.0,2.0348617e-27,8.100381e-23
testing9501.jpg,Outside,1.0,3.1043586e-18,9.768539e-23,1.0
testing9502.jpg,Outside,1.0,6.65697e-22,3.0230978e-21,1.0
testing9503.jpg,Outside,1.0,6.605654e-19,1.1920963e-21,1.0
testing9504.jpg,Outside,1.0,1.7402944e-30,1.5331367e-28,1.0
testing9505.jpg,Outside,1.0,2.7817854e-25,4.6854745e-24,1.0
testing9506.jpg,Outside,1.0,3.178194e-26,8.5663685e-27,1.0
testing9507.jpg,Outside,1.0,1.6058732e-29,4.361074e-28,1.0
testing9508.jpg,Outside,1.0,2.6072485e-27,3.633506e-25,1.0
testing9509.jpg,Outside,1.0,1.4151761e-26,3.4644713e-25,1.0
testing9510.jpg,Outside,1.0,3.2230995e-26,1.1190748e-24,1.0
testing9511.jpg,Nanodomain,1.0,0.0,1.0,0.0
testing9512.jpg,Nanodomain,1.0,0.0,1.0,0.0
testing9513.jpg,Nanodomain,1.0,0.0,1.0,0.0
testing9514.jpg,Nanodomain,1.0,0.0,1.0,0.0
testing9515.jpg,Nanodomain,1.0,0.0,1.0,0.0
testing9516.jpg,Nanodomain,1.0,0.0,1.0,0.0
testing9517.jpg,Nanodomain,1.0,0.0,1.0,0.0
testing9518.jpg,Nanodomain,0.9999982,1.7767538e-06,0.9999982,5.786738e-28
testing9519.jpg,Nanodomain,1.0,9.987722e-09,1.0,5.2060795e-28
testing9520.jpg,Outside,1.0,1.9751394e-27,1.2202851e-24,1.0
testing9521.jpg,Outside,1.0,9.6446906e-29,5.450688e-26,1.0
testing9522.jpg,Outside,1.0,4.085412e-27,5.0725433e-26,1.0
testing9523.jpg,Outside,1.0,2.024199e-29,1.3350397e-27,1.0
testing9524.jpg,Outside,1.0,1.9221291e-25,3.3011985e-24,1.0
testing9525.jpg,Outside,1.0,1.3065475e-21,1.9645715e-22,1.0
testing9526.jpg,Outside,1.0,2.6019119e-28,3.730504e-23,1.0
testing9527.jpg,Outside,1.0,5.787153e-18,3.5477476e-20,1.0
testing9528.jpg,Outside,1.0,2.088338e-18,1.118668e-19,1.0
testing9529.jpg,Outside,1.0,1.2003496e-16,1.5516607e-18,1.0
testing9530.jpg,Intermediate,1.0,1.0,6.4667034e-27,2.135734e-18
testing9531.jpg,Outside,1.0,5.6462025e-16,7.8766994e-20,1.0
testing9532.jpg,Nanodomain,1.0,0.0,1.0,0.0
testing9533.jpg,Nanodomain,1.0,0.0,1.0,0.0
testing9534.jpg,Nanodomain,1.0,0.0,1.0,0.0
testing9535.jpg,Nanodomain,1.0,0.0,1.0,0.0
testing9536.jpg,Nanodomain,1.0,0.0,1.0,0.0
testing9537.jpg,Nanodomain,1.0,0.0,1.0,0.0
testing9538.jpg,Nanodomain,1.0,0.0,1.0,0.0
testing9539.jpg,Nanodomain,1.0,0.0,1.0,0.0
testing9540.jpg,Nanodomain,1.0,0.0,1.0,0.0
testing9541.jpg,Nanodomain,1.0,0.0,1.0,0.0
testing9542.jpg,Nanodomain,1.0,0.0,1.0,0.0
testing9543.jpg,Nanodomain,1.0,0.0,1.0,0.0
testing9544.jpg,Nanodomain,1.0,0.0,1.0,0.0
testing9545.jpg,Nanodomain,1.0,0.0,1.0,0.0
testing9546.jpg,Nanodomain,1.0,0.0,1.0,0.0
testing9547.jpg,Nanodomain,1.0,0.0,1.0,0.0
testing9548.jpg,Intermediate,1.0,1.0,1.8103276e-26,6.231898e-16
testing9549.jpg,Intermediate,1.0,1.0,1.0538679e-23,5.2744937e-17
testing9550.jpg,Intermediate,1.0,1.0,1.8667358e-30,1.7060907e-26
testing9551.jpg,Nanodomain,1.0,1.0044977e-27,1.0,0.0
testing9552.jpg,Nanodomain,1.0,1.221468e-24,1.0,0.0
testing9553.jpg,Nanodomain,1.0,2.4673208e-31,1.0,0.0
testing9554.jpg,Nanodomain,1.0,3.0567663e-33,1.0,0.0
testing9555.jpg,Nanodomain,1.0,0.0,1.0,0.0
testing9556.jpg,Nanodomain,1.0,0.0,1.0,0.0
testing9557.jpg,Nanodomain,1.0,1.8189529e-26,1.0,0.0
testing9558.jpg,Nanodomain,1.0,2.5557042e-15,1.0,2.0820452e-34
testing9559.jpg,Intermediate,1.0,1.0,8.5550085e-26,2.4398422e-15
testing9560.jpg,Nanodomain,1.0,0.0,1.0,0.0
testing9561.jpg,Nanodomain,1.0,0.0,1.0,0.0
testing9562.jpg,Nanodomain,1.0,0.0,1.0,0.0
testing9563.jpg,Nanodomain,1.0,0.0,1.0,0.0
testing9564.jpg,Nanodomain,1.0,0.0,1.0,0.0
testing9565.jpg,Nanodomain,1.0,0.0,1.0,0.0
testing9566.jpg,Nanodomain,1.0,0.0,1.0,0.0
testing9567.jpg,Nanodomain,1.0,0.0,1.0,0.0
testing9568.jpg,Nanodomain,1.0,0.0,1.0,0.0
testing9569.jpg,Nanodomain,1.0,0.0,1.0,0.0
testing9570.jpg,Nanodomain,1.0,0.0,1.0,0.0
testing9571.jpg,Nanodomain,1.0,0.0,1.0,0.0
testing9572.jpg,Outside,1.0,3.8685475e-29,1.02030344e-29,1.0
testing9573.jpg,Outside,1.0,8.087069e-24,3.4852845e-24,1.0
testing9574.jpg,Nanodomain,1.0,2.0474888e-37,1.0,0.0
testing9575.jpg,Nanodomain,1.0,0.0,1.0,0.0
testing9576.jpg,Nanodomain,1.0,0.0,1.0,0.0
testing9577.jpg,Nanodomain,1.0,0.0,1.0,0.0
testing9578.jpg,Nanodomain,1.0,0.0,1.0,0.0
testing9579.jpg,Nanodomain,1.0,0.0,1.0,0.0
testing9580.jpg,Nanodomain,1.0,0.0,1.0,0.0
testing9581.jpg,Nanodomain,1.0,0.0,1.0,0.0
testing9582.jpg,Nanodomain,1.0,0.0,1.0,0.0
testing9583.jpg,Nanodomain,1.0,0.0,1.0,0.0
testing9584.jpg,Nanodomain,1.0,4.1126113e-31,1.0,0.0
testing9585.jpg,Nanodomain,1.0,2.2553872e-27,1.0,0.0
testing9586.jpg,Nanodomain,1.0,8.533536e-17,1.0,8.487807e-36
testing9587.jpg,Nanodomain,1.0,8.470989e-28,1.0,0.0
testing9588.jpg,Outside,1.0,4.6560057e-31,9.171066e-29,1.0
testing9589.jpg,Outside,1.0,3.9662663e-33,4.9332094e-29,1.0
testing9590.jpg,Outside,1.0,0.0,2.1294689e-34,1.0
testing9591.jpg,Outside,1.0,8.420009e-31,3.8893541e-28,1.0
testing9592.jpg,Outside,1.0,9.308415e-30,5.7727884e-29,1.0
testing9593.jpg,Outside,1.0,4.1483375e-28,2.2667998e-26,1.0
testing9594.jpg,Outside,1.0,0.0,5.1340175e-35,1.0
testing9595.jpg,Outside,1.0,1.8702468e-33,3.9320602e-30,1.0
testing9596.jpg,Outside,1.0,2.431932e-32,7.637757e-30,1.0
testing9597.jpg,Outside,1.0,4.017645e-33,8.867933e-30,1.0
testing9598.jpg,Outside,1.0,2.655741e-28,4.425311e-27,1.0
testing9599.jpg,Outside,1.0,1.260004e-27,7.8469464e-28,1.0
testing9600.jpg,Outside,1.0,5.5072805e-28,1.804896e-24,1.0
testing9601.jpg,Outside,0.99999833,1.6293561e-06,7.4549744e-10,0.99999833
testing9602.jpg,Outside,1.0,1.6907951e-32,1.949834e-29,1.0
testing9603.jpg,Outside,1.0,5.1221227e-09,2.9986055e-17,1.0
testing9604.jpg,Outside,1.0,2.8497406e-26,2.6932923e-23,1.0
testing9605.jpg,Intermediate,1.0,1.0,6.2544575e-29,7.821462e-26
testing9606.jpg,Intermediate,1.0,1.0,5.987748e-29,2.7065356e-24
testing9607.jpg,Intermediate,1.0,1.0,1.9353414e-27,1.0677584e-26
testing9608.jpg,Intermediate,1.0,1.0,9.125798e-30,7.6063053e-28
testing9609.jpg,Intermediate,1.0,1.0,1.5484186e-20,3.6443574e-12
testing9610.jpg,Outside,0.95564544,0.044354502,2.4447837e-12,0.95564544
testing9611.jpg,Intermediate,1.0,1.0,0.0,1.7403059e-32
testing9612.jpg,Intermediate,1.0,1.0,6.624351e-27,2.482447e-22
testing9613.jpg,Outside,1.0,2.5430292e-25,2.0978332e-24,1.0
testing9614.jpg,Outside,1.0,1.6761783e-25,9.350612e-25,1.0
testing9615.jpg,Outside,1.0,5.9320486e-21,5.2293857e-21,1.0
testing9616.jpg,Outside,1.0,3.376693e-21,2.7815483e-20,1.0
testing9617.jpg,Intermediate,0.5902308,0.5902308,9.776192e-19,0.40976918
testing9618.jpg,Outside,1.0,1.5577638e-25,6.912941e-23,1.0
testing9619.jpg,Outside,1.0,2.2152593e-20,5.729493e-25,1.0
testing9620.jpg,Outside,1.0,4.6805706e-09,4.410229e-19,1.0
testing9621.jpg,Intermediate,1.0,1.0,2.895495e-30,9.567391e-25
testing9622.jpg,Outside,1.0,4.1358454e-25,5.9062986e-24,1.0
testing9623.jpg,Outside,1.0,3.2730495e-23,3.370064e-22,1.0
testing9624.jpg,Outside,0.99955565,0.0004443662,3.285865e-16,0.99955565
testing9625.jpg,Outside,1.0,4.505227e-21,2.7536342e-20,1.0
testing9626.jpg,Outside,1.0,1.33877605e-11,1.845047e-19,1.0
testing9627.jpg,Outside,1.0,3.507239e-23,1.5762669e-22,1.0
testing9628.jpg,Outside,1.0,3.147356e-11,3.860614e-15,1.0
testing9629.jpg,Intermediate,0.9973744,0.9973744,2.2529453e-18,0.002625606
testing9630.jpg,Outside,1.0,2.6326276e-24,1.9513364e-22,1.0
testing9631.jpg,Outside,0.9999887,1.1276908e-05,1.4257334e-16,0.9999887
testing9632.jpg,Outside,1.0,5.634566e-22,1.4116802e-21,1.0
testing9633.jpg,Intermediate,0.98828506,0.98828506,3.792872e-19,0.01171495
testing9634.jpg,Outside,1.0,6.5741457e-22,3.6876087e-21,1.0
testing9635.jpg,Outside,1.0,6.6857145e-26,8.205832e-26,1.0
testing9636.jpg,Outside,1.0,2.7503166e-09,9.2023115e-17,1.0
testing9637.jpg,Outside,1.0,7.579298e-16,2.3286409e-20,1.0
testing9638.jpg,Outside,1.0,1.2186569e-24,3.0519484e-22,1.0
testing9639.jpg,Nanodomain,1.0,0.0,1.0,0.0
testing9640.jpg,Nanodomain,1.0,0.0,1.0,0.0
testing9641.jpg,Nanodomain,1.0,0.0,1.0,0.0
testing9642.jpg,Nanodomain,1.0,0.0,1.0,0.0
testing9643.jpg,Nanodomain,1.0,0.0,1.0,0.0
testing9644.jpg,Nanodomain,1.0,0.0,1.0,0.0
testing9645.jpg,Nanodomain,1.0,0.0,1.0,0.0
testing9646.jpg,Nanodomain,0.9999989,1.0481656e-06,0.9999989,2.781704e-28
testing9647.jpg,Outside,1.0,2.3774195e-24,1.0349479e-23,1.0
testing9648.jpg,Outside,1.0,1.323423e-27,1.0512569e-25,1.0
testing9649.jpg,Outside,1.0,3.7762935e-30,8.48736e-27,1.0
testing9650.jpg,Outside,1.0,3.27917e-25,9.538943e-22,1.0
testing9651.jpg,Outside,1.0,2.0239587e-30,2.0341177e-26,1.0
testing9652.jpg,Outside,1.0,5.0343142e-27,1.7978036e-25,1.0
testing9653.jpg,Outside,1.0,1.5136697e-27,8.581296e-24,1.0
testing9654.jpg,Outside,1.0,6.583957e-30,9.434115e-28,1.0
testing9655.jpg,Outside,0.9941875,0.0058124736,5.1635865e-15,0.9941875
testing9656.jpg,Intermediate,1.0,1.0,1.316096e-22,5.7689757e-08
testing9657.jpg,Outside,1.0,1.8510107e-27,3.1003312e-28,1.0
testing9658.jpg,Intermediate,1.0,1.0,2.5306314e-26,3.3354585e-20
testing9659.jpg,Outside,1.0,5.425048e-26,6.323611e-25,1.0
testing9660.jpg,Nanodomain,1.0,0.0,1.0,0.0
testing9661.jpg,Nanodomain,1.0,0.0,1.0,0.0
testing9662.jpg,Nanodomain,1.0,0.0,1.0,0.0
testing9663.jpg,Nanodomain,1.0,0.0,1.0,0.0
testing9664.jpg,Nanodomain,1.0,0.0,1.0,0.0
testing9665.jpg,Nanodomain,1.0,0.0,1.0,0.0
testing9666.jpg,Nanodomain,1.0,0.0,1.0,0.0
testing9667.jpg,Nanodomain,1.0,0.0,1.0,0.0
testing9668.jpg,Nanodomain,1.0,0.0,1.0,0.0
testing9669.jpg,Nanodomain,1.0,0.0,1.0,0.0
testing9670.jpg,Nanodomain,1.0,0.0,1.0,0.0
testing9671.jpg,Nanodomain,1.0,0.0,1.0,0.0
testing9672.jpg,Nanodomain,1.0,0.0,1.0,0.0
testing9673.jpg,Nanodomain,1.0,0.0,1.0,0.0
testing9674.jpg,Nanodomain,1.0,0.0,1.0,0.0
testing9675.jpg,Intermediate,1.0,1.0,4.500594e-34,4.843249e-25
testing9676.jpg,Intermediate,1.0,1.0,3.7780927e-31,1.1183511e-21
testing9677.jpg,Intermediate,1.0,1.0,2.9701566e-24,3.9416487e-19
testing9678.jpg,Intermediate,1.0,1.0,7.531116e-37,1.6289375e-27
testing9679.jpg,Intermediate,1.0,1.0,1.0613051e-27,1.7460143e-21
testing9680.jpg,Intermediate,1.0,1.0,3.9937983e-30,2.706719e-26
testing9681.jpg,Nanodomain,1.0,2.7300148e-22,1.0,3.8210542e-38
testing9682.jpg,Nanodomain,1.0,1.1019004e-34,1.0,0.0
testing9683.jpg,Nanodomain,1.0,3.169305e-35,1.0,0.0
testing9684.jpg,Nanodomain,1.0,8.955106e-35,1.0,0.0
testing9685.jpg,Nanodomain,0.9986249,0.0013750932,0.9986249,1.8963593e-22
testing9686.jpg,Intermediate,1.0,1.0,1.4846759e-27,2.620604e-24
testing9687.jpg,Intermediate,1.0,1.0,1.6540288e-26,3.4073898e-26
testing9688.jpg,Nanodomain,1.0,0.0,1.0,0.0
testing9689.jpg,Nanodomain,1.0,0.0,1.0,0.0
testing9690.jpg,Nanodomain,1.0,0.0,1.0,0.0
testing9691.jpg,Nanodomain,1.0,0.0,1.0,0.0
testing9692.jpg,Nanodomain,1.0,0.0,1.0,0.0
testing9693.jpg,Nanodomain,1.0,0.0,1.0,0.0
testing9694.jpg,Nanodomain,1.0,0.0,1.0,0.0
testing9695.jpg,Nanodomain,1.0,0.0,1.0,0.0
testing9696.jpg,Nanodomain,1.0,0.0,1.0,0.0
testing9697.jpg,Nanodomain,1.0,0.0,1.0,0.0
testing9698.jpg,Nanodomain,1.0,0.0,1.0,0.0
testing9699.jpg,Nanodomain,1.0,0.0,1.0,0.0
testing9700.jpg,Nanodomain,1.0,0.0,1.0,0.0
testing9701.jpg,Outside,1.0,3.3103774e-25,5.4619506e-25,1.0
testing9702.jpg,Nanodomain,1.0,3.2194755e-18,1.0,0.0
testing9703.jpg,Nanodomain,1.0,0.0,1.0,0.0
testing9704.jpg,Nanodomain,1.0,0.0,1.0,0.0
testing9705.jpg,Nanodomain,1.0,0.0,1.0,0.0
testing9706.jpg,Nanodomain,1.0,0.0,1.0,0.0
testing9707.jpg,Nanodomain,1.0,0.0,1.0,0.0
testing9708.jpg,Nanodomain,1.0,0.0,1.0,0.0
testing9709.jpg,Nanodomain,1.0,2.445576e-35,1.0,0.0
testing9710.jpg,Nanodomain,1.0,8.801187e-34,1.0,0.0
testing9711.jpg,Nanodomain,1.0,1.6419432e-37,1.0,0.0
testing9712.jpg,Nanodomain,1.0,6.964968e-34,1.0,0.0
testing9713.jpg,Nanodomain,1.0,1.1861259e-30,1.0,0.0
testing9714.jpg,Nanodomain,1.0,8.3407804e-26,1.0,0.0
testing9715.jpg,Outside,1.0,2.685849e-34,8.1834336e-30,1.0
testing9716.jpg,Outside,1.0,9.570668e-34,1.0189855e-28,1.0
testing9717.jpg,Outside,1.0,4.686058e-34,9.20028e-31,1.0
testing9718.jpg,Outside,1.0,9.922419e-36,1.7955646e-30,1.0
testing9719.jpg,Outside,1.0,2.8913327e-31,1.5457273e-28,1.0
testing9720.jpg,Outside,1.0,2.8794677e-38,4.8672728e-32,1.0
testing9721.jpg,Outside,1.0,2.0250287e-33,6.732382e-30,1.0
testing9722.jpg,Outside,1.0,1.4592061e-28,1.810453e-25,1.0
testing9723.jpg,Outside,1.0,3.8616902e-37,1.518918e-32,1.0
testing9724.jpg,Outside,1.0,2.6401141e-36,4.4995346e-32,1.0
testing9725.jpg,Outside,1.0,8.083159e-30,3.1296589e-27,1.0
testing9726.jpg,Outside,1.0,1.0707511e-28,4.1405456e-27,1.0
testing9727.jpg,Outside,1.0,8.21806e-31,2.8014743e-26,1.0
testing9728.jpg,Outside,1.0,3.227625e-35,4.935894e-32,1.0
testing9729.jpg,Outside,1.0,1.239932e-09,3.6490788e-09,1.0
testing9730.jpg,Outside,1.0,1.6807336e-14,4.5002873e-18,1.0
testing9731.jpg,Intermediate,0.98181874,0.98181874,1.3850333e-18,0.018181272
testing9732.jpg,Outside,1.0,8.145543e-27,1.751583e-23,1.0
testing9733.jpg,Outside,0.99982077,0.00017929771,3.2531762e-12,0.99982077
testing9734.jpg,Intermediate,0.99999964,0.99999964,5.444349e-18,3.704874e-07
testing9735.jpg,Outside,1.0,2.7178637e-10,7.4712025e-13,1.0
testing9736.jpg,Intermediate,1.0,1.0,3.1584693e-26,6.8940235e-18
testing9737.jpg,Outside,0.9935499,0.006450202,8.1940205e-13,0.9935499
testing9738.jpg,Intermediate,1.0,1.0,4.7139944e-18,2.6168841e-08
testing9739.jpg,Intermediate,0.99993503,0.99993503,2.8362872e-22,6.4971886e-05
testing9740.jpg,Outside,1.0,1.955128e-23,1.8850604e-24,1.0
testing9741.jpg,Outside,1.0,6.010029e-24,1.3720571e-22,1.0
testing9742.jpg,Outside,1.0,2.6577888e-20,6.64363e-21,1.0
testing9743.jpg,Outside,1.0,1.881387e-08,5.66985e-19,1.0
testing9744.jpg,Intermediate,0.9720007,0.9720007,2.7399705e-16,0.027999278
testing9745.jpg,Outside,1.0,3.0951034e-16,6.5056715e-20,1.0
testing9746.jpg,Outside,1.0,2.3385462e-22,4.6042384e-23,1.0
testing9747.jpg,Intermediate,1.0,1.0,1.7937961e-25,4.9508385e-13
testing9748.jpg,Outside,1.0,1.3999887e-22,3.3391089e-22,1.0
testing9749.jpg,Outside,1.0,3.688098e-15,5.178591e-19,1.0
testing9750.jpg,Outside,0.99999857,1.4679315e-06,5.5619094e-14,0.99999857
testing9751.jpg,Intermediate,1.0,1.0,9.236831e-28,1.19473914e-17
testing9752.jpg,Outside,1.0,4.558713e-11,5.9271714e-18,1.0
testing9753.jpg,Outside,0.9999999,7.5890924e-08,1.3400562e-18,0.9999999
testing9754.jpg,Outside,1.0,2.6925168e-08,3.383242e-14,1.0
testing9755.jpg,Outside,0.99999976,2.1499032e-07,3.0457477e-15,0.99999976
testing9756.jpg,Outside,1.0,1.8971869e-17,2.1055533e-17,1.0
testing9757.jpg,Intermediate,1.0,1.0,2.226457e-22,1.9833711e-10
testing9758.jpg,Outside,1.0,3.5516701e-15,1.2252864e-15,1.0
testing9759.jpg,Outside,1.0,1.6571998e-14,2.0106424e-18,1.0
testing9760.jpg,Outside,1.0,6.1750075e-24,1.0315193e-22,1.0
testing9761.jpg,Intermediate,1.0,1.0,1.5696014e-21,1.5953425e-08
testing9762.jpg,Outside,1.0,1.14595615e-20,6.481145e-21,1.0
testing9763.jpg,Outside,0.9498337,0.050166283,1.7110913e-16,0.9498337
testing9764.jpg,Intermediate,1.0,1.0,1.1478888e-37,2.2973333e-30
testing9765.jpg,Intermediate,1.0,1.0,7.151765e-27,2.6819198e-25
testing9766.jpg,Intermediate,1.0,1.0,4.5712088e-33,6.3904374e-27
testing9767.jpg,Nanodomain,1.0,0.0,1.0,0.0
testing9768.jpg,Nanodomain,1.0,0.0,1.0,0.0
testing9769.jpg,Nanodomain,1.0,0.0,1.0,0.0
testing9770.jpg,Nanodomain,1.0,0.0,1.0,0.0
testing9771.jpg,Nanodomain,1.0,0.0,1.0,0.0
testing9772.jpg,Nanodomain,1.0,0.0,1.0,0.0
testing9773.jpg,Nanodomain,1.0,0.0,1.0,0.0
testing9774.jpg,Nanodomain,1.0,1.1863285e-13,1.0,2.3132555e-33
testing9775.jpg,Outside,1.0,1.2708157e-29,1.9997877e-26,1.0
testing9776.jpg,Outside,1.0,6.411662e-33,7.618435e-30,1.0
testing9777.jpg,Outside,1.0,6.5335024e-27,5.191375e-24,1.0
testing9778.jpg,Outside,1.0,2.0074883e-22,1.7953194e-21,1.0
testing9779.jpg,Nanodomain,1.0,0.0,1.0,0.0
testing9780.jpg,Nanodomain,1.0,0.0,1.0,0.0
testing9781.jpg,Nanodomain,1.0,0.0,1.0,0.0
testing9782.jpg,Nanodomain,1.0,0.0,1.0,0.0
testing9783.jpg,Nanodomain,1.0,0.0,1.0,0.0
testing9784.jpg,Nanodomain,1.0,0.0,1.0,0.0
testing9785.jpg,Nanodomain,1.0,0.0,1.0,0.0
testing9786.jpg,Outside,1.0,3.0212287e-22,1.9999748e-22,1.0
testing9787.jpg,Outside,1.0,1.2190341e-23,5.7051405e-22,1.0
testing9788.jpg,Nanodomain,1.0,0.0,1.0,0.0
testing9789.jpg,Nanodomain,1.0,0.0,1.0,0.0
testing9790.jpg,Nanodomain,1.0,0.0,1.0,0.0
testing9791.jpg,Nanodomain,1.0,0.0,1.0,0.0
testing9792.jpg,Nanodomain,1.0,0.0,1.0,0.0
testing9793.jpg,Nanodomain,1.0,0.0,1.0,0.0
testing9794.jpg,Nanodomain,1.0,0.0,1.0,0.0
testing9795.jpg,Nanodomain,1.0,0.0,1.0,0.0
testing9796.jpg,Nanodomain,1.0,0.0,1.0,0.0
testing9797.jpg,Nanodomain,1.0,0.0,1.0,0.0
testing9798.jpg,Nanodomain,1.0,0.0,1.0,0.0
testing9799.jpg,Nanodomain,1.0,0.0,1.0,0.0
testing9800.jpg,Nanodomain,1.0,0.0,1.0,0.0
testing9801.jpg,Nanodomain,1.0,0.0,1.0,0.0
testing9802.jpg,Nanodomain,1.0,0.0,1.0,0.0
testing9803.jpg,Nanodomain,1.0,0.0,1.0,0.0
testing9804.jpg,Outside,0.97965884,0.02034116,1.4009958e-16,0.97965884
testing9805.jpg,Intermediate,1.0,1.0,3.9047565e-20,4.510719e-11
testing9806.jpg,Intermediate,1.0,1.0,9.455591e-20,4.5113276e-23
testing9807.jpg,Intermediate,1.0,1.0,6.6320306e-29,2.2486811e-24
testing9808.jpg,Intermediate,1.0,1.0,1.1449946e-28,4.9403747e-18
testing9809.jpg,Intermediate,1.0,1.0,5.3968416e-30,4.3798796e-28
testing9810.jpg,Intermediate,1.0,1.0,3.9241562e-26,5.367761e-14
testing9811.jpg,Intermediate,1.0,1.0,3.717568e-20,3.5221697e-11
testing9812.jpg,Intermediate,1.0,1.0,2.5586845e-26,1.298834e-15
testing9813.jpg,Intermediate,1.0,1.0,1.3112602e-37,3.8332915e-29
testing9814.jpg,Intermediate,1.0,1.0,2.4361633e-27,2.260713e-25
testing9815.jpg,Nanodomain,1.0,0.0,1.0,0.0
testing9816.jpg,Nanodomain,1.0,0.0,1.0,0.0
testing9817.jpg,Nanodomain,1.0,0.0,1.0,0.0
testing9818.jpg,Nanodomain,1.0,0.0,1.0,0.0
testing9819.jpg,Nanodomain,1.0,0.0,1.0,0.0
testing9820.jpg,Nanodomain,1.0,0.0,1.0,0.0
testing9821.jpg,Nanodomain,1.0,0.0,1.0,0.0
testing9822.jpg,Nanodomain,1.0,0.0,1.0,0.0
testing9823.jpg,Nanodomain,1.0,0.0,1.0,0.0
testing9824.jpg,Nanodomain,1.0,0.0,1.0,0.0
testing9825.jpg,Nanodomain,1.0,0.0,1.0,0.0
testing9826.jpg,Nanodomain,1.0,0.0,1.0,0.0
testing9827.jpg,Nanodomain,1.0,0.0,1.0,0.0
testing9828.jpg,Outside,1.0,1.5259467e-30,1.2592875e-28,1.0
testing9829.jpg,Outside,1.0,1.7960584e-22,1.2795475e-21,1.0
testing9830.jpg,Outside,1.0,5.13391e-31,3.7977252e-26,1.0
testing9831.jpg,Outside,1.0,6.141733e-27,1.9173627e-24,1.0
testing9832.jpg,Nanodomain,1.0,0.0,1.0,0.0
testing9833.jpg,Nanodomain,1.0,0.0,1.0,0.0
testing9834.jpg,Nanodomain,1.0,0.0,1.0,0.0
testing9835.jpg,Nanodomain,1.0,0.0,1.0,0.0
testing9836.jpg,Nanodomain,1.0,3.0164954e-37,1.0,0.0
testing9837.jpg,Nanodomain,1.0,0.0,1.0,0.0
testing9838.jpg,Nanodomain,1.0,2.9869522e-30,1.0,0.0
testing9839.jpg,Nanodomain,1.0,1.2906829e-25,1.0,0.0
testing9840.jpg,Nanodomain,1.0,1.2964581e-30,1.0,0.0
testing9841.jpg,Nanodomain,1.0,4.3214737e-11,1.0,3.976043e-30
testing9842.jpg,Outside,1.0,4.040687e-32,5.864681e-29,1.0
testing9843.jpg,Outside,1.0,3.089204e-32,9.638994e-28,1.0
testing9844.jpg,Outside,1.0,2.3695635e-29,1.9666135e-27,1.0
testing9845.jpg,Outside,1.0,2.916971e-29,3.3826906e-27,1.0
testing9846.jpg,Outside,1.0,1.3128789e-34,3.8972957e-30,1.0
testing9847.jpg,Outside,1.0,1.0953552e-32,1.1490338e-27,1.0
testing9848.jpg,Outside,1.0,2.4486293e-27,3.9534143e-24,1.0
testing9849.jpg,Outside,1.0,1.1370814e-28,2.3113045e-27,1.0
testing9850.jpg,Outside,1.0,8.74909e-29,1.8345613e-27,1.0
testing9851.jpg,Outside,1.0,8.854027e-33,7.023627e-30,1.0
testing9852.jpg,Outside,1.0,1.3266937e-34,4.2067035e-31,1.0
testing9853.jpg,Outside,1.0,2.5683717e-29,4.3196995e-27,1.0
testing9854.jpg,Outside,1.0,9.0331356e-33,1.715152e-29,1.0
testing9855.jpg,Outside,1.0,2.7401895e-28,6.850135e-27,1.0
testing9856.jpg,Outside,1.0,1.686694e-29,1.13629335e-26,1.0
testing9857.jpg,Intermediate,1.0,1.0,1.2674714e-12,1.3564795e-09
testing9858.jpg,Intermediate,1.0,1.0,1.6907667e-20,1.2171076e-20
testing9859.jpg,Outside,1.0,7.298543e-15,2.6475512e-18,1.0
testing9860.jpg,Outside,0.99873525,0.0012647128,2.751561e-14,0.99873525
testing9861.jpg,Intermediate,0.96514547,0.96514547,3.9814165e-15,0.03485451
testing9862.jpg,Intermediate,1.0,1.0,2.7673107e-37,1.6961643e-31
testing9863.jpg,Intermediate,1.0,1.0,5.897179e-32,2.1009582e-30
testing9864.jpg,Intermediate,1.0,1.0,3.621189e-26,2.895294e-24
testing9865.jpg,Nanodomain,1.0,6.3742954e-27,1.0,0.0
testing9866.jpg,Nanodomain,1.0,1.2368646e-19,1.0,0.0
testing9867.jpg,Nanodomain,0.99999905,9.174887e-07,0.99999905,2.215113e-28
testing9868.jpg,Nanodomain,1.0,7.50219e-13,1.0,1.7534183e-34
testing9869.jpg,Nanodomain,1.0,1.5034648e-22,1.0,0.0
testing9870.jpg,Nanodomain,1.0,1.7323523e-23,1.0,0.0
testing9871.jpg,Outside,1.0,7.500173e-24,4.7457014e-23,1.0
testing9872.jpg,Nanodomain,1.0,1.180481e-19,1.0,1.9476403e-37
testing9873.jpg,Outside,0.9991603,0.0008397111,4.116577e-17,0.9991603
testing9874.jpg,Intermediate,1.0,1.0,9.2017426e-26,1.852872e-16
testing9875.jpg,Intermediate,0.9999863,0.9999863,2.0161207e-19,1.3725199e-05
testing9876.jpg,Outside,1.0,1.9404244e-15,6.006629e-19,1.0
testing9877.jpg,Intermediate,1.0,1.0,8.456196e-22,1.6349943e-09
testing9878.jpg,Outside,0.9999975,2.5394872e-06,1.8261395e-16,0.9999975
testing9879.jpg,Intermediate,1.0,1.0,1.9565351e-26,3.3945408e-14
testing9880.jpg,Intermediate,0.9996008,0.9996008,3.5619248e-19,0.00039918686
testing9881.jpg,Outside,1.0,1.9207364e-25,3.2455673e-26,1.0
testing9882.jpg,Intermediate,0.9999995,0.9999995,6.5058886e-21,4.3911206e-07
testing9883.jpg,Intermediate,0.99999976,0.99999976,8.355226e-21,1.9512467e-07
testing9884.jpg,Intermediate,1.0,1.0,5.0281406e-32,6.654543e-19
testing9885.jpg,Outside,1.0,1.7963314e-08,4.7709125e-16,1.0
testing9886.jpg,Outside,1.0,1.272952e-19,1.9245763e-21,1.0
testing9887.jpg,Outside,0.9917293,0.008270632,3.3703024e-17,0.9917293
testing9888.jpg,Intermediate,1.0,1.0,5.7715306e-30,7.2117255e-22
testing9889.jpg,Outside,1.0,6.3827825e-21,4.791547e-21,1.0
testing9890.jpg,Outside,1.0,4.060236e-08,1.3797987e-15,1.0
testing9891.jpg,Intermediate,1.0,1.0,3.002439e-25,2.2496848e-13
testing9892.jpg,Intermediate,1.0,1.0,8.8896754e-23,5.6798494e-12
testing9893.jpg,Outside,1.0,4.5687045e-08,5.229564e-14,1.0
testing9894.jpg,Intermediate,0.9973488,0.9973488,4.014401e-13,0.0026512395
testing9895.jpg,Outside,0.766928,0.23307194,2.6451698e-16,0.766928
testing9896.jpg,Nanodomain,1.0,0.0,1.0,0.0
testing9897.jpg,Nanodomain,1.0,6.242744e-32,1.0,0.0
testing9898.jpg,Nanodomain,1.0,3.2552105e-13,1.0,5.198659e-35
testing9899.jpg,Intermediate,1.0,1.0,7.008174e-33,2.9972604e-29
testing9900.jpg,Intermediate,1.0,1.0,1.4588627e-26,1.2601191e-20
testing9901.jpg,Outside,0.78317744,0.2168226,1.1619299e-14,0.78317744
testing9902.jpg,Outside,1.0,8.096472e-27,1.716964e-23,1.0
testing9903.jpg,Nanodomain,1.0,0.0,1.0,0.0
testing9904.jpg,Nanodomain,1.0,0.0,1.0,0.0
testing9905.jpg,Nanodomain,1.0,0.0,1.0,0.0
testing9906.jpg,Nanodomain,1.0,0.0,1.0,0.0
testing9907.jpg,Nanodomain,1.0,0.0,1.0,0.0
testing9908.jpg,Nanodomain,1.0,0.0,1.0,0.0
testing9909.jpg,Nanodomain,1.0,0.0,1.0,0.0
testing9910.jpg,Nanodomain,1.0,0.0,1.0,0.0
testing9911.jpg,Nanodomain,1.0,0.0,1.0,0.0
testing9912.jpg,Nanodomain,1.0,0.0,1.0,0.0
testing9913.jpg,Nanodomain,1.0,0.0,1.0,0.0
testing9914.jpg,Nanodomain,1.0,0.0,1.0,0.0
testing9915.jpg,Nanodomain,1.0,0.0,1.0,0.0
testing9916.jpg,Nanodomain,1.0,0.0,1.0,0.0
testing9917.jpg,Nanodomain,1.0,0.0,1.0,0.0
testing9918.jpg,Nanodomain,1.0,0.0,1.0,0.0
testing9919.jpg,Nanodomain,1.0,0.0,1.0,0.0
testing9920.jpg,Nanodomain,1.0,0.0,1.0,0.0
testing9921.jpg,Nanodomain,1.0,0.0,1.0,0.0
testing9922.jpg,Nanodomain,1.0,0.0,1.0,0.0
testing9923.jpg,Nanodomain,1.0,0.0,1.0,0.0
testing9924.jpg,Nanodomain,1.0,0.0,1.0,0.0
testing9925.jpg,Nanodomain,1.0,0.0,1.0,0.0
testing9926.jpg,Nanodomain,1.0,0.0,1.0,0.0
testing9927.jpg,Nanodomain,1.0,0.0,1.0,0.0
testing9928.jpg,Nanodomain,1.0,0.0,1.0,0.0
testing9929.jpg,Nanodomain,1.0,0.0,1.0,0.0
testing9930.jpg,Intermediate,1.0,1.0,9.904428e-34,4.2001144e-23
testing9931.jpg,Intermediate,0.6240477,0.6240477,6.912112e-16,0.37595233
testing9932.jpg,Outside,0.9999871,1.2856623e-05,6.246689e-17,0.9999871
testing9933.jpg,Outside,1.0,5.818636e-16,1.1892217e-20,1.0
testing9934.jpg,Intermediate,1.0,1.0,4.3429062e-23,5.3819966e-23
testing9935.jpg,Intermediate,1.0,1.0,6.165361e-23,9.386656e-21
testing9936.jpg,Intermediate,1.0,1.0,2.1052834e-29,2.8926087e-26
testing9937.jpg,Intermediate,1.0,1.0,2.09648e-25,6.076865e-23
testing9938.jpg,Intermediate,1.0,1.0,7.116263e-16,1.9269613e-16
testing9939.jpg,Intermediate,1.0,1.0,8.330608e-33,2.1148783e-29
testing9940.jpg,Intermediate,1.0,1.0,6.0788666e-28,7.0783814e-25
testing9941.jpg,Intermediate,1.0,1.0,8.81616e-22,8.2248974e-16
testing9942.jpg,Nanodomain,1.0,0.0,1.0,0.0
testing9943.jpg,Nanodomain,1.0,0.0,1.0,0.0
testing9944.jpg,Nanodomain,1.0,0.0,1.0,0.0
testing9945.jpg,Nanodomain,1.0,0.0,1.0,0.0
testing9946.jpg,Nanodomain,1.0,0.0,1.0,0.0
testing9947.jpg,Nanodomain,1.0,0.0,1.0,0.0
testing9948.jpg,Nanodomain,1.0,0.0,1.0,0.0
testing9949.jpg,Nanodomain,1.0,0.0,1.0,0.0
testing9950.jpg,Nanodomain,1.0,0.0,1.0,0.0
testing9951.jpg,Nanodomain,1.0,0.0,1.0,0.0
testing9952.jpg,Nanodomain,1.0,0.0,1.0,0.0
testing9953.jpg,Nanodomain,1.0,0.0,1.0,0.0
testing9954.jpg,Nanodomain,1.0,0.0,1.0,0.0
testing9955.jpg,Nanodomain,1.0,0.0,1.0,0.0
testing9956.jpg,Outside,1.0,6.9435845e-27,1.1846186e-25,1.0
testing9957.jpg,Outside,1.0,1.797697e-29,9.832406e-28,1.0
testing9958.jpg,Outside,1.0,5.829751e-29,5.054668e-29,1.0
testing9959.jpg,Outside,1.0,5.49807e-34,1.444331e-28,1.0
testing9960.jpg,Outside,1.0,2.4986963e-27,2.0752275e-25,1.0
testing9961.jpg,Outside,1.0,9.987663e-28,4.4750673e-27,1.0
testing9962.jpg,Nanodomain,1.0,0.0,1.0,0.0
testing9963.jpg,Nanodomain,1.0,0.0,1.0,0.0
testing9964.jpg,Nanodomain,1.0,7.319212e-35,1.0,0.0
testing9965.jpg,Nanodomain,1.0,1.4257198e-27,1.0,0.0
testing9966.jpg,Nanodomain,1.0,1.2258901e-14,1.0,8.186539e-34
testing9967.jpg,Outside,1.0,2.0575196e-36,4.3283526e-30,1.0
testing9968.jpg,Outside,1.0,1.4652482e-34,5.919569e-29,1.0
testing9969.jpg,Outside,1.0,1.960786e-34,6.4015504e-31,1.0
testing9970.jpg,Outside,1.0,7.509495e-27,1.7260387e-24,1.0
testing9971.jpg,Outside,1.0,1.1207515e-28,6.975663e-25,1.0
testing9972.jpg,Outside,1.0,8.5696725e-34,3.7148678e-31,1.0
testing9973.jpg,Outside,1.0,1.18919125e-33,2.356521e-28,1.0
testing9974.jpg,Outside,1.0,3.555237e-29,7.2209015e-27,1.0
testing9975.jpg,Outside,1.0,6.3290185e-32,2.4778413e-28,1.0
testing9976.jpg,Outside,1.0,6.3514355e-33,3.0886313e-29,1.0
testing9977.jpg,Outside,1.0,2.5127916e-30,8.089923e-28,1.0
testing9978.jpg,Outside,1.0,1.2587937e-34,1.0831248e-28,1.0
testing9979.jpg,Outside,1.0,1.9301007e-33,1.1793042e-30,1.0
testing9980.jpg,Outside,1.0,1.285891e-33,5.0499273e-29,1.0
testing9981.jpg,Outside,1.0,1.5011225e-35,1.3307254e-31,1.0
testing9982.jpg,Outside,1.0,3.457787e-27,1.2312125e-24,1.0
testing9983.jpg,Outside,1.0,2.4253257e-33,6.4745176e-30,1.0
testing9984.jpg,Outside,1.0,2.068443e-28,4.332052e-23,1.0
testing9985.jpg,Intermediate,1.0,1.0,1.6660447e-11,2.3411908e-20
testing9986.jpg,Intermediate,1.0,1.0,1.743981e-17,4.467903e-12
testing9987.jpg,Nanodomain,0.99987674,0.00012328028,0.99987674,2.8653624e-23
testing9988.jpg,Nanodomain,1.0,1.8183705e-18,1.0,4.3882573e-36
testing9989.jpg,Nanodomain,1.0,1.0964374e-18,1.0,0.0
testing9990.jpg,Nanodomain,1.0,4.865686e-28,1.0,0.0
testing9991.jpg,Nanodomain,1.0,4.4741323e-18,1.0,2.486494e-37
testing9992.jpg,Nanodomain,1.0,1.4646602e-28,1.0,0.0
testing9993.jpg,Nanodomain,1.0,9.254967e-19,1.0,0.0
testing9994.jpg,Nanodomain,1.0,1.2217669e-23,1.0,0.0
testing9995.jpg,Nanodomain,1.0,1.8251538e-25,1.0,0.0
testing9996.jpg,Nanodomain,1.0,1.3566171e-12,1.0,3.4728047e-34
testing9997.jpg,Outside,1.0,3.8821696e-33,8.227946e-30,1.0
testing9998.jpg,Nanodomain,1.0,1.1314487e-19,1.0,0.0
testing9999.jpg,Nanodomain,1.0,3.410496e-12,1.0,8.437242e-31
testing10000.jpg,Nanodomain,1.0,1.423614e-23,1.0,0.0
testing10001.jpg,Intermediate,1.0,1.0,7.213004e-26,2.2384288e-16
testing10002.jpg,Intermediate,1.0,1.0,1.6029945e-24,7.544327e-11
testing10003.jpg,Intermediate,1.0,1.0,3.5711526e-22,2.53039e-11
testing10004.jpg,Outside,0.5148272,0.4851728,2.8608044e-15,0.5148272
testing10005.jpg,Intermediate,1.0,1.0,6.2258935e-36,2.4232742e-24
testing10006.jpg,Intermediate,1.0,1.0,1.4839614e-21,1.2819689e-09
testing10007.jpg,Intermediate,0.9995414,0.9995414,1.0052963e-15,0.00045860177
testing10008.jpg,Outside,1.0,3.3404391e-19,5.7310155e-20,1.0
testing10009.jpg,Outside,1.0,8.313359e-13,1.3979096e-19,1.0
testing10010.jpg,Outside,1.0,1.7807481e-16,7.508081e-22,1.0
testing10011.jpg,Outside,0.990396,0.0096040005,3.6495915e-12,0.990396
testing10012.jpg,Outside,0.99999857,1.4378062e-06,9.69628e-15,0.99999857
testing10013.jpg,Outside,1.0,1.1254862e-27,2.6509058e-26,1.0
testing10014.jpg,Outside,1.0,1.8546465e-24,3.5915067e-23,1.0
testing10015.jpg,Intermediate,1.0,1.0,3.5534407e-25,1.6275997e-15
testing10016.jpg,Intermediate,1.0,1.0,2.1581104e-09,3.860899e-20
testing10017.jpg,Intermediate,1.0,1.0,1.53112465e-30,3.2896582e-24
testing10018.jpg,Intermediate,1.0,1.0,1.2272597e-31,8.2447586e-29
testing10019.jpg,Intermediate,1.0,1.0,0.0,2.4938649e-30
testing10020.jpg,Intermediate,0.98724294,0.98724294,8.0941055e-19,0.0127571225
testing10021.jpg,Intermediate,1.0,1.0,1.45772e-29,3.1581455e-25
testing10022.jpg,Intermediate,1.0,1.0,1.1420195e-28,2.308615e-21
testing10023.jpg,Outside,0.6798738,0.3201262,5.155935e-16,0.6798738
testing10024.jpg,Intermediate,1.0,1.0,3.579443e-23,3.8112717e-23
testing10025.jpg,Intermediate,1.0,1.0,6.9310885e-21,4.4609346e-21
testing10026.jpg,Intermediate,1.0,1.0,1.0399669e-29,3.24497e-20
testing10027.jpg,Outside,0.9947429,0.0052571534,2.5671792e-14,0.9947429
testing10028.jpg,Outside,1.0,3.5198048e-34,1.22456735e-29,1.0
testing10029.jpg,Outside,1.0,4.7080654e-25,2.4085417e-21,1.0
testing10030.jpg,Nanodomain,1.0,0.0,1.0,0.0
testing10031.jpg,Nanodomain,1.0,0.0,1.0,0.0
testing10032.jpg,Nanodomain,1.0,0.0,1.0,0.0
testing10033.jpg,Nanodomain,1.0,0.0,1.0,0.0
testing10034.jpg,Nanodomain,1.0,0.0,1.0,0.0
testing10035.jpg,Nanodomain,1.0,0.0,1.0,0.0
testing10036.jpg,Nanodomain,1.0,0.0,1.0,0.0
testing10037.jpg,Nanodomain,1.0,0.0,1.0,0.0
testing10038.jpg,Nanodomain,1.0,0.0,1.0,0.0
testing10039.jpg,Nanodomain,1.0,0.0,1.0,0.0
testing10040.jpg,Nanodomain,1.0,0.0,1.0,0.0
testing10041.jpg,Nanodomain,1.0,0.0,1.0,0.0
testing10042.jpg,Nanodomain,1.0,0.0,1.0,0.0
testing10043.jpg,Nanodomain,1.0,0.0,1.0,0.0
testing10044.jpg,Nanodomain,1.0,0.0,1.0,0.0
testing10045.jpg,Nanodomain,1.0,0.0,1.0,0.0
testing10046.jpg,Nanodomain,1.0,0.0,1.0,0.0
testing10047.jpg,Nanodomain,1.0,0.0,1.0,0.0
testing10048.jpg,Nanodomain,1.0,0.0,1.0,0.0
testing10049.jpg,Nanodomain,1.0,0.0,1.0,0.0
testing10050.jpg,Nanodomain,1.0,0.0,1.0,0.0
testing10051.jpg,Nanodomain,1.0,0.0,1.0,0.0
testing10052.jpg,Nanodomain,1.0,0.0,1.0,0.0
testing10053.jpg,Nanodomain,1.0,0.0,1.0,0.0
testing10054.jpg,Nanodomain,1.0,0.0,1.0,0.0
testing10055.jpg,Nanodomain,1.0,0.0,1.0,0.0
testing10056.jpg,Nanodomain,1.0,0.0,1.0,0.0
testing10057.jpg,Nanodomain,1.0,2.2909102e-37,1.0,0.0
testing10058.jpg,Nanodomain,1.0,4.539379e-31,1.0,0.0
testing10059.jpg,Outside,1.0,4.346413e-26,4.457521e-26,1.0
testing10060.jpg,Outside,1.0,1.4359772e-25,2.2962087e-25,1.0
testing10061.jpg,Intermediate,0.99974734,0.99974734,7.7039424e-22,0.0002526442
testing10062.jpg,Intermediate,1.0,1.0,5.9577774e-32,1.7365877e-22
testing10063.jpg,Intermediate,1.0,1.0,1.4516565e-19,3.1945328e-17
testing10064.jpg,Intermediate,1.0,1.0,1.4320183e-23,4.7456096e-16
testing10065.jpg,Intermediate,1.0,1.0,1.3461231e-17,1.9399835e-08
testing10066.jpg,Intermediate,1.0,1.0,2.4195265e-22,4.8309933e-19
testing10067.jpg,Intermediate,1.0,1.0,2.22761e-24,3.0367802e-15
testing10068.jpg,Intermediate,0.99998474,0.99998474,8.857101e-18,1.528212e-05
testing10069.jpg,Nanodomain,1.0,0.0,1.0,0.0
testing10070.jpg,Nanodomain,1.0,0.0,1.0,0.0
testing10071.jpg,Nanodomain,1.0,0.0,1.0,0.0
testing10072.jpg,Nanodomain,1.0,0.0,1.0,0.0
testing10073.jpg,Nanodomain,1.0,0.0,1.0,0.0
testing10074.jpg,Nanodomain,1.0,0.0,1.0,0.0
testing10075.jpg,Nanodomain,1.0,0.0,1.0,0.0
testing10076.jpg,Nanodomain,1.0,0.0,1.0,0.0
testing10077.jpg,Nanodomain,1.0,0.0,1.0,0.0
testing10078.jpg,Nanodomain,1.0,0.0,1.0,0.0
testing10079.jpg,Nanodomain,1.0,0.0,1.0,0.0
testing10080.jpg,Nanodomain,1.0,0.0,1.0,0.0
testing10081.jpg,Nanodomain,1.0,0.0,1.0,0.0
testing10082.jpg,Nanodomain,1.0,0.0,1.0,0.0
testing10083.jpg,Nanodomain,1.0,0.0,1.0,0.0
testing10084.jpg,Nanodomain,1.0,0.0,1.0,0.0
testing10085.jpg,Outside,1.0,2.1283665e-32,1.4196191e-28,1.0
testing10086.jpg,Outside,1.0,8.958522e-35,7.03229e-29,1.0
testing10087.jpg,Outside,1.0,5.593106e-30,1.6404686e-26,1.0
testing10088.jpg,Outside,1.0,8.324226e-32,2.2296214e-27,1.0
testing10089.jpg,Outside,1.0,3.5139558e-34,1.6477978e-29,1.0
testing10090.jpg,Nanodomain,1.0,3.5801433e-36,1.0,0.0
testing10091.jpg,Nanodomain,1.0,0.0,1.0,0.0
testing10092.jpg,Outside,1.0,6.243459e-32,9.868889e-29,1.0
testing10093.jpg,Outside,1.0,2.4894057e-31,6.739606e-29,1.0
testing10094.jpg,Outside,1.0,5.8542976e-33,1.2453423e-29,1.0
testing10095.jpg,Outside,1.0,2.3964565e-26,7.964911e-24,1.0
testing10096.jpg,Outside,1.0,3.7563106e-29,1.5084992e-27,1.0
testing10097.jpg,Outside,1.0,3.2715632e-31,7.3253346e-26,1.0
testing10098.jpg,Outside,1.0,7.110496e-35,1.1181199e-30,1.0
testing10099.jpg,Outside,1.0,2.050414e-35,1.7288605e-30,1.0
testing10100.jpg,Outside,1.0,2.9972546e-33,6.2556504e-29,1.0
testing10101.jpg,Outside,1.0,8.7337124e-30,3.424863e-27,1.0
testing10102.jpg,Outside,1.0,1.9346222e-30,1.0375627e-27,1.0
testing10103.jpg,Outside,1.0,9.561777e-24,1.04443085e-23,1.0
testing10104.jpg,Outside,1.0,3.4182442e-28,2.688742e-25,1.0
testing10105.jpg,Outside,1.0,6.2143736e-25,1.2184803e-24,1.0
testing10106.jpg,Outside,1.0,5.9309865e-28,2.0889341e-27,1.0
testing10107.jpg,Outside,1.0,1.4504202e-29,9.984501e-28,1.0
testing10108.jpg,Outside,1.0,6.8694556e-32,4.0112827e-29,1.0
testing10109.jpg,Outside,1.0,6.6079176e-28,8.531906e-25,1.0
testing10110.jpg,Outside,1.0,1.8110875e-26,1.1878716e-26,1.0
testing10111.jpg,Outside,1.0,2.2997063e-25,1.4059667e-22,1.0
testing10112.jpg,Outside,1.0,2.4212107e-34,6.713404e-30,1.0
testing10113.jpg,Intermediate,1.0,1.0,4.4843807e-12,1.06538194e-19
testing10114.jpg,Nanodomain,1.0,2.095133e-14,1.0,5.8247596e-33
testing10115.jpg,Nanodomain,0.9999863,1.36821645e-05,0.9999863,6.1054623e-28
testing10116.jpg,Nanodomain,1.0,2.3384513e-12,1.0,2.842913e-32
testing10117.jpg,Nanodomain,1.0,1.2033501e-09,1.0,2.090228e-32
testing10118.jpg,Nanodomain,1.0,2.578884e-16,1.0,6.300574e-38
testing10119.jpg,Nanodomain,1.0,1.1239072e-20,1.0,0.0
testing10120.jpg,Nanodomain,1.0,1.0320557e-20,1.0,0.0
testing10121.jpg,Nanodomain,1.0,1.9401213e-37,1.0,0.0
testing10122.jpg,Nanodomain,1.0,1.5353611e-20,1.0,0.0
testing10123.jpg,Nanodomain,1.0,3.074087e-09,1.0,7.4643997e-34
testing10124.jpg,Nanodomain,1.0,4.4978273e-13,1.0,5.88469e-30
testing10125.jpg,Nanodomain,0.999984,1.6000535e-05,0.999984,2.0009634e-24
testing10126.jpg,Nanodomain,1.0,1.548464e-15,1.0,1.8313882e-33
testing10127.jpg,Intermediate,1.0,1.0,8.855378e-33,4.075565e-24
testing10128.jpg,Nanodomain,0.999874,0.00012601027,0.999874,2.7518433e-24
testing10129.jpg,Nanodomain,0.9999994,6.329161e-07,0.9999994,7.6651504e-25
testing10130.jpg,Outside,1.0,7.696369e-30,9.72787e-28,1.0
testing10131.jpg,Outside,1.0,2.0073756e-20,8.552224e-21,1.0
testing10132.jpg,Outside,1.0,3.7798012e-27,1.8827446e-26,1.0
testing10133.jpg,Intermediate,1.0,1.0,8.3794415e-24,5.2379508e-21
testing10134.jpg,Outside,1.0,9.098e-28,2.731521e-25,1.0
testing10135.jpg,Outside,1.0,1.3783508e-24,9.785728e-24,1.0
testing10136.jpg,Outside,1.0,1.5862058e-24,1.4612828e-22,1.0
testing10137.jpg,Intermediate,1.0,1.0,1.0782707e-24,5.7782034e-12
testing10138.jpg,Intermediate,1.0,1.0,1.1940982e-22,1.0478163e-09
testing10139.jpg,Outside,1.0,1.5237379e-28,6.2520786e-27,1.0
testing10140.jpg,Outside,1.0,1.19070444e-23,2.601829e-23,1.0
testing10141.jpg,Outside,1.0,2.9146017e-14,9.1368657e-17,1.0
testing10142.jpg,Outside,1.0,3.1983923e-28,3.7765355e-24,1.0
testing10143.jpg,Outside,1.0,4.2005854e-20,1.1860014e-19,1.0
testing10144.jpg,Outside,0.9999757,2.4313686e-05,8.4573704e-16,0.9999757
testing10145.jpg,Outside,1.0,8.312672e-18,2.4072974e-17,1.0
testing10146.jpg,Outside,1.0,6.0249666e-11,1.1801362e-16,1.0
testing10147.jpg,Outside,1.0,5.6393185e-22,2.0922969e-22,1.0
testing10148.jpg,Outside,1.0,1.2229996e-09,2.4645433e-18,1.0
testing10149.jpg,Outside,1.0,8.6259054e-30,3.296525e-27,1.0
testing10150.jpg,Outside,1.0,1.9415547e-25,9.924102e-25,1.0
testing10151.jpg,Outside,1.0,4.043355e-13,5.0654287e-18,1.0
testing10152.jpg,Outside,1.0,1.1786754e-21,4.0113012e-20,1.0
testing10153.jpg,Outside,1.0,3.281862e-24,3.4238775e-23,1.0
testing10154.jpg,Outside,1.0,9.945459e-36,5.9024513e-30,1.0
testing10155.jpg,Outside,1.0,6.205534e-26,1.8450312e-21,1.0
testing10156.jpg,Outside,1.0,5.371901e-32,2.8756296e-28,1.0
testing10157.jpg,Outside,1.0,7.214852e-25,3.48715e-22,1.0
testing10158.jpg,Nanodomain,1.0,0.0,1.0,0.0
testing10159.jpg,Nanodomain,1.0,0.0,1.0,0.0
testing10160.jpg,Nanodomain,1.0,0.0,1.0,0.0
testing10161.jpg,Nanodomain,1.0,0.0,1.0,0.0
testing10162.jpg,Nanodomain,1.0,0.0,1.0,0.0
testing10163.jpg,Nanodomain,1.0,0.0,1.0,0.0
testing10164.jpg,Nanodomain,1.0,0.0,1.0,0.0
testing10165.jpg,Nanodomain,1.0,0.0,1.0,0.0
testing10166.jpg,Nanodomain,1.0,0.0,1.0,0.0
testing10167.jpg,Nanodomain,1.0,0.0,1.0,0.0
testing10168.jpg,Nanodomain,1.0,0.0,1.0,0.0
testing10169.jpg,Nanodomain,1.0,0.0,1.0,0.0
testing10170.jpg,Nanodomain,1.0,0.0,1.0,0.0
testing10171.jpg,Intermediate,0.9995055,0.9995055,2.18361e-17,0.00049450423
testing10172.jpg,Intermediate,1.0,1.0,8.152027e-30,1.1309055e-18
testing10173.jpg,Nanodomain,1.0,0.0,1.0,0.0
testing10174.jpg,Nanodomain,1.0,0.0,1.0,0.0
testing10175.jpg,Nanodomain,1.0,0.0,1.0,0.0
testing10176.jpg,Nanodomain,1.0,0.0,1.0,0.0
testing10177.jpg,Nanodomain,1.0,0.0,1.0,0.0
testing10178.jpg,Nanodomain,1.0,0.0,1.0,0.0
testing10179.jpg,Nanodomain,1.0,0.0,1.0,0.0
testing10180.jpg,Nanodomain,1.0,0.0,1.0,0.0
testing10181.jpg,Nanodomain,1.0,0.0,1.0,0.0
testing10182.jpg,Nanodomain,1.0,0.0,1.0,0.0
testing10183.jpg,Nanodomain,1.0,0.0,1.0,0.0
testing10184.jpg,Nanodomain,1.0,1.0054756e-34,1.0,0.0
testing10185.jpg,Nanodomain,1.0,8.1571905e-30,1.0,0.0
testing10186.jpg,Nanodomain,1.0,3.283931e-30,1.0,0.0
testing10187.jpg,Intermediate,1.0,1.0,4.0282344e-33,3.1319466e-23
testing10188.jpg,Intermediate,1.0,1.0,1.985565e-34,4.3329025e-27
testing10189.jpg,Intermediate,1.0,1.0,1.1016888e-29,1.6205436e-22
testing10190.jpg,Intermediate,1.0,1.0,3.5484083e-29,1.5951176e-19
testing10191.jpg,Intermediate,1.0,1.0,1.551212e-24,8.254021e-19
testing10192.jpg,Intermediate,1.0,1.0,1.2584077e-22,3.8409617e-14
testing10193.jpg,Intermediate,1.0,1.0,1.89061e-27,2.9610347e-19
testing10194.jpg,Intermediate,1.0,1.0,3.146361e-25,7.0696236e-14
testing10195.jpg,Outside,0.93924445,0.06075563,4.4938537e-14,0.93924445
testing10196.jpg,Intermediate,1.0,1.0,1.8242775e-24,3.3070669e-12
testing10197.jpg,Nanodomain,1.0,0.0,1.0,0.0
testing10198.jpg,Nanodomain,1.0,0.0,1.0,0.0
testing10199.jpg,Nanodomain,1.0,0.0,1.0,0.0
testing10200.jpg,Nanodomain,1.0,0.0,1.0,0.0
testing10201.jpg,Nanodomain,1.0,0.0,1.0,0.0
testing10202.jpg,Nanodomain,1.0,0.0,1.0,0.0
testing10203.jpg,Nanodomain,1.0,0.0,1.0,0.0
testing10204.jpg,Nanodomain,1.0,0.0,1.0,0.0
testing10205.jpg,Nanodomain,1.0,0.0,1.0,0.0
testing10206.jpg,Nanodomain,1.0,0.0,1.0,0.0
testing10207.jpg,Nanodomain,1.0,0.0,1.0,0.0
testing10208.jpg,Nanodomain,1.0,0.0,1.0,0.0
testing10209.jpg,Nanodomain,1.0,0.0,1.0,0.0
testing10210.jpg,Nanodomain,1.0,0.0,1.0,0.0
testing10211.jpg,Nanodomain,1.0,0.0,1.0,0.0
testing10212.jpg,Nanodomain,1.0,0.0,1.0,0.0
testing10213.jpg,Outside,1.0,1.3650514e-29,1.1774445e-28,1.0
testing10214.jpg,Outside,1.0,4.722368e-31,1.196023e-28,1.0
testing10215.jpg,Outside,1.0,3.5645338e-32,1.1131126e-27,1.0
testing10216.jpg,Outside,1.0,6.814252e-33,2.4454426e-30,1.0
testing10217.jpg,Outside,1.0,1.8612221e-33,5.0305083e-29,1.0
testing10218.jpg,Nanodomain,1.0,0.0,1.0,0.0
testing10219.jpg,Nanodomain,1.0,0.0,1.0,0.0
testing10220.jpg,Outside,1.0,2.7664267e-35,3.4170673e-30,1.0
testing10221.jpg,Outside,1.0,6.80023e-33,1.9012978e-29,1.0
testing10222.jpg,Outside,1.0,3.0760803e-32,1.5686321e-28,1.0
testing10223.jpg,Outside,1.0,1.0302725e-30,1.5569014e-26,1.0
testing10224.jpg,Outside,1.0,1.6792012e-30,1.5824805e-27,1.0
testing10225.jpg,Outside,1.0,9.386567e-32,1.10573175e-27,1.0
testing10226.jpg,Outside,1.0,4.9066176e-28,6.3170468e-27,1.0
testing10227.jpg,Outside,1.0,6.803476e-32,8.963814e-29,1.0
testing10228.jpg,Outside,1.0,1.1882248e-34,1.19871264e-29,1.0
testing10229.jpg,Outside,1.0,2.5884486e-35,2.6351918e-30,1.0
testing10230.jpg,Outside,1.0,1.4290343e-29,2.135367e-26,1.0
testing10231.jpg,Outside,1.0,7.925625e-33,3.9051404e-29,1.0
testing10232.jpg,Nanodomain,1.0,0.0,1.0,0.0
testing10233.jpg,Nanodomain,1.0,0.0,1.0,0.0
testing10234.jpg,Outside,1.0,1.2417251e-33,7.072159e-29,1.0
testing10235.jpg,Outside,1.0,1.4070743e-34,9.635675e-30,1.0
testing10236.jpg,Outside,1.0,5.5898877e-29,2.9409064e-27,1.0
testing10237.jpg,Outside,1.0,1.358333e-32,4.8535947e-30,1.0
testing10238.jpg,Outside,1.0,1.946952e-27,4.903484e-24,1.0
testing10239.jpg,Nanodomain,1.0,0.0,1.0,0.0
testing10240.jpg,Nanodomain,1.0,0.0,1.0,0.0
testing10241.jpg,Intermediate,0.9998036,0.9998036,1.0264887e-15,0.00019643198
testing10242.jpg,Outside,1.0,9.776773e-24,1.3170347e-23,1.0
testing10243.jpg,Intermediate,1.0,1.0,2.4307048e-27,1.08892965e-27
testing10244.jpg,Nanodomain,1.0,1.4441034e-08,1.0,8.545709e-27
testing10245.jpg,Nanodomain,1.0,2.3374244e-13,1.0,9.8907285e-33
testing10246.jpg,Nanodomain,0.9999962,3.7947152e-06,0.9999962,9.443522e-26
testing10247.jpg,Nanodomain,1.0,4.2954745e-14,1.0,2.72411e-34
testing10248.jpg,Nanodomain,0.99999976,2.273576e-07,0.99999976,2.1045443e-29
testing10249.jpg,Intermediate,0.58164173,0.58164173,0.4183583,1.3330934e-23
testing10250.jpg,Nanodomain,0.99992037,7.9658275e-05,0.99992037,7.810959e-29
testing10251.jpg,Nanodomain,1.0,3.940934e-08,1.0,2.1877171e-25
testing10252.jpg,Nanodomain,1.0,1.1638002e-09,1.0,2.9067323e-27
testing10253.jpg,Nanodomain,1.0,4.349023e-16,1.0,1.5797246e-34
testing10254.jpg,Nanodomain,0.9999956,4.3926552e-06,0.9999956,8.7891055e-26
testing10255.jpg,Intermediate,0.7702811,0.7702811,0.22971894,6.174799e-19
testing10256.jpg,Nanodomain,0.99995327,4.6770863e-05,0.99995327,2.1316558e-24
testing10257.jpg,Nanodomain,0.9811374,0.018862575,0.9811374,1.9629942e-19
testing10258.jpg,Outside,1.0,4.458529e-24,4.492075e-24,1.0
testing10259.jpg,Outside,0.99998,2.0028683e-05,1.12543736e-13,0.99998
testing10260.jpg,Outside,1.0,7.3693435e-17,5.765891e-17,1.0
testing10261.jpg,Outside,1.0,2.2806016e-24,9.5739315e-24,1.0
testing10262.jpg,Outside,1.0,7.983181e-27,2.1231541e-23,1.0
testing10263.jpg,Outside,1.0,2.0223727e-26,2.1122382e-25,1.0
testing10264.jpg,Intermediate,1.0,1.0,1.6662873e-21,5.798457e-10
testing10265.jpg,Outside,1.0,5.7647565e-14,1.2473439e-14,1.0
testing10266.jpg,Intermediate,1.0,1.0,9.752645e-22,2.1289902e-11
testing10267.jpg,Intermediate,0.9999926,0.9999926,8.049094e-16,7.3336314e-06
testing10268.jpg,Outside,1.0,2.5067594e-23,1.7513548e-24,1.0
testing10269.jpg,Outside,1.0,4.9526583e-18,1.116473e-18,1.0
testing10270.jpg,Intermediate,1.0,1.0,1.2741024e-28,1.2973142e-22
testing10271.jpg,Intermediate,1.0,1.0,7.9686876e-22,6.491709e-14
testing10272.jpg,Intermediate,1.0,1.0,6.3127313e-28,1.9302073e-22
testing10273.jpg,Intermediate,1.0,1.0,7.7160314e-31,6.225207e-28
testing10274.jpg,Intermediate,1.0,1.0,1.1927893e-26,4.2837136e-12
testing10275.jpg,Intermediate,1.0,1.0,2.545473e-19,2.9081633e-12
testing10276.jpg,Intermediate,0.97763044,0.97763044,5.6271626e-15,0.022369552
testing10277.jpg,Outside,0.9866889,0.01331115,5.1912376e-17,0.9866889
testing10278.jpg,Outside,1.0,2.8439222e-13,3.290142e-20,1.0
testing10279.jpg,Intermediate,0.9982962,0.9982962,2.170476e-18,0.0017038017
testing10280.jpg,Intermediate,1.0,1.0,6.932216e-16,1.4691317e-20
testing10281.jpg,Outside,1.0,1.961088e-09,2.7368008e-16,1.0
testing10282.jpg,Intermediate,0.9350963,0.9350963,8.1107566e-16,0.06490366
testing10283.jpg,Intermediate,1.0,1.0,2.8329385e-35,3.978149e-24
testing10284.jpg,Nanodomain,1.0,0.0,1.0,0.0
testing10285.jpg,Nanodomain,1.0,0.0,1.0,0.0
testing10286.jpg,Nanodomain,1.0,0.0,1.0,0.0
testing10287.jpg,Nanodomain,1.0,0.0,1.0,0.0
testing10288.jpg,Nanodomain,1.0,0.0,1.0,0.0
testing10289.jpg,Nanodomain,1.0,0.0,1.0,0.0
testing10290.jpg,Nanodomain,1.0,0.0,1.0,0.0
testing10291.jpg,Nanodomain,1.0,0.0,1.0,0.0
testing10292.jpg,Nanodomain,1.0,0.0,1.0,0.0
testing10293.jpg,Nanodomain,1.0,0.0,1.0,0.0
testing10294.jpg,Nanodomain,1.0,0.0,1.0,0.0
testing10295.jpg,Nanodomain,1.0,0.0,1.0,0.0
testing10296.jpg,Nanodomain,1.0,0.0,1.0,0.0
testing10297.jpg,Nanodomain,1.0,0.0,1.0,0.0
testing10298.jpg,Nanodomain,1.0,0.0,1.0,0.0
testing10299.jpg,Outside,1.0,1.9111457e-08,2.3681206e-19,1.0
testing10300.jpg,Intermediate,1.0,1.0,4.823018e-20,4.1536463e-26
testing10301.jpg,Intermediate,1.0,1.0,1.1778164e-22,3.8691988e-13
testing10302.jpg,Intermediate,1.0,1.0,2.663548e-32,2.388809e-25
testing10303.jpg,Intermediate,1.0,1.0,7.020299e-32,7.034544e-29
testing10304.jpg,Intermediate,1.0,1.0,7.6529884e-28,3.7189344e-25
testing10305.jpg,Intermediate,1.0,1.0,2.0191555e-21,3.1810557e-19
testing10306.jpg,Intermediate,1.0,1.0,5.0799473e-31,2.9622825e-23
testing10307.jpg,Intermediate,1.0,1.0,3.1366859e-35,3.1798327e-25
testing10308.jpg,Intermediate,1.0,1.0,9.998433e-24,3.548782e-17
testing10309.jpg,Intermediate,1.0,1.0,7.885393e-26,3.577553e-19
testing10310.jpg,Intermediate,1.0,1.0,7.182134e-21,2.2852751e-19
testing10311.jpg,Nanodomain,1.0,2.3517697e-36,1.0,0.0
testing10312.jpg,Nanodomain,1.0,0.0,1.0,0.0
testing10313.jpg,Nanodomain,1.0,1.4078535e-33,1.0,0.0
testing10314.jpg,Outside,1.0,2.0062807e-20,6.3412514e-23,1.0
testing10315.jpg,Outside,0.9989827,0.001017233,1.1934592e-11,0.9989827
testing10316.jpg,Outside,1.0,1.0826507e-19,8.686165e-23,1.0
testing10317.jpg,Intermediate,1.0,1.0,2.0497608e-24,4.8848186e-11
testing10318.jpg,Intermediate,1.0,1.0,9.571628e-32,8.210707e-21
testing10319.jpg,Intermediate,1.0,1.0,2.1721356e-23,2.898705e-19
testing10320.jpg,Intermediate,1.0,1.0,3.7290336e-33,1.3245715e-24
testing10321.jpg,Intermediate,1.0,1.0,5.9901294e-27,1.2092258e-21
testing10322.jpg,Intermediate,1.0,1.0,1.7662054e-28,4.4625753e-18
testing10323.jpg,Intermediate,1.0,1.0,2.2564126e-26,4.2429008e-16
testing10324.jpg,Intermediate,1.0,1.0,3.3764686e-24,1.2982921e-18
testing10325.jpg,Nanodomain,1.0,0.0,1.0,0.0
testing10326.jpg,Nanodomain,1.0,0.0,1.0,0.0
testing10327.jpg,Nanodomain,1.0,0.0,1.0,0.0
testing10328.jpg,Nanodomain,1.0,0.0,1.0,0.0
testing10329.jpg,Nanodomain,1.0,0.0,1.0,0.0
testing10330.jpg,Nanodomain,1.0,0.0,1.0,0.0
testing10331.jpg,Nanodomain,1.0,0.0,1.0,0.0
testing10332.jpg,Nanodomain,1.0,0.0,1.0,0.0
testing10333.jpg,Nanodomain,1.0,0.0,1.0,0.0
testing10334.jpg,Nanodomain,1.0,0.0,1.0,0.0
testing10335.jpg,Nanodomain,1.0,0.0,1.0,0.0
testing10336.jpg,Nanodomain,1.0,0.0,1.0,0.0
testing10337.jpg,Nanodomain,1.0,0.0,1.0,0.0
testing10338.jpg,Nanodomain,1.0,0.0,1.0,0.0
testing10339.jpg,Nanodomain,1.0,0.0,1.0,0.0
testing10340.jpg,Nanodomain,1.0,0.0,1.0,0.0
testing10341.jpg,Outside,1.0,8.53428e-33,6.8990097e-29,1.0
testing10342.jpg,Outside,1.0,1.1469568e-29,3.759382e-27,1.0
testing10343.jpg,Outside,1.0,1.0662095e-30,3.3324183e-28,1.0
testing10344.jpg,Outside,1.0,6.259465e-38,2.5706405e-33,1.0
testing10345.jpg,Outside,1.0,1.17258324e-32,1.467618e-29,1.0
testing10346.jpg,Outside,1.0,0.0,3.8547678e-32,1.0
testing10347.jpg,Outside,1.0,1.1864568e-29,1.5158672e-25,1.0
testing10348.jpg,Outside,1.0,3.3139109e-35,8.489184e-32,1.0
testing10349.jpg,Outside,1.0,4.186131e-32,2.694087e-28,1.0
testing10350.jpg,Outside,1.0,3.6781647e-30,5.740795e-28,1.0
testing10351.jpg,Outside,1.0,2.1219783e-32,7.1667783e-29,1.0
testing10352.jpg,Outside,1.0,0.0,8.631775e-35,1.0
testing10353.jpg,Outside,1.0,3.7328568e-36,6.0841697e-31,1.0
testing10354.jpg,Outside,1.0,8.3391736e-30,3.0791993e-27,1.0
testing10355.jpg,Outside,1.0,1.1224692e-32,2.9126884e-30,1.0
testing10356.jpg,Outside,1.0,1.7911338e-35,9.2142194e-32,1.0
testing10357.jpg,Outside,1.0,7.902904e-30,1.9119976e-28,1.0
testing10358.jpg,Outside,1.0,3.3085257e-30,1.9487056e-27,1.0
testing10359.jpg,Outside,1.0,1.5297869e-31,3.175161e-28,1.0
testing10360.jpg,Outside,1.0,3.6885343e-30,4.451637e-28,1.0
testing10361.jpg,Outside,1.0,5.604968e-27,8.011901e-24,1.0
testing10362.jpg,Outside,1.0,1.8541961e-29,1.3891381e-27,1.0
testing10363.jpg,Outside,1.0,1.5269169e-33,2.1247832e-30,1.0
testing10364.jpg,Outside,1.0,6.0016787e-35,7.36199e-30,1.0
testing10365.jpg,Outside,1.0,6.509749e-33,1.537692e-30,1.0
testing10366.jpg,Nanodomain,1.0,0.0,1.0,0.0
testing10367.jpg,Nanodomain,1.0,0.0,1.0,0.0
testing10368.jpg,Nanodomain,1.0,0.0,1.0,0.0
testing10369.jpg,Outside,1.0,7.792909e-09,1.6427526e-13,1.0
testing10370.jpg,Intermediate,1.0,1.0,1.7854713e-28,2.7308496e-21
testing10371.jpg,Nanodomain,0.91431075,0.085689284,0.91431075,3.6638402e-21
testing10372.jpg,Nanodomain,1.0,9.640845e-18,1.0,6.141869e-36
testing10373.jpg,Nanodomain,0.6659415,0.33405855,0.6659415,8.3581025e-23
testing10374.jpg,Nanodomain,1.0,1.9737424e-08,1.0,4.270025e-27
testing10375.jpg,Nanodomain,1.0,7.970514e-29,1.0,0.0
testing10376.jpg,Nanodomain,1.0,5.809549e-14,1.0,1.07168415e-33
testing10377.jpg,Nanodomain,1.0,1.897826e-11,1.0,1.1528737e-30
testing10378.jpg,Nanodomain,1.0,1.5226063e-11,1.0,2.3532565e-31
testing10379.jpg,Nanodomain,1.0,1.1117566e-16,1.0,9.1969935e-36
testing10380.jpg,Nanodomain,1.0,1.0585255e-08,1.0,7.206105e-25
testing10381.jpg,Intermediate,0.9999765,0.9999765,2.3493847e-05,2.6830886e-22
testing10382.jpg,Nanodomain,0.5237997,0.47620028,0.5237997,1.7074498e-18
testing10383.jpg,Intermediate,0.9999993,0.9999993,6.595926e-07,4.727165e-21
testing10384.jpg,Intermediate,1.0,1.0,9.513238e-10,1.3371175e-22
testing10385.jpg,Intermediate,0.9999982,0.9999982,1.7375116e-06,2.0080823e-22
testing10386.jpg,Outside,0.9889619,0.011038139,9.721328e-18,0.9889619
testing10387.jpg,Outside,1.0,5.3582865e-26,8.236343e-27,1.0
testing10388.jpg,Outside,1.0,2.396039e-16,3.61175e-20,1.0
testing10389.jpg,Outside,1.0,1.1855028e-28,4.0039048e-26,1.0
testing10390.jpg,Outside,0.99821115,0.001788816,5.28712e-16,0.99821115
testing10391.jpg,Outside,1.0,6.2975097e-27,7.177017e-27,1.0
testing10392.jpg,Outside,1.0,4.2248577e-17,2.2407942e-17,1.0
testing10393.jpg,Outside,1.0,1.8470415e-25,1.7152284e-24,1.0
testing10394.jpg,Outside,1.0,6.8850875e-18,2.8354265e-19,1.0
testing10395.jpg,Outside,1.0,6.6519674e-15,1.8820753e-20,1.0
testing10396.jpg,Outside,1.0,2.1023916e-24,4.5051223e-22,1.0
testing10397.jpg,Outside,1.0,1.0189563e-24,1.4614756e-25,1.0
testing10398.jpg,Outside,1.0,6.1996867e-27,2.0405927e-25,1.0
testing10399.jpg,Outside,1.0,2.1817081e-10,1.2172541e-16,1.0
testing10400.jpg,Intermediate,0.99997544,0.99997544,1.2320182e-17,2.4605139e-05
testing10401.jpg,Outside,0.9997873,0.0002127242,1.6104272e-13,0.9997873
testing10402.jpg,Outside,1.0,7.258902e-20,7.991332e-23,1.0
testing10403.jpg,Outside,1.0,2.1281852e-12,3.302504e-19,1.0
testing10404.jpg,Intermediate,0.99998426,0.99998426,2.7829018e-15,1.5703261e-05
testing10405.jpg,Outside,1.0,8.437575e-21,2.5716284e-20,1.0
testing10406.jpg,Outside,1.0,7.240585e-15,3.6971763e-19,1.0
testing10407.jpg,Outside,1.0,2.989892e-16,3.1632295e-20,1.0
testing10408.jpg,Outside,1.0,2.2434958e-18,3.57249e-21,1.0
testing10409.jpg,Intermediate,0.9999987,0.9999987,5.091196e-22,1.3476446e-06
testing10410.jpg,Outside,0.99997854,2.14571e-05,2.3092484e-17,0.99997854
testing10411.jpg,Nanodomain,1.0,0.0,1.0,0.0
testing10412.jpg,Nanodomain,1.0,0.0,1.0,0.0
testing10413.jpg,Nanodomain,1.0,0.0,1.0,0.0
testing10414.jpg,Nanodomain,1.0,0.0,1.0,0.0
testing10415.jpg,Nanodomain,1.0,0.0,1.0,0.0
testing10416.jpg,Nanodomain,1.0,0.0,1.0,0.0
testing10417.jpg,Nanodomain,1.0,0.0,1.0,0.0
testing10418.jpg,Nanodomain,1.0,0.0,1.0,0.0
testing10419.jpg,Nanodomain,1.0,0.0,1.0,0.0
testing10420.jpg,Nanodomain,1.0,0.0,1.0,0.0
testing10421.jpg,Nanodomain,1.0,0.0,1.0,0.0
testing10422.jpg,Nanodomain,1.0,0.0,1.0,0.0
testing10423.jpg,Nanodomain,1.0,0.0,1.0,0.0
testing10424.jpg,Nanodomain,1.0,0.0,1.0,0.0
testing10425.jpg,Nanodomain,1.0,0.0,1.0,0.0
testing10426.jpg,Nanodomain,1.0,0.0,1.0,0.0
testing10427.jpg,Nanodomain,1.0,0.0,1.0,0.0
testing10428.jpg,Nanodomain,1.0,0.0,1.0,0.0
testing10429.jpg,Nanodomain,0.9999993,6.6681105e-07,0.9999993,3.4529044e-29
testing10430.jpg,Nanodomain,1.0,0.0,1.0,0.0
testing10431.jpg,Nanodomain,1.0,0.0,1.0,0.0
testing10432.jpg,Nanodomain,1.0,0.0,1.0,0.0
testing10433.jpg,Nanodomain,1.0,0.0,1.0,0.0
testing10434.jpg,Nanodomain,1.0,0.0,1.0,0.0
testing10435.jpg,Nanodomain,1.0,0.0,1.0,0.0
testing10436.jpg,Nanodomain,1.0,0.0,1.0,0.0
testing10437.jpg,Nanodomain,1.0,1.2022994e-35,1.0,0.0
testing10438.jpg,Nanodomain,1.0,2.5133674e-37,1.0,0.0
testing10439.jpg,Nanodomain,1.0,6.4628623e-25,1.0,0.0
testing10440.jpg,Outside,1.0,2.139622e-12,7.452792e-19,1.0
testing10441.jpg,Outside,1.0,2.4114702e-17,6.2516714e-20,1.0
testing10442.jpg,Intermediate,1.0,1.0,1.3715488e-23,7.28084e-12
testing10443.jpg,Outside,0.99929345,0.00070658606,1.75812e-17,0.99929345
testing10444.jpg,Intermediate,1.0,1.0,1.4810553e-20,4.000657e-09
testing10445.jpg,Intermediate,1.0,1.0,1.19118225e-29,3.5952426e-19
testing10446.jpg,Intermediate,1.0,1.0,3.3211168e-32,8.141061e-29
testing10447.jpg,Intermediate,1.0,1.0,1.0559702e-35,1.8504652e-29
testing10448.jpg,Intermediate,1.0,1.0,1.8742426e-37,2.8121935e-25
testing10449.jpg,Intermediate,1.0,1.0,6.103377e-29,8.8744485e-26
testing10450.jpg,Intermediate,1.0,1.0,1.9474413e-28,3.4786936e-18
testing10451.jpg,Intermediate,1.0,1.0,1.0077519e-28,3.0193292e-21
testing10452.jpg,Intermediate,1.0,1.0,6.9901086e-30,1.6290063e-19
testing10453.jpg,Nanodomain,1.0,0.0,1.0,0.0
testing10454.jpg,Nanodomain,1.0,0.0,1.0,0.0
testing10455.jpg,Nanodomain,1.0,0.0,1.0,0.0
testing10456.jpg,Nanodomain,1.0,0.0,1.0,0.0
testing10457.jpg,Nanodomain,1.0,0.0,1.0,0.0
testing10458.jpg,Nanodomain,1.0,0.0,1.0,0.0
testing10459.jpg,Nanodomain,1.0,0.0,1.0,0.0
testing10460.jpg,Nanodomain,1.0,0.0,1.0,0.0
testing10461.jpg,Nanodomain,1.0,0.0,1.0,0.0
testing10462.jpg,Nanodomain,1.0,0.0,1.0,0.0
testing10463.jpg,Nanodomain,1.0,0.0,1.0,0.0
testing10464.jpg,Nanodomain,1.0,0.0,1.0,0.0
testing10465.jpg,Nanodomain,1.0,0.0,1.0,0.0
testing10466.jpg,Nanodomain,1.0,0.0,1.0,0.0
testing10467.jpg,Nanodomain,1.0,0.0,1.0,0.0
testing10468.jpg,Outside,1.0,0.0,1.1817685e-36,1.0
testing10469.jpg,Outside,1.0,7.864016e-31,5.9511765e-29,1.0
testing10470.jpg,Outside,1.0,3.828978e-30,3.5425267e-28,1.0
testing10471.jpg,Outside,1.0,2.215024e-34,1.9771272e-29,1.0
testing10472.jpg,Outside,1.0,4.6313323e-30,1.500893e-28,1.0
testing10473.jpg,Outside,1.0,3.8206123e-33,1.2313449e-30,1.0
testing10474.jpg,Outside,1.0,1.4830159e-29,5.036965e-27,1.0
testing10475.jpg,Outside,1.0,1.3854164e-29,3.1767755e-26,1.0
testing10476.jpg,Outside,1.0,4.6032162e-32,1.7288885e-28,1.0
testing10477.jpg,Outside,1.0,6.558639e-30,3.7493123e-28,1.0
testing10478.jpg,Outside,1.0,3.1612665e-33,1.5218145e-29,1.0
testing10479.jpg,Outside,1.0,7.7622454e-28,7.4286425e-25,1.0
testing10480.jpg,Outside,1.0,1.3489144e-32,2.9826384e-29,1.0
testing10481.jpg,Outside,1.0,3.7306844e-33,4.5432837e-28,1.0
testing10482.jpg,Outside,1.0,5.277435e-31,3.8501065e-26,1.0
testing10483.jpg,Outside,1.0,1.2113976e-33,1.4121824e-27,1.0
testing10484.jpg,Outside,1.0,8.257899e-33,1.1592114e-29,1.0
testing10485.jpg,Outside,1.0,4.473769e-35,3.9055964e-32,1.0
testing10486.jpg,Outside,1.0,0.0,1.4605717e-34,1.0
testing10487.jpg,Outside,1.0,1.5496982e-31,3.1278075e-28,1.0
testing10488.jpg,Outside,1.0,6.108708e-30,1.8264326e-28,1.0
testing10489.jpg,Outside,1.0,5.793255e-31,7.8923415e-27,1.0
testing10490.jpg,Outside,1.0,8.704928e-33,4.6093155e-31,1.0
testing10491.jpg,Outside,1.0,5.481113e-32,2.8410638e-29,1.0
testing10492.jpg,Outside,1.0,5.8066758e-34,8.022519e-30,1.0
testing10493.jpg,Outside,1.0,7.402139e-32,8.808901e-29,1.0
testing10494.jpg,Nanodomain,1.0,0.0,1.0,0.0
testing10495.jpg,Nanodomain,1.0,0.0,1.0,0.0
testing10496.jpg,Nanodomain,1.0,0.0,1.0,0.0
testing10497.jpg,Outside,1.0,7.6684205e-20,4.1615953e-17,1.0
testing10498.jpg,Outside,1.0,6.7763745e-27,9.878518e-24,1.0
testing10499.jpg,Intermediate,1.0,1.0,1.7873733e-27,1.0297218e-16
testing10500.jpg,Nanodomain,0.9999999,7.54906e-08,0.9999999,1.3121718e-28
testing10501.jpg,Nanodomain,1.0,9.059484e-14,1.0,8.148431e-35
testing10502.jpg,Nanodomain,1.0,4.2932657e-09,1.0,3.2508406e-29
testing10503.jpg,Intermediate,0.6562678,0.6562678,0.3437322,1.955739e-20
testing10504.jpg,Nanodomain,1.0,4.7897897e-11,1.0,3.3718616e-31
testing10505.jpg,Nanodomain,1.0,1.4056079e-14,1.0,8.5078774e-35
testing10506.jpg,Nanodomain,0.99821436,0.0017856736,0.99821436,5.34891e-23
testing10507.jpg,Nanodomain,0.9965306,0.0034694488,0.9965306,6.69184e-25
testing10508.jpg,Nanodomain,0.99999595,4.0144478e-06,0.99999595,2.357423e-25
testing10509.jpg,Intermediate,0.9918155,0.9918155,0.008184495,4.4062817e-22
testing10510.jpg,Nanodomain,0.9982792,0.0017207519,0.9982792,2.4173737e-21
testing10511.jpg,Nanodomain,1.0,6.8748475e-12,1.0,2.183796e-27
testing10512.jpg,Intermediate,0.9965191,0.9965191,0.003480924,6.423477e-20
testing10513.jpg,Nanodomain,0.51704556,0.4829544,0.51704556,1.0585243e-21
testing10514.jpg,Outside,1.0,1.155412e-26,1.4376169e-24,1.0
testing10515.jpg,Outside,1.0,2.9246202e-25,1.2680966e-25,1.0
testing10516.jpg,Outside,1.0,9.558769e-20,1.9323826e-20,1.0
testing10517.jpg,Outside,1.0,3.5670328e-34,1.0532588e-27,1.0
testing10518.jpg,Outside,0.79102886,0.20897108,2.5862259e-14,0.79102886
testing10519.jpg,Outside,1.0,1.3125445e-25,2.575893e-25,1.0
testing10520.jpg,Outside,1.0,2.0779774e-24,6.867178e-24,1.0
testing10521.jpg,Outside,1.0,2.930364e-15,5.259781e-19,1.0
testing10522.jpg,Outside,1.0,4.5544784e-27,2.6633426e-26,1.0
testing10523.jpg,Intermediate,1.0,1.0,4.7042075e-24,1.244529e-16
testing10524.jpg,Outside,1.0,1.2214392e-18,3.3033249e-18,1.0
testing10525.jpg,Intermediate,0.9990716,0.9990716,6.4609826e-16,0.00092840975
testing10526.jpg,Intermediate,1.0,1.0,8.632647e-24,6.21755e-14
testing10527.jpg,Nanodomain,1.0,3.1829734e-19,1.0,0.0
testing10528.jpg,Nanodomain,1.0,6.28028e-36,1.0,0.0
testing10529.jpg,Intermediate,1.0,1.0,4.8919442e-29,1.6747602e-24
testing10530.jpg,Intermediate,1.0,1.0,1.271016e-19,2.5854101e-08
testing10531.jpg,Intermediate,0.99993813,0.99993813,1.2474207e-19,6.1882914e-05
testing10532.jpg,Outside,0.9998741,0.00012582513,1.33733516e-17,0.9998741
testing10533.jpg,Outside,0.84134936,0.15865062,8.793363e-13,0.84134936
testing10534.jpg,Intermediate,1.0,1.0,9.249302e-23,8.240946e-12
testing10535.jpg,Outside,1.0,2.6040419e-24,4.873052e-24,1.0
testing10536.jpg,Outside,0.85704994,0.14295,3.5869474e-15,0.85704994
testing10537.jpg,Intermediate,1.0,1.0,2.5210418e-28,2.8983956e-19
testing10538.jpg,Intermediate,1.0,1.0,4.7323217e-24,3.5133338e-22
testing10539.jpg,Intermediate,0.8692439,0.8692439,0.13075605,1.2134338e-19
testing10540.jpg,Intermediate,1.0,1.0,2.2083778e-17,5.9403136e-21
testing10541.jpg,Nanodomain,1.0,0.0,1.0,0.0
testing10542.jpg,Nanodomain,1.0,0.0,1.0,0.0
testing10543.jpg,Nanodomain,1.0,0.0,1.0,0.0
testing10544.jpg,Nanodomain,1.0,0.0,1.0,0.0
testing10545.jpg,Nanodomain,1.0,0.0,1.0,0.0
testing10546.jpg,Nanodomain,1.0,0.0,1.0,0.0
testing10547.jpg,Nanodomain,1.0,0.0,1.0,0.0
testing10548.jpg,Nanodomain,1.0,0.0,1.0,0.0
testing10549.jpg,Nanodomain,1.0,0.0,1.0,0.0
testing10550.jpg,Nanodomain,1.0,0.0,1.0,0.0
testing10551.jpg,Nanodomain,1.0,0.0,1.0,0.0
testing10552.jpg,Nanodomain,1.0,0.0,1.0,0.0
testing10553.jpg,Nanodomain,1.0,0.0,1.0,0.0
testing10554.jpg,Nanodomain,1.0,0.0,1.0,0.0
testing10555.jpg,Nanodomain,1.0,0.0,1.0,0.0
testing10556.jpg,Nanodomain,1.0,1.4389673e-38,1.0,0.0
testing10557.jpg,Nanodomain,1.0,0.0,1.0,0.0
testing10558.jpg,Nanodomain,1.0,0.0,1.0,0.0
testing10559.jpg,Intermediate,1.0,1.0,1.540913e-26,1.0506019e-28
testing10560.jpg,Nanodomain,1.0,0.0,1.0,0.0
testing10561.jpg,Nanodomain,1.0,0.0,1.0,0.0
testing10562.jpg,Nanodomain,1.0,0.0,1.0,0.0
testing10563.jpg,Nanodomain,1.0,0.0,1.0,0.0
testing10564.jpg,Nanodomain,1.0,0.0,1.0,0.0
testing10565.jpg,Nanodomain,1.0,3.8191926e-36,1.0,0.0
testing10566.jpg,Nanodomain,1.0,1.9927603e-32,1.0,0.0
testing10567.jpg,Nanodomain,1.0,1.4416617e-20,1.0,0.0
testing10568.jpg,Intermediate,0.9999999,0.9999999,9.448487e-20,6.704381e-08
testing10569.jpg,Outside,1.0,1.5018503e-27,4.360874e-28,1.0
testing10570.jpg,Outside,1.0,3.1264993e-18,1.4537118e-20,1.0
testing10571.jpg,Outside,1.0,7.095663e-12,7.20275e-18,1.0
testing10572.jpg,Outside,1.0,1.6883094e-22,1.8618993e-23,1.0
testing10573.jpg,Outside,1.0,1.9074634e-16,1.1298898e-22,1.0
testing10574.jpg,Outside,1.0,5.847473e-24,3.675818e-25,1.0
testing10575.jpg,Outside,1.0,1.0425981e-11,1.1084836e-15,1.0
testing10576.jpg,Intermediate,1.0,1.0,1.09927324e-32,8.0591757e-22
testing10577.jpg,Intermediate,1.0,1.0,4.640423e-37,1.4037928e-27
testing10578.jpg,Intermediate,1.0,1.0,1.0321864e-26,9.401545e-25
testing10579.jpg,Outside,1.0,7.747731e-14,9.3652723e-20,1.0
testing10580.jpg,Intermediate,1.0,1.0,3.9764406e-21,2.2958966e-11
testing10581.jpg,Nanodomain,1.0,0.0,1.0,0.0
testing10582.jpg,Nanodomain,1.0,0.0,1.0,0.0
testing10583.jpg,Nanodomain,1.0,0.0,1.0,0.0
testing10584.jpg,Nanodomain,1.0,0.0,1.0,0.0
testing10585.jpg,Nanodomain,1.0,0.0,1.0,0.0
testing10586.jpg,Nanodomain,1.0,0.0,1.0,0.0
testing10587.jpg,Nanodomain,1.0,0.0,1.0,0.0
testing10588.jpg,Nanodomain,1.0,0.0,1.0,0.0
testing10589.jpg,Nanodomain,1.0,0.0,1.0,0.0
testing10590.jpg,Nanodomain,1.0,0.0,1.0,0.0
testing10591.jpg,Nanodomain,1.0,0.0,1.0,0.0
testing10592.jpg,Nanodomain,1.0,0.0,1.0,0.0
testing10593.jpg,Nanodomain,1.0,0.0,1.0,0.0
testing10594.jpg,Nanodomain,1.0,0.0,1.0,0.0
testing10595.jpg,Nanodomain,1.0,0.0,1.0,0.0
testing10596.jpg,Outside,1.0,3.2218703e-26,1.8442816e-25,1.0
testing10597.jpg,Outside,1.0,2.2341218e-30,5.292321e-28,1.0
testing10598.jpg,Outside,1.0,1.9461585e-26,1.2372531e-24,1.0
testing10599.jpg,Outside,1.0,2.6631645e-30,1.6441811e-29,1.0
testing10600.jpg,Outside,1.0,7.8330835e-32,1.0619555e-30,1.0
testing10601.jpg,Outside,1.0,3.258641e-27,3.8026411e-25,1.0
testing10602.jpg,Outside,1.0,3.934702e-37,3.5993182e-34,1.0
testing10603.jpg,Outside,1.0,6.7851625e-29,4.8166624e-25,1.0
testing10604.jpg,Outside,1.0,8.245136e-29,3.172646e-26,1.0
testing10605.jpg,Outside,1.0,1.974677e-37,2.3048043e-29,1.0
testing10606.jpg,Outside,1.0,1.4529046e-32,2.3053672e-29,1.0
testing10607.jpg,Outside,1.0,1.0012609e-35,8.452162e-30,1.0
testing10608.jpg,Outside,1.0,6.523976e-31,1.6550875e-28,1.0
testing10609.jpg,Outside,1.0,1.894222e-32,4.18313e-32,1.0
testing10610.jpg,Outside,1.0,2.9186183e-29,1.2493215e-27,1.0
testing10611.jpg,Outside,1.0,2.4834307e-38,3.1694187e-32,1.0
testing10612.jpg,Outside,1.0,1.2892293e-28,1.7101511e-25,1.0
testing10613.jpg,Outside,1.0,1.6712607e-34,4.0969078e-30,1.0
testing10614.jpg,Outside,1.0,6.515896e-30,1.0994018e-27,1.0
testing10615.jpg,Outside,1.0,3.3434457e-35,2.383304e-31,1.0
testing10616.jpg,Outside,1.0,2.3605606e-28,4.2441256e-26,1.0
testing10617.jpg,Outside,1.0,8.108149e-36,6.388231e-31,1.0
testing10618.jpg,Outside,1.0,2.3495483e-34,8.5428595e-30,1.0
testing10619.jpg,Outside,1.0,3.844329e-31,1.297958e-29,1.0
testing10620.jpg,Outside,1.0,4.531321e-29,5.454741e-27,1.0
testing10621.jpg,Outside,1.0,1.7597093e-35,8.6891073e-32,1.0
testing10622.jpg,Outside,1.0,9.13139e-33,3.7300617e-31,1.0
testing10623.jpg,Nanodomain,1.0,0.0,1.0,0.0
testing10624.jpg,Nanodomain,1.0,0.0,1.0,0.0
testing10625.jpg,Outside,1.0,2.3714468e-27,1.0848224e-24,1.0
testing10626.jpg,Outside,1.0,6.1659356e-27,5.8300552e-24,1.0
testing10627.jpg,Outside,1.0,4.821263e-23,1.3584648e-21,1.0
testing10628.jpg,Nanodomain,1.0,3.7849302e-16,1.0,1.4548266e-35
testing10629.jpg,Nanodomain,0.99676454,0.0032354435,0.99676454,1.6455625e-24
testing10630.jpg,Nanodomain,1.0,2.300956e-22,1.0,0.0
testing10631.jpg,Nanodomain,1.0,2.6793027e-17,1.0,1.5753163e-38
testing10632.jpg,Nanodomain,1.0,1.6490986e-30,1.0,0.0
testing10633.jpg,Nanodomain,1.0,9.623186e-15,1.0,1.2101979e-31
testing10634.jpg,Nanodomain,1.0,1.1822384e-08,1.0,1.2964296e-28
testing10635.jpg,Nanodomain,1.0,9.447937e-11,1.0,3.9986154e-30
testing10636.jpg,Nanodomain,1.0,5.025324e-16,1.0,4.0173213e-34
testing10637.jpg,Nanodomain,1.0,6.756055e-14,1.0,1.0055359e-36
testing10638.jpg,Intermediate,0.9999819,0.9999819,1.8174083e-05,4.940506e-20
testing10639.jpg,Intermediate,1.0,1.0,9.750939e-36,2.339485e-28
testing10640.jpg,Intermediate,1.0,1.0,1.2254553e-29,4.7283075e-20
testing10641.jpg,Intermediate,0.9491077,0.9491077,6.408478e-15,0.050892293
testing10642.jpg,Intermediate,1.0,1.0,1.4193696e-21,1.8541123e-09
testing10643.jpg,Outside,1.0,1.4853678e-26,6.7839336e-25,1.0
testing10644.jpg,Outside,1.0,2.832218e-25,1.5612022e-25,1.0
testing10645.jpg,Outside,1.0,5.770478e-21,4.756998e-21,1.0
testing10646.jpg,Outside,1.0,1.8420429e-28,6.5956845e-26,1.0
testing10647.jpg,Intermediate,1.0,1.0,1.0312327e-21,1.103942e-17
testing10648.jpg,Outside,1.0,3.3724175e-22,1.6036881e-21,1.0
testing10649.jpg,Outside,1.0,1.1611983e-22,1.824035e-23,1.0
testing10650.jpg,Outside,1.0,8.3229e-23,3.9868863e-23,1.0
testing10651.jpg,Outside,1.0,6.7179933e-29,1.4427803e-25,1.0
testing10652.jpg,Outside,1.0,4.6973836e-28,1.635969e-26,1.0
testing10653.jpg,Nanodomain,1.0,1.3588615e-17,1.0,1.374556e-37
testing10654.jpg,Nanodomain,1.0,0.0,1.0,0.0
testing10655.jpg,Nanodomain,1.0,0.0,1.0,0.0
testing10656.jpg,Nanodomain,1.0,0.0,1.0,0.0
testing10657.jpg,Intermediate,1.0,1.0,7.743123e-25,1.8182907e-22
testing10658.jpg,Nanodomain,1.0,0.0,1.0,0.0
testing10659.jpg,Intermediate,1.0,1.0,2.6665503e-22,1.0739954e-20
testing10660.jpg,Intermediate,1.0,1.0,0.0,4.062873e-29
testing10661.jpg,Intermediate,1.0,1.0,1.8497115e-35,1.02131364e-26
testing10662.jpg,Intermediate,1.0,1.0,3.4558056e-29,1.9100144e-21
testing10663.jpg,Intermediate,1.0,1.0,7.660049e-30,9.460926e-21
testing10664.jpg,Intermediate,1.0,1.0,7.892095e-21,4.8606967e-09
testing10665.jpg,Intermediate,0.8240713,0.8240713,2.956148e-16,0.17592874
testing10666.jpg,Intermediate,1.0,1.0,3.2316937e-33,6.131291e-20
testing10667.jpg,Intermediate,1.0,1.0,3.7783857e-36,2.638689e-25
testing10668.jpg,Intermediate,1.0,1.0,2.0235622e-25,1.2283885e-16
testing10669.jpg,Intermediate,1.0,1.0,4.916205e-30,2.1488643e-28
testing10670.jpg,Nanodomain,1.0,0.0,1.0,0.0
testing10671.jpg,Nanodomain,1.0,0.0,1.0,0.0
testing10672.jpg,Nanodomain,1.0,0.0,1.0,0.0
testing10673.jpg,Nanodomain,1.0,0.0,1.0,0.0
testing10674.jpg,Nanodomain,1.0,0.0,1.0,0.0
testing10675.jpg,Nanodomain,1.0,8.0603405e-38,1.0,0.0
testing10676.jpg,Nanodomain,1.0,0.0,1.0,0.0
testing10677.jpg,Nanodomain,1.0,0.0,1.0,0.0
testing10678.jpg,Nanodomain,1.0,0.0,1.0,0.0
testing10679.jpg,Nanodomain,1.0,0.0,1.0,0.0
testing10680.jpg,Nanodomain,1.0,0.0,1.0,0.0
testing10681.jpg,Nanodomain,1.0,0.0,1.0,0.0
testing10682.jpg,Nanodomain,1.0,0.0,1.0,0.0
testing10683.jpg,Intermediate,1.0,1.0,1.2076615e-31,2.8943744e-26
testing10684.jpg,Intermediate,1.0,1.0,5.1972465e-29,3.3141376e-28
testing10685.jpg,Nanodomain,1.0,0.0,1.0,0.0
testing10686.jpg,Nanodomain,1.0,0.0,1.0,0.0
testing10687.jpg,Nanodomain,1.0,0.0,1.0,0.0
testing10688.jpg,Nanodomain,0.68170476,0.31829527,0.68170476,1.0344246e-22
testing10689.jpg,Nanodomain,1.0,0.0,1.0,0.0
testing10690.jpg,Nanodomain,1.0,0.0,1.0,0.0
testing10691.jpg,Nanodomain,1.0,0.0,1.0,0.0
testing10692.jpg,Nanodomain,0.99999595,4.0720893e-06,0.99999595,9.509022e-26
testing10693.jpg,Nanodomain,1.0,6.7769373e-10,1.0,1.3727544e-28
testing10694.jpg,Nanodomain,1.0,9.385663e-19,1.0,3.3673014e-37
testing10695.jpg,Nanodomain,1.0,2.0066188e-19,1.0,2.6417234e-38
testing10696.jpg,Intermediate,1.0,1.0,6.348064e-27,5.2801736e-16
testing10697.jpg,Intermediate,1.0,1.0,1.0776238e-34,1.3204914e-22
testing10698.jpg,Intermediate,1.0,1.0,1.0876681e-26,2.3640548e-15
testing10699.jpg,Intermediate,1.0,1.0,2.1537646e-27,5.688139e-17
testing10700.jpg,Intermediate,1.0,1.0,1.8958366e-22,1.09868815e-10
testing10701.jpg,Outside,1.0,7.8614537e-19,6.9335704e-22,1.0
testing10702.jpg,Intermediate,0.99995387,0.99995387,7.0304496e-18,4.6105844e-05
testing10703.jpg,Intermediate,1.0,1.0,9.3541994e-21,2.7781744e-10
testing10704.jpg,Intermediate,1.0,1.0,3.2564607e-23,2.6297973e-09
testing10705.jpg,Intermediate,1.0,1.0,1.5231085e-23,1.8394228e-14
testing10706.jpg,Intermediate,1.0,1.0,5.657125e-34,1.3425735e-26
testing10707.jpg,Intermediate,1.0,1.0,1.8485561e-26,1.0415932e-13
testing10708.jpg,Intermediate,1.0,1.0,6.6851735e-20,2.1107508e-11
testing10709.jpg,Nanodomain,1.0,0.0,1.0,0.0
testing10710.jpg,Intermediate,1.0,1.0,1.8886139e-19,2.811529e-17
testing10711.jpg,Nanodomain,1.0,0.0,1.0,0.0
testing10712.jpg,Nanodomain,1.0,0.0,1.0,0.0
testing10713.jpg,Nanodomain,1.0,0.0,1.0,0.0
testing10714.jpg,Nanodomain,1.0,0.0,1.0,0.0
testing10715.jpg,Nanodomain,1.0,0.0,1.0,0.0
testing10716.jpg,Nanodomain,1.0,0.0,1.0,0.0
testing10717.jpg,Nanodomain,1.0,0.0,1.0,0.0
testing10718.jpg,Nanodomain,1.0,0.0,1.0,0.0
testing10719.jpg,Nanodomain,1.0,0.0,1.0,0.0
testing10720.jpg,Nanodomain,1.0,0.0,1.0,0.0
testing10721.jpg,Nanodomain,1.0,0.0,1.0,0.0
testing10722.jpg,Nanodomain,1.0,0.0,1.0,0.0
testing10723.jpg,Outside,1.0,1.3996085e-31,5.3740204e-29,1.0
testing10724.jpg,Outside,1.0,2.3060707e-29,2.117078e-25,1.0
testing10725.jpg,Outside,1.0,1.9590236e-32,2.8714406e-29,1.0
testing10726.jpg,Outside,1.0,3.783219e-35,1.22070835e-32,1.0
testing10727.jpg,Outside,1.0,1.420743e-32,9.512265e-31,1.0
testing10728.jpg,Outside,1.0,7.510761e-33,4.2749243e-30,1.0
testing10729.jpg,Outside,1.0,6.436931e-32,5.902741e-31,1.0
testing10730.jpg,Outside,1.0,8.692679e-34,2.779943e-30,1.0
testing10731.jpg,Outside,1.0,4.706937e-31,8.611974e-28,1.0
testing10732.jpg,Outside,1.0,4.1472804e-34,3.9554087e-30,1.0
testing10733.jpg,Outside,1.0,1.1220619e-33,5.0364603e-29,1.0
testing10734.jpg,Outside,1.0,1.6093335e-27,4.354296e-26,1.0
testing10735.jpg,Outside,1.0,1.7425347e-28,1.5738663e-26,1.0
testing10736.jpg,Outside,1.0,4.509308e-26,8.8753286e-26,1.0
testing10737.jpg,Outside,1.0,4.9583886e-32,6.5138363e-29,1.0
testing10738.jpg,Outside,1.0,2.5647212e-28,5.4044546e-26,1.0
testing10739.jpg,Outside,1.0,2.083516e-33,3.6724727e-30,1.0
testing10740.jpg,Outside,1.0,5.565698e-28,1.1253452e-26,1.0
testing10741.jpg,Outside,1.0,5.904762e-33,2.08647e-30,1.0
testing10742.jpg,Outside,1.0,3.6264208e-30,9.157271e-26,1.0
testing10743.jpg,Outside,1.0,1.867228e-29,1.3593369e-27,1.0
testing10744.jpg,Outside,1.0,2.8692012e-33,6.0396787e-31,1.0
testing10745.jpg,Outside,1.0,1.1435826e-24,2.5831858e-24,1.0
testing10746.jpg,Outside,1.0,1.5756817e-32,5.322462e-30,1.0
testing10747.jpg,Outside,1.0,3.8041754e-27,1.0826319e-23,1.0
testing10748.jpg,Outside,1.0,2.4637155e-26,4.613389e-27,1.0
testing10749.jpg,Nanodomain,1.0,0.0,1.0,0.0
testing10750.jpg,Nanodomain,1.0,0.0,1.0,0.0
testing10751.jpg,Nanodomain,1.0,0.0,1.0,0.0
testing10752.jpg,Nanodomain,1.0,0.0,1.0,0.0
testing10753.jpg,Nanodomain,1.0,0.0,1.0,0.0
testing10754.jpg,Nanodomain,1.0,0.0,1.0,0.0
testing10755.jpg,Nanodomain,1.0,0.0,1.0,0.0
testing10756.jpg,Nanodomain,1.0,0.0,1.0,0.0
testing10757.jpg,Nanodomain,1.0,0.0,1.0,0.0
testing10758.jpg,Nanodomain,1.0,0.0,1.0,0.0
testing10759.jpg,Intermediate,0.99999,0.99999,1.0046444e-05,2.1913662e-21
testing10760.jpg,Intermediate,0.9955556,0.9955556,0.0044443943,4.5718006e-21
testing10761.jpg,Nanodomain,1.0,9.899427e-22,1.0,0.0
testing10762.jpg,Nanodomain,0.9999794,2.0623678e-05,0.9999794,3.503847e-25
testing10763.jpg,Intermediate,0.9999995,0.9999995,4.5105364e-07,4.4475453e-20
testing10764.jpg,Intermediate,1.0,1.0,2.2721622e-23,7.445962e-29
testing10765.jpg,Nanodomain,0.99979204,0.00020796257,0.99979204,2.1672338e-21
testing10766.jpg,Intermediate,1.0,1.0,2.7764457e-15,2.8544218e-24
testing10767.jpg,Intermediate,1.0,1.0,3.842889e-25,2.3991639e-26
testing10768.jpg,Intermediate,1.0,1.0,6.5781494e-25,2.579835e-26
testing10769.jpg,Intermediate,1.0,1.0,7.5004424e-21,4.4486435e-23
testing10770.jpg,Outside,1.0,2.7523154e-17,3.714364e-20,1.0
testing10771.jpg,Outside,1.0,3.178024e-26,7.8255253e-25,1.0
testing10772.jpg,Outside,1.0,2.8620265e-28,8.5005155e-27,1.0
testing10773.jpg,Intermediate,0.999977,0.999977,1.5644464e-16,2.3060458e-05
testing10774.jpg,Outside,0.9999995,4.653765e-07,8.160175e-15,0.9999995
testing10775.jpg,Outside,0.9999374,6.254727e-05,1.2159898e-16,0.9999374
testing10776.jpg,Intermediate,0.573377,0.573377,4.0201434e-14,0.42662296
testing10777.jpg,Intermediate,0.99482745,0.99482745,2.722395e-16,0.0051725726
testing10778.jpg,Outside,1.0,2.3356877e-08,4.0152784e-14,1.0
testing10779.jpg,Outside,1.0,8.1155656e-16,1.2391599e-19,1.0
testing10780.jpg,Intermediate,1.0,1.0,7.916059e-30,9.849437e-23
testing10781.jpg,Nanodomain,1.0,5.342677e-32,1.0,0.0
testing10782.jpg,Nanodomain,1.0,2.1565494e-14,1.0,7.0511023e-34
testing10783.jpg,Nanodomain,1.0,1.0067988e-21,1.0,2.2962298e-37
testing10784.jpg,Nanodomain,1.0,1.6958174e-28,1.0,0.0
testing10785.jpg,Nanodomain,1.0,0.0,1.0,0.0
testing10786.jpg,Nanodomain,1.0,2.5967873e-34,1.0,0.0
testing10787.jpg,Intermediate,1.0,1.0,8.858112e-26,4.3843478e-26
testing10788.jpg,Outside,0.99577385,0.0042261416,3.2303865e-17,0.99577385
testing10789.jpg,Outside,1.0,8.22446e-23,1.0902225e-19,1.0
testing10790.jpg,Nanodomain,1.0,1.48330335e-08,1.0,5.615626e-27
testing10791.jpg,Intermediate,0.949391,0.949391,0.050609026,3.946018e-21
testing10792.jpg,Nanodomain,0.9999825,1.7562987e-05,0.9999825,1.00381185e-23
testing10793.jpg,Intermediate,1.0,1.0,2.7021358e-28,1.1573365e-24
testing10794.jpg,Intermediate,1.0,1.0,9.599979e-22,9.390043e-13
testing10795.jpg,Intermediate,1.0,1.0,3.7322651e-25,5.0433933e-17
testing10796.jpg,Outside,1.0,9.866001e-27,3.3531704e-25,1.0
testing10797.jpg,Outside,1.0,3.435451e-11,4.38466e-21,1.0
testing10798.jpg,Nanodomain,1.0,8.223489e-30,1.0,0.0
testing10799.jpg,Nanodomain,1.0,0.0,1.0,0.0
testing10800.jpg,Nanodomain,1.0,0.0,1.0,0.0
testing10801.jpg,Nanodomain,1.0,0.0,1.0,0.0
testing10802.jpg,Nanodomain,1.0,0.0,1.0,0.0
testing10803.jpg,Nanodomain,1.0,0.0,1.0,0.0
testing10804.jpg,Nanodomain,1.0,0.0,1.0,0.0
testing10805.jpg,Nanodomain,1.0,0.0,1.0,0.0
testing10806.jpg,Nanodomain,1.0,0.0,1.0,0.0
testing10807.jpg,Nanodomain,1.0,0.0,1.0,0.0
testing10808.jpg,Nanodomain,1.0,0.0,1.0,0.0
testing10809.jpg,Nanodomain,1.0,0.0,1.0,0.0
testing10810.jpg,Nanodomain,1.0,0.0,1.0,0.0
testing10811.jpg,Nanodomain,1.0,2.1435916e-28,1.0,0.0
testing10812.jpg,Nanodomain,1.0,3.0840104e-14,1.0,2.7482603e-36
testing10813.jpg,Intermediate,1.0,1.0,4.509003e-24,6.04857e-26
testing10814.jpg,Intermediate,1.0,1.0,1.1862103e-10,1.5712819e-17
testing10815.jpg,Intermediate,1.0,1.0,1.7929988e-29,5.9540432e-27
testing10816.jpg,Intermediate,1.0,1.0,3.675641e-37,5.040607e-31
testing10817.jpg,Intermediate,1.0,1.0,9.3813693e-26,5.493983e-26
testing10818.jpg,Intermediate,1.0,1.0,1.0114383e-34,2.7465678e-32
testing10819.jpg,Nanodomain,0.9999913,8.680077e-06,0.9999913,1.4226432e-27
testing10820.jpg,Nanodomain,0.9988507,0.0011493362,0.9988507,6.935241e-25
testing10821.jpg,Intermediate,1.0,1.0,4.2370348e-21,3.5095526e-09
testing10822.jpg,Outside,1.0,2.296615e-11,4.8548254e-19,1.0
testing10823.jpg,Outside,1.0,5.869372e-17,6.1819524e-19,1.0
testing10824.jpg,Outside,1.0,2.2986628e-25,9.371569e-26,1.0
testing10825.jpg,Outside,1.0,6.948937e-27,1.16980345e-26,1.0
testing10826.jpg,Outside,1.0,9.666989e-26,2.631311e-25,1.0
testing10827.jpg,Intermediate,0.9755618,0.9755618,6.041853e-14,0.024438182
testing10828.jpg,Outside,1.0,1.5631585e-23,2.2116419e-23,1.0
testing10829.jpg,Outside,1.0,6.803179e-13,2.5790118e-16,1.0
testing10830.jpg,Outside,1.0,1.9662409e-17,2.7262857e-17,1.0
testing10831.jpg,Intermediate,0.99997973,0.99997973,2.297833e-20,2.0221722e-05
testing10832.jpg,Intermediate,0.99999976,0.99999976,1.8192407e-22,2.0794381e-07
testing10833.jpg,Outside,0.99987376,0.00012623613,4.6228734e-16,0.99987376
testing10834.jpg,Intermediate,1.0,1.0,1.9813463e-23,3.9619405e-11
testing10835.jpg,Intermediate,1.0,1.0,7.4200476e-21,1.2362001e-18
testing10836.jpg,Intermediate,0.9983626,0.9983626,4.895094e-19,0.0016374502
testing10837.jpg,Outside,0.9999958,4.1356707e-06,2.9796094e-16,0.9999958
testing10838.jpg,Nanodomain,1.0,0.0,1.0,0.0
testing10839.jpg,Nanodomain,1.0,0.0,1.0,0.0
testing10840.jpg,Nanodomain,1.0,0.0,1.0,0.0
testing10841.jpg,Nanodomain,1.0,0.0,1.0,0.0
testing10842.jpg,Nanodomain,1.0,0.0,1.0,0.0
testing10843.jpg,Nanodomain,1.0,0.0,1.0,0.0
testing10844.jpg,Nanodomain,1.0,0.0,1.0,0.0
testing10845.jpg,Nanodomain,1.0,0.0,1.0,0.0
testing10846.jpg,Nanodomain,1.0,0.0,1.0,0.0
testing10847.jpg,Nanodomain,1.0,0.0,1.0,0.0
testing10848.jpg,Nanodomain,1.0,0.0,1.0,0.0
testing10849.jpg,Nanodomain,1.0,0.0,1.0,0.0
testing10850.jpg,Nanodomain,1.0,0.0,1.0,0.0
testing10851.jpg,Outside,1.0,1.8575603e-35,8.612707e-33,1.0
testing10852.jpg,Outside,1.0,1.5578319e-29,1.5513872e-27,1.0
testing10853.jpg,Outside,1.0,8.003482e-36,1.52139e-30,1.0
testing10854.jpg,Outside,1.0,4.1796805e-34,1.598952e-31,1.0
testing10855.jpg,Outside,1.0,4.5164603e-30,1.5142004e-28,1.0
testing10856.jpg,Outside,1.0,3.4759964e-28,2.6212186e-28,1.0
testing10857.jpg,Outside,1.0,4.966512e-31,1.3573204e-28,1.0
testing10858.jpg,Outside,1.0,3.1627358e-27,3.1117324e-26,1.0
testing10859.jpg,Outside,1.0,1.0389959e-28,4.6218818e-26,1.0
testing10860.jpg,Outside,1.0,2.4975237e-35,1.9219975e-32,1.0
testing10861.jpg,Outside,1.0,1.238075e-31,7.899467e-30,1.0
testing10862.jpg,Outside,1.0,8.029079e-28,5.0957058e-24,1.0
testing10863.jpg,Outside,1.0,6.6281e-32,2.7453164e-28,1.0
testing10864.jpg,Outside,1.0,3.9462672e-34,1.3106855e-29,1.0
testing10865.jpg,Outside,1.0,9.5508476e-30,7.2954365e-27,1.0
testing10866.jpg,Outside,1.0,4.792428e-27,1.9665855e-25,1.0
testing10867.jpg,Outside,1.0,1.874663e-31,1.4465366e-28,1.0
testing10868.jpg,Outside,1.0,4.0411844e-30,3.751184e-29,1.0
testing10869.jpg,Nanodomain,1.0,0.0,1.0,0.0
testing10870.jpg,Intermediate,1.0,1.0,4.7193715e-19,1.11377e-21
testing10871.jpg,Intermediate,1.0,1.0,1.3841894e-31,3.9942858e-30
testing10872.jpg,Intermediate,0.99999964,0.99999964,1.037208e-16,3.3777914e-07
testing10873.jpg,Intermediate,1.0,1.0,3.281927e-30,5.7937927e-21
testing10874.jpg,Intermediate,1.0,1.0,4.9839567e-15,1.877408e-08
testing10875.jpg,Intermediate,1.0,1.0,1.4470156e-22,1.2982403e-14
testing10876.jpg,Nanodomain,1.0,0.0,1.0,0.0
testing10877.jpg,Nanodomain,1.0,0.0,1.0,0.0
testing10878.jpg,Nanodomain,1.0,0.0,1.0,0.0
testing10879.jpg,Nanodomain,1.0,0.0,1.0,0.0
testing10880.jpg,Nanodomain,1.0,0.0,1.0,0.0
testing10881.jpg,Nanodomain,1.0,0.0,1.0,0.0
testing10882.jpg,Nanodomain,1.0,0.0,1.0,0.0
testing10883.jpg,Nanodomain,1.0,0.0,1.0,0.0
testing10884.jpg,Nanodomain,1.0,0.0,1.0,0.0
testing10885.jpg,Nanodomain,1.0,0.0,1.0,0.0
testing10886.jpg,Nanodomain,1.0,0.0,1.0,0.0
testing10887.jpg,Nanodomain,1.0,0.0,1.0,0.0
testing10888.jpg,Nanodomain,1.0,0.0,1.0,0.0
testing10889.jpg,Nanodomain,1.0,3.5576694e-08,1.0,1.9240388e-30
testing10890.jpg,Nanodomain,0.996851,0.0031490002,0.996851,3.700599e-24
testing10891.jpg,Nanodomain,0.99991894,8.1084625e-05,0.99991894,8.911558e-25
testing10892.jpg,Intermediate,0.998475,0.998475,0.0015249649,1.9559929e-23
testing10893.jpg,Intermediate,0.9999783,0.9999783,2.1678927e-05,1.3695436e-22
testing10894.jpg,Intermediate,1.0,1.0,6.6436545e-10,5.218343e-22
testing10895.jpg,Intermediate,1.0,1.0,5.632108e-25,1.0799868e-25
testing10896.jpg,Outside,1.0,1.1027969e-10,9.728119e-15,1.0
testing10897.jpg,Outside,1.0,3.618476e-22,3.0232016e-21,1.0
testing10898.jpg,Intermediate,1.0,1.0,2.45832e-24,4.174228e-13
testing10899.jpg,Outside,1.0,4.7210486e-18,2.9448475e-19,1.0
testing10900.jpg,Outside,1.0,4.4489104e-10,7.897708e-18,1.0
testing10901.jpg,Intermediate,0.99732924,0.99732924,2.5649503e-17,0.0026707225
testing10902.jpg,Intermediate,1.0,1.0,1.1350292e-17,6.285351e-09
testing10903.jpg,Outside,1.0,5.1169326e-11,4.757428e-16,1.0
testing10904.jpg,Intermediate,0.9996094,0.9996094,2.0411359e-16,0.00039064614
testing10905.jpg,Intermediate,1.0,1.0,1.5494023e-24,2.075594e-15
testing10906.jpg,Outside,1.0,1.0431362e-24,3.4015028e-21,1.0
testing10907.jpg,Outside,1.0,1.5648019e-27,1.321205e-25,1.0
testing10908.jpg,Intermediate,1.0,1.0,1.3391293e-21,6.745733e-20
testing10909.jpg,Nanodomain,1.0,4.981412e-14,1.0,1.475479e-34
testing10910.jpg,Nanodomain,1.0,3.1678672e-27,1.0,0.0
testing10911.jpg,Nanodomain,1.0,1.5590037e-28,1.0,0.0
testing10912.jpg,Nanodomain,1.0,8.774754e-15,1.0,2.5098742e-34
testing10913.jpg,Nanodomain,1.0,7.609257e-30,1.0,0.0
testing10914.jpg,Nanodomain,1.0,1.362697e-33,1.0,0.0
testing10915.jpg,Nanodomain,0.9999999,7.66446e-08,0.9999999,5.579826e-31
testing10916.jpg,Intermediate,1.0,1.0,5.936476e-24,1.107146e-19
testing10917.jpg,Outside,1.0,3.0033251e-15,2.334998e-15,1.0
testing10918.jpg,Nanodomain,1.0,8.524448e-12,1.0,2.2730472e-30
testing10919.jpg,Intermediate,1.0,1.0,1.5885295e-11,2.387822e-20
testing10920.jpg,Nanodomain,1.0,7.017152e-21,1.0,0.0
testing10921.jpg,Nanodomain,0.99999774,2.228318e-06,0.99999774,2.1186035e-22
testing10922.jpg,Nanodomain,0.9999348,6.517157e-05,0.9999348,3.3193828e-23
testing10923.jpg,Intermediate,1.0,1.0,1.0676595e-13,7.809241e-18
testing10924.jpg,Intermediate,1.0,1.0,1.911473e-35,1.9767352e-29
testing10925.jpg,Intermediate,1.0,1.0,9.1186616e-38,1.9416757e-30
testing10926.jpg,Intermediate,1.0,1.0,6.0221815e-35,8.197771e-31
testing10927.jpg,Nanodomain,1.0,0.0,1.0,0.0
testing10928.jpg,Nanodomain,1.0,4.9950136e-38,1.0,0.0
testing10929.jpg,Nanodomain,1.0,4.5205637e-37,1.0,0.0
testing10930.jpg,Nanodomain,1.0,0.0,1.0,0.0
testing10931.jpg,Nanodomain,1.0,0.0,1.0,0.0
testing10932.jpg,Nanodomain,1.0,0.0,1.0,0.0
testing10933.jpg,Nanodomain,1.0,1.413786e-38,1.0,0.0
testing10934.jpg,Nanodomain,1.0,0.0,1.0,0.0
testing10935.jpg,Nanodomain,1.0,0.0,1.0,0.0
testing10936.jpg,Nanodomain,1.0,0.0,1.0,0.0
testing10937.jpg,Nanodomain,1.0,0.0,1.0,0.0
testing10938.jpg,Nanodomain,1.0,3.4084747e-30,1.0,0.0
testing10939.jpg,Nanodomain,1.0,1.6563402e-18,1.0,2.3834136e-38
testing10940.jpg,Nanodomain,1.0,5.793871e-17,1.0,2.3406817e-35
testing10941.jpg,Nanodomain,0.97329175,0.02670828,0.97329175,7.115376e-24
testing10942.jpg,Intermediate,1.0,1.0,9.967201e-25,6.866324e-21
testing10943.jpg,Intermediate,1.0,1.0,1.2373802e-32,3.1735353e-30
testing10944.jpg,Intermediate,1.0,1.0,2.726683e-38,7.565751e-31
testing10945.jpg,Intermediate,1.0,1.0,0.0,2.3093838e-34
testing10946.jpg,Intermediate,1.0,1.0,2.1762793e-26,5.067421e-25
testing10947.jpg,Intermediate,1.0,1.0,1.9984103e-23,4.548524e-19
testing10948.jpg,Outside,1.0,3.5092082e-22,5.8566056e-23,1.0
testing10949.jpg,Intermediate,1.0,1.0,1.5762962e-23,1.8536438e-11
testing10950.jpg,Intermediate,1.0,1.0,6.6699797e-31,5.636731e-17
testing10951.jpg,Intermediate,0.99998593,0.99998593,1.6165463e-20,1.4099995e-05
testing10952.jpg,Outside,0.8901471,0.10985294,1.1068301e-15,0.8901471
testing10953.jpg,Outside,1.0,2.311644e-12,1.9503859e-20,1.0
testing10954.jpg,Intermediate,1.0,1.0,9.229398e-21,1.8961617e-11
testing10955.jpg,Outside,1.0,5.4626047e-11,4.764724e-18,1.0
testing10956.jpg,Outside,1.0,1.2668171e-15,8.149741e-19,1.0
testing10957.jpg,Intermediate,1.0,1.0,1.4285264e-23,2.5491967e-10
testing10958.jpg,Outside,1.0,7.754507e-24,1.7722986e-22,1.0
testing10959.jpg,Outside,1.0,3.8417781e-31,2.0165553e-27,1.0
testing10960.jpg,Outside,1.0,2.8715437e-26,5.555737e-25,1.0
testing10961.jpg,Outside,1.0,9.171514e-23,6.0706755e-24,1.0
testing10962.jpg,Outside,1.0,2.0921355e-16,2.6953932e-20,1.0
testing10963.jpg,Outside,1.0,1.755147e-24,2.145599e-25,1.0
testing10964.jpg,Outside,1.0,4.7671774e-26,8.768544e-27,1.0
testing10965.jpg,Outside,1.0,2.0452073e-24,1.0954611e-22,1.0
testing10966.jpg,Outside,1.0,4.826617e-31,6.611318e-29,1.0
testing10967.jpg,Nanodomain,1.0,0.0,1.0,0.0
testing10968.jpg,Nanodomain,1.0,0.0,1.0,0.0
testing10969.jpg,Nanodomain,1.0,0.0,1.0,0.0
testing10970.jpg,Nanodomain,1.0,0.0,1.0,0.0
testing10971.jpg,Nanodomain,1.0,0.0,1.0,0.0
testing10972.jpg,Nanodomain,1.0,0.0,1.0,0.0
testing10973.jpg,Nanodomain,1.0,0.0,1.0,0.0
testing10974.jpg,Nanodomain,1.0,0.0,1.0,0.0
testing10975.jpg,Nanodomain,1.0,0.0,1.0,0.0
testing10976.jpg,Nanodomain,1.0,0.0,1.0,0.0
testing10977.jpg,Nanodomain,1.0,0.0,1.0,0.0
testing10978.jpg,Outside,1.0,2.3665204e-28,1.793495e-25,1.0
testing10979.jpg,Outside,1.0,1.4806515e-31,4.9582094e-28,1.0
testing10980.jpg,Outside,1.0,4.1523408e-29,3.3980407e-28,1.0
testing10981.jpg,Outside,1.0,2.7038797e-27,1.1215139e-26,1.0
testing10982.jpg,Outside,1.0,6.3302534e-31,8.7996604e-30,1.0
testing10983.jpg,Outside,1.0,3.1760157e-24,6.3172315e-22,1.0
testing10984.jpg,Outside,1.0,1.4903906e-34,5.1629376e-31,1.0
testing10985.jpg,Outside,1.0,6.803572e-27,4.9271793e-26,1.0
testing10986.jpg,Outside,1.0,4.3947516e-31,2.3867925e-28,1.0
testing10987.jpg,Outside,1.0,1.0044065e-33,6.5216436e-29,1.0
testing10988.jpg,Outside,1.0,1.519307e-31,1.4764855e-28,1.0
testing10989.jpg,Outside,1.0,7.414283e-34,2.3516614e-29,1.0
testing10990.jpg,Outside,1.0,1.741395e-32,9.12729e-31,1.0
testing10991.jpg,Outside,1.0,3.9149587e-27,1.2056911e-24,1.0
testing10992.jpg,Outside,1.0,4.308223e-30,3.8049612e-26,1.0
testing10993.jpg,Outside,1.0,3.1281501e-30,2.6471438e-28,1.0
testing10994.jpg,Outside,1.0,1.6421808e-30,2.5088288e-28,1.0
testing10995.jpg,Intermediate,0.99790275,0.99790275,5.1034836e-15,0.0020973114
testing10996.jpg,Outside,1.0,1.295043e-32,9.4761614e-30,1.0
testing10997.jpg,Nanodomain,1.0,0.0,1.0,0.0
testing10998.jpg,Nanodomain,1.0,0.0,1.0,0.0
testing10999.jpg,Nanodomain,1.0,0.0,1.0,0.0
testing11000.jpg,Nanodomain,1.0,0.0,1.0,0.0
testing11001.jpg,Nanodomain,1.0,0.0,1.0,0.0
testing11002.jpg,Nanodomain,1.0,0.0,1.0,0.0
testing11003.jpg,Nanodomain,1.0,0.0,1.0,0.0
testing11004.jpg,Nanodomain,1.0,0.0,1.0,0.0
testing11005.jpg,Nanodomain,1.0,0.0,1.0,0.0
testing11006.jpg,Nanodomain,1.0,0.0,1.0,0.0
testing11007.jpg,Nanodomain,1.0,0.0,1.0,0.0
testing11008.jpg,Nanodomain,1.0,0.0,1.0,0.0
testing11009.jpg,Nanodomain,1.0,0.0,1.0,0.0
testing11010.jpg,Nanodomain,1.0,0.0,1.0,0.0
testing11011.jpg,Nanodomain,1.0,0.0,1.0,0.0
testing11012.jpg,Nanodomain,1.0,0.0,1.0,0.0
testing11013.jpg,Nanodomain,1.0,0.0,1.0,0.0
testing11014.jpg,Nanodomain,1.0,0.0,1.0,0.0
testing11015.jpg,Nanodomain,1.0,0.0,1.0,0.0
testing11016.jpg,Nanodomain,1.0,0.0,1.0,0.0
testing11017.jpg,Nanodomain,1.0,0.0,1.0,0.0
testing11018.jpg,Intermediate,1.0,1.0,1.6853901e-12,1.0986272e-18
testing11019.jpg,Nanodomain,0.99999607,3.963273e-06,0.99999607,9.7699714e-27
testing11020.jpg,Nanodomain,0.9999999,6.128966e-08,0.9999999,2.1105282e-27
testing11021.jpg,Intermediate,1.0,1.0,2.3360887e-08,4.538289e-23
testing11022.jpg,Outside,1.0,9.134615e-14,5.5921583e-18,1.0
testing11023.jpg,Intermediate,0.9998265,0.9998265,1.673266e-20,0.00017349368
testing11024.jpg,Intermediate,1.0,1.0,1.3469655e-17,5.9826455e-10
testing11025.jpg,Outside,1.0,4.106605e-17,1.971201e-21,1.0
testing11026.jpg,Outside,0.8115903,0.18840972,1.652233e-16,0.8115903
testing11027.jpg,Intermediate,1.0,1.0,6.9889075e-23,1.2781145e-19
testing11028.jpg,Intermediate,1.0,1.0,6.072649e-30,7.159244e-27
testing11029.jpg,Intermediate,1.0,1.0,2.2099615e-25,6.107586e-16
testing11030.jpg,Intermediate,1.0,1.0,1.08438855e-23,1.31659454e-20
testing11031.jpg,Intermediate,1.0,1.0,9.1346214e-20,5.417321e-16
testing11032.jpg,Intermediate,1.0,1.0,1.9254737e-27,1.3511151e-22
testing11033.jpg,Intermediate,1.0,1.0,1.5288285e-33,2.0189215e-24
testing11034.jpg,Intermediate,1.0,1.0,9.899601e-25,4.069922e-18
testing11035.jpg,Intermediate,1.0,1.0,4.4100475e-25,1.7161384e-16
testing11036.jpg,Intermediate,1.0,1.0,1.0406289e-23,2.6975854e-19
testing11037.jpg,Intermediate,1.0,1.0,3.8411706e-27,1.4021304e-13
testing11038.jpg,Intermediate,1.0,1.0,5.530372e-29,1.48241e-15
testing11039.jpg,Intermediate,0.9999988,0.9999988,1.1553011e-06,2.79163e-22
testing11040.jpg,Intermediate,0.99981433,0.99981433,0.00018564159,4.138463e-21
testing11041.jpg,Nanodomain,1.0,1.0680364e-09,1.0,4.8345822e-29
testing11042.jpg,Nanodomain,1.0,3.069022e-11,1.0,2.5474624e-28
testing11043.jpg,Nanodomain,1.0,2.5747765e-11,1.0,5.7622914e-30
testing11044.jpg,Nanodomain,1.0,1.9291917e-14,1.0,3.5987533e-35
testing11045.jpg,Intermediate,1.0,1.0,3.657245e-24,3.043123e-23
testing11046.jpg,Intermediate,1.0,1.0,5.6042986e-22,4.794298e-25
testing11047.jpg,Nanodomain,1.0,2.4828707e-24,1.0,0.0
testing11048.jpg,Nanodomain,1.0,1.2514354e-33,1.0,0.0
testing11049.jpg,Nanodomain,0.9999999,6.893335e-08,0.9999999,1.4375526e-29
testing11050.jpg,Nanodomain,1.0,2.67423e-38,1.0,0.0
testing11051.jpg,Nanodomain,1.0,1.3632946e-26,1.0,0.0
testing11052.jpg,Nanodomain,1.0,2.8144645e-28,1.0,0.0
testing11053.jpg,Nanodomain,1.0,3.0919092e-36,1.0,0.0
testing11054.jpg,Nanodomain,1.0,2.2080095e-30,1.0,0.0
testing11055.jpg,Nanodomain,1.0,3.9786134e-27,1.0,0.0
testing11056.jpg,Intermediate,1.0,1.0,3.810315e-29,8.349134e-23
testing11057.jpg,Nanodomain,1.0,1.6031046e-24,1.0,0.0
testing11058.jpg,Nanodomain,1.0,3.9310785e-26,1.0,0.0
testing11059.jpg,Nanodomain,0.9999999,7.895413e-08,0.9999999,3.4556136e-33
testing11060.jpg,Nanodomain,1.0,3.0852524e-21,1.0,0.0
testing11061.jpg,Nanodomain,1.0,0.0,1.0,0.0
testing11062.jpg,Nanodomain,1.0,0.0,1.0,0.0
testing11063.jpg,Nanodomain,1.0,0.0,1.0,0.0
testing11064.jpg,Intermediate,1.0,1.0,9.2217165e-38,1.2242842e-26
testing11065.jpg,Nanodomain,1.0,1.2070875e-28,1.0,0.0
testing11066.jpg,Nanodomain,1.0,6.2195214e-17,1.0,7.693325e-35
testing11067.jpg,Nanodomain,1.0,7.213298e-21,1.0,2.9588058e-37
testing11068.jpg,Nanodomain,1.0,7.7587067e-17,1.0,1.6803055e-35
testing11069.jpg,Intermediate,1.0,1.0,5.663336e-29,1.8555196e-21
testing11070.jpg,Intermediate,1.0,1.0,7.012399e-33,7.148981e-20
testing11071.jpg,Intermediate,1.0,1.0,0.0,1.5103948e-33
testing11072.jpg,Intermediate,1.0,1.0,4.1456807e-35,5.215013e-32
testing11073.jpg,Intermediate,1.0,1.0,1.5247934e-24,6.2856664e-23
testing11074.jpg,Intermediate,1.0,1.0,1.8919072e-36,1.1981223e-30
testing11075.jpg,Outside,1.0,7.4182074e-21,2.0987949e-23,1.0
testing11076.jpg,Outside,1.0,1.433213e-26,2.2056229e-26,1.0
testing11077.jpg,Outside,1.0,1.5705625e-25,4.9194793e-26,1.0
testing11078.jpg,Outside,1.0,1.224003e-28,4.1382715e-27,1.0
testing11079.jpg,Outside,1.0,1.207298e-23,2.0330084e-26,1.0
testing11080.jpg,Outside,1.0,4.081135e-24,1.2461337e-25,1.0
testing11081.jpg,Outside,1.0,4.9733285e-27,8.98546e-27,1.0
testing11082.jpg,Intermediate,1.0,1.0,1.747172e-23,4.324479e-13
testing11083.jpg,Outside,1.0,1.1028399e-12,6.5363994e-18,1.0
testing11084.jpg,Intermediate,1.0,1.0,1.6805827e-18,9.314829e-11
testing11085.jpg,Outside,0.9999999,1.0504126e-07,4.7783066e-16,0.9999999
testing11086.jpg,Outside,1.0,8.471271e-15,2.919134e-19,1.0
testing11087.jpg,Intermediate,1.0,1.0,4.5575173e-28,3.0776047e-18
testing11088.jpg,Outside,1.0,2.1541907e-13,1.81669e-21,1.0
testing11089.jpg,Outside,0.9999999,1.01456095e-07,1.7944055e-17,0.9999999
testing11090.jpg,Outside,1.0,8.867968e-11,4.91372e-19,1.0
testing11091.jpg,Outside,1.0,8.0979008e-25,4.6113347e-25,1.0
testing11092.jpg,Outside,1.0,1.2095515e-24,1.4705578e-25,1.0
testing11093.jpg,Outside,1.0,2.0192939e-29,2.3690494e-28,1.0
testing11094.jpg,Outside,1.0,3.4785545e-29,1.1786359e-27,1.0
testing11095.jpg,Outside,1.0,1.4114438e-28,1.9002918e-27,1.0
testing11096.jpg,Nanodomain,1.0,0.0,1.0,0.0
testing11097.jpg,Nanodomain,1.0,0.0,1.0,0.0
testing11098.jpg,Nanodomain,1.0,0.0,1.0,0.0
testing11099.jpg,Nanodomain,1.0,0.0,1.0,0.0
testing11100.jpg,Nanodomain,1.0,0.0,1.0,0.0
testing11101.jpg,Nanodomain,1.0,0.0,1.0,0.0
testing11102.jpg,Nanodomain,1.0,0.0,1.0,0.0
testing11103.jpg,Nanodomain,1.0,0.0,1.0,0.0
testing11104.jpg,Outside,1.0,1.309746e-29,1.2564564e-28,1.0
testing11105.jpg,Outside,1.0,4.520327e-35,3.3258077e-32,1.0
testing11106.jpg,Outside,1.0,3.465718e-30,9.9368964e-27,1.0
testing11107.jpg,Outside,1.0,1.015812e-33,1.6872916e-30,1.0
testing11108.jpg,Outside,1.0,2.4967776e-30,6.700567e-28,1.0
testing11109.jpg,Outside,1.0,7.6266273e-32,2.4215296e-30,1.0
testing11110.jpg,Outside,1.0,9.750619e-33,4.2219023e-28,1.0
testing11111.jpg,Outside,1.0,1.2723927e-28,4.3060774e-27,1.0
testing11112.jpg,Outside,1.0,1.00169615e-28,6.781288e-27,1.0
testing11113.jpg,Outside,1.0,8.161318e-33,8.112407e-31,1.0
testing11114.jpg,Outside,1.0,2.4749968e-29,6.935352e-27,1.0
testing11115.jpg,Outside,1.0,2.474069e-31,5.745854e-29,1.0
testing11116.jpg,Outside,1.0,9.646837e-34,6.2509e-30,1.0
testing11117.jpg,Intermediate,1.0,1.0,4.771793e-21,1.5959628e-20
testing11118.jpg,Outside,1.0,8.507774e-29,3.1926905e-26,1.0
testing11119.jpg,Outside,1.0,2.5325056e-33,2.2004417e-30,1.0
testing11120.jpg,Outside,1.0,1.1016671e-30,1.0144366e-27,1.0
testing11121.jpg,Outside,1.0,1.5909625e-32,2.0009759e-28,1.0
testing11122.jpg,Nanodomain,1.0,0.0,1.0,0.0
testing11123.jpg,Nanodomain,1.0,0.0,1.0,0.0
testing11124.jpg,Nanodomain,1.0,0.0,1.0,0.0
testing11125.jpg,Nanodomain,1.0,0.0,1.0,0.0
testing11126.jpg,Nanodomain,1.0,0.0,1.0,0.0
testing11127.jpg,Nanodomain,1.0,0.0,1.0,0.0
testing11128.jpg,Nanodomain,1.0,0.0,1.0,0.0
testing11129.jpg,Nanodomain,1.0,0.0,1.0,0.0
testing11130.jpg,Nanodomain,1.0,0.0,1.0,0.0
testing11131.jpg,Nanodomain,1.0,0.0,1.0,0.0
testing11132.jpg,Nanodomain,1.0,0.0,1.0,0.0
testing11133.jpg,Nanodomain,1.0,0.0,1.0,0.0
testing11134.jpg,Nanodomain,1.0,0.0,1.0,0.0
testing11135.jpg,Nanodomain,1.0,0.0,1.0,0.0
testing11136.jpg,Nanodomain,1.0,0.0,1.0,0.0
testing11137.jpg,Nanodomain,1.0,0.0,1.0,0.0
testing11138.jpg,Nanodomain,1.0,0.0,1.0,0.0
testing11139.jpg,Nanodomain,1.0,0.0,1.0,0.0
testing11140.jpg,Nanodomain,1.0,0.0,1.0,0.0
testing11141.jpg,Nanodomain,1.0,0.0,1.0,0.0
testing11142.jpg,Nanodomain,1.0,0.0,1.0,0.0
testing11143.jpg,Nanodomain,1.0,0.0,1.0,0.0
testing11144.jpg,Nanodomain,1.0,0.0,1.0,0.0
testing11145.jpg,Nanodomain,1.0,0.0,1.0,0.0
testing11146.jpg,Outside,1.0,4.3403576e-22,3.835386e-20,1.0
testing11147.jpg,Outside,1.0,3.204452e-34,8.668288e-31,1.0
testing11148.jpg,Outside,1.0,7.8313325e-29,3.296751e-27,1.0
testing11149.jpg,Outside,1.0,1.2493602e-26,2.1784471e-26,1.0
testing11150.jpg,Outside,1.0,4.4331477e-21,7.665397e-23,1.0
testing11151.jpg,Outside,1.0,9.263664e-25,2.120943e-24,1.0
testing11152.jpg,Outside,1.0,2.3846313e-24,3.5368473e-25,1.0
testing11153.jpg,Outside,1.0,5.484518e-26,6.361528e-24,1.0
testing11154.jpg,Intermediate,0.9999554,0.9999554,3.1254196e-17,4.453567e-05
testing11155.jpg,Outside,0.9988456,0.0011543724,2.3709457e-09,0.9988456
testing11156.jpg,Intermediate,1.0,1.0,9.867759e-29,6.5156836e-19
testing11157.jpg,Outside,0.9732496,0.026750406,2.873071e-16,0.9732496
testing11158.jpg,Intermediate,1.0,1.0,5.949191e-25,3.1070955e-18
testing11159.jpg,Intermediate,1.0,1.0,3.5593033e-24,2.2281035e-16
testing11160.jpg,Intermediate,1.0,1.0,8.271398e-24,1.0126411e-11
testing11161.jpg,Intermediate,1.0,1.0,1.1398336e-30,2.0907203e-19
testing11162.jpg,Intermediate,0.99998605,0.99998605,2.147499e-20,1.390237e-05
testing11163.jpg,Intermediate,0.98862875,0.98862875,9.733106e-20,0.0113711925
testing11164.jpg,Intermediate,1.0,1.0,6.3221365e-26,5.1437484e-13
testing11165.jpg,Intermediate,1.0,1.0,8.473708e-27,2.8064614e-24
testing11166.jpg,Intermediate,1.0,1.0,3.2485308e-24,3.6237365e-12
testing11167.jpg,Intermediate,1.0,1.0,1.26687655e-20,5.7251484e-09
testing11168.jpg,Intermediate,1.0,1.0,8.79475e-25,8.0512585e-27
testing11169.jpg,Intermediate,1.0,1.0,1.3855338e-20,1.2488332e-23
testing11170.jpg,Intermediate,1.0,1.0,3.7341005e-26,1.4005224e-30
testing11171.jpg,Intermediate,1.0,1.0,2.0279022e-28,4.142378e-27
testing11172.jpg,Intermediate,1.0,1.0,5.6523143e-19,7.3691133e-26
testing11173.jpg,Intermediate,1.0,1.0,1.7554717e-28,5.444059e-26
testing11174.jpg,Nanodomain,0.9990189,0.0009811084,0.9990189,6.398154e-22
testing11175.jpg,Nanodomain,1.0,9.3264553e-26,1.0,0.0
testing11176.jpg,Nanodomain,1.0,4.80047e-38,1.0,0.0
testing11177.jpg,Nanodomain,1.0,0.0,1.0,0.0
testing11178.jpg,Nanodomain,1.0,0.0,1.0,0.0
testing11179.jpg,Nanodomain,1.0,9.364222e-38,1.0,0.0
testing11180.jpg,Nanodomain,1.0,0.0,1.0,0.0
testing11181.jpg,Nanodomain,1.0,1.2540064e-33,1.0,0.0
testing11182.jpg,Nanodomain,1.0,0.0,1.0,0.0
testing11183.jpg,Nanodomain,1.0,0.0,1.0,0.0
testing11184.jpg,Nanodomain,1.0,0.0,1.0,0.0
testing11185.jpg,Nanodomain,1.0,0.0,1.0,0.0
testing11186.jpg,Nanodomain,1.0,0.0,1.0,0.0
testing11187.jpg,Nanodomain,1.0,7.000555e-34,1.0,0.0
testing11188.jpg,Nanodomain,1.0,3.442314e-32,1.0,0.0
testing11189.jpg,Nanodomain,1.0,6.5892935e-27,1.0,0.0
testing11190.jpg,Nanodomain,1.0,3.0579124e-31,1.0,0.0
testing11191.jpg,Nanodomain,1.0,8.270454e-16,1.0,1.5171545e-36
testing11192.jpg,Nanodomain,1.0,5.724039e-15,1.0,1.3179714e-35
testing11193.jpg,Intermediate,1.0,1.0,1.0821703e-29,1.0286056e-26
testing11194.jpg,Nanodomain,1.0,1.3302955e-10,1.0,3.6087469e-28
testing11195.jpg,Nanodomain,1.0,1.2796077e-11,1.0,2.8619893e-31
testing11196.jpg,Intermediate,0.997922,0.997922,0.0020780268,8.4343433e-22
testing11197.jpg,Intermediate,1.0,1.0,9.904081e-28,3.244232e-25
testing11198.jpg,Intermediate,1.0,1.0,1.5007273e-20,3.7558796e-22
testing11199.jpg,Intermediate,1.0,1.0,1.2843069e-34,2.0309966e-30
testing11200.jpg,Intermediate,1.0,1.0,4.017765e-27,2.6266763e-26
testing11201.jpg,Intermediate,1.0,1.0,1.4377123e-21,1.0379895e-21
testing11202.jpg,Nanodomain,1.0,0.0,1.0,0.0
testing11203.jpg,Nanodomain,1.0,0.0,1.0,0.0
testing11204.jpg,Nanodomain,1.0,0.0,1.0,0.0
testing11205.jpg,Nanodomain,1.0,0.0,1.0,0.0
testing11206.jpg,Nanodomain,1.0,0.0,1.0,0.0
testing11207.jpg,Nanodomain,1.0,4.3820827e-37,1.0,0.0
testing11208.jpg,Nanodomain,1.0,1.2952914e-30,1.0,0.0
testing11209.jpg,Nanodomain,1.0,6.006907e-33,1.0,0.0
testing11210.jpg,Nanodomain,1.0,8.544807e-32,1.0,0.0
testing11211.jpg,Intermediate,1.0,1.0,1.2126734e-26,2.6774418e-18
testing11212.jpg,Intermediate,1.0,1.0,2.1292968e-28,2.3210698e-14
testing11213.jpg,Intermediate,1.0,1.0,1.3648674e-24,1.35035805e-14
testing11214.jpg,Intermediate,1.0,1.0,1.0795114e-28,9.9140025e-17
testing11215.jpg,Intermediate,1.0,1.0,1.0240367e-26,5.59821e-14
testing11216.jpg,Intermediate,1.0,1.0,8.86953e-21,4.6258175e-10
testing11217.jpg,Intermediate,0.999119,0.999119,1.5088181e-16,0.00088102714
testing11218.jpg,Intermediate,0.9999931,0.9999931,1.770892e-17,6.897747e-06
testing11219.jpg,Intermediate,1.0,1.0,1.8003772e-25,3.1204234e-10
testing11220.jpg,Outside,1.0,5.3716085e-19,1.457042e-21,1.0
testing11221.jpg,Outside,1.0,7.0559726e-19,1.6855469e-24,1.0
testing11222.jpg,Outside,1.0,4.8922527e-10,1.6708601e-18,1.0
testing11223.jpg,Outside,1.0,1.4104169e-19,4.697042e-21,1.0
testing11224.jpg,Outside,1.0,1.4301577e-29,5.573565e-26,1.0
testing11225.jpg,Outside,1.0,2.5808225e-31,6.6692166e-31,1.0
testing11226.jpg,Outside,1.0,8.387195e-28,9.6043145e-27,1.0
testing11227.jpg,Outside,1.0,3.000516e-32,3.716358e-30,1.0
testing11228.jpg,Outside,1.0,1.3820849e-30,5.952104e-30,1.0
testing11229.jpg,Outside,1.0,7.873621e-31,1.0043444e-27,1.0
testing11230.jpg,Outside,1.0,4.6246736e-31,2.238636e-29,1.0
testing11231.jpg,Outside,1.0,4.972351e-31,2.529807e-29,1.0
testing11232.jpg,Outside,1.0,1.298343e-31,9.14958e-28,1.0
testing11233.jpg,Outside,1.0,5.4135074e-28,2.4008002e-28,1.0
testing11234.jpg,Outside,1.0,3.8656286e-28,2.58417e-25,1.0
testing11235.jpg,Outside,1.0,2.101815e-31,1.1160122e-27,1.0
testing11236.jpg,Outside,1.0,1.4797546e-30,1.1557333e-27,1.0
testing11237.jpg,Outside,1.0,6.244173e-32,2.1392529e-29,1.0
testing11238.jpg,Outside,1.0,1.2479431e-30,1.3976314e-28,1.0
testing11239.jpg,Outside,1.0,3.298336e-27,1.4282292e-27,1.0
testing11240.jpg,Outside,1.0,7.633529e-31,5.84518e-30,1.0
testing11241.jpg,Outside,1.0,3.239756e-32,7.488943e-30,1.0
testing11242.jpg,Outside,1.0,6.076078e-30,2.230241e-28,1.0
testing11243.jpg,Outside,1.0,4.685583e-31,4.9845104e-29,1.0
testing11244.jpg,Outside,1.0,2.0597273e-35,5.8996797e-31,1.0
testing11245.jpg,Outside,1.0,1.4681304e-33,7.116403e-30,1.0
testing11246.jpg,Outside,1.0,5.2470606e-32,2.2660022e-28,1.0
testing11247.jpg,Outside,1.0,2.49362e-28,7.853179e-27,1.0
testing11248.jpg,Outside,1.0,1.6554937e-33,4.9408932e-29,1.0
testing11249.jpg,Outside,1.0,5.552158e-32,1.3670166e-28,1.0
testing11250.jpg,Nanodomain,1.0,0.0,1.0,0.0
testing11251.jpg,Nanodomain,1.0,0.0,1.0,0.0
testing11252.jpg,Nanodomain,1.0,0.0,1.0,0.0
testing11253.jpg,Nanodomain,1.0,0.0,1.0,0.0
testing11254.jpg,Nanodomain,1.0,0.0,1.0,0.0
testing11255.jpg,Nanodomain,1.0,0.0,1.0,0.0
testing11256.jpg,Nanodomain,1.0,0.0,1.0,0.0
testing11257.jpg,Nanodomain,1.0,0.0,1.0,0.0
testing11258.jpg,Nanodomain,1.0,0.0,1.0,0.0
testing11259.jpg,Nanodomain,1.0,0.0,1.0,0.0
testing11260.jpg,Nanodomain,1.0,0.0,1.0,0.0
testing11261.jpg,Nanodomain,1.0,0.0,1.0,0.0
testing11262.jpg,Nanodomain,1.0,0.0,1.0,0.0
testing11263.jpg,Nanodomain,1.0,0.0,1.0,0.0
testing11264.jpg,Nanodomain,1.0,0.0,1.0,0.0
testing11265.jpg,Nanodomain,1.0,0.0,1.0,0.0
testing11266.jpg,Nanodomain,1.0,0.0,1.0,0.0
testing11267.jpg,Nanodomain,1.0,0.0,1.0,0.0
testing11268.jpg,Nanodomain,1.0,0.0,1.0,0.0
testing11269.jpg,Nanodomain,1.0,0.0,1.0,0.0
testing11270.jpg,Nanodomain,1.0,0.0,1.0,0.0
testing11271.jpg,Nanodomain,1.0,0.0,1.0,0.0
testing11272.jpg,Nanodomain,1.0,0.0,1.0,0.0
testing11273.jpg,Nanodomain,1.0,0.0,1.0,0.0
testing11274.jpg,Nanodomain,1.0,0.0,1.0,0.0
testing11275.jpg,Outside,1.0,2.0630536e-20,1.6268064e-21,1.0
testing11276.jpg,Outside,1.0,4.0344836e-15,8.1339545e-21,1.0
testing11277.jpg,Outside,1.0,4.088099e-17,6.802869e-20,1.0
testing11278.jpg,Outside,1.0,4.576192e-21,5.783544e-22,1.0
testing11279.jpg,Outside,1.0,3.1883318e-27,2.3412908e-26,1.0
testing11280.jpg,Outside,1.0,3.8606957e-26,1.0620433e-25,1.0
testing11281.jpg,Outside,0.9952447,0.0047553084,8.4989117e-19,0.9952447
testing11282.jpg,Intermediate,0.99999964,0.99999964,4.5800766e-17,3.6040925e-07
testing11283.jpg,Intermediate,0.6728301,0.6728301,7.4989695e-11,0.32716992
testing11284.jpg,Intermediate,1.0,1.0,3.290121e-25,1.808274e-15
testing11285.jpg,Intermediate,1.0,1.0,9.08341e-26,1.3046894e-14
testing11286.jpg,Intermediate,1.0,1.0,1.2864856e-24,9.550032e-18
testing11287.jpg,Intermediate,0.99999976,0.99999976,1.421532e-20,2.625717e-07
testing11288.jpg,Nanodomain,1.0,1.3301829e-30,1.0,0.0
testing11289.jpg,Intermediate,1.0,1.0,1.5393502e-26,1.2360498e-17
testing11290.jpg,Intermediate,0.9999826,0.9999826,1.8514591e-19,1.740404e-05
testing11291.jpg,Intermediate,1.0,1.0,2.5619688e-24,7.6963154e-21
testing11292.jpg,Intermediate,1.0,1.0,6.1792553e-22,2.0215444e-14
testing11293.jpg,Intermediate,1.0,1.0,2.542012e-24,3.86725e-21
testing11294.jpg,Outside,1.0,5.0701874e-17,6.140557e-21,1.0
testing11295.jpg,Intermediate,1.0,1.0,5.3218975e-21,4.0541856e-15
testing11296.jpg,Intermediate,1.0,1.0,1.0365415e-28,1.0036719e-24
testing11297.jpg,Intermediate,1.0,1.0,4.884279e-22,2.799772e-21
testing11298.jpg,Intermediate,1.0,1.0,2.7503928e-26,2.5455352e-16
testing11299.jpg,Outside,1.0,1.5489325e-09,2.3181012e-14,1.0
testing11300.jpg,Intermediate,1.0,1.0,1.1700474e-21,1.7503288e-10
testing11301.jpg,Intermediate,1.0,1.0,1.9240125e-27,9.365679e-17
testing11302.jpg,Nanodomain,1.0,3.3831484e-31,1.0,0.0
testing11303.jpg,Nanodomain,1.0,7.2938853e-25,1.0,0.0
testing11304.jpg,Nanodomain,1.0,5.987239e-31,1.0,0.0
testing11305.jpg,Nanodomain,1.0,0.0,1.0,0.0
testing11306.jpg,Nanodomain,1.0,0.0,1.0,0.0
testing11307.jpg,Nanodomain,1.0,0.0,1.0,0.0
testing11308.jpg,Nanodomain,1.0,0.0,1.0,0.0
testing11309.jpg,Nanodomain,1.0,0.0,1.0,0.0
testing11310.jpg,Nanodomain,1.0,0.0,1.0,0.0
testing11311.jpg,Nanodomain,1.0,0.0,1.0,0.0
testing11312.jpg,Nanodomain,1.0,0.0,1.0,0.0
testing11313.jpg,Nanodomain,1.0,0.0,1.0,0.0
testing11314.jpg,Nanodomain,1.0,0.0,1.0,0.0
testing11315.jpg,Nanodomain,1.0,0.0,1.0,0.0
testing11316.jpg,Nanodomain,1.0,6.801008e-33,1.0,0.0
testing11317.jpg,Intermediate,1.0,1.0,2.4336417e-23,3.1332367e-12
testing11318.jpg,Nanodomain,1.0,1.2225e-21,1.0,0.0
testing11319.jpg,Nanodomain,1.0,3.2313612e-18,1.0,4.430776e-38
testing11320.jpg,Nanodomain,0.999997,2.9722207e-06,0.999997,2.1945082e-23
testing11321.jpg,Intermediate,0.9999021,0.9999021,9.787655e-05,2.2406058e-20
testing11322.jpg,Intermediate,1.0,1.0,5.17248e-23,1.6948778e-23
testing11323.jpg,Intermediate,1.0,1.0,2.9296465e-09,5.8844478e-21
testing11324.jpg,Intermediate,0.9998035,0.9998035,0.00019657137,6.447669e-21
testing11325.jpg,Intermediate,1.0,1.0,3.8964574e-18,8.215343e-21
testing11326.jpg,Intermediate,1.0,1.0,6.0041186e-31,2.5921858e-26
testing11327.jpg,Intermediate,1.0,1.0,2.428142e-31,2.9351246e-26
testing11328.jpg,Nanodomain,1.0,0.0,1.0,0.0
testing11329.jpg,Intermediate,1.0,1.0,2.3505727e-32,6.059531e-29
testing11330.jpg,Nanodomain,1.0,0.0,1.0,0.0
testing11331.jpg,Nanodomain,1.0,0.0,1.0,0.0
testing11332.jpg,Nanodomain,1.0,0.0,1.0,0.0
testing11333.jpg,Nanodomain,1.0,0.0,1.0,0.0
testing11334.jpg,Nanodomain,1.0,0.0,1.0,0.0
testing11335.jpg,Nanodomain,1.0,7.6334054e-33,1.0,0.0
testing11336.jpg,Nanodomain,1.0,0.0,1.0,0.0
testing11337.jpg,Nanodomain,1.0,0.0,1.0,0.0
testing11338.jpg,Nanodomain,1.0,3.9192605e-13,1.0,1.3872163e-34
testing11339.jpg,Nanodomain,1.0,8.903364e-09,1.0,3.7220577e-32
testing11340.jpg,Nanodomain,1.0,2.6595584e-24,1.0,0.0
testing11341.jpg,Outside,0.8860871,0.11391291,3.2788666e-14,0.8860871
testing11342.jpg,Outside,0.5797041,0.42029586,1.4307192e-17,0.5797041
testing11343.jpg,Intermediate,0.99999225,0.99999225,7.657574e-20,7.690826e-06
testing11344.jpg,Outside,0.9999794,2.0633652e-05,1.7297397e-17,0.9999794
testing11345.jpg,Outside,1.0,3.296631e-16,4.4116838e-23,1.0
testing11346.jpg,Intermediate,1.0,1.0,3.8579905e-24,8.58742e-09
testing11347.jpg,Outside,1.0,1.4068872e-18,1.325326e-22,1.0
testing11348.jpg,Outside,1.0,8.2251057e-26,1.3090343e-25,1.0
testing11349.jpg,Outside,1.0,7.758412e-24,8.9672225e-24,1.0
testing11350.jpg,Outside,1.0,9.571448e-24,1.609365e-26,1.0
testing11351.jpg,Outside,1.0,1.3581785e-23,1.5076222e-23,1.0
testing11352.jpg,Outside,1.0,2.867366e-31,1.5984292e-29,1.0
testing11353.jpg,Outside,1.0,5.7652682e-27,1.2347624e-26,1.0
testing11354.jpg,Outside,1.0,6.9036963e-29,3.768584e-28,1.0
testing11355.jpg,Outside,1.0,1.0168116e-27,1.6205403e-26,1.0
testing11356.jpg,Outside,1.0,5.7915626e-28,5.582499e-27,1.0
testing11357.jpg,Outside,1.0,2.2159456e-26,2.9497278e-26,1.0
testing11358.jpg,Outside,1.0,1.7347515e-32,6.6151965e-31,1.0
testing11359.jpg,Outside,1.0,1.2625348e-27,1.5393024e-27,1.0
testing11360.jpg,Outside,1.0,4.912006e-30,9.535423e-28,1.0
testing11361.jpg,Outside,1.0,6.5130694e-28,2.8969814e-26,1.0
testing11362.jpg,Outside,1.0,6.643714e-26,7.3948234e-26,1.0
testing11363.jpg,Outside,1.0,1.7835943e-26,1.3276098e-27,1.0
testing11364.jpg,Outside,1.0,1.524655e-30,2.505521e-27,1.0
testing11365.jpg,Outside,1.0,3.252985e-30,1.4476787e-29,1.0
testing11366.jpg,Outside,1.0,3.632366e-27,9.672149e-27,1.0
testing11367.jpg,Outside,1.0,1.1959682e-28,5.315853e-28,1.0
testing11368.jpg,Outside,1.0,1.417495e-32,1.3712666e-30,1.0
testing11369.jpg,Outside,1.0,1.9627018e-34,3.0530302e-30,1.0
testing11370.jpg,Outside,1.0,1.6706234e-34,3.8718172e-33,1.0
testing11371.jpg,Outside,1.0,4.263813e-32,1.3306861e-29,1.0
testing11372.jpg,Outside,1.0,4.8006586e-36,2.3557612e-32,1.0
testing11373.jpg,Outside,1.0,2.9805752e-32,1.6793181e-28,1.0
testing11374.jpg,Outside,1.0,5.8021085e-36,9.659357e-34,1.0
testing11375.jpg,Outside,1.0,2.012709e-31,9.274036e-30,1.0
testing11376.jpg,Outside,1.0,0.0,6.581225e-36,1.0
testing11377.jpg,Intermediate,1.0,1.0,3.129016e-26,6.830794e-21
testing11378.jpg,Intermediate,1.0,1.0,2.772964e-22,3.2392542e-14
testing11379.jpg,Nanodomain,1.0,0.0,1.0,0.0
testing11380.jpg,Nanodomain,1.0,0.0,1.0,0.0
testing11381.jpg,Nanodomain,1.0,0.0,1.0,0.0
testing11382.jpg,Nanodomain,1.0,0.0,1.0,0.0
testing11383.jpg,Nanodomain,1.0,0.0,1.0,0.0
testing11384.jpg,Nanodomain,1.0,0.0,1.0,0.0
testing11385.jpg,Nanodomain,1.0,0.0,1.0,0.0
testing11386.jpg,Nanodomain,1.0,0.0,1.0,0.0
testing11387.jpg,Nanodomain,1.0,0.0,1.0,0.0
testing11388.jpg,Nanodomain,1.0,0.0,1.0,0.0
testing11389.jpg,Nanodomain,1.0,0.0,1.0,0.0
testing11390.jpg,Nanodomain,1.0,0.0,1.0,0.0
testing11391.jpg,Nanodomain,1.0,0.0,1.0,0.0
testing11392.jpg,Nanodomain,1.0,0.0,1.0,0.0
testing11393.jpg,Nanodomain,1.0,0.0,1.0,0.0
testing11394.jpg,Nanodomain,1.0,0.0,1.0,0.0
testing11395.jpg,Nanodomain,1.0,0.0,1.0,0.0
testing11396.jpg,Nanodomain,1.0,0.0,1.0,0.0
testing11397.jpg,Nanodomain,1.0,0.0,1.0,0.0
testing11398.jpg,Nanodomain,1.0,0.0,1.0,0.0
testing11399.jpg,Nanodomain,1.0,0.0,1.0,0.0
testing11400.jpg,Nanodomain,1.0,0.0,1.0,0.0
testing11401.jpg,Nanodomain,1.0,0.0,1.0,0.0
testing11402.jpg,Nanodomain,1.0,0.0,1.0,0.0
testing11403.jpg,Intermediate,1.0,1.0,1.11517445e-26,5.1117027e-19
testing11404.jpg,Intermediate,1.0,1.0,2.7637525e-24,1.5721697e-24
testing11405.jpg,Outside,1.0,1.3976525e-28,8.158604e-27,1.0
testing11406.jpg,Outside,1.0,5.0328714e-28,2.2661254e-26,1.0
testing11407.jpg,Outside,1.0,3.9706e-31,3.6102476e-28,1.0
testing11408.jpg,Intermediate,1.0,1.0,2.9075347e-32,2.330867e-24
testing11409.jpg,Outside,1.0,4.1536938e-26,4.0748327e-25,1.0
testing11410.jpg,Outside,1.0,7.661317e-27,1.9271657e-25,1.0
testing11411.jpg,Outside,1.0,3.50427e-23,9.000265e-23,1.0
testing11412.jpg,Intermediate,1.0,1.0,1.0606237e-22,3.0603002e-19
testing11413.jpg,Intermediate,0.99999976,0.99999976,2.786528e-13,2.564479e-07
testing11414.jpg,Intermediate,1.0,1.0,3.3074043e-29,1.2581059e-21
testing11415.jpg,Intermediate,1.0,1.0,5.488178e-27,3.628618e-24
testing11416.jpg,Intermediate,1.0,1.0,3.2237077e-30,1.2599394e-23
testing11417.jpg,Intermediate,1.0,1.0,1.8404405e-29,1.2045246e-22
testing11418.jpg,Intermediate,1.0,1.0,3.4415442e-22,5.761104e-15
testing11419.jpg,Intermediate,1.0,1.0,1.5903177e-34,1.154291e-22
testing11420.jpg,Outside,1.0,8.875197e-10,7.398691e-18,1.0
testing11421.jpg,Intermediate,1.0,1.0,4.2286568e-20,1.2017197e-12
testing11422.jpg,Intermediate,0.99998474,0.99998474,8.924451e-12,1.5266838e-05
testing11423.jpg,Outside,0.99999166,8.346954e-06,1.5677576e-13,0.99999166
testing11424.jpg,Outside,1.0,3.2580382e-12,9.878656e-19,1.0
testing11425.jpg,Outside,1.0,3.5931604e-33,2.6063084e-31,1.0
testing11426.jpg,Outside,1.0,3.7692023e-13,1.2744484e-19,1.0
testing11427.jpg,Outside,1.0,2.6492515e-12,1.9882696e-20,1.0
testing11428.jpg,Outside,0.9999856,1.442755e-05,6.657875e-19,0.9999856
testing11429.jpg,Nanodomain,1.0,0.0,1.0,0.0
testing11430.jpg,Nanodomain,1.0,0.0,1.0,0.0
testing11431.jpg,Nanodomain,1.0,0.0,1.0,0.0
testing11432.jpg,Nanodomain,1.0,0.0,1.0,0.0
testing11433.jpg,Nanodomain,1.0,0.0,1.0,0.0
testing11434.jpg,Nanodomain,1.0,0.0,1.0,0.0
testing11435.jpg,Nanodomain,1.0,0.0,1.0,0.0
testing11436.jpg,Nanodomain,1.0,0.0,1.0,0.0
testing11437.jpg,Nanodomain,1.0,0.0,1.0,0.0
testing11438.jpg,Nanodomain,1.0,0.0,1.0,0.0
testing11439.jpg,Nanodomain,1.0,0.0,1.0,0.0
testing11440.jpg,Nanodomain,1.0,0.0,1.0,0.0
testing11441.jpg,Nanodomain,1.0,0.0,1.0,0.0
testing11442.jpg,Nanodomain,1.0,0.0,1.0,0.0
testing11443.jpg,Nanodomain,1.0,0.0,1.0,0.0
testing11444.jpg,Nanodomain,1.0,0.0,1.0,0.0
testing11445.jpg,Intermediate,1.0,1.0,8.2922837e-16,5.6433157e-24
testing11446.jpg,Intermediate,1.0,1.0,1.1467305e-27,9.725164e-20
testing11447.jpg,Intermediate,1.0,1.0,1.2955948e-27,6.680405e-28
testing11448.jpg,Intermediate,1.0,1.0,2.3173124e-23,1.19753716e-23
testing11449.jpg,Intermediate,1.0,1.0,3.7138723e-33,1.3015435e-28
testing11450.jpg,Intermediate,1.0,1.0,4.7752716e-28,3.315239e-27
testing11451.jpg,Intermediate,1.0,1.0,1.1164613e-31,9.827554e-31
testing11452.jpg,Intermediate,1.0,1.0,9.753424e-30,4.405644e-24
testing11453.jpg,Intermediate,1.0,1.0,4.180345e-29,5.345326e-25
testing11454.jpg,Intermediate,1.0,1.0,1.8812681e-31,6.4108253e-27
testing11455.jpg,Intermediate,1.0,1.0,5.688756e-29,5.6715256e-23
testing11456.jpg,Nanodomain,1.0,5.5230246e-33,1.0,0.0
testing11457.jpg,Nanodomain,1.0,4.581264e-33,1.0,0.0
testing11458.jpg,Intermediate,1.0,1.0,1.6871239e-23,6.7790546e-22
testing11459.jpg,Nanodomain,1.0,0.0,1.0,0.0
testing11460.jpg,Nanodomain,1.0,3.3466438e-38,1.0,0.0
testing11461.jpg,Nanodomain,1.0,0.0,1.0,0.0
testing11462.jpg,Nanodomain,1.0,2.080107e-20,1.0,0.0
testing11463.jpg,Nanodomain,1.0,2.595889e-24,1.0,0.0
testing11464.jpg,Nanodomain,0.9999993,7.6580363e-07,0.9999993,4.8242508e-26
testing11465.jpg,Nanodomain,1.0,1.670173e-09,1.0,8.603296e-30
testing11466.jpg,Nanodomain,0.5936989,0.40630114,0.5936989,8.870758e-23
testing11467.jpg,Intermediate,1.0,1.0,9.9926733e-17,8.636373e-23
testing11468.jpg,Intermediate,1.0,1.0,2.5698771e-17,5.213699e-25
testing11469.jpg,Intermediate,1.0,1.0,6.609262e-18,1.0915597e-24
testing11470.jpg,Intermediate,1.0,1.0,5.2277543e-27,1.0745803e-22
testing11471.jpg,Outside,1.0,1.1614801e-25,5.4170896e-25,1.0
testing11472.jpg,Outside,1.0,3.3537707e-18,1.3813488e-20,1.0
testing11473.jpg,Outside,1.0,3.114368e-19,5.5617004e-23,1.0
testing11474.jpg,Outside,1.0,1.8532712e-20,9.241322e-25,1.0
testing11475.jpg,Outside,1.0,2.2215108e-22,9.506133e-24,1.0
testing11476.jpg,Outside,1.0,1.9149779e-26,1.1250533e-26,1.0
testing11477.jpg,Outside,1.0,1.0512685e-26,4.1080745e-26,1.0
testing11478.jpg,Outside,1.0,2.0206635e-31,1.6498861e-29,1.0
testing11479.jpg,Outside,1.0,1.7699436e-26,2.8523633e-25,1.0
testing11480.jpg,Outside,1.0,7.2900084e-28,4.6374382e-27,1.0
testing11481.jpg,Outside,1.0,5.353209e-30,4.2553858e-29,1.0
testing11482.jpg,Outside,1.0,3.0953755e-38,4.6711225e-33,1.0
testing11483.jpg,Outside,1.0,1.2260086e-34,4.3939762e-33,1.0
testing11484.jpg,Outside,1.0,1.2077682e-30,7.7633965e-29,1.0
testing11485.jpg,Outside,1.0,1.5088104e-34,2.684029e-32,1.0
testing11486.jpg,Outside,1.0,2.4282108e-28,1.8565459e-29,1.0
testing11487.jpg,Outside,1.0,1.1509628e-29,2.1592928e-27,1.0
testing11488.jpg,Outside,1.0,3.366742e-26,1.8300827e-25,1.0
testing11489.jpg,Outside,1.0,2.2629517e-29,2.1167298e-26,1.0
testing11490.jpg,Outside,1.0,7.366558e-33,1.9542785e-30,1.0
testing11491.jpg,Outside,1.0,1.345345e-29,6.756113e-27,1.0
testing11492.jpg,Outside,1.0,3.0259362e-36,3.4275076e-32,1.0
testing11493.jpg,Outside,1.0,5.0738424e-25,2.573073e-26,1.0
testing11494.jpg,Outside,1.0,1.4078241e-29,3.605996e-27,1.0
testing11495.jpg,Outside,1.0,3.5678412e-31,1.2273453e-29,1.0
testing11496.jpg,Outside,1.0,3.744677e-30,7.8146543e-28,1.0
testing11497.jpg,Outside,1.0,8.830955e-33,2.3699045e-31,1.0
testing11498.jpg,Outside,1.0,5.2915866e-31,2.1946598e-28,1.0
testing11499.jpg,Outside,1.0,2.593209e-30,5.5938124e-29,1.0
testing11500.jpg,Outside,1.0,8.408978e-36,4.2667925e-31,1.0
testing11501.jpg,Outside,1.0,4.602088e-34,7.612509e-30,1.0
testing11502.jpg,Outside,1.0,8.99142e-36,6.771289e-33,1.0
testing11503.jpg,Outside,1.0,2.0992576e-32,5.791405e-29,1.0
testing11504.jpg,Outside,1.0,5.7462e-38,4.8333183e-33,1.0
testing11505.jpg,Nanodomain,1.0,0.0,1.0,0.0
testing11506.jpg,Nanodomain,1.0,0.0,1.0,0.0
testing11507.jpg,Nanodomain,1.0,0.0,1.0,0.0
testing11508.jpg,Nanodomain,1.0,0.0,1.0,0.0
testing11509.jpg,Nanodomain,1.0,0.0,1.0,0.0
testing11510.jpg,Nanodomain,1.0,0.0,1.0,0.0
testing11511.jpg,Nanodomain,1.0,0.0,1.0,0.0
testing11512.jpg,Nanodomain,1.0,0.0,1.0,0.0
testing11513.jpg,Nanodomain,1.0,0.0,1.0,0.0
testing11514.jpg,Nanodomain,1.0,0.0,1.0,0.0
testing11515.jpg,Nanodomain,1.0,0.0,1.0,0.0
testing11516.jpg,Nanodomain,1.0,0.0,1.0,0.0
testing11517.jpg,Nanodomain,1.0,0.0,1.0,0.0
testing11518.jpg,Nanodomain,1.0,0.0,1.0,0.0
testing11519.jpg,Nanodomain,1.0,0.0,1.0,0.0
testing11520.jpg,Nanodomain,1.0,0.0,1.0,0.0
testing11521.jpg,Nanodomain,1.0,0.0,1.0,0.0
testing11522.jpg,Nanodomain,1.0,0.0,1.0,0.0
testing11523.jpg,Nanodomain,1.0,0.0,1.0,0.0
testing11524.jpg,Nanodomain,1.0,0.0,1.0,0.0
testing11525.jpg,Nanodomain,1.0,0.0,1.0,0.0
testing11526.jpg,Nanodomain,1.0,0.0,1.0,0.0
testing11527.jpg,Nanodomain,1.0,0.0,1.0,0.0
testing11528.jpg,Nanodomain,1.0,0.0,1.0,0.0
testing11529.jpg,Nanodomain,1.0,0.0,1.0,0.0
testing11530.jpg,Nanodomain,1.0,0.0,1.0,0.0
testing11531.jpg,Intermediate,0.9999528,0.9999528,4.7176032e-05,2.4540526e-17
testing11532.jpg,Intermediate,1.0,1.0,2.9485268e-24,6.794759e-14
testing11533.jpg,Outside,1.0,1.4719926e-20,8.58239e-21,1.0
testing11534.jpg,Intermediate,1.0,1.0,8.609711e-27,1.3049974e-15
testing11535.jpg,Intermediate,0.99995136,0.99995136,5.8082516e-20,4.8606365e-05
testing11536.jpg,Outside,1.0,8.4676244e-14,2.517673e-17,1.0
testing11537.jpg,Outside,1.0,1.6139447e-08,6.8118344e-18,1.0
testing11538.jpg,Outside,1.0,2.457423e-14,1.6598054e-19,1.0
testing11539.jpg,Outside,1.0,1.0548141e-21,6.552957e-24,1.0
testing11540.jpg,Outside,1.0,4.314681e-10,2.0412327e-16,1.0
testing11541.jpg,Intermediate,1.0,1.0,3.3289227e-29,1.2486554e-18
testing11542.jpg,Intermediate,1.0,1.0,2.0631895e-33,3.2524343e-18
testing11543.jpg,Intermediate,1.0,1.0,1.9749348e-28,2.3289062e-21
testing11544.jpg,Intermediate,1.0,1.0,2.2887026e-20,6.157359e-11
testing11545.jpg,Intermediate,1.0,1.0,1.0525112e-28,1.2684597e-17
testing11546.jpg,Intermediate,1.0,1.0,5.318767e-23,4.9463284e-20
testing11547.jpg,Intermediate,1.0,1.0,2.590347e-26,1.1276358e-18
testing11548.jpg,Intermediate,0.9999888,0.9999888,1.4091286e-16,1.125949e-05
testing11549.jpg,Intermediate,0.9999981,0.9999981,4.589254e-12,1.9260158e-06
testing11550.jpg,Intermediate,1.0,1.0,4.349797e-26,1.0386824e-14
testing11551.jpg,Intermediate,1.0,1.0,6.3505116e-19,2.2525904e-14
testing11552.jpg,Outside,1.0,2.23204e-18,6.257496e-19,1.0
testing11553.jpg,Outside,1.0,4.5646903e-11,1.1372872e-17,1.0
testing11554.jpg,Outside,1.0,1.2931957e-26,3.7510327e-26,1.0
testing11555.jpg,Outside,1.0,8.412747e-25,1.6274912e-26,1.0
testing11556.jpg,Outside,1.0,1.1314112e-24,2.8488183e-25,1.0
testing11557.jpg,Nanodomain,1.0,0.0,1.0,0.0
testing11558.jpg,Nanodomain,1.0,0.0,1.0,0.0
testing11559.jpg,Nanodomain,1.0,0.0,1.0,0.0
testing11560.jpg,Nanodomain,1.0,0.0,1.0,0.0
testing11561.jpg,Nanodomain,1.0,0.0,1.0,0.0
testing11562.jpg,Nanodomain,1.0,0.0,1.0,0.0
testing11563.jpg,Nanodomain,1.0,0.0,1.0,0.0
testing11564.jpg,Nanodomain,1.0,0.0,1.0,0.0
testing11565.jpg,Nanodomain,1.0,0.0,1.0,0.0
testing11566.jpg,Nanodomain,1.0,0.0,1.0,0.0
testing11567.jpg,Nanodomain,1.0,0.0,1.0,0.0
testing11568.jpg,Nanodomain,1.0,0.0,1.0,0.0
testing11569.jpg,Nanodomain,1.0,0.0,1.0,0.0
testing11570.jpg,Nanodomain,1.0,0.0,1.0,0.0
testing11571.jpg,Nanodomain,1.0,0.0,1.0,0.0
testing11572.jpg,Intermediate,0.964011,0.964011,0.035988998,1.6098773e-21
testing11573.jpg,Nanodomain,1.0,1.2844709e-08,1.0,4.353523e-30
testing11574.jpg,Intermediate,0.9959282,0.9959282,0.004071808,1.7082402e-21
testing11575.jpg,Nanodomain,0.99804604,0.0019539047,0.99804604,1.3037793e-23
testing11576.jpg,Intermediate,0.9968527,0.9968527,0.0031472712,6.2939595e-23
testing11577.jpg,Nanodomain,0.9705028,0.029497247,0.9705028,2.7854577e-20
testing11578.jpg,Intermediate,1.0,1.0,3.3595934e-20,2.3362013e-22
testing11579.jpg,Intermediate,1.0,1.0,3.556101e-31,1.2937421e-28
testing11580.jpg,Intermediate,1.0,1.0,1.691814e-25,2.4748694e-25
testing11581.jpg,Intermediate,1.0,1.0,8.758211e-28,8.7739644e-27
testing11582.jpg,Intermediate,1.0,1.0,1.5050112e-26,2.06325e-28
testing11583.jpg,Intermediate,1.0,1.0,2.234393e-24,1.0125277e-25
testing11584.jpg,Intermediate,1.0,1.0,8.298628e-35,1.1031366e-27
testing11585.jpg,Nanodomain,1.0,3.1978775e-22,1.0,0.0
testing11586.jpg,Intermediate,1.0,1.0,1.10322806e-14,1.3380549e-24
testing11587.jpg,Intermediate,1.0,1.0,6.5391186e-33,1.9846706e-27
testing11588.jpg,Intermediate,1.0,1.0,5.2826605e-09,3.8279548e-23
testing11589.jpg,Intermediate,1.0,1.0,5.733783e-16,3.0141764e-19
testing11590.jpg,Intermediate,1.0,1.0,2.5231628e-32,1.4650504e-22
testing11591.jpg,Intermediate,1.0,1.0,2.773433e-27,6.593858e-23
testing11592.jpg,Intermediate,1.0,1.0,8.5457456e-26,7.988066e-13
testing11593.jpg,Intermediate,1.0,1.0,4.2455323e-27,1.3679376e-24
testing11594.jpg,Intermediate,1.0,1.0,1.5217099e-29,1.7432897e-24
testing11595.jpg,Nanodomain,1.0,1.7561458e-08,1.0,3.6504286e-32
testing11596.jpg,Nanodomain,0.99999976,2.0379154e-07,0.99999976,6.483575e-26
testing11597.jpg,Nanodomain,1.0,2.9082367e-11,1.0,1.5257423e-31
testing11598.jpg,Intermediate,0.99999976,0.99999976,2.4034392e-07,1.6607968e-22
testing11599.jpg,Outside,1.0,9.737938e-19,8.0483305e-22,1.0
testing11600.jpg,Outside,1.0,5.895407e-23,4.5513267e-23,1.0
testing11601.jpg,Outside,1.0,4.5749747e-19,1.7310187e-22,1.0
testing11602.jpg,Outside,1.0,3.2408962e-30,1.9529753e-29,1.0
testing11603.jpg,Outside,1.0,3.3714913e-22,1.296185e-24,1.0
testing11604.jpg,Outside,1.0,3.9501564e-25,5.8748842e-24,1.0
testing11605.jpg,Outside,1.0,5.4098505e-29,1.4669256e-27,1.0
testing11606.jpg,Outside,1.0,2.1585914e-28,2.7259092e-26,1.0
testing11607.jpg,Outside,1.0,6.680459e-27,1.2900576e-25,1.0
testing11608.jpg,Outside,1.0,4.1754404e-27,7.1010996e-25,1.0
testing11609.jpg,Outside,1.0,6.6789934e-31,6.5299863e-28,1.0
testing11610.jpg,Outside,1.0,1.6909347e-27,4.1759184e-27,1.0
testing11611.jpg,Outside,1.0,1.4388003e-26,1.1179697e-24,1.0
testing11612.jpg,Outside,1.0,3.3892083e-30,4.6917247e-28,1.0
testing11613.jpg,Outside,1.0,3.0561533e-30,3.2735031e-28,1.0
testing11614.jpg,Outside,1.0,2.3542622e-31,4.305547e-29,1.0
testing11615.jpg,Outside,1.0,2.337054e-32,1.24578355e-30,1.0
testing11616.jpg,Outside,1.0,4.756881e-32,6.79003e-29,1.0
testing11617.jpg,Outside,1.0,7.09847e-33,7.0783365e-30,1.0
testing11618.jpg,Outside,1.0,5.4039873e-31,7.6331874e-29,1.0
testing11619.jpg,Outside,1.0,2.2336076e-25,1.3360097e-24,1.0
testing11620.jpg,Outside,1.0,3.6258204e-33,5.3386485e-30,1.0
testing11621.jpg,Outside,1.0,5.7305993e-28,3.8354932e-25,1.0
testing11622.jpg,Outside,1.0,4.090359e-33,6.7565887e-31,1.0
testing11623.jpg,Outside,1.0,3.9908264e-31,6.32254e-28,1.0
testing11624.jpg,Outside,1.0,2.2296044e-27,1.6729196e-26,1.0
testing11625.jpg,Outside,1.0,8.522449e-38,1.0099511e-32,1.0
testing11626.jpg,Outside,1.0,1.8897121e-31,9.841477e-30,1.0
testing11627.jpg,Outside,1.0,7.9228784e-32,2.0482559e-28,1.0
testing11628.jpg,Outside,1.0,7.511581e-36,6.668599e-33,1.0
testing11629.jpg,Outside,1.0,1.7984478e-33,5.097929e-29,1.0
testing11630.jpg,Outside,1.0,2.1507509e-35,1.3326762e-31,1.0
testing11631.jpg,Outside,1.0,7.667141e-33,1.4631781e-31,1.0
testing11632.jpg,Outside,1.0,1.1257906e-28,8.767044e-26,1.0
testing11633.jpg,Nanodomain,1.0,0.0,1.0,0.0
testing11634.jpg,Nanodomain,1.0,0.0,1.0,0.0
testing11635.jpg,Nanodomain,1.0,0.0,1.0,0.0
testing11636.jpg,Nanodomain,1.0,0.0,1.0,0.0
testing11637.jpg,Nanodomain,1.0,0.0,1.0,0.0
testing11638.jpg,Nanodomain,1.0,0.0,1.0,0.0
testing11639.jpg,Nanodomain,1.0,0.0,1.0,0.0
testing11640.jpg,Nanodomain,1.0,0.0,1.0,0.0
testing11641.jpg,Nanodomain,1.0,0.0,1.0,0.0
testing11642.jpg,Nanodomain,1.0,0.0,1.0,0.0
testing11643.jpg,Nanodomain,1.0,0.0,1.0,0.0
testing11644.jpg,Nanodomain,1.0,0.0,1.0,0.0
testing11645.jpg,Nanodomain,1.0,0.0,1.0,0.0
testing11646.jpg,Nanodomain,1.0,0.0,1.0,0.0
testing11647.jpg,Outside,1.0,1.8868947e-32,7.816973e-30,1.0
testing11648.jpg,Outside,1.0,4.7096634e-14,2.182433e-17,1.0
testing11649.jpg,Nanodomain,1.0,0.0,1.0,0.0
testing11650.jpg,Nanodomain,1.0,0.0,1.0,0.0
testing11651.jpg,Nanodomain,1.0,0.0,1.0,0.0
testing11652.jpg,Nanodomain,1.0,0.0,1.0,0.0
testing11653.jpg,Nanodomain,1.0,0.0,1.0,0.0
testing11654.jpg,Nanodomain,1.0,0.0,1.0,0.0
testing11655.jpg,Nanodomain,1.0,0.0,1.0,0.0
testing11656.jpg,Nanodomain,1.0,0.0,1.0,0.0
testing11657.jpg,Nanodomain,1.0,0.0,1.0,0.0
testing11658.jpg,Nanodomain,1.0,6.0131784e-14,1.0,1.2099555e-35
testing11659.jpg,Intermediate,0.9999993,0.9999993,7.015852e-07,5.7128764e-19
testing11660.jpg,Nanodomain,1.0,0.0,1.0,0.0
testing11661.jpg,Outside,0.9999999,1.6770633e-07,6.560965e-15,0.9999999
testing11662.jpg,Intermediate,1.0,1.0,1.1480082e-20,2.6423166e-09
testing11663.jpg,Intermediate,1.0,1.0,2.6628325e-20,3.4505998e-08
testing11664.jpg,Outside,1.0,1.6589096e-08,7.229148e-18,1.0
testing11665.jpg,Outside,0.9999999,6.455587e-08,4.52056e-16,0.9999999
testing11666.jpg,Outside,0.99955124,0.0004487541,7.075689e-18,0.99955124
testing11667.jpg,Intermediate,0.99999106,0.99999106,8.109503e-20,8.946664e-06
testing11668.jpg,Intermediate,1.0,1.0,8.042602e-27,4.6469027e-16
testing11669.jpg,Outside,1.0,3.045711e-24,4.237707e-24,1.0
testing11670.jpg,Outside,0.9999993,7.154602e-07,9.928859e-19,0.9999993
testing11671.jpg,Outside,1.0,2.1281791e-14,2.0135592e-18,1.0
testing11672.jpg,Intermediate,1.0,1.0,1.4282028e-26,1.2296544e-16
testing11673.jpg,Outside,1.0,8.089087e-21,2.5527428e-22,1.0
testing11674.jpg,Outside,0.588512,0.41148794,1.453373e-15,0.588512
testing11675.jpg,Intermediate,0.9999883,0.9999883,2.1355624e-18,1.1623759e-05
testing11676.jpg,Intermediate,1.0,1.0,1.755636e-24,5.5793667e-13
testing11677.jpg,Intermediate,1.0,1.0,1.0449331e-30,2.9423993e-19
testing11678.jpg,Intermediate,1.0,1.0,7.412833e-21,1.0476639e-10
testing11679.jpg,Intermediate,1.0,1.0,5.940905e-28,5.950895e-17
testing11680.jpg,Outside,0.9999994,6.311254e-07,3.0358372e-17,0.9999994
testing11681.jpg,Outside,1.0,4.044717e-22,3.2822157e-22,1.0
testing11682.jpg,Outside,1.0,1.6617892e-18,1.2542969e-20,1.0
testing11683.jpg,Outside,1.0,1.2236038e-24,4.6906985e-23,1.0
testing11684.jpg,Intermediate,1.0,1.0,4.2883347e-22,1.3734596e-12
testing11685.jpg,Intermediate,1.0,1.0,2.499377e-24,2.1803196e-13
testing11686.jpg,Nanodomain,1.0,0.0,1.0,0.0
testing11687.jpg,Nanodomain,1.0,0.0,1.0,0.0
testing11688.jpg,Nanodomain,1.0,0.0,1.0,0.0
testing11689.jpg,Nanodomain,1.0,0.0,1.0,0.0
testing11690.jpg,Nanodomain,1.0,0.0,1.0,0.0
testing11691.jpg,Nanodomain,1.0,0.0,1.0,0.0
testing11692.jpg,Nanodomain,1.0,0.0,1.0,0.0
testing11693.jpg,Nanodomain,1.0,0.0,1.0,0.0
testing11694.jpg,Nanodomain,1.0,0.0,1.0,0.0
testing11695.jpg,Nanodomain,1.0,0.0,1.0,0.0
testing11696.jpg,Nanodomain,1.0,0.0,1.0,0.0
testing11697.jpg,Nanodomain,1.0,0.0,1.0,0.0
testing11698.jpg,Nanodomain,1.0,0.0,1.0,0.0
testing11699.jpg,Nanodomain,1.0,0.0,1.0,0.0
testing11700.jpg,Nanodomain,1.0,0.0,1.0,0.0
testing11701.jpg,Nanodomain,1.0,0.0,1.0,0.0
testing11702.jpg,Nanodomain,1.0,0.0,1.0,0.0
testing11703.jpg,Intermediate,1.0,1.0,2.188843e-26,1.5242577e-25
testing11704.jpg,Intermediate,1.0,1.0,3.263208e-26,2.983168e-25
testing11705.jpg,Intermediate,1.0,1.0,6.3962146e-28,8.2177547e-29
testing11706.jpg,Intermediate,1.0,1.0,3.9210358e-30,6.1519094e-27
testing11707.jpg,Intermediate,1.0,1.0,5.964437e-33,2.8230572e-27
testing11708.jpg,Intermediate,1.0,1.0,7.249768e-28,5.318799e-26
testing11709.jpg,Intermediate,1.0,1.0,2.9844138e-29,2.6934847e-25
testing11710.jpg,Intermediate,1.0,1.0,2.1918604e-25,1.7032762e-17
testing11711.jpg,Nanodomain,1.0,8.568341e-17,1.0,2.203459e-36
testing11712.jpg,Nanodomain,1.0,3.652108e-35,1.0,0.0
testing11713.jpg,Nanodomain,1.0,4.2962313e-20,1.0,1.8631285e-38
testing11714.jpg,Nanodomain,1.0,4.6909244e-26,1.0,0.0
testing11715.jpg,Nanodomain,1.0,1.3949707e-13,1.0,4.7509594e-36
testing11716.jpg,Nanodomain,0.99999976,2.3544476e-07,0.99999976,1.1854399e-27
testing11717.jpg,Intermediate,1.0,1.0,5.26584e-28,3.4958652e-27
testing11718.jpg,Intermediate,1.0,1.0,2.4252849e-21,1.440797e-22
testing11719.jpg,Intermediate,1.0,1.0,7.8156744e-19,1.0746055e-21
testing11720.jpg,Intermediate,1.0,1.0,5.8608447e-18,2.1750397e-21
testing11721.jpg,Intermediate,1.0,1.0,8.649016e-27,9.114648e-26
testing11722.jpg,Intermediate,1.0,1.0,2.89135e-19,2.2882439e-24
testing11723.jpg,Intermediate,1.0,1.0,6.923994e-17,9.4866475e-23
testing11724.jpg,Intermediate,1.0,1.0,4.2495464e-29,1.8486044e-27
testing11725.jpg,Intermediate,1.0,1.0,0.0,8.506633e-30
testing11726.jpg,Intermediate,1.0,1.0,1.8492241e-28,3.2525946e-26
testing11727.jpg,Outside,1.0,5.7544356e-27,4.5613833e-26,1.0
testing11728.jpg,Outside,1.0,6.4589683e-25,2.1156572e-25,1.0
testing11729.jpg,Outside,1.0,1.3430874e-31,1.4978372e-30,1.0
testing11730.jpg,Outside,1.0,5.4601235e-23,5.0174693e-24,1.0
testing11731.jpg,Outside,1.0,8.6342475e-27,2.7883085e-25,1.0
testing11732.jpg,Outside,1.0,6.0113145e-31,2.3203127e-29,1.0
testing11733.jpg,Outside,1.0,3.4772508e-31,8.5619497e-29,1.0
testing11734.jpg,Outside,1.0,3.6696072e-27,3.81563e-26,1.0
testing11735.jpg,Outside,1.0,1.4119623e-26,1.7895995e-25,1.0
testing11736.jpg,Outside,1.0,1.3267717e-31,2.8757943e-28,1.0
testing11737.jpg,Outside,1.0,8.846743e-31,7.671494e-27,1.0
testing11738.jpg,Outside,1.0,5.1613053e-30,2.4692467e-27,1.0
testing11739.jpg,Outside,1.0,1.9791667e-27,6.067633e-27,1.0
testing11740.jpg,Outside,1.0,2.025446e-33,2.593308e-30,1.0
testing11741.jpg,Outside,1.0,3.7768043e-34,4.835479e-32,1.0
testing11742.jpg,Outside,1.0,2.0755136e-24,3.5469862e-22,1.0
testing11743.jpg,Outside,1.0,7.9249596e-33,2.317975e-31,1.0
testing11744.jpg,Outside,1.0,9.333803e-30,3.6662495e-27,1.0
testing11745.jpg,Outside,1.0,6.6807194e-33,2.0426515e-30,1.0
testing11746.jpg,Outside,1.0,3.310907e-33,3.2109194e-30,1.0
testing11747.jpg,Outside,1.0,1.04158916e-32,7.454342e-30,1.0
testing11748.jpg,Outside,1.0,1.8334433e-33,1.6799755e-31,1.0
testing11749.jpg,Outside,1.0,2.0154854e-28,1.2906724e-26,1.0
testing11750.jpg,Outside,1.0,1.3982915e-37,8.507646e-36,1.0
testing11751.jpg,Outside,1.0,1.5983628e-28,6.4937404e-29,1.0
testing11752.jpg,Outside,1.0,4.069193e-33,3.4251622e-28,1.0
testing11753.jpg,Outside,1.0,1.5567951e-33,2.3603771e-31,1.0
testing11754.jpg,Outside,1.0,3.6194672e-31,8.995711e-28,1.0
testing11755.jpg,Outside,1.0,3.141325e-32,4.222703e-30,1.0
testing11756.jpg,Outside,1.0,1.98079e-35,2.924321e-31,1.0
testing11757.jpg,Outside,1.0,2.855129e-32,1.9428779e-28,1.0
testing11758.jpg,Outside,1.0,3.1274788e-32,1.1610221e-28,1.0
testing11759.jpg,Outside,1.0,3.9013882e-29,6.0231706e-27,1.0
testing11760.jpg,Outside,1.0,3.8438433e-32,2.886408e-30,1.0
testing11761.jpg,Nanodomain,1.0,0.0,1.0,0.0
testing11762.jpg,Nanodomain,1.0,0.0,1.0,0.0
testing11763.jpg,Nanodomain,1.0,0.0,1.0,0.0
testing11764.jpg,Nanodomain,1.0,0.0,1.0,0.0
testing11765.jpg,Nanodomain,1.0,0.0,1.0,0.0
testing11766.jpg,Nanodomain,1.0,0.0,1.0,0.0
testing11767.jpg,Nanodomain,1.0,0.0,1.0,0.0
testing11768.jpg,Nanodomain,1.0,0.0,1.0,0.0
testing11769.jpg,Nanodomain,1.0,0.0,1.0,0.0
testing11770.jpg,Nanodomain,1.0,0.0,1.0,0.0
testing11771.jpg,Nanodomain,1.0,0.0,1.0,0.0
testing11772.jpg,Nanodomain,1.0,0.0,1.0,0.0
testing11773.jpg,Nanodomain,1.0,0.0,1.0,0.0
testing11774.jpg,Nanodomain,1.0,0.0,1.0,0.0
testing11775.jpg,Outside,1.0,1.4017497e-18,2.2415603e-20,1.0
testing11776.jpg,Nanodomain,1.0,0.0,1.0,0.0
testing11777.jpg,Nanodomain,1.0,0.0,1.0,0.0
testing11778.jpg,Nanodomain,1.0,8.473609e-35,1.0,0.0
testing11779.jpg,Nanodomain,1.0,1.2248334e-37,1.0,0.0
testing11780.jpg,Nanodomain,1.0,8.9109725e-36,1.0,0.0
testing11781.jpg,Nanodomain,1.0,0.0,1.0,0.0
testing11782.jpg,Nanodomain,1.0,0.0,1.0,0.0
testing11783.jpg,Nanodomain,1.0,0.0,1.0,0.0
testing11784.jpg,Nanodomain,1.0,0.0,1.0,0.0
testing11785.jpg,Nanodomain,1.0,0.0,1.0,0.0
testing11786.jpg,Nanodomain,1.0,2.506957e-33,1.0,0.0
testing11787.jpg,Intermediate,1.0,1.0,1.5215753e-23,1.5109007e-27
testing11788.jpg,Intermediate,1.0,1.0,1.6568896e-11,4.7916388e-21
testing11789.jpg,Outside,1.0,7.978783e-23,1.03416705e-22,1.0
testing11790.jpg,Outside,1.0,3.3305465e-15,4.4809064e-21,1.0
testing11791.jpg,Outside,0.99999285,7.112171e-06,1.008731e-17,0.99999285
testing11792.jpg,Outside,1.0,1.0485554e-14,1.4461971e-17,1.0
testing11793.jpg,Outside,1.0,6.3781175e-11,5.8737175e-17,1.0
testing11794.jpg,Outside,0.99999976,2.5014154e-07,1.610423e-16,0.99999976
testing11795.jpg,Outside,1.0,8.894088e-11,4.248934e-12,1.0
testing11796.jpg,Intermediate,1.0,1.0,1.3585167e-21,2.755419e-10
testing11797.jpg,Intermediate,0.9999888,0.9999888,7.65119e-18,1.1187572e-05
testing11798.jpg,Outside,1.0,2.2776257e-11,1.2445603e-19,1.0
testing11799.jpg,Outside,1.0,7.832351e-21,2.5920316e-23,1.0
testing11800.jpg,Intermediate,0.9998599,0.9998599,7.040731e-20,0.00014008125
testing11801.jpg,Intermediate,1.0,1.0,1.1918408e-30,4.3317775e-20
testing11802.jpg,Intermediate,1.0,1.0,3.1317022e-19,2.4879324e-10
testing11803.jpg,Nanodomain,1.0,2.3736103e-19,1.0,1.330685e-38
testing11804.jpg,Nanodomain,1.0,7.660934e-09,1.0,3.0556169e-30
testing11805.jpg,Nanodomain,0.99995244,4.753387e-05,0.99995244,2.5972345e-22
testing11806.jpg,Intermediate,1.0,1.0,9.141028e-29,7.582564e-24
testing11807.jpg,Intermediate,1.0,1.0,2.517348e-23,2.4957113e-11
testing11808.jpg,Intermediate,0.821447,0.821447,1.4891621e-16,0.17855297
testing11809.jpg,Outside,1.0,2.1746885e-16,1.2477358e-19,1.0
testing11810.jpg,Intermediate,1.0,1.0,4.672195e-24,2.7486604e-27
testing11811.jpg,Intermediate,1.0,1.0,2.0987147e-23,7.3910198e-25
testing11812.jpg,Intermediate,1.0,1.0,6.8023117e-31,5.9411565e-27
testing11813.jpg,Nanodomain,1.0,4.2801808e-14,1.0,8.275144e-34
testing11814.jpg,Intermediate,1.0,1.0,2.6441444e-22,2.8616955e-23
testing11815.jpg,Intermediate,1.0,1.0,3.78696e-27,1.4646286e-18
testing11816.jpg,Intermediate,1.0,1.0,7.349288e-20,6.278309e-23
testing11817.jpg,Intermediate,1.0,1.0,2.0192764e-31,7.4388075e-29
testing11818.jpg,Nanodomain,1.0,0.0,1.0,0.0
testing11819.jpg,Nanodomain,1.0,3.8507702e-32,1.0,0.0
testing11820.jpg,Nanodomain,1.0,0.0,1.0,0.0
testing11821.jpg,Nanodomain,1.0,0.0,1.0,0.0
testing11822.jpg,Nanodomain,1.0,0.0,1.0,0.0
testing11823.jpg,Nanodomain,1.0,0.0,1.0,0.0
testing11824.jpg,Nanodomain,1.0,0.0,1.0,0.0
testing11825.jpg,Nanodomain,1.0,0.0,1.0,0.0
testing11826.jpg,Nanodomain,1.0,0.0,1.0,0.0
testing11827.jpg,Nanodomain,1.0,0.0,1.0,0.0
testing11828.jpg,Nanodomain,1.0,0.0,1.0,0.0
testing11829.jpg,Intermediate,1.0,1.0,3.708532e-27,5.62422e-28
testing11830.jpg,Intermediate,1.0,1.0,1.0950015e-22,9.816376e-26
testing11831.jpg,Intermediate,0.99998057,0.99998057,1.9388648e-05,6.6520336e-25
testing11832.jpg,Intermediate,1.0,1.0,7.521253e-26,2.5188262e-24
testing11833.jpg,Intermediate,1.0,1.0,2.6825834e-26,8.458086e-25
testing11834.jpg,Nanodomain,1.0,2.0618704e-38,1.0,0.0
testing11835.jpg,Nanodomain,1.0,2.4267345e-31,1.0,0.0
testing11836.jpg,Intermediate,1.0,1.0,2.3420714e-23,5.6173035e-25
testing11837.jpg,Intermediate,1.0,1.0,1.9512754e-31,3.1406604e-28
testing11838.jpg,Intermediate,1.0,1.0,2.0251937e-23,1.729842e-24
testing11839.jpg,Intermediate,0.99980766,0.99980766,0.00019238281,4.6741227e-20
testing11840.jpg,Intermediate,1.0,1.0,1.377022e-23,1.7476895e-18
testing11841.jpg,Intermediate,1.0,1.0,3.3836422e-29,2.8096592e-20
testing11842.jpg,Intermediate,1.0,1.0,2.725948e-28,2.891287e-17
testing11843.jpg,Intermediate,1.0,1.0,1.5334542e-26,4.2283127e-15
testing11844.jpg,Intermediate,0.7766827,0.7766827,5.3625194e-19,0.22331735
testing11845.jpg,Intermediate,1.0,1.0,6.751357e-24,7.557967e-11
testing11846.jpg,Intermediate,1.0,1.0,1.0108345e-23,5.3582888e-14
testing11847.jpg,Intermediate,1.0,1.0,1.4149831e-24,4.4628963e-19
testing11848.jpg,Intermediate,1.0,1.0,3.8450702e-27,6.264856e-18
testing11849.jpg,Intermediate,1.0,1.0,3.2992127e-22,7.249641e-25
testing11850.jpg,Intermediate,1.0,1.0,2.6555163e-22,3.6447542e-23
testing11851.jpg,Intermediate,1.0,1.0,1.0727277e-32,1.0892952e-27
testing11852.jpg,Intermediate,1.0,1.0,4.829683e-20,2.7194082e-18
testing11853.jpg,Intermediate,1.0,1.0,5.8866844e-24,1.2319042e-22
testing11854.jpg,Intermediate,1.0,1.0,5.0367768e-18,1.2594188e-18
testing11855.jpg,Intermediate,1.0,1.0,9.079308e-29,3.5492674e-18
testing11856.jpg,Intermediate,1.0,1.0,1.03377103e-25,7.613343e-17
testing11857.jpg,Outside,1.0,2.0563014e-08,2.9835217e-17,1.0
testing11858.jpg,Intermediate,0.9591349,0.9591349,2.5597086e-15,0.04086515
testing11859.jpg,Intermediate,1.0,1.0,9.9508555e-27,3.0978913e-12
testing11860.jpg,Intermediate,1.0,1.0,1.740146e-25,1.892568e-17
testing11861.jpg,Intermediate,0.99941397,0.99941397,3.7610164e-15,0.0005860911
testing11862.jpg,Outside,1.0,3.5592392e-22,1.0646718e-25,1.0
testing11863.jpg,Intermediate,0.573314,0.573314,2.1122123e-16,0.42668596
testing11864.jpg,Outside,1.0,4.1834415e-28,1.3467899e-26,1.0
testing11865.jpg,Outside,1.0,1.913947e-27,4.81618e-27,1.0
testing11866.jpg,Outside,1.0,3.074126e-29,1.1034269e-27,1.0
testing11867.jpg,Outside,1.0,1.5718223e-31,6.235284e-28,1.0
testing11868.jpg,Outside,1.0,8.8387734e-33,2.6662054e-29,1.0
testing11869.jpg,Outside,1.0,4.3455356e-33,1.4104305e-30,1.0
testing11870.jpg,Outside,1.0,1.52938145e-27,5.6634716e-27,1.0
testing11871.jpg,Outside,1.0,1.5218376e-29,1.0820227e-27,1.0
testing11872.jpg,Outside,1.0,7.576595e-35,9.517088e-32,1.0
testing11873.jpg,Outside,1.0,5.42499e-32,7.745614e-30,1.0
testing11874.jpg,Outside,1.0,4.4014627e-31,7.4734184e-30,1.0
testing11875.jpg,Outside,1.0,1.19384176e-32,5.5860028e-31,1.0
testing11876.jpg,Outside,1.0,4.189358e-32,1.1321299e-28,1.0
testing11877.jpg,Outside,1.0,4.7584573e-33,2.0383392e-30,1.0
testing11878.jpg,Outside,1.0,2.1125098e-27,7.04081e-26,1.0
testing11879.jpg,Outside,1.0,2.1144933e-27,8.747677e-24,1.0
testing11880.jpg,Outside,1.0,4.9119424e-33,8.383956e-30,1.0
testing11881.jpg,Outside,1.0,0.0,1.1907812e-31,1.0
testing11882.jpg,Outside,1.0,0.0,5.9614223e-37,1.0
testing11883.jpg,Outside,1.0,5.2153305e-25,6.998135e-24,1.0
testing11884.jpg,Outside,1.0,3.702713e-32,1.1693197e-29,1.0
testing11885.jpg,Outside,1.0,1.6507333e-32,1.7460947e-28,1.0
testing11886.jpg,Outside,1.0,1.3268743e-29,1.5542432e-26,1.0
testing11887.jpg,Outside,1.0,4.582702e-31,1.3957566e-27,1.0
testing11888.jpg,Nanodomain,1.0,0.0,1.0,0.0
testing11889.jpg,Nanodomain,1.0,0.0,1.0,0.0
testing11890.jpg,Nanodomain,1.0,0.0,1.0,0.0
testing11891.jpg,Nanodomain,1.0,0.0,1.0,0.0
testing11892.jpg,Nanodomain,1.0,0.0,1.0,0.0
testing11893.jpg,Nanodomain,1.0,0.0,1.0,0.0
testing11894.jpg,Nanodomain,1.0,0.0,1.0,0.0
testing11895.jpg,Nanodomain,1.0,0.0,1.0,0.0
testing11896.jpg,Nanodomain,1.0,0.0,1.0,0.0
testing11897.jpg,Nanodomain,1.0,0.0,1.0,0.0
testing11898.jpg,Nanodomain,1.0,0.0,1.0,0.0
testing11899.jpg,Nanodomain,1.0,0.0,1.0,0.0
testing11900.jpg,Nanodomain,1.0,0.0,1.0,0.0
testing11901.jpg,Nanodomain,1.0,0.0,1.0,0.0
testing11902.jpg,Nanodomain,1.0,0.0,1.0,0.0
testing11903.jpg,Nanodomain,1.0,0.0,1.0,0.0
testing11904.jpg,Nanodomain,1.0,0.0,1.0,0.0
testing11905.jpg,Nanodomain,1.0,0.0,1.0,0.0
testing11906.jpg,Nanodomain,1.0,1.3750339e-36,1.0,0.0
testing11907.jpg,Nanodomain,1.0,7.0853697e-35,1.0,0.0
testing11908.jpg,Nanodomain,1.0,0.0,1.0,0.0
testing11909.jpg,Nanodomain,1.0,0.0,1.0,0.0
testing11910.jpg,Nanodomain,1.0,0.0,1.0,0.0
testing11911.jpg,Nanodomain,1.0,0.0,1.0,0.0
testing11912.jpg,Nanodomain,1.0,0.0,1.0,0.0
testing11913.jpg,Nanodomain,1.0,2.9611415e-38,1.0,0.0
testing11914.jpg,Intermediate,1.0,1.0,1.5730541e-21,1.9130294e-25
testing11915.jpg,Nanodomain,0.99999905,9.621914e-07,0.99999905,3.996792e-25
testing11916.jpg,Nanodomain,1.0,5.881245e-19,1.0,2.2860563e-37
testing11917.jpg,Intermediate,1.0,1.0,5.1645164e-11,5.6291773e-21
testing11918.jpg,Outside,1.0,3.7341034e-17,1.1020311e-18,1.0
testing11919.jpg,Intermediate,1.0,1.0,4.167892e-22,8.740359e-12
testing11920.jpg,Outside,1.0,1.915142e-15,3.495549e-17,1.0
testing11921.jpg,Outside,1.0,1.9782534e-27,6.038173e-26,1.0
testing11922.jpg,Outside,1.0,2.8767119e-12,4.4571506e-17,1.0
testing11923.jpg,Outside,1.0,5.401444e-08,3.2365917e-18,1.0
testing11924.jpg,Outside,0.9999999,8.2095546e-08,9.726517e-16,0.9999999
testing11925.jpg,Outside,0.9999999,1.1911149e-07,2.1847828e-16,0.9999999
testing11926.jpg,Intermediate,1.0,1.0,2.133701e-23,3.0875875e-11
testing11927.jpg,Outside,0.99947053,0.0005294396,4.3473546e-14,0.99947053
testing11928.jpg,Intermediate,1.0,1.0,1.0214812e-26,2.3359721e-20
testing11929.jpg,Intermediate,1.0,1.0,8.729363e-27,2.7529176e-22
testing11930.jpg,Intermediate,1.0,1.0,1.4194845e-27,4.297006e-18
testing11931.jpg,Intermediate,1.0,1.0,9.962564e-25,7.976794e-18
testing11932.jpg,Intermediate,1.0,1.0,2.0656728e-23,2.057803e-20
testing11933.jpg,Intermediate,1.0,1.0,6.294291e-27,4.2209548e-19
testing11934.jpg,Intermediate,1.0,1.0,1.8126348e-27,2.8388247e-19
testing11935.jpg,Outside,1.0,3.0862975e-15,8.628672e-22,1.0
testing11936.jpg,Intermediate,1.0,1.0,2.5618736e-22,2.407565e-16
testing11937.jpg,Outside,0.9999962,3.8415783e-06,2.8869761e-18,0.9999962
testing11938.jpg,Outside,1.0,2.0132985e-25,4.919911e-26,1.0
testing11939.jpg,Outside,1.0,3.713502e-19,9.37778e-21,1.0
testing11940.jpg,Outside,1.0,6.935433e-19,1.3635126e-19,1.0
testing11941.jpg,Intermediate,0.99999976,0.99999976,9.917005e-21,2.6772491e-07
testing11942.jpg,Intermediate,0.99999475,0.99999475,1.346817e-21,5.188777e-06
testing11943.jpg,Nanodomain,1.0,8.40873e-34,1.0,0.0
testing11944.jpg,Nanodomain,1.0,0.0,1.0,0.0
testing11945.jpg,Nanodomain,1.0,0.0,1.0,0.0
testing11946.jpg,Nanodomain,1.0,0.0,1.0,0.0
testing11947.jpg,Nanodomain,1.0,0.0,1.0,0.0
testing11948.jpg,Nanodomain,1.0,7.27558e-38,1.0,0.0
testing11949.jpg,Nanodomain,1.0,0.0,1.0,0.0
testing11950.jpg,Nanodomain,1.0,0.0,1.0,0.0
testing11951.jpg,Nanodomain,1.0,0.0,1.0,0.0
testing11952.jpg,Nanodomain,1.0,0.0,1.0,0.0
testing11953.jpg,Nanodomain,1.0,0.0,1.0,0.0
testing11954.jpg,Nanodomain,1.0,0.0,1.0,0.0
testing11955.jpg,Nanodomain,1.0,0.0,1.0,0.0
testing11956.jpg,Nanodomain,1.0,0.0,1.0,0.0
testing11957.jpg,Outside,1.0,4.0984888e-29,5.6184122e-27,1.0
testing11958.jpg,Outside,1.0,1.3812976e-14,4.537885e-18,1.0
testing11959.jpg,Intermediate,1.0,1.0,1.0228696e-18,9.0584484e-10
testing11960.jpg,Intermediate,1.0,1.0,1.7047249e-33,1.35015855e-27
testing11961.jpg,Intermediate,1.0,1.0,2.0872277e-21,3.7204637e-19
testing11962.jpg,Intermediate,1.0,1.0,1.8284741e-29,1.0452587e-25
testing11963.jpg,Intermediate,1.0,1.0,4.370391e-32,7.826178e-26
testing11964.jpg,Intermediate,1.0,1.0,7.755767e-27,7.096997e-21
testing11965.jpg,Intermediate,0.97388035,0.97388035,0.026119642,1.1973845e-18
testing11966.jpg,Intermediate,0.99998283,0.99998283,1.7140577e-05,2.5842013e-20
testing11967.jpg,Nanodomain,1.0,1.1535966e-20,1.0,0.0
testing11968.jpg,Nanodomain,1.0,6.638281e-22,1.0,0.0
testing11969.jpg,Nanodomain,1.0,1.0169517e-26,1.0,0.0
testing11970.jpg,Intermediate,1.0,1.0,1.24651855e-33,2.6880452e-32
testing11971.jpg,Intermediate,1.0,1.0,3.7160906e-29,1.5657625e-28
testing11972.jpg,Intermediate,1.0,1.0,2.6528244e-21,1.2048129e-09
testing11973.jpg,Intermediate,1.0,1.0,3.2609424e-19,3.1709787e-17
testing11974.jpg,Intermediate,1.0,1.0,4.7376165e-23,7.749251e-22
testing11975.jpg,Intermediate,1.0,1.0,1.8510507e-37,3.0443475e-27
testing11976.jpg,Intermediate,1.0,1.0,5.5505296e-31,4.744545e-22
testing11977.jpg,Intermediate,1.0,1.0,2.3351987e-26,9.681592e-21
testing11978.jpg,Intermediate,1.0,1.0,1.7219303e-22,7.647522e-23
testing11979.jpg,Intermediate,1.0,1.0,6.66021e-33,1.1876457e-25
testing11980.jpg,Intermediate,1.0,1.0,1.7307815e-29,2.5475954e-23
testing11981.jpg,Intermediate,1.0,1.0,4.9552035e-28,1.1090423e-22
testing11982.jpg,Intermediate,1.0,1.0,2.5633238e-27,6.728758e-16
testing11983.jpg,Outside,1.0,8.972429e-23,4.2747047e-26,1.0
testing11984.jpg,Intermediate,1.0,1.0,2.0029711e-26,2.9683353e-15
testing11985.jpg,Intermediate,1.0,1.0,1.1368384e-28,1.45764e-17
testing11986.jpg,Intermediate,1.0,1.0,1.2635769e-25,1.9857127e-15
testing11987.jpg,Outside,0.9844136,0.015586399,2.5488285e-16,0.9844136
testing11988.jpg,Intermediate,1.0,1.0,4.652515e-28,4.2708763e-14
testing11989.jpg,Intermediate,0.9958633,0.9958633,2.0798094e-19,0.004136623
testing11990.jpg,Intermediate,1.0,1.0,5.308675e-22,1.3682668e-12
testing11991.jpg,Outside,0.94097143,0.059028562,5.0326436e-16,0.94097143
testing11992.jpg,Outside,1.0,5.6375193e-27,6.3953735e-24,1.0
testing11993.jpg,Outside,1.0,3.1045276e-31,2.2762849e-29,1.0
testing11994.jpg,Outside,1.0,8.663679e-34,4.3041304e-31,1.0
testing11995.jpg,Outside,1.0,1.0953872e-27,1.2275994e-27,1.0
testing11996.jpg,Outside,1.0,1.9427213e-29,7.9851564e-28,1.0
testing11997.jpg,Outside,1.0,1.0822446e-29,1.6439696e-27,1.0
testing11998.jpg,Outside,1.0,2.8887613e-25,1.4022254e-26,1.0
testing11999.jpg,Outside,1.0,1.4258638e-31,1.559116e-29,1.0
testing12000.jpg,Outside,1.0,4.268174e-32,1.3296756e-30,1.0
testing12001.jpg,Outside,1.0,4.2011184e-33,8.598112e-30,1.0
testing12002.jpg,Outside,1.0,6.4103608e-27,1.6259895e-26,1.0
testing12003.jpg,Outside,1.0,2.6686242e-31,1.7785163e-29,1.0
testing12004.jpg,Outside,1.0,1.1319834e-35,2.9520824e-32,1.0
testing12005.jpg,Outside,1.0,4.3696387e-33,3.3567582e-30,1.0
testing12006.jpg,Outside,1.0,9.477878e-34,2.2615243e-32,1.0
testing12007.jpg,Outside,1.0,4.164311e-32,2.551692e-29,1.0
testing12008.jpg,Outside,1.0,7.257553e-33,3.9870268e-29,1.0
testing12009.jpg,Outside,1.0,5.851861e-34,1.647786e-28,1.0
testing12010.jpg,Outside,1.0,8.371758e-35,1.9783863e-30,1.0
testing12011.jpg,Outside,1.0,1.438586e-34,5.184138e-29,1.0
testing12012.jpg,Outside,1.0,6.6065363e-34,3.1809772e-30,1.0
testing12013.jpg,Outside,1.0,4.52834e-33,2.1104134e-29,1.0
testing12014.jpg,Outside,1.0,4.385727e-30,1.6815818e-27,1.0
testing12015.jpg,Nanodomain,1.0,0.0,1.0,0.0
testing12016.jpg,Nanodomain,1.0,0.0,1.0,0.0
testing12017.jpg,Nanodomain,1.0,0.0,1.0,0.0
testing12018.jpg,Nanodomain,1.0,0.0,1.0,0.0
testing12019.jpg,Nanodomain,1.0,0.0,1.0,0.0
testing12020.jpg,Nanodomain,1.0,0.0,1.0,0.0
testing12021.jpg,Nanodomain,1.0,0.0,1.0,0.0
testing12022.jpg,Nanodomain,1.0,0.0,1.0,0.0
testing12023.jpg,Nanodomain,1.0,0.0,1.0,0.0
testing12024.jpg,Nanodomain,1.0,0.0,1.0,0.0
testing12025.jpg,Nanodomain,1.0,0.0,1.0,0.0
testing12026.jpg,Nanodomain,1.0,0.0,1.0,0.0
testing12027.jpg,Nanodomain,1.0,0.0,1.0,0.0
testing12028.jpg,Nanodomain,1.0,0.0,1.0,0.0
testing12029.jpg,Nanodomain,1.0,0.0,1.0,0.0
testing12030.jpg,Nanodomain,1.0,0.0,1.0,0.0
testing12031.jpg,Nanodomain,1.0,0.0,1.0,0.0
testing12032.jpg,Nanodomain,1.0,0.0,1.0,0.0
testing12033.jpg,Intermediate,0.999956,0.999956,1.6087081e-15,4.396419e-05
testing12034.jpg,Outside,1.0,5.666507e-16,1.1504551e-19,1.0
testing12035.jpg,Outside,0.99307716,0.0069228886,6.1309395e-12,0.99307716
testing12036.jpg,Nanodomain,1.0,0.0,1.0,0.0
testing12037.jpg,Nanodomain,1.0,0.0,1.0,0.0
testing12038.jpg,Nanodomain,1.0,0.0,1.0,0.0
testing12039.jpg,Nanodomain,1.0,0.0,1.0,0.0
testing12040.jpg,Nanodomain,1.0,0.0,1.0,0.0
testing12041.jpg,Nanodomain,1.0,0.0,1.0,0.0
testing12042.jpg,Intermediate,1.0,1.0,2.78625e-22,1.4056405e-21
testing12043.jpg,Intermediate,0.99999976,0.99999976,2.054612e-07,2.0069596e-22
testing12044.jpg,Nanodomain,1.0,1.7404058e-13,1.0,1.1553932e-28
testing12045.jpg,Outside,0.99999654,3.4558307e-06,5.3124263e-14,0.99999654
testing12046.jpg,Intermediate,1.0,1.0,7.818728e-31,1.1165502e-17
testing12047.jpg,Outside,0.9999883,1.173042e-05,1.5367483e-14,0.9999883
testing12048.jpg,Nanodomain,1.0,0.0,1.0,0.0
testing12049.jpg,Nanodomain,1.0,0.0,1.0,0.0
testing12050.jpg,Nanodomain,1.0,0.0,1.0,0.0
testing12051.jpg,Nanodomain,1.0,0.0,1.0,0.0
testing12052.jpg,Nanodomain,1.0,0.0,1.0,0.0
testing12053.jpg,Intermediate,0.77355367,0.77355367,4.507787e-13,0.22644635
testing12054.jpg,Intermediate,1.0,1.0,4.155622e-21,1.9723574e-08
testing12055.jpg,Intermediate,1.0,1.0,4.287913e-28,3.428254e-24
testing12056.jpg,Intermediate,1.0,1.0,1.1630303e-20,3.1145087e-09
testing12057.jpg,Intermediate,1.0,1.0,1.1269688e-19,1.1993025e-22
testing12058.jpg,Intermediate,1.0,1.0,1.7701458e-19,1.1133283e-21
testing12059.jpg,Intermediate,1.0,1.0,2.2655158e-30,1.8935382e-22
testing12060.jpg,Intermediate,1.0,1.0,8.914862e-18,2.7411983e-17
testing12061.jpg,Intermediate,1.0,1.0,3.3061116e-25,9.407621e-22
testing12062.jpg,Intermediate,1.0,1.0,7.645643e-26,5.323992e-20
testing12063.jpg,Intermediate,1.0,1.0,4.5554273e-30,4.098961e-20
testing12064.jpg,Intermediate,1.0,1.0,1.0693048e-23,1.0494896e-18
testing12065.jpg,Outside,1.0,3.0091356e-25,3.7614103e-24,1.0
testing12066.jpg,Intermediate,1.0,1.0,1.5684865e-23,5.0623578e-18
testing12067.jpg,Intermediate,1.0,1.0,7.393221e-32,5.0986777e-25
testing12068.jpg,Intermediate,1.0,1.0,1.113644e-26,9.269141e-18
testing12069.jpg,Intermediate,1.0,1.0,1.799477e-33,2.3107725e-22
testing12070.jpg,Intermediate,1.0,1.0,3.373802e-25,3.0161412e-13
testing12071.jpg,Outside,1.0,2.7593792e-25,5.207535e-26,1.0
testing12072.jpg,Nanodomain,1.0,1.560269e-38,1.0,0.0
testing12073.jpg,Nanodomain,1.0,0.0,1.0,0.0
testing12074.jpg,Nanodomain,1.0,0.0,1.0,0.0
testing12075.jpg,Nanodomain,1.0,0.0,1.0,0.0
testing12076.jpg,Nanodomain,1.0,0.0,1.0,0.0
testing12077.jpg,Nanodomain,1.0,0.0,1.0,0.0
testing12078.jpg,Nanodomain,1.0,0.0,1.0,0.0
testing12079.jpg,Nanodomain,1.0,0.0,1.0,0.0
testing12080.jpg,Nanodomain,1.0,0.0,1.0,0.0
testing12081.jpg,Nanodomain,1.0,0.0,1.0,0.0
testing12082.jpg,Nanodomain,1.0,0.0,1.0,0.0
testing12083.jpg,Nanodomain,1.0,0.0,1.0,0.0
testing12084.jpg,Nanodomain,1.0,0.0,1.0,0.0
testing12085.jpg,Outside,1.0,1.746132e-16,2.6868664e-17,1.0
testing12086.jpg,Nanodomain,1.0,7.839582e-29,1.0,0.0
testing12087.jpg,Nanodomain,1.0,3.3606907e-38,1.0,0.0
testing12088.jpg,Nanodomain,1.0,9.969257e-32,1.0,0.0
testing12089.jpg,Nanodomain,1.0,2.8162028e-29,1.0,0.0
testing12090.jpg,Nanodomain,1.0,5.193584e-35,1.0,0.0
testing12091.jpg,Intermediate,0.98103446,0.98103446,0.018965568,6.9959316e-17
testing12092.jpg,Nanodomain,1.0,7.1019228e-37,1.0,0.0
testing12093.jpg,Intermediate,1.0,1.0,4.9391354e-16,3.1473696e-25
testing12094.jpg,Intermediate,1.0,1.0,1.779299e-19,5.379182e-24
testing12095.jpg,Nanodomain,0.9998877,0.00011226181,0.9998877,1.1475011e-23
testing12096.jpg,Intermediate,1.0,1.0,6.643763e-19,2.8026328e-23
testing12097.jpg,Intermediate,1.0,1.0,4.95869e-25,6.3816773e-24
testing12098.jpg,Intermediate,1.0,1.0,4.567144e-27,2.1606555e-24
testing12099.jpg,Intermediate,1.0,1.0,1.7959071e-30,1.917785e-26
testing12100.jpg,Intermediate,1.0,1.0,2.0615463e-32,1.5974336e-24
testing12101.jpg,Intermediate,1.0,1.0,6.5207265e-28,3.4609496e-22
testing12102.jpg,Intermediate,1.0,1.0,0.0,3.4045762e-30
testing12103.jpg,Intermediate,1.0,1.0,5.0220054e-25,6.0979092e-21
testing12104.jpg,Intermediate,1.0,1.0,2.9326588e-36,2.6978573e-31
testing12105.jpg,Nanodomain,1.0,0.0,1.0,0.0
testing12106.jpg,Intermediate,1.0,1.0,9.6158884e-29,6.4808426e-23
testing12107.jpg,Intermediate,1.0,1.0,1.8251733e-34,1.3647046e-26
testing12108.jpg,Intermediate,1.0,1.0,1.4944847e-33,3.236247e-25
testing12109.jpg,Intermediate,1.0,1.0,5.3435437e-28,6.103931e-23
testing12110.jpg,Intermediate,1.0,1.0,3.041356e-25,4.081948e-15
testing12111.jpg,Outside,1.0,2.5502483e-24,7.597679e-24,1.0
testing12112.jpg,Outside,1.0,3.4977528e-23,9.006854e-24,1.0
testing12113.jpg,Outside,1.0,3.857507e-23,2.2777584e-24,1.0
testing12114.jpg,Intermediate,1.0,1.0,1.370506e-26,9.705657e-15
testing12115.jpg,Intermediate,1.0,1.0,2.4440554e-28,1.0925854e-15
testing12116.jpg,Intermediate,1.0,1.0,9.2329374e-32,2.2265208e-18
testing12117.jpg,Intermediate,1.0,1.0,7.480188e-20,3.6705863e-09
testing12118.jpg,Outside,0.9999999,7.112451e-08,1.04319365e-13,0.9999999
testing12119.jpg,Outside,1.0,6.8843546e-25,5.0184866e-23,1.0
testing12120.jpg,Outside,1.0,1.0311374e-30,9.099657e-30,1.0
testing12121.jpg,Outside,1.0,1.7776345e-29,1.1804229e-26,1.0
testing12122.jpg,Outside,1.0,1.4070219e-32,3.5926038e-30,1.0
testing12123.jpg,Outside,1.0,1.6500983e-31,4.8227567e-29,1.0
testing12124.jpg,Outside,1.0,2.2089068e-26,6.883087e-27,1.0
testing12125.jpg,Outside,1.0,8.9889395e-31,1.1353823e-28,1.0
testing12126.jpg,Outside,1.0,2.897168e-27,5.7232426e-26,1.0
testing12127.jpg,Outside,1.0,7.772371e-30,1.2069679e-28,1.0
testing12128.jpg,Outside,1.0,2.8183065e-31,2.802794e-30,1.0
testing12129.jpg,Outside,1.0,2.5490151e-30,3.8659972e-28,1.0
testing12130.jpg,Outside,1.0,1.2258761e-29,2.898858e-28,1.0
testing12131.jpg,Outside,1.0,8.183042e-34,2.3274124e-30,1.0
testing12132.jpg,Outside,1.0,9.50176e-36,9.252229e-31,1.0
testing12133.jpg,Outside,1.0,4.2801742e-32,4.7388465e-30,1.0
testing12134.jpg,Outside,1.0,9.404961e-38,1.2940991e-33,1.0
testing12135.jpg,Outside,1.0,1.0100885e-27,2.2295972e-26,1.0
testing12136.jpg,Outside,1.0,1.8644403e-34,4.813399e-30,1.0
testing12137.jpg,Outside,1.0,5.6966617e-36,7.104864e-33,1.0
testing12138.jpg,Outside,1.0,3.230888e-36,1.3320095e-32,1.0
testing12139.jpg,Outside,1.0,2.3844341e-29,8.904421e-27,1.0
testing12140.jpg,Outside,1.0,1.7180166e-33,1.2065431e-30,1.0
testing12141.jpg,Outside,1.0,1.5441667e-34,3.5268935e-31,1.0
testing12142.jpg,Outside,1.0,1.1418344e-32,2.5057492e-28,1.0
testing12143.jpg,Outside,1.0,6.065418e-25,5.7755847e-22,1.0
testing12144.jpg,Nanodomain,1.0,0.0,1.0,0.0
testing12145.jpg,Nanodomain,1.0,0.0,1.0,0.0
testing12146.jpg,Nanodomain,1.0,0.0,1.0,0.0
testing12147.jpg,Nanodomain,1.0,0.0,1.0,0.0
testing12148.jpg,Nanodomain,1.0,0.0,1.0,0.0
testing12149.jpg,Nanodomain,1.0,0.0,1.0,0.0
testing12150.jpg,Nanodomain,1.0,0.0,1.0,0.0
testing12151.jpg,Nanodomain,1.0,0.0,1.0,0.0
testing12152.jpg,Nanodomain,1.0,0.0,1.0,0.0
testing12153.jpg,Nanodomain,1.0,0.0,1.0,0.0
testing12154.jpg,Nanodomain,1.0,0.0,1.0,0.0
testing12155.jpg,Nanodomain,1.0,0.0,1.0,0.0
testing12156.jpg,Nanodomain,1.0,0.0,1.0,0.0
testing12157.jpg,Intermediate,0.9999999,0.9999999,9.599527e-17,1.1745936e-07
testing12158.jpg,Intermediate,1.0,1.0,4.2057675e-26,1.850178e-19
testing12159.jpg,Nanodomain,1.0,0.0,1.0,0.0
testing12160.jpg,Nanodomain,1.0,0.0,1.0,0.0
testing12161.jpg,Outside,1.0,9.5499155e-27,1.1395452e-25,1.0
testing12162.jpg,Nanodomain,1.0,2.4747594e-30,1.0,0.0
testing12163.jpg,Outside,1.0,1.1803198e-25,2.915529e-26,1.0
testing12164.jpg,Intermediate,1.0,1.0,7.852222e-34,4.312056e-29
testing12165.jpg,Outside,1.0,1.4400839e-28,4.603988e-25,1.0
testing12166.jpg,Nanodomain,1.0,1.5587913e-26,1.0,0.0
testing12167.jpg,Nanodomain,1.0,0.0,1.0,0.0
testing12168.jpg,Nanodomain,1.0,1.6526841e-20,1.0,0.0
testing12169.jpg,Nanodomain,1.0,9.5904755e-27,1.0,0.0
testing12170.jpg,Nanodomain,1.0,8.308531e-15,1.0,2.130576e-32
testing12171.jpg,Intermediate,1.0,1.0,1.7853041e-32,2.9104482e-28
testing12172.jpg,Intermediate,1.0,1.0,7.3272076e-26,5.276433e-22
testing12173.jpg,Nanodomain,1.0,0.0,1.0,0.0
testing12174.jpg,Nanodomain,1.0,0.0,1.0,0.0
testing12175.jpg,Nanodomain,1.0,0.0,1.0,0.0
testing12176.jpg,Nanodomain,1.0,0.0,1.0,0.0
testing12177.jpg,Nanodomain,1.0,0.0,1.0,0.0
testing12178.jpg,Nanodomain,1.0,0.0,1.0,0.0
testing12179.jpg,Nanodomain,1.0,0.0,1.0,0.0
testing12180.jpg,Nanodomain,1.0,0.0,1.0,0.0
testing12181.jpg,Nanodomain,1.0,0.0,1.0,0.0
testing12182.jpg,Intermediate,0.99999976,0.99999976,1.2182407e-20,2.3666489e-07
testing12183.jpg,Intermediate,0.93559945,0.93559945,4.1408764e-17,0.0644006
testing12184.jpg,Intermediate,1.0,1.0,9.086921e-31,4.285565e-25
testing12185.jpg,Intermediate,1.0,1.0,1.9217289e-22,5.1422994e-16
testing12186.jpg,Intermediate,1.0,1.0,2.9570636e-25,3.678159e-18
testing12187.jpg,Intermediate,1.0,1.0,3.7027363e-27,7.340451e-23
testing12188.jpg,Intermediate,1.0,1.0,3.4862977e-30,9.127107e-18
testing12189.jpg,Intermediate,0.79992235,0.79992235,1.4111145e-13,0.20007768
testing12190.jpg,Intermediate,1.0,1.0,2.3158355e-24,3.46744e-21
testing12191.jpg,Intermediate,1.0,1.0,3.6978316e-23,6.020534e-18
testing12192.jpg,Intermediate,1.0,1.0,2.8068654e-26,4.5216206e-20
testing12193.jpg,Intermediate,1.0,1.0,3.676765e-21,2.2589306e-08
testing12194.jpg,Outside,1.0,2.091103e-08,4.97028e-14,1.0
testing12195.jpg,Intermediate,1.0,1.0,1.0750729e-21,3.8385623e-20
testing12196.jpg,Intermediate,1.0,1.0,2.9926837e-26,2.7069194e-23
testing12197.jpg,Intermediate,1.0,1.0,4.913143e-25,1.0583244e-14
testing12198.jpg,Intermediate,1.0,1.0,1.6896487e-23,9.224178e-12
testing12199.jpg,Intermediate,1.0,1.0,2.4246058e-24,1.5959188e-14
testing12200.jpg,Intermediate,1.0,1.0,6.7063446e-21,2.2932533e-11
testing12201.jpg,Nanodomain,1.0,0.0,1.0,0.0
testing12202.jpg,Nanodomain,1.0,0.0,1.0,0.0
testing12203.jpg,Nanodomain,1.0,0.0,1.0,0.0
testing12204.jpg,Nanodomain,1.0,0.0,1.0,0.0
testing12205.jpg,Intermediate,1.0,1.0,6.0008166e-25,1.7318475e-26
testing12206.jpg,Intermediate,1.0,1.0,4.2163335e-28,1.5417463e-28
testing12207.jpg,Intermediate,1.0,1.0,4.1519056e-25,1.0691078e-25
testing12208.jpg,Nanodomain,1.0,0.0,1.0,0.0
testing12209.jpg,Nanodomain,1.0,0.0,1.0,0.0
testing12210.jpg,Nanodomain,1.0,0.0,1.0,0.0
testing12211.jpg,Nanodomain,1.0,0.0,1.0,0.0
testing12212.jpg,Nanodomain,1.0,2.2911888e-23,1.0,0.0
testing12213.jpg,Nanodomain,1.0,0.0,1.0,0.0
testing12214.jpg,Nanodomain,1.0,0.0,1.0,0.0
testing12215.jpg,Nanodomain,1.0,0.0,1.0,0.0
testing12216.jpg,Nanodomain,1.0,6.609902e-15,1.0,5.7713105e-30
testing12217.jpg,Intermediate,0.99914,0.99914,0.0008600102,2.4406238e-19
testing12218.jpg,Intermediate,1.0,1.0,4.1378643e-18,4.0475356e-25
testing12219.jpg,Intermediate,0.9962709,0.9962709,0.003729046,2.4847588e-19
testing12220.jpg,Nanodomain,0.9335656,0.06643434,0.9335656,2.411524e-19
testing12221.jpg,Nanodomain,1.0,0.0,1.0,0.0
testing12222.jpg,Nanodomain,1.0,0.0,1.0,0.0
testing12223.jpg,Nanodomain,0.9999999,1.0572123e-07,0.9999999,1.16625204e-26
testing12224.jpg,Nanodomain,1.0,9.812048e-23,1.0,0.0
testing12225.jpg,Intermediate,1.0,1.0,1.2280122e-26,1.2203568e-21
testing12226.jpg,Intermediate,1.0,1.0,8.740872e-24,1.1780141e-22
testing12227.jpg,Intermediate,1.0,1.0,1.8097694e-25,6.287321e-23
testing12228.jpg,Intermediate,1.0,1.0,1.618086e-36,2.5416146e-24
testing12229.jpg,Intermediate,1.0,1.0,1.3838466e-23,2.4213308e-19
testing12230.jpg,Intermediate,1.0,1.0,3.0054592e-36,2.8218285e-28
testing12231.jpg,Nanodomain,1.0,0.0,1.0,0.0
testing12232.jpg,Nanodomain,1.0,0.0,1.0,0.0
testing12233.jpg,Nanodomain,1.0,0.0,1.0,0.0
testing12234.jpg,Nanodomain,1.0,0.0,1.0,0.0
testing12235.jpg,Nanodomain,1.0,0.0,1.0,0.0
testing12236.jpg,Intermediate,1.0,1.0,1.653355e-32,5.9874874e-32
testing12237.jpg,Intermediate,1.0,1.0,4.1552594e-20,6.5395435e-25
testing12238.jpg,Outside,0.99999595,4.05717e-06,4.686189e-16,0.99999595
testing12239.jpg,Intermediate,1.0,1.0,7.3624185e-28,8.2989886e-17
testing12240.jpg,Intermediate,1.0,1.0,1.1345932e-30,2.35754e-18
testing12241.jpg,Outside,0.76466227,0.23533776,5.1899556e-16,0.76466227
testing12242.jpg,Intermediate,0.9999957,0.9999957,1.6755608e-21,4.25218e-06
testing12243.jpg,Intermediate,0.9999989,0.9999989,4.139448e-21,1.1179573e-06
testing12244.jpg,Outside,0.9999995,4.6956492e-07,4.4746056e-19,0.9999995
testing12245.jpg,Outside,1.0,5.3311243e-28,1.05410745e-26,1.0
testing12246.jpg,Outside,1.0,3.2986808e-24,2.8923025e-24,1.0
testing12247.jpg,Outside,1.0,2.3921083e-34,6.2193555e-32,1.0
testing12248.jpg,Outside,1.0,2.2524077e-31,1.1927749e-27,1.0
testing12249.jpg,Outside,1.0,4.1613393e-33,3.6811687e-30,1.0
testing12250.jpg,Outside,1.0,1.8140884e-26,1.3566806e-25,1.0
testing12251.jpg,Outside,1.0,5.4346553e-35,6.316256e-33,1.0
testing12252.jpg,Outside,1.0,2.4892348e-31,2.2910944e-29,1.0
testing12253.jpg,Outside,1.0,9.9958906e-29,7.27373e-28,1.0
testing12254.jpg,Outside,1.0,1.694457e-31,8.7402836e-29,1.0
testing12255.jpg,Outside,1.0,4.2095063e-34,1.5473708e-31,1.0
testing12256.jpg,Outside,1.0,6.523108e-30,1.82722e-28,1.0
testing12257.jpg,Outside,1.0,3.0591726e-31,1.8990652e-29,1.0
testing12258.jpg,Outside,1.0,3.3161364e-35,1.8407555e-30,1.0
testing12259.jpg,Outside,1.0,1.4948282e-31,1.4969933e-28,1.0
testing12260.jpg,Outside,1.0,1.2486108e-28,3.231764e-28,1.0
testing12261.jpg,Outside,1.0,6.3865607e-35,9.966292e-32,1.0
testing12262.jpg,Outside,1.0,3.3046208e-27,2.6357514e-25,1.0
testing12263.jpg,Outside,1.0,8.8398996e-30,3.4827388e-28,1.0
testing12264.jpg,Outside,1.0,2.222024e-33,8.117113e-31,1.0
testing12265.jpg,Outside,1.0,1.4662516e-38,8.401036e-34,1.0
testing12266.jpg,Outside,1.0,4.672762e-33,2.0078489e-29,1.0
testing12267.jpg,Outside,1.0,6.4033723e-34,1.9071818e-29,1.0
testing12268.jpg,Outside,1.0,3.8109596e-34,1.7396988e-28,1.0
testing12269.jpg,Outside,1.0,2.359127e-30,6.3203936e-28,1.0
testing12270.jpg,Nanodomain,1.0,0.0,1.0,0.0
testing12271.jpg,Nanodomain,1.0,0.0,1.0,0.0
testing12272.jpg,Nanodomain,1.0,0.0,1.0,0.0
testing12273.jpg,Nanodomain,1.0,0.0,1.0,0.0
testing12274.jpg,Nanodomain,1.0,0.0,1.0,0.0
testing12275.jpg,Nanodomain,1.0,0.0,1.0,0.0
testing12276.jpg,Nanodomain,1.0,0.0,1.0,0.0
testing12277.jpg,Nanodomain,1.0,0.0,1.0,0.0
testing12278.jpg,Nanodomain,1.0,0.0,1.0,0.0
testing12279.jpg,Nanodomain,1.0,0.0,1.0,0.0
testing12280.jpg,Nanodomain,1.0,0.0,1.0,0.0
testing12281.jpg,Nanodomain,1.0,0.0,1.0,0.0
testing12282.jpg,Nanodomain,1.0,0.0,1.0,0.0
testing12283.jpg,Nanodomain,1.0,0.0,1.0,0.0
testing12284.jpg,Nanodomain,1.0,0.0,1.0,0.0
testing12285.jpg,Nanodomain,1.0,0.0,1.0,0.0
testing12286.jpg,Nanodomain,1.0,0.0,1.0,0.0
testing12287.jpg,Nanodomain,1.0,0.0,1.0,0.0
testing12288.jpg,Nanodomain,1.0,0.0,1.0,0.0
testing12289.jpg,Nanodomain,0.99999964,4.1353692e-07,0.99999964,8.084336e-28
testing12290.jpg,Outside,1.0,1.491335e-26,2.2116747e-24,1.0
testing12291.jpg,Intermediate,1.0,1.0,8.0493034e-32,8.385657e-21
testing12292.jpg,Outside,1.0,3.3988725e-19,6.0498877e-18,1.0
testing12293.jpg,Intermediate,1.0,1.0,2.2846513e-31,7.214772e-24
testing12294.jpg,Intermediate,1.0,1.0,4.169764e-24,3.917958e-14
testing12295.jpg,Intermediate,1.0,1.0,3.102322e-26,7.2012134e-25
testing12296.jpg,Outside,1.0,4.793402e-10,8.852971e-20,1.0
testing12297.jpg,Outside,1.0,3.8996186e-21,5.4393814e-21,1.0
testing12298.jpg,Outside,1.0,1.6537137e-18,3.2200632e-19,1.0
testing12299.jpg,Outside,1.0,2.2493476e-19,1.0099265e-20,1.0
testing12300.jpg,Intermediate,0.9999995,0.9999995,4.950247e-07,1.01420516e-17
testing12301.jpg,Nanodomain,1.0,0.0,1.0,0.0
testing12302.jpg,Nanodomain,1.0,0.0,1.0,0.0
testing12303.jpg,Nanodomain,1.0,0.0,1.0,0.0
testing12304.jpg,Nanodomain,1.0,0.0,1.0,0.0
testing12305.jpg,Nanodomain,1.0,0.0,1.0,0.0
testing12306.jpg,Nanodomain,1.0,0.0,1.0,0.0
testing12307.jpg,Nanodomain,1.0,0.0,1.0,0.0
testing12308.jpg,Nanodomain,1.0,0.0,1.0,0.0
testing12309.jpg,Nanodomain,1.0,0.0,1.0,0.0
testing12310.jpg,Nanodomain,1.0,0.0,1.0,0.0
testing12311.jpg,Nanodomain,1.0,0.0,1.0,0.0
testing12312.jpg,Intermediate,1.0,1.0,6.6523364e-26,5.898626e-22
testing12313.jpg,Intermediate,1.0,1.0,8.073095e-27,1.28267395e-23
testing12314.jpg,Intermediate,1.0,1.0,1.0065644e-21,1.08589855e-17
testing12315.jpg,Intermediate,1.0,1.0,4.141116e-26,1.0608941e-16
testing12316.jpg,Intermediate,1.0,1.0,1.3781408e-31,8.967946e-23
testing12317.jpg,Intermediate,1.0,1.0,2.630761e-31,1.28068886e-23
testing12318.jpg,Intermediate,1.0,1.0,3.5639726e-19,4.1891196e-24
testing12319.jpg,Intermediate,1.0,1.0,1.6276919e-31,5.238691e-28
testing12320.jpg,Outside,1.0,3.9920354e-13,7.131773e-18,1.0
testing12321.jpg,Intermediate,0.9999994,0.9999994,6.207573e-07,1.0865981e-25
testing12322.jpg,Intermediate,0.99999344,0.99999344,6.598823e-06,2.7891256e-21
testing12323.jpg,Intermediate,1.0,1.0,8.190046e-32,1.872805e-23
testing12324.jpg,Intermediate,1.0,1.0,1.7569941e-26,3.3552926e-26
testing12325.jpg,Intermediate,0.9999374,0.9999374,1.8369296e-15,6.253755e-05
testing12326.jpg,Outside,1.0,1.323835e-15,2.3648942e-22,1.0
testing12327.jpg,Outside,0.9985815,0.0014184422,1.6715686e-16,0.9985815
testing12328.jpg,Outside,1.0,6.282879e-25,1.28391175e-24,1.0
testing12329.jpg,Outside,1.0,8.73475e-29,1.3099371e-27,1.0
testing12330.jpg,Nanodomain,1.0,0.0,1.0,0.0
testing12331.jpg,Nanodomain,1.0,0.0,1.0,0.0
testing12332.jpg,Nanodomain,1.0,0.0,1.0,0.0
testing12333.jpg,Nanodomain,1.0,2.7399563e-23,1.0,0.0
testing12334.jpg,Nanodomain,1.0,0.0,1.0,0.0
testing12335.jpg,Nanodomain,1.0,0.0,1.0,0.0
testing12336.jpg,Nanodomain,1.0,0.0,1.0,0.0
testing12337.jpg,Nanodomain,1.0,0.0,1.0,0.0
testing12338.jpg,Nanodomain,1.0,0.0,1.0,0.0
testing12339.jpg,Intermediate,1.0,1.0,1.1670812e-24,1.0007143e-10
testing12340.jpg,Nanodomain,1.0,0.0,1.0,0.0
testing12341.jpg,Nanodomain,1.0,0.0,1.0,0.0
testing12342.jpg,Nanodomain,1.0,0.0,1.0,0.0
testing12343.jpg,Nanodomain,1.0,0.0,1.0,0.0
testing12344.jpg,Nanodomain,1.0,0.0,1.0,0.0
testing12345.jpg,Nanodomain,1.0,0.0,1.0,0.0
testing12346.jpg,Nanodomain,1.0,0.0,1.0,0.0
testing12347.jpg,Nanodomain,1.0,1.6381964e-36,1.0,0.0
testing12348.jpg,Nanodomain,1.0,2.1294087e-37,1.0,0.0
testing12349.jpg,Nanodomain,1.0,1.6838216e-35,1.0,0.0
testing12350.jpg,Nanodomain,1.0,8.689741e-31,1.0,0.0
testing12351.jpg,Nanodomain,1.0,0.0,1.0,0.0
testing12352.jpg,Intermediate,0.9600752,0.9600752,0.03992484,1.0058718e-19
testing12353.jpg,Nanodomain,0.9999839,1.6125181e-05,0.9999839,1.182185e-24
testing12354.jpg,Intermediate,0.98997223,0.98997223,0.01002781,2.1504567e-19
testing12355.jpg,Intermediate,1.0,1.0,4.190443e-18,1.0614265e-27
testing12356.jpg,Intermediate,1.0,1.0,3.1419266e-23,1.06308444e-26
testing12357.jpg,Intermediate,1.0,1.0,8.142378e-26,6.622362e-25
testing12358.jpg,Nanodomain,1.0,0.0,1.0,0.0
testing12359.jpg,Nanodomain,1.0,0.0,1.0,0.0
testing12360.jpg,Nanodomain,1.0,0.0,1.0,0.0
testing12361.jpg,Nanodomain,1.0,0.0,1.0,0.0
testing12362.jpg,Nanodomain,1.0,0.0,1.0,0.0
testing12363.jpg,Nanodomain,1.0,0.0,1.0,0.0
testing12364.jpg,Nanodomain,1.0,0.0,1.0,0.0
testing12365.jpg,Nanodomain,1.0,0.0,1.0,0.0
testing12366.jpg,Nanodomain,1.0,0.0,1.0,0.0
testing12367.jpg,Intermediate,1.0,1.0,8.777487e-33,5.1486007e-23
testing12368.jpg,Intermediate,0.99999905,0.99999905,4.2651056e-19,8.990292e-07
testing12369.jpg,Intermediate,1.0,1.0,2.0426935e-27,7.2950373e-22
testing12370.jpg,Outside,0.9342048,0.06579521,9.876584e-16,0.9342048
testing12371.jpg,Intermediate,1.0,1.0,1.6563376e-21,2.6130747e-11
testing12372.jpg,Intermediate,1.0,1.0,3.5682532e-29,6.1000796e-19
testing12373.jpg,Outside,1.0,8.303867e-09,1.0647528e-18,1.0
testing12374.jpg,Outside,1.0,6.650461e-33,1.6466292e-29,1.0
testing12375.jpg,Outside,1.0,2.4519308e-33,3.602363e-29,1.0
testing12376.jpg,Outside,1.0,5.0050502e-29,5.936742e-26,1.0
testing12377.jpg,Outside,1.0,8.362336e-29,7.5682157e-28,1.0
testing12378.jpg,Outside,1.0,9.102057e-29,1.7154549e-27,1.0
testing12379.jpg,Outside,1.0,1.5158254e-34,2.845604e-32,1.0
testing12380.jpg,Outside,1.0,9.055946e-32,1.8852561e-30,1.0
testing12381.jpg,Outside,1.0,2.9829639e-32,1.1149557e-29,1.0
testing12382.jpg,Outside,1.0,5.468999e-32,5.4522334e-31,1.0
testing12383.jpg,Outside,1.0,1.22524955e-29,3.336032e-27,1.0
testing12384.jpg,Outside,1.0,5.2508822e-33,8.21079e-31,1.0
testing12385.jpg,Outside,1.0,1.0964814e-29,2.175613e-28,1.0
testing12386.jpg,Outside,1.0,3.7445714e-33,5.6321096e-32,1.0
testing12387.jpg,Outside,1.0,3.30476e-34,1.863989e-30,1.0
testing12388.jpg,Outside,1.0,3.619507e-32,4.1699606e-29,1.0
testing12389.jpg,Outside,1.0,1.1494735e-32,5.2009922e-30,1.0
testing12390.jpg,Outside,1.0,2.2569416e-30,5.260138e-28,1.0
testing12391.jpg,Outside,1.0,9.915477e-32,1.480574e-29,1.0
testing12392.jpg,Outside,1.0,4.3689385e-33,3.588796e-30,1.0
testing12393.jpg,Outside,1.0,1.8092355e-35,1.1995937e-32,1.0
testing12394.jpg,Outside,1.0,2.0737106e-30,6.763262e-25,1.0
testing12395.jpg,Outside,1.0,2.4463542e-32,2.2166873e-28,1.0
testing12396.jpg,Outside,1.0,1.0859997e-29,2.456322e-25,1.0
testing12397.jpg,Outside,1.0,1.9756758e-33,2.809893e-29,1.0
testing12398.jpg,Outside,1.0,1.4841965e-32,1.6735042e-29,1.0
testing12399.jpg,Nanodomain,1.0,0.0,1.0,0.0
testing12400.jpg,Nanodomain,1.0,0.0,1.0,0.0
testing12401.jpg,Nanodomain,1.0,0.0,1.0,0.0
testing12402.jpg,Nanodomain,1.0,0.0,1.0,0.0
testing12403.jpg,Nanodomain,1.0,0.0,1.0,0.0
testing12404.jpg,Nanodomain,1.0,0.0,1.0,0.0
testing12405.jpg,Nanodomain,1.0,0.0,1.0,0.0
testing12406.jpg,Nanodomain,1.0,0.0,1.0,0.0
testing12407.jpg,Nanodomain,1.0,0.0,1.0,0.0
testing12408.jpg,Nanodomain,1.0,0.0,1.0,0.0
testing12409.jpg,Nanodomain,1.0,1.409899e-36,1.0,0.0
testing12410.jpg,Nanodomain,1.0,2.5927257e-29,1.0,0.0
testing12411.jpg,Nanodomain,1.0,0.0,1.0,0.0
testing12412.jpg,Nanodomain,1.0,0.0,1.0,0.0
testing12413.jpg,Nanodomain,1.0,0.0,1.0,0.0
testing12414.jpg,Nanodomain,1.0,0.0,1.0,0.0
testing12415.jpg,Nanodomain,1.0,0.0,1.0,0.0
testing12416.jpg,Nanodomain,1.0,0.0,1.0,0.0
testing12417.jpg,Outside,1.0,3.79991e-20,9.839458e-21,1.0
testing12418.jpg,Outside,1.0,1.2827173e-24,7.2309983e-25,1.0
testing12419.jpg,Outside,0.91780317,0.082196794,4.1885e-17,0.91780317
testing12420.jpg,Intermediate,1.0,1.0,1.9990538e-20,3.8673675e-10
testing12421.jpg,Intermediate,1.0,1.0,6.118617e-31,5.3499703e-20
testing12422.jpg,Intermediate,1.0,1.0,1.9179024e-33,2.2017466e-27
testing12423.jpg,Intermediate,1.0,1.0,2.0610898e-25,1.3027668e-26
testing12424.jpg,Outside,1.0,3.144054e-27,2.604269e-25,1.0
testing12425.jpg,Intermediate,1.0,1.0,1.2921122e-24,1.24901e-22
testing12426.jpg,Outside,1.0,8.319253e-22,1.9950686e-21,1.0
testing12427.jpg,Nanodomain,1.0,0.0,1.0,0.0
testing12428.jpg,Nanodomain,1.0,0.0,1.0,0.0
testing12429.jpg,Nanodomain,1.0,0.0,1.0,0.0
testing12430.jpg,Nanodomain,1.0,0.0,1.0,0.0
testing12431.jpg,Nanodomain,1.0,0.0,1.0,0.0
testing12432.jpg,Nanodomain,1.0,0.0,1.0,0.0
testing12433.jpg,Nanodomain,1.0,0.0,1.0,0.0
testing12434.jpg,Nanodomain,1.0,0.0,1.0,0.0
testing12435.jpg,Nanodomain,1.0,0.0,1.0,0.0
testing12436.jpg,Nanodomain,1.0,0.0,1.0,0.0
testing12437.jpg,Nanodomain,1.0,0.0,1.0,0.0
testing12438.jpg,Nanodomain,1.0,0.0,1.0,0.0
testing12439.jpg,Nanodomain,1.0,0.0,1.0,0.0
testing12440.jpg,Nanodomain,1.0,0.0,1.0,0.0
testing12441.jpg,Intermediate,1.0,1.0,8.8110924e-35,2.0259447e-29
testing12442.jpg,Intermediate,1.0,1.0,3.2116715e-27,1.0125254e-22
testing12443.jpg,Intermediate,1.0,1.0,3.9203947e-29,3.607974e-29
testing12444.jpg,Intermediate,1.0,1.0,3.9256934e-36,4.138484e-31
testing12445.jpg,Intermediate,1.0,1.0,1.7322307e-26,7.4104865e-21
testing12446.jpg,Intermediate,1.0,1.0,5.350729e-26,8.798038e-25
testing12447.jpg,Intermediate,1.0,1.0,2.9383533e-32,8.6642234e-23
testing12448.jpg,Intermediate,1.0,1.0,4.9127018e-29,1.0394899e-16
testing12449.jpg,Intermediate,1.0,1.0,8.454458e-36,4.9492643e-31
testing12450.jpg,Intermediate,1.0,1.0,9.410408e-25,2.8913517e-18
testing12451.jpg,Intermediate,1.0,1.0,1.412559e-20,6.0778167e-15
testing12452.jpg,Intermediate,1.0,1.0,9.0872156e-20,9.87161e-27
testing12453.jpg,Intermediate,1.0,1.0,3.226229e-23,1.9108558e-25
testing12454.jpg,Intermediate,1.0,1.0,4.1489713e-35,8.104119e-31
testing12455.jpg,Intermediate,1.0,1.0,1.7294568e-27,3.0097407e-27
testing12456.jpg,Intermediate,1.0,1.0,3.5463125e-28,4.6380705e-29
testing12457.jpg,Intermediate,1.0,1.0,1.35071805e-30,1.6010553e-19
testing12458.jpg,Intermediate,1.0,1.0,1.3760907e-33,1.1560002e-23
testing12459.jpg,Intermediate,1.0,1.0,2.7693748e-26,3.2053878e-15
testing12460.jpg,Outside,0.9999994,6.3764844e-07,5.637474e-19,0.9999994
testing12461.jpg,Nanodomain,1.0,0.0,1.0,0.0
testing12462.jpg,Nanodomain,1.0,0.0,1.0,0.0
testing12463.jpg,Nanodomain,1.0,0.0,1.0,0.0
testing12464.jpg,Nanodomain,1.0,2.533177e-37,1.0,0.0
testing12465.jpg,Nanodomain,1.0,0.0,1.0,0.0
testing12466.jpg,Outside,1.0,5.392176e-28,3.386191e-26,1.0
testing12467.jpg,Outside,1.0,6.15728e-14,8.467963e-18,1.0
testing12468.jpg,Intermediate,1.0,1.0,3.3529222e-28,2.9885318e-18
testing12469.jpg,Nanodomain,1.0,1.39554e-32,1.0,0.0
testing12470.jpg,Intermediate,1.0,1.0,2.2331102e-28,2.9728716e-20
testing12471.jpg,Nanodomain,1.0,0.0,1.0,0.0
testing12472.jpg,Nanodomain,1.0,0.0,1.0,0.0
testing12473.jpg,Nanodomain,1.0,0.0,1.0,0.0
testing12474.jpg,Nanodomain,1.0,0.0,1.0,0.0
testing12475.jpg,Nanodomain,1.0,0.0,1.0,0.0
testing12476.jpg,Nanodomain,1.0,0.0,1.0,0.0
testing12477.jpg,Nanodomain,1.0,0.0,1.0,0.0
testing12478.jpg,Nanodomain,1.0,0.0,1.0,0.0
testing12479.jpg,Nanodomain,1.0,0.0,1.0,0.0
testing12480.jpg,Nanodomain,0.9999912,8.828345e-06,0.9999912,1.3335037e-23
testing12481.jpg,Nanodomain,1.0,8.960239e-11,1.0,1.3389642e-31
testing12482.jpg,Intermediate,1.0,1.0,5.5305043e-27,2.0446514e-26
testing12483.jpg,Intermediate,1.0,1.0,1.1673006e-22,6.127765e-26
testing12484.jpg,Intermediate,1.0,1.0,1.754918e-18,2.119367e-23
testing12485.jpg,Nanodomain,1.0,0.0,1.0,0.0
testing12486.jpg,Nanodomain,1.0,0.0,1.0,0.0
testing12487.jpg,Nanodomain,1.0,0.0,1.0,0.0
testing12488.jpg,Nanodomain,1.0,0.0,1.0,0.0
testing12489.jpg,Nanodomain,1.0,0.0,1.0,0.0
testing12490.jpg,Nanodomain,1.0,0.0,1.0,0.0
testing12491.jpg,Nanodomain,1.0,0.0,1.0,0.0
testing12492.jpg,Nanodomain,1.0,0.0,1.0,0.0
testing12493.jpg,Nanodomain,1.0,2.4626117e-37,1.0,0.0
testing12494.jpg,Nanodomain,1.0,0.0,1.0,0.0
testing12495.jpg,Outside,0.9999999,1.221835e-07,2.955401e-13,0.9999999
testing12496.jpg,Outside,1.0,3.9574276e-13,5.821847e-19,1.0
testing12497.jpg,Outside,1.0,5.256653e-26,6.736175e-25,1.0
testing12498.jpg,Outside,1.0,6.661907e-27,7.6705073e-25,1.0
testing12499.jpg,Outside,1.0,8.2617866e-30,3.4037118e-27,1.0
testing12500.jpg,Outside,1.0,1.3346955e-24,1.10831005e-23,1.0
testing12501.jpg,Outside,1.0,9.393003e-27,5.252527e-25,1.0
testing12502.jpg,Outside,1.0,1.0642682e-28,9.261035e-28,1.0
testing12503.jpg,Outside,1.0,1.0779618e-25,1.0533684e-25,1.0
testing12504.jpg,Outside,1.0,4.111648e-34,4.4986317e-29,1.0
testing12505.jpg,Outside,1.0,1.591344e-33,3.9133382e-31,1.0
testing12506.jpg,Outside,1.0,3.0857513e-33,3.8741256e-31,1.0
testing12507.jpg,Outside,1.0,3.4875594e-31,5.5006402e-30,1.0
testing12508.jpg,Outside,1.0,3.1940298e-34,7.566584e-32,1.0
testing12509.jpg,Outside,1.0,1.2167341e-31,1.7015375e-30,1.0
testing12510.jpg,Outside,1.0,1.1341101e-27,2.4800756e-26,1.0
testing12511.jpg,Outside,1.0,6.3730637e-32,1.9363268e-31,1.0
testing12512.jpg,Outside,1.0,8.537871e-31,8.029194e-30,1.0
testing12513.jpg,Outside,1.0,1.9218592e-31,9.958744e-29,1.0
testing12514.jpg,Outside,1.0,4.948067e-34,3.7777018e-32,1.0
testing12515.jpg,Outside,1.0,7.673914e-37,9.5807925e-33,1.0
testing12516.jpg,Outside,1.0,4.7183457e-34,3.2871644e-30,1.0
testing12517.jpg,Outside,1.0,1.8706582e-28,3.4406329e-25,1.0
testing12518.jpg,Outside,1.0,3.875667e-29,9.673261e-26,1.0
testing12519.jpg,Outside,1.0,1.4170085e-32,6.3923044e-30,1.0
testing12520.jpg,Outside,1.0,7.4039217e-31,1.4457203e-28,1.0
testing12521.jpg,Outside,1.0,8.4850015e-26,1.3745073e-24,1.0
testing12522.jpg,Outside,1.0,9.757103e-31,3.2372918e-28,1.0
testing12523.jpg,Outside,1.0,1.6431529e-29,5.5576175e-27,1.0
testing12524.jpg,Outside,1.0,8.689249e-30,9.3528504e-27,1.0
testing12525.jpg,Nanodomain,1.0,0.0,1.0,0.0
testing12526.jpg,Nanodomain,1.0,0.0,1.0,0.0
testing12527.jpg,Nanodomain,1.0,0.0,1.0,0.0
testing12528.jpg,Nanodomain,1.0,0.0,1.0,0.0
testing12529.jpg,Nanodomain,1.0,0.0,1.0,0.0
testing12530.jpg,Nanodomain,1.0,0.0,1.0,0.0
testing12531.jpg,Nanodomain,1.0,0.0,1.0,0.0
testing12532.jpg,Nanodomain,1.0,0.0,1.0,0.0
testing12533.jpg,Nanodomain,1.0,0.0,1.0,0.0
testing12534.jpg,Nanodomain,1.0,0.0,1.0,0.0
testing12535.jpg,Nanodomain,1.0,4.86904e-38,1.0,0.0
testing12536.jpg,Nanodomain,1.0,0.0,1.0,0.0
testing12537.jpg,Nanodomain,1.0,0.0,1.0,0.0
testing12538.jpg,Nanodomain,1.0,0.0,1.0,0.0
testing12539.jpg,Nanodomain,1.0,0.0,1.0,0.0
testing12540.jpg,Nanodomain,1.0,0.0,1.0,0.0
testing12541.jpg,Nanodomain,1.0,0.0,1.0,0.0
testing12542.jpg,Nanodomain,1.0,0.0,1.0,0.0
testing12543.jpg,Nanodomain,1.0,0.0,1.0,0.0
testing12544.jpg,Nanodomain,1.0,0.0,1.0,0.0
testing12545.jpg,Outside,1.0,4.5700412e-14,5.6988097e-15,1.0
testing12546.jpg,Outside,1.0,7.7580495e-26,1.8856503e-24,1.0
testing12547.jpg,Outside,1.0,3.1089436e-19,7.322675e-20,1.0
testing12548.jpg,Outside,1.0,1.10596185e-23,1.637246e-22,1.0
testing12549.jpg,Intermediate,1.0,1.0,2.237665e-27,5.3545844e-20
testing12550.jpg,Outside,1.0,2.9944002e-31,2.1293293e-28,1.0
testing12551.jpg,Intermediate,1.0,1.0,1.9819557e-26,1.1337119e-20
testing12552.jpg,Intermediate,1.0,1.0,2.3499087e-25,3.9061527e-22
testing12553.jpg,Outside,1.0,6.0131354e-13,1.00812717e-16,1.0
testing12554.jpg,Nanodomain,1.0,0.0,1.0,0.0
testing12555.jpg,Nanodomain,1.0,0.0,1.0,0.0
testing12556.jpg,Intermediate,1.0,1.0,4.4210073e-35,1.17239624e-23
testing12557.jpg,Nanodomain,1.0,0.0,1.0,0.0
testing12558.jpg,Nanodomain,1.0,0.0,1.0,0.0
testing12559.jpg,Nanodomain,1.0,0.0,1.0,0.0
testing12560.jpg,Nanodomain,1.0,0.0,1.0,0.0
testing12561.jpg,Nanodomain,1.0,0.0,1.0,0.0
testing12562.jpg,Nanodomain,1.0,0.0,1.0,0.0
testing12563.jpg,Nanodomain,1.0,0.0,1.0,0.0
testing12564.jpg,Nanodomain,1.0,0.0,1.0,0.0
testing12565.jpg,Nanodomain,1.0,0.0,1.0,0.0
testing12566.jpg,Nanodomain,1.0,0.0,1.0,0.0
testing12567.jpg,Nanodomain,1.0,0.0,1.0,0.0
testing12568.jpg,Nanodomain,1.0,0.0,1.0,0.0
testing12569.jpg,Outside,1.0,2.3461948e-11,1.38002355e-17,1.0
testing12570.jpg,Outside,1.0,1.8848243e-23,5.461722e-25,1.0
testing12571.jpg,Outside,1.0,2.4811354e-11,8.20677e-19,1.0
testing12572.jpg,Outside,1.0,1.31260585e-08,1.9867336e-17,1.0
testing12573.jpg,Intermediate,1.0,1.0,3.4734335e-23,6.850112e-11
testing12574.jpg,Outside,1.0,1.1724406e-16,2.4396513e-19,1.0
testing12575.jpg,Intermediate,1.0,1.0,1.9726414e-25,1.2670883e-14
testing12576.jpg,Intermediate,1.0,1.0,2.3682003e-13,1.8368106e-18
testing12577.jpg,Intermediate,1.0,1.0,4.980985e-25,1.919537e-12
testing12578.jpg,Intermediate,1.0,1.0,1.466779e-36,9.9148266e-26
testing12579.jpg,Intermediate,1.0,1.0,1.1641749e-36,5.422772e-26
testing12580.jpg,Intermediate,1.0,1.0,2.1493844e-32,6.6246035e-27
testing12581.jpg,Intermediate,1.0,1.0,9.302908e-31,1.2877599e-20
testing12582.jpg,Intermediate,1.0,1.0,4.6884437e-31,4.969632e-19
testing12583.jpg,Intermediate,1.0,1.0,1.3732318e-27,3.04776e-22
testing12584.jpg,Intermediate,1.0,1.0,1.6944177e-09,6.297531e-13
testing12585.jpg,Intermediate,1.0,1.0,1.6663883e-22,1.6838213e-13
testing12586.jpg,Intermediate,1.0,1.0,2.0419742e-22,1.016371e-09
testing12587.jpg,Outside,0.9999995,4.825965e-07,2.2550439e-18,0.9999995
testing12588.jpg,Outside,1.0,5.1291208e-21,3.0460267e-23,1.0
testing12589.jpg,Outside,1.0,7.4571504e-17,1.8534841e-19,1.0
testing12590.jpg,Outside,1.0,1.364318e-28,1.10524736e-26,1.0
testing12591.jpg,Outside,1.0,8.121967e-18,9.567474e-23,1.0
testing12592.jpg,Intermediate,0.99999976,0.99999976,3.2964475e-20,1.7933263e-07
testing12593.jpg,Intermediate,1.0,1.0,3.2475265e-32,1.8802382e-20
testing12594.jpg,Intermediate,1.0,1.0,2.3752523e-17,2.2624166e-10
testing12595.jpg,Nanodomain,1.0,3.383657e-28,1.0,0.0
testing12596.jpg,Outside,1.0,3.681076e-12,2.1522867e-19,1.0
testing12597.jpg,Nanodomain,1.0,2.5618967e-27,1.0,0.0
testing12598.jpg,Nanodomain,1.0,1.429829e-31,1.0,0.0
testing12599.jpg,Nanodomain,1.0,0.0,1.0,0.0
testing12600.jpg,Nanodomain,1.0,0.0,1.0,0.0
testing12601.jpg,Nanodomain,1.0,0.0,1.0,0.0
testing12602.jpg,Nanodomain,1.0,0.0,1.0,0.0
testing12603.jpg,Nanodomain,1.0,0.0,1.0,0.0
testing12604.jpg,Nanodomain,1.0,5.502788e-35,1.0,0.0
testing12605.jpg,Nanodomain,1.0,0.0,1.0,0.0
testing12606.jpg,Nanodomain,1.0,0.0,1.0,0.0
testing12607.jpg,Nanodomain,1.0,0.0,1.0,0.0
testing12608.jpg,Nanodomain,1.0,0.0,1.0,0.0
testing12609.jpg,Nanodomain,1.0,0.0,1.0,0.0
testing12610.jpg,Intermediate,1.0,1.0,1.4577295e-31,1.8666157e-29
testing12611.jpg,Intermediate,1.0,1.0,5.2854888e-33,1.7120795e-29
testing12612.jpg,Intermediate,1.0,1.0,1.137602e-28,9.1290704e-30
testing12613.jpg,Nanodomain,1.0,0.0,1.0,0.0
testing12614.jpg,Nanodomain,1.0,0.0,1.0,0.0
testing12615.jpg,Nanodomain,1.0,0.0,1.0,0.0
testing12616.jpg,Nanodomain,1.0,0.0,1.0,0.0
testing12617.jpg,Nanodomain,1.0,0.0,1.0,0.0
testing12618.jpg,Nanodomain,1.0,0.0,1.0,0.0
testing12619.jpg,Nanodomain,1.0,0.0,1.0,0.0
testing12620.jpg,Nanodomain,1.0,0.0,1.0,0.0
testing12621.jpg,Nanodomain,1.0,0.0,1.0,0.0
testing12622.jpg,Nanodomain,1.0,0.0,1.0,0.0
testing12623.jpg,Nanodomain,1.0,0.0,1.0,0.0
testing12624.jpg,Nanodomain,1.0,0.0,1.0,0.0
testing12625.jpg,Nanodomain,1.0,0.0,1.0,0.0
testing12626.jpg,Nanodomain,1.0,0.0,1.0,0.0
testing12627.jpg,Nanodomain,1.0,0.0,1.0,0.0
testing12628.jpg,Nanodomain,1.0,0.0,1.0,0.0
testing12629.jpg,Nanodomain,1.0,0.0,1.0,0.0
testing12630.jpg,Nanodomain,1.0,0.0,1.0,0.0
testing12631.jpg,Nanodomain,1.0,0.0,1.0,0.0
testing12632.jpg,Nanodomain,1.0,0.0,1.0,0.0
testing12633.jpg,Nanodomain,1.0,0.0,1.0,0.0
testing12634.jpg,Outside,1.0,4.3762446e-33,9.6964843e-29,1.0
testing12635.jpg,Outside,1.0,1.3874596e-34,1.2518241e-30,1.0
testing12636.jpg,Outside,1.0,1.3567117e-25,2.1378446e-26,1.0
testing12637.jpg,Outside,1.0,6.3305914e-31,8.107157e-29,1.0
testing12638.jpg,Outside,1.0,1.3712905e-26,1.8595408e-25,1.0
testing12639.jpg,Outside,1.0,7.614031e-27,2.4954862e-27,1.0
testing12640.jpg,Outside,1.0,2.4150089e-29,1.5756368e-28,1.0
testing12641.jpg,Outside,1.0,4.8271852e-32,6.340044e-30,1.0
testing12642.jpg,Outside,1.0,2.3432799e-29,2.4488696e-29,1.0
testing12643.jpg,Outside,1.0,1.6136473e-29,9.323849e-28,1.0
testing12644.jpg,Outside,1.0,1.3190261e-30,3.3335482e-29,1.0
testing12645.jpg,Outside,1.0,4.8149994e-29,1.1005563e-26,1.0
testing12646.jpg,Outside,1.0,0.0,2.787817e-34,1.0
testing12647.jpg,Outside,1.0,2.2575472e-35,1.3404564e-31,1.0
testing12648.jpg,Outside,1.0,4.6683945e-34,1.0258991e-31,1.0
testing12649.jpg,Outside,1.0,1.0272809e-32,1.9863265e-30,1.0
testing12650.jpg,Outside,1.0,5.528342e-31,1.0614868e-28,1.0
testing12651.jpg,Nanodomain,1.0,0.0,1.0,0.0
testing12652.jpg,Nanodomain,1.0,0.0,1.0,0.0
testing12653.jpg,Nanodomain,1.0,0.0,1.0,0.0
testing12654.jpg,Nanodomain,1.0,0.0,1.0,0.0
testing12655.jpg,Nanodomain,1.0,0.0,1.0,0.0
testing12656.jpg,Nanodomain,1.0,0.0,1.0,0.0
testing12657.jpg,Nanodomain,1.0,0.0,1.0,0.0
testing12658.jpg,Nanodomain,1.0,0.0,1.0,0.0
testing12659.jpg,Nanodomain,1.0,0.0,1.0,0.0
testing12660.jpg,Nanodomain,1.0,0.0,1.0,0.0
testing12661.jpg,Nanodomain,1.0,0.0,1.0,0.0
testing12662.jpg,Nanodomain,1.0,0.0,1.0,0.0
testing12663.jpg,Nanodomain,1.0,4.9390102e-36,1.0,0.0
testing12664.jpg,Nanodomain,1.0,2.2385853e-36,1.0,0.0
testing12665.jpg,Intermediate,1.0,1.0,1.9112899e-36,2.2882828e-28
testing12666.jpg,Nanodomain,1.0,0.0,1.0,0.0
testing12667.jpg,Nanodomain,1.0,0.0,1.0,0.0
testing12668.jpg,Nanodomain,1.0,0.0,1.0,0.0
testing12669.jpg,Nanodomain,1.0,0.0,1.0,0.0
testing12670.jpg,Nanodomain,1.0,0.0,1.0,0.0
testing12671.jpg,Nanodomain,1.0,0.0,1.0,0.0
testing12672.jpg,Nanodomain,1.0,0.0,1.0,0.0
testing12673.jpg,Nanodomain,1.0,0.0,1.0,0.0
testing12674.jpg,Nanodomain,1.0,0.0,1.0,0.0
testing12675.jpg,Nanodomain,1.0,0.0,1.0,0.0
testing12676.jpg,Nanodomain,1.0,0.0,1.0,0.0
testing12677.jpg,Intermediate,1.0,1.0,7.7442217e-31,2.3130763e-28
testing12678.jpg,Intermediate,1.0,1.0,5.83697e-26,3.595101e-14
testing12679.jpg,Intermediate,1.0,1.0,5.310447e-26,1.6762384e-22
testing12680.jpg,Intermediate,1.0,1.0,3.1823367e-30,5.085951e-26
testing12681.jpg,Intermediate,1.0,1.0,2.8638612e-28,6.3243814e-18
testing12682.jpg,Nanodomain,1.0,0.0,1.0,0.0
testing12683.jpg,Nanodomain,1.0,0.0,1.0,0.0
testing12684.jpg,Nanodomain,1.0,0.0,1.0,0.0
testing12685.jpg,Nanodomain,1.0,0.0,1.0,0.0
testing12686.jpg,Nanodomain,1.0,0.0,1.0,0.0
testing12687.jpg,Nanodomain,1.0,0.0,1.0,0.0
testing12688.jpg,Nanodomain,1.0,0.0,1.0,0.0
testing12689.jpg,Nanodomain,1.0,0.0,1.0,0.0
testing12690.jpg,Nanodomain,1.0,0.0,1.0,0.0
testing12691.jpg,Nanodomain,1.0,0.0,1.0,0.0
testing12692.jpg,Nanodomain,1.0,0.0,1.0,0.0
testing12693.jpg,Nanodomain,1.0,0.0,1.0,0.0
testing12694.jpg,Nanodomain,1.0,0.0,1.0,0.0
testing12695.jpg,Nanodomain,1.0,0.0,1.0,0.0
testing12696.jpg,Nanodomain,1.0,0.0,1.0,0.0
testing12697.jpg,Nanodomain,1.0,0.0,1.0,0.0
testing12698.jpg,Intermediate,1.0,1.0,1.0242544e-28,6.722037e-16
testing12699.jpg,Intermediate,1.0,1.0,2.3675998e-24,6.341072e-11
testing12700.jpg,Intermediate,1.0,1.0,2.0849021e-23,4.641555e-15
testing12701.jpg,Intermediate,0.99982184,0.99982184,6.1915115e-21,0.00017820961
testing12702.jpg,Intermediate,1.0,1.0,1.4064893e-19,5.6919287e-09
testing12703.jpg,Outside,0.9999764,2.3611721e-05,8.689329e-18,0.9999764
testing12704.jpg,Intermediate,1.0,1.0,1.7882523e-28,6.0197986e-18
testing12705.jpg,Intermediate,1.0,1.0,2.3446793e-25,1.641579e-23
testing12706.jpg,Intermediate,1.0,1.0,3.5029775e-36,1.5064456e-28
testing12707.jpg,Intermediate,1.0,1.0,1.4847484e-36,1.804957e-25
testing12708.jpg,Intermediate,1.0,1.0,7.092653e-25,2.0077586e-20
testing12709.jpg,Intermediate,1.0,1.0,4.3834713e-29,6.730877e-27
testing12710.jpg,Intermediate,1.0,1.0,4.561753e-24,1.3821632e-16
testing12711.jpg,Intermediate,1.0,1.0,7.566797e-29,3.6114266e-16
testing12712.jpg,Intermediate,1.0,1.0,1.2002919e-28,2.590263e-15
testing12713.jpg,Intermediate,1.0,1.0,1.778933e-26,1.4735212e-12
testing12714.jpg,Intermediate,0.983214,0.983214,6.5354526e-20,0.016785946
testing12715.jpg,Intermediate,0.9919486,0.9919486,1.0760596e-16,0.008051352
testing12716.jpg,Outside,0.99933416,0.00066586764,2.452095e-13,0.99933416
testing12717.jpg,Outside,0.9998344,0.00016550325,1.1753872e-13,0.9998344
testing12718.jpg,Outside,1.0,1.1116798e-13,8.846802e-18,1.0
testing12719.jpg,Outside,1.0,2.036585e-09,3.4407632e-18,1.0
testing12720.jpg,Outside,1.0,2.9935994e-17,1.3221077e-17,1.0
testing12721.jpg,Outside,1.0,2.794663e-27,5.7008675e-25,1.0
testing12722.jpg,Nanodomain,1.0,1.1563785e-32,1.0,0.0
testing12723.jpg,Intermediate,1.0,1.0,1.2281512e-36,8.297078e-27
testing12724.jpg,Intermediate,1.0,1.0,3.1695008e-26,2.2364355e-20
testing12725.jpg,Intermediate,1.0,1.0,5.239087e-22,1.1858121e-25
testing12726.jpg,Nanodomain,1.0,0.0,1.0,0.0
testing12727.jpg,Nanodomain,1.0,3.0958912e-18,1.0,0.0
testing12728.jpg,Nanodomain,1.0,3.485881e-25,1.0,0.0
testing12729.jpg,Nanodomain,1.0,3.4824694e-15,1.0,0.0
testing12730.jpg,Nanodomain,1.0,8.377367e-12,1.0,9.3021804e-35
testing12731.jpg,Nanodomain,1.0,3.6676469e-09,1.0,4.0996376e-33
testing12732.jpg,Nanodomain,1.0,8.7388465e-11,1.0,3.250118e-31
testing12733.jpg,Nanodomain,0.9969303,0.003069669,0.9969303,8.00895e-21
testing12734.jpg,Nanodomain,1.0,2.0953674e-34,1.0,0.0
testing12735.jpg,Nanodomain,1.0,0.0,1.0,0.0
testing12736.jpg,Nanodomain,1.0,0.0,1.0,0.0
testing12737.jpg,Intermediate,1.0,1.0,6.4442887e-21,3.0842073e-27
testing12738.jpg,Intermediate,1.0,1.0,3.7574648e-25,4.7873436e-29
testing12739.jpg,Intermediate,1.0,1.0,9.814781e-23,1.645434e-24
testing12740.jpg,Intermediate,1.0,1.0,1.2067528e-26,4.4716033e-27
testing12741.jpg,Intermediate,1.0,1.0,4.350423e-28,3.847548e-28
testing12742.jpg,Nanodomain,1.0,0.0,1.0,0.0
testing12743.jpg,Nanodomain,1.0,0.0,1.0,0.0
testing12744.jpg,Nanodomain,1.0,0.0,1.0,0.0
testing12745.jpg,Nanodomain,1.0,0.0,1.0,0.0
testing12746.jpg,Nanodomain,1.0,0.0,1.0,0.0
testing12747.jpg,Nanodomain,1.0,0.0,1.0,0.0
testing12748.jpg,Nanodomain,1.0,0.0,1.0,0.0
testing12749.jpg,Nanodomain,1.0,8.979352e-29,1.0,0.0
testing12750.jpg,Nanodomain,1.0,2.4102217e-15,1.0,1.3423266e-35
testing12751.jpg,Nanodomain,1.0,0.0,1.0,0.0
testing12752.jpg,Nanodomain,1.0,0.0,1.0,0.0
testing12753.jpg,Nanodomain,1.0,0.0,1.0,0.0
testing12754.jpg,Nanodomain,1.0,0.0,1.0,0.0
testing12755.jpg,Nanodomain,1.0,0.0,1.0,0.0
testing12756.jpg,Nanodomain,1.0,0.0,1.0,0.0
testing12757.jpg,Nanodomain,1.0,0.0,1.0,0.0
testing12758.jpg,Nanodomain,1.0,0.0,1.0,0.0
testing12759.jpg,Nanodomain,1.0,0.0,1.0,0.0
testing12760.jpg,Nanodomain,1.0,0.0,1.0,0.0
testing12761.jpg,Nanodomain,1.0,0.0,1.0,0.0
testing12762.jpg,Nanodomain,1.0,0.0,1.0,0.0
testing12763.jpg,Nanodomain,1.0,0.0,1.0,0.0
testing12764.jpg,Outside,1.0,1.5621626e-31,1.2760619e-29,1.0
testing12765.jpg,Outside,1.0,1.634034e-28,8.647536e-26,1.0
testing12766.jpg,Outside,1.0,1.5743719e-32,5.8744376e-31,1.0
testing12767.jpg,Outside,1.0,5.9904495e-27,5.9365743e-29,1.0
testing12768.jpg,Outside,1.0,2.8806756e-31,7.76591e-30,1.0
testing12769.jpg,Outside,1.0,4.8726977e-32,9.74453e-31,1.0
testing12770.jpg,Outside,1.0,1.8011117e-33,1.4930111e-30,1.0
testing12771.jpg,Outside,1.0,5.5121695e-31,4.525191e-28,1.0
testing12772.jpg,Outside,1.0,1.3404054e-31,2.6494155e-29,1.0
testing12773.jpg,Outside,1.0,1.7361452e-28,2.2271637e-28,1.0
testing12774.jpg,Outside,1.0,5.3517063e-27,2.0266203e-26,1.0
testing12775.jpg,Outside,1.0,2.64369e-30,6.931562e-29,1.0
testing12776.jpg,Outside,1.0,1.8401998e-31,2.6976466e-27,1.0
testing12777.jpg,Outside,1.0,7.106389e-31,6.2369965e-28,1.0
testing12778.jpg,Nanodomain,1.0,0.0,1.0,0.0
testing12779.jpg,Nanodomain,1.0,0.0,1.0,0.0
testing12780.jpg,Nanodomain,1.0,0.0,1.0,0.0
testing12781.jpg,Nanodomain,1.0,0.0,1.0,0.0
testing12782.jpg,Nanodomain,1.0,0.0,1.0,0.0
testing12783.jpg,Nanodomain,1.0,0.0,1.0,0.0
testing12784.jpg,Nanodomain,1.0,0.0,1.0,0.0
testing12785.jpg,Nanodomain,1.0,0.0,1.0,0.0
testing12786.jpg,Nanodomain,1.0,0.0,1.0,0.0
testing12787.jpg,Nanodomain,1.0,0.0,1.0,0.0
testing12788.jpg,Nanodomain,1.0,0.0,1.0,0.0
testing12789.jpg,Nanodomain,1.0,0.0,1.0,0.0
testing12790.jpg,Nanodomain,1.0,0.0,1.0,0.0
testing12791.jpg,Nanodomain,1.0,0.0,1.0,0.0
testing12792.jpg,Intermediate,0.9999999,0.9999999,5.3552957e-21,6.75494e-08
testing12793.jpg,Nanodomain,1.0,1.388222e-34,1.0,0.0
testing12794.jpg,Nanodomain,1.0,0.0,1.0,0.0
testing12795.jpg,Nanodomain,1.0,0.0,1.0,0.0
testing12796.jpg,Nanodomain,1.0,0.0,1.0,0.0
testing12797.jpg,Nanodomain,1.0,0.0,1.0,0.0
testing12798.jpg,Nanodomain,1.0,0.0,1.0,0.0
testing12799.jpg,Nanodomain,1.0,0.0,1.0,0.0
testing12800.jpg,Nanodomain,1.0,0.0,1.0,0.0
testing12801.jpg,Nanodomain,1.0,0.0,1.0,0.0
testing12802.jpg,Nanodomain,1.0,0.0,1.0,0.0
testing12803.jpg,Nanodomain,1.0,0.0,1.0,0.0
testing12804.jpg,Nanodomain,1.0,0.0,1.0,0.0
testing12805.jpg,Nanodomain,1.0,0.0,1.0,0.0
testing12806.jpg,Nanodomain,1.0,0.0,1.0,0.0
testing12807.jpg,Nanodomain,1.0,0.0,1.0,0.0
testing12808.jpg,Intermediate,1.0,1.0,3.2571163e-17,5.448062e-21
testing12809.jpg,Intermediate,1.0,1.0,6.508087e-25,6.946444e-20
testing12810.jpg,Nanodomain,1.0,0.0,1.0,0.0
testing12811.jpg,Nanodomain,1.0,0.0,1.0,0.0
testing12812.jpg,Nanodomain,1.0,0.0,1.0,0.0
testing12813.jpg,Nanodomain,1.0,0.0,1.0,0.0
testing12814.jpg,Nanodomain,1.0,0.0,1.0,0.0
testing12815.jpg,Nanodomain,1.0,0.0,1.0,0.0
testing12816.jpg,Nanodomain,1.0,0.0,1.0,0.0
testing12817.jpg,Nanodomain,1.0,0.0,1.0,0.0
testing12818.jpg,Nanodomain,1.0,0.0,1.0,0.0
testing12819.jpg,Nanodomain,1.0,0.0,1.0,0.0
testing12820.jpg,Nanodomain,1.0,0.0,1.0,0.0
testing12821.jpg,Nanodomain,1.0,0.0,1.0,0.0
testing12822.jpg,Nanodomain,1.0,0.0,1.0,0.0
testing12823.jpg,Nanodomain,1.0,0.0,1.0,0.0
testing12824.jpg,Nanodomain,1.0,0.0,1.0,0.0
testing12825.jpg,Nanodomain,1.0,0.0,1.0,0.0
testing12826.jpg,Intermediate,1.0,1.0,1.2369313e-33,1.9316067e-22
testing12827.jpg,Intermediate,1.0,1.0,1.4011941e-25,1.0125847e-12
testing12828.jpg,Intermediate,1.0,1.0,6.365834e-21,2.0304151e-08
testing12829.jpg,Intermediate,1.0,1.0,0.0,3.2703328e-28
testing12830.jpg,Outside,0.9981822,0.0018178532,2.8925685e-16,0.9981822
testing12831.jpg,Outside,1.0,1.0222338e-18,4.420933e-23,1.0
testing12832.jpg,Outside,1.0,1.7531822e-10,2.6449393e-16,1.0
testing12833.jpg,Intermediate,1.0,1.0,4.3603374e-30,3.8300365e-19
testing12834.jpg,Intermediate,0.99848384,0.99848384,1.14285945e-17,0.0015161327
testing12835.jpg,Intermediate,1.0,1.0,2.2725515e-31,7.955247e-26
testing12836.jpg,Intermediate,1.0,1.0,4.3175624e-25,1.60866695e-24
testing12837.jpg,Intermediate,0.99914587,0.99914587,2.8875287e-17,0.0008541238
testing12838.jpg,Intermediate,1.0,1.0,7.3064576e-29,2.7426215e-24
testing12839.jpg,Intermediate,1.0,1.0,6.645467e-25,1.0677173e-19
testing12840.jpg,Intermediate,1.0,1.0,3.356973e-24,2.4764568e-17
testing12841.jpg,Intermediate,1.0,1.0,2.4054674e-27,7.5223873e-22
testing12842.jpg,Intermediate,1.0,1.0,3.5018854e-34,5.606709e-24
testing12843.jpg,Intermediate,1.0,1.0,2.9876275e-28,2.819198e-24
testing12844.jpg,Outside,1.0,3.509454e-27,9.3602075e-26,1.0
testing12845.jpg,Outside,1.0,1.2722889e-16,9.675726e-20,1.0
testing12846.jpg,Intermediate,1.0,1.0,1.8402275e-24,6.1885425e-13
testing12847.jpg,Intermediate,0.9999993,0.9999993,5.7965006e-16,7.685964e-07
testing12848.jpg,Outside,1.0,3.5760938e-26,2.6791473e-26,1.0
testing12849.jpg,Outside,1.0,1.5708818e-23,4.2722823e-23,1.0
testing12850.jpg,Intermediate,0.98374385,0.98374385,0.01625614,1.3095189e-21
testing12851.jpg,Intermediate,1.0,1.0,7.754373e-28,6.3655283e-18
testing12852.jpg,Intermediate,1.0,1.0,3.6019464e-24,2.9268622e-11
testing12853.jpg,Intermediate,1.0,1.0,2.6642085e-17,5.0356802e-11
testing12854.jpg,Intermediate,1.0,1.0,2.5372261e-24,2.5830204e-15
testing12855.jpg,Intermediate,1.0,1.0,1.6766588e-24,6.12964e-17
testing12856.jpg,Intermediate,1.0,1.0,3.795712e-26,3.8768875e-25
testing12857.jpg,Nanodomain,1.0,1.126091e-21,1.0,0.0
testing12858.jpg,Nanodomain,1.0,1.22064135e-20,1.0,0.0
testing12859.jpg,Nanodomain,1.0,5.6037668e-36,1.0,0.0
testing12860.jpg,Intermediate,0.9992743,0.9992743,0.0007256561,3.0707868e-26
testing12861.jpg,Nanodomain,0.9997155,0.0002845166,0.9997155,4.933378e-25
testing12862.jpg,Intermediate,0.9999999,0.9999999,1.06912985e-07,1.401568e-25
testing12863.jpg,Intermediate,1.0,1.0,1.5042725e-16,1.1959962e-27
testing12864.jpg,Intermediate,0.9996952,0.9996952,0.00030484426,8.023831e-24
testing12865.jpg,Intermediate,1.0,1.0,4.689581e-19,1.0801361e-23
testing12866.jpg,Intermediate,1.0,1.0,1.974626e-13,2.6632832e-25
testing12867.jpg,Intermediate,1.0,1.0,1.5467701e-22,1.8208908e-25
testing12868.jpg,Intermediate,1.0,1.0,3.1552177e-26,1.7013e-27
testing12869.jpg,Intermediate,1.0,1.0,1.6489742e-21,3.860582e-24
testing12870.jpg,Nanodomain,1.0,0.0,1.0,0.0
testing12871.jpg,Nanodomain,1.0,0.0,1.0,0.0
testing12872.jpg,Nanodomain,1.0,0.0,1.0,0.0
testing12873.jpg,Nanodomain,1.0,0.0,1.0,0.0
testing12874.jpg,Nanodomain,1.0,0.0,1.0,0.0
testing12875.jpg,Nanodomain,1.0,0.0,1.0,0.0
testing12876.jpg,Nanodomain,1.0,4.4359884e-29,1.0,0.0
testing12877.jpg,Nanodomain,1.0,2.4182618e-30,1.0,0.0
testing12878.jpg,Nanodomain,1.0,2.6584e-18,1.0,8.520108e-38
testing12879.jpg,Nanodomain,1.0,0.0,1.0,0.0
testing12880.jpg,Nanodomain,1.0,0.0,1.0,0.0
testing12881.jpg,Nanodomain,1.0,0.0,1.0,0.0
testing12882.jpg,Nanodomain,1.0,0.0,1.0,0.0
testing12883.jpg,Nanodomain,1.0,0.0,1.0,0.0
testing12884.jpg,Nanodomain,1.0,0.0,1.0,0.0
testing12885.jpg,Nanodomain,1.0,0.0,1.0,0.0
testing12886.jpg,Nanodomain,1.0,0.0,1.0,0.0
testing12887.jpg,Nanodomain,1.0,0.0,1.0,0.0
testing12888.jpg,Nanodomain,1.0,0.0,1.0,0.0
testing12889.jpg,Nanodomain,1.0,0.0,1.0,0.0
testing12890.jpg,Nanodomain,1.0,0.0,1.0,0.0
testing12891.jpg,Nanodomain,1.0,0.0,1.0,0.0
testing12892.jpg,Nanodomain,1.0,0.0,1.0,0.0
testing12893.jpg,Outside,1.0,8.8000455e-34,1.3301786e-29,1.0
testing12894.jpg,Outside,1.0,3.7670527e-32,1.1280716e-31,1.0
testing12895.jpg,Outside,1.0,1.7583381e-30,1.5088314e-29,1.0
testing12896.jpg,Outside,1.0,4.3957664e-27,2.3199358e-26,1.0
testing12897.jpg,Outside,1.0,3.377107e-35,3.9312032e-31,1.0
testing12898.jpg,Outside,1.0,5.519413e-29,5.219818e-29,1.0
testing12899.jpg,Outside,1.0,1.6859037e-28,5.7908804e-27,1.0
testing12900.jpg,Outside,1.0,8.662584e-35,6.973589e-32,1.0
testing12901.jpg,Outside,1.0,1.7499302e-34,3.7542438e-31,1.0
testing12902.jpg,Outside,1.0,2.613377e-31,5.7782527e-29,1.0
testing12903.jpg,Outside,1.0,2.5214417e-31,6.1839226e-30,1.0
testing12904.jpg,Outside,1.0,2.793717e-25,1.4728385e-23,1.0
testing12905.jpg,Outside,1.0,1.44700205e-33,1.1818042e-29,1.0
testing12906.jpg,Nanodomain,1.0,0.0,1.0,0.0
testing12907.jpg,Nanodomain,1.0,0.0,1.0,0.0
testing12908.jpg,Nanodomain,1.0,0.0,1.0,0.0
testing12909.jpg,Nanodomain,1.0,0.0,1.0,0.0
testing12910.jpg,Nanodomain,1.0,0.0,1.0,0.0
testing12911.jpg,Nanodomain,1.0,0.0,1.0,0.0
testing12912.jpg,Nanodomain,1.0,0.0,1.0,0.0
testing12913.jpg,Nanodomain,1.0,0.0,1.0,0.0
testing12914.jpg,Nanodomain,1.0,0.0,1.0,0.0
testing12915.jpg,Nanodomain,1.0,0.0,1.0,0.0
testing12916.jpg,Nanodomain,1.0,0.0,1.0,0.0
testing12917.jpg,Nanodomain,1.0,0.0,1.0,0.0
testing12918.jpg,Nanodomain,1.0,0.0,1.0,0.0
testing12919.jpg,Intermediate,1.0,1.0,1.3269785e-32,1.8843804e-21
testing12920.jpg,Outside,1.0,2.792616e-20,3.8108557e-20,1.0
testing12921.jpg,Intermediate,1.0,1.0,9.989094e-24,1.6213717e-15
testing12922.jpg,Intermediate,1.0,1.0,1.4173212e-18,1.103244e-08
testing12923.jpg,Intermediate,1.0,1.0,6.4174106e-26,1.3389577e-18
testing12924.jpg,Nanodomain,1.0,0.0,1.0,0.0
testing12925.jpg,Nanodomain,1.0,0.0,1.0,0.0
testing12926.jpg,Nanodomain,1.0,0.0,1.0,0.0
testing12927.jpg,Nanodomain,1.0,0.0,1.0,0.0
testing12928.jpg,Nanodomain,1.0,0.0,1.0,0.0
testing12929.jpg,Nanodomain,1.0,0.0,1.0,0.0
testing12930.jpg,Nanodomain,1.0,0.0,1.0,0.0
testing12931.jpg,Nanodomain,1.0,0.0,1.0,0.0
testing12932.jpg,Nanodomain,1.0,0.0,1.0,0.0
testing12933.jpg,Nanodomain,1.0,0.0,1.0,0.0
testing12934.jpg,Nanodomain,1.0,0.0,1.0,0.0
testing12935.jpg,Nanodomain,1.0,0.0,1.0,0.0
testing12936.jpg,Outside,1.0,7.542327e-30,8.359055e-28,1.0
testing12937.jpg,Outside,1.0,9.410524e-12,8.942766e-16,1.0
testing12938.jpg,Nanodomain,1.0,0.0,1.0,0.0
testing12939.jpg,Nanodomain,1.0,0.0,1.0,0.0
testing12940.jpg,Nanodomain,1.0,0.0,1.0,0.0
testing12941.jpg,Nanodomain,1.0,0.0,1.0,0.0
testing12942.jpg,Nanodomain,1.0,0.0,1.0,0.0
testing12943.jpg,Nanodomain,1.0,0.0,1.0,0.0
testing12944.jpg,Nanodomain,1.0,0.0,1.0,0.0
testing12945.jpg,Nanodomain,1.0,0.0,1.0,0.0
testing12946.jpg,Nanodomain,1.0,0.0,1.0,0.0
testing12947.jpg,Nanodomain,1.0,0.0,1.0,0.0
testing12948.jpg,Nanodomain,1.0,1.4306981e-14,1.0,1.6217282e-33
testing12949.jpg,Nanodomain,1.0,0.0,1.0,0.0
testing12950.jpg,Nanodomain,1.0,0.0,1.0,0.0
testing12951.jpg,Nanodomain,1.0,0.0,1.0,0.0
testing12952.jpg,Nanodomain,1.0,0.0,1.0,0.0
testing12953.jpg,Nanodomain,1.0,1.07985765e-35,1.0,0.0
testing12954.jpg,Outside,0.99998367,1.6301632e-05,8.288872e-13,0.99998367
testing12955.jpg,Intermediate,1.0,1.0,5.448994e-22,7.9573603e-10
testing12956.jpg,Intermediate,1.0,1.0,8.198465e-22,1.9424251e-10
testing12957.jpg,Intermediate,1.0,1.0,2.4025085e-17,7.527676e-09
testing12958.jpg,Outside,0.9929947,0.007005278,2.038703e-14,0.9929947
testing12959.jpg,Outside,0.9999987,1.3345597e-06,5.158088e-16,0.9999987
testing12960.jpg,Intermediate,1.0,1.0,3.5930626e-34,1.8394879e-27
testing12961.jpg,Intermediate,1.0,1.0,2.0737533e-27,7.555433e-29
testing12962.jpg,Intermediate,1.0,1.0,1.2259802e-27,4.517045e-23
testing12963.jpg,Intermediate,1.0,1.0,6.967723e-29,9.772746e-24
testing12964.jpg,Intermediate,1.0,1.0,3.8684215e-33,1.330345e-23
testing12965.jpg,Intermediate,1.0,1.0,8.487257e-21,2.47053e-18
testing12966.jpg,Outside,0.9999999,1.2154047e-07,9.3972884e-15,0.9999999
testing12967.jpg,Intermediate,1.0,1.0,7.580542e-16,1.7781337e-17
testing12968.jpg,Intermediate,1.0,1.0,2.732491e-17,1.5953459e-15
testing12969.jpg,Intermediate,1.0,1.0,1.6619857e-33,3.1884114e-23
testing12970.jpg,Intermediate,1.0,1.0,1.4410353e-27,2.7294734e-22
testing12971.jpg,Outside,1.0,9.861974e-27,6.773428e-27,1.0
testing12972.jpg,Outside,1.0,1.1788788e-27,1.7808002e-26,1.0
testing12973.jpg,Intermediate,1.0,1.0,8.34855e-33,1.5630726e-26
testing12974.jpg,Outside,1.0,1.7153949e-28,2.7318413e-27,1.0
testing12975.jpg,Outside,1.0,6.057544e-29,2.9572523e-27,1.0
testing12976.jpg,Outside,1.0,4.6471202e-14,6.2137315e-18,1.0
testing12977.jpg,Intermediate,0.9769275,0.9769275,8.538148e-11,0.023072448
testing12978.jpg,Intermediate,1.0,1.0,5.660447e-27,3.0033745e-20
testing12979.jpg,Intermediate,1.0,1.0,8.453379e-32,1.1785405e-21
testing12980.jpg,Nanodomain,0.99999905,9.663221e-07,0.99999905,3.1669082e-28
testing12981.jpg,Nanodomain,1.0,8.63632e-20,1.0,0.0
testing12982.jpg,Nanodomain,1.0,1.0924013e-16,1.0,9.97189e-38
testing12983.jpg,Nanodomain,1.0,8.444808e-24,1.0,0.0
testing12984.jpg,Nanodomain,0.97843367,0.021566296,0.97843367,8.0195846e-27
testing12985.jpg,Nanodomain,1.0,9.3650465e-30,1.0,0.0
testing12986.jpg,Intermediate,0.99266386,0.99266386,0.007336181,5.195921e-19
testing12987.jpg,Nanodomain,1.0,5.350654e-31,1.0,0.0
testing12988.jpg,Nanodomain,0.9247934,0.07520661,0.9247934,1.12515925e-23
testing12989.jpg,Intermediate,1.0,1.0,8.0902165e-09,1.6226583e-23
testing12990.jpg,Intermediate,0.94451237,0.94451237,0.055487692,1.1419413e-21
testing12991.jpg,Intermediate,0.99998987,0.99998987,1.0100857e-05,3.1987827e-23
testing12992.jpg,Intermediate,0.9999999,0.9999999,9.56948e-08,4.9041644e-21
testing12993.jpg,Outside,1.0,2.0272852e-26,8.759861e-25,1.0
testing12994.jpg,Outside,1.0,3.6324456e-29,1.6616097e-28,1.0
testing12995.jpg,Outside,1.0,1.0775708e-33,1.9057624e-30,1.0
testing12996.jpg,Outside,0.75515825,0.24484177,4.7710107e-18,0.75515825
testing12997.jpg,Intermediate,1.0,1.0,1.3815135e-18,7.149483e-17
testing12998.jpg,Intermediate,1.0,1.0,1.169479e-09,8.713116e-22
testing12999.jpg,Intermediate,0.72143924,0.72143924,0.27856076,6.753917e-22
testing13000.jpg,Nanodomain,1.0,7.6126695e-11,1.0,3.05576e-28
testing13001.jpg,Intermediate,1.0,1.0,3.319929e-23,3.216432e-25
testing13002.jpg,Outside,1.0,4.5548996e-25,7.394013e-24,1.0
testing13003.jpg,Outside,1.0,4.6412764e-28,1.8710465e-25,1.0
testing13004.jpg,Outside,1.0,3.4237816e-33,1.7631415e-29,1.0
testing13005.jpg,Nanodomain,1.0,0.0,1.0,0.0
testing13006.jpg,Nanodomain,1.0,0.0,1.0,0.0
testing13007.jpg,Nanodomain,1.0,0.0,1.0,0.0
testing13008.jpg,Nanodomain,1.0,0.0,1.0,0.0
testing13009.jpg,Nanodomain,1.0,0.0,1.0,0.0
testing13010.jpg,Nanodomain,1.0,0.0,1.0,0.0
testing13011.jpg,Nanodomain,1.0,0.0,1.0,0.0
testing13012.jpg,Nanodomain,1.0,0.0,1.0,0.0
testing13013.jpg,Nanodomain,1.0,0.0,1.0,0.0
testing13014.jpg,Nanodomain,1.0,0.0,1.0,0.0
testing13015.jpg,Nanodomain,1.0,0.0,1.0,0.0
testing13016.jpg,Nanodomain,1.0,0.0,1.0,0.0
testing13017.jpg,Nanodomain,1.0,0.0,1.0,0.0
testing13018.jpg,Nanodomain,1.0,0.0,1.0,0.0
testing13019.jpg,Nanodomain,1.0,0.0,1.0,0.0
testing13020.jpg,Nanodomain,1.0,0.0,1.0,0.0
testing13021.jpg,Outside,1.0,1.5461522e-35,5.933173e-31,1.0
testing13022.jpg,Outside,1.0,3.1546753e-34,1.7913639e-30,1.0
testing13023.jpg,Outside,1.0,2.3013527e-28,9.589158e-27,1.0
testing13024.jpg,Outside,1.0,9.0921346e-36,8.799756e-31,1.0
testing13025.jpg,Outside,1.0,5.5067176e-34,2.5938026e-30,1.0
testing13026.jpg,Outside,1.0,1.411601e-34,4.389859e-31,1.0
testing13027.jpg,Outside,1.0,1.1530561e-34,3.5540437e-29,1.0
testing13028.jpg,Outside,1.0,0.0,2.2155455e-36,1.0
testing13029.jpg,Outside,1.0,2.5098e-32,1.4080281e-29,1.0
testing13030.jpg,Outside,1.0,2.1802643e-29,3.9291124e-27,1.0
testing13031.jpg,Nanodomain,1.0,0.0,1.0,0.0
testing13032.jpg,Nanodomain,1.0,0.0,1.0,0.0
testing13033.jpg,Outside,1.0,3.7650414e-32,1.1120011e-26,1.0
testing13034.jpg,Nanodomain,1.0,0.0,1.0,0.0
testing13035.jpg,Nanodomain,1.0,0.0,1.0,0.0
testing13036.jpg,Nanodomain,1.0,0.0,1.0,0.0
testing13037.jpg,Nanodomain,1.0,0.0,1.0,0.0
testing13038.jpg,Nanodomain,1.0,0.0,1.0,0.0
testing13039.jpg,Nanodomain,1.0,0.0,1.0,0.0
testing13040.jpg,Nanodomain,1.0,0.0,1.0,0.0
testing13041.jpg,Nanodomain,1.0,0.0,1.0,0.0
testing13042.jpg,Nanodomain,1.0,0.0,1.0,0.0
testing13043.jpg,Nanodomain,1.0,0.0,1.0,0.0
testing13044.jpg,Nanodomain,1.0,0.0,1.0,0.0
testing13045.jpg,Outside,1.0,2.5930309e-30,1.471325e-27,1.0
testing13046.jpg,Outside,1.0,3.8379277e-30,1.0117975e-26,1.0
testing13047.jpg,Outside,1.0,2.5175527e-21,1.4775078e-25,1.0
testing13048.jpg,Outside,1.0,2.7664177e-19,3.6284042e-20,1.0
testing13049.jpg,Nanodomain,1.0,0.0,1.0,0.0
testing13050.jpg,Nanodomain,1.0,2.8103469e-34,1.0,0.0
testing13051.jpg,Nanodomain,1.0,0.0,1.0,0.0
testing13052.jpg,Nanodomain,1.0,0.0,1.0,0.0
testing13053.jpg,Nanodomain,1.0,0.0,1.0,0.0
testing13054.jpg,Nanodomain,1.0,0.0,1.0,0.0
testing13055.jpg,Nanodomain,1.0,0.0,1.0,0.0
testing13056.jpg,Nanodomain,1.0,0.0,1.0,0.0
testing13057.jpg,Nanodomain,1.0,0.0,1.0,0.0
testing13058.jpg,Nanodomain,1.0,0.0,1.0,0.0
testing13059.jpg,Nanodomain,1.0,0.0,1.0,0.0
testing13060.jpg,Nanodomain,1.0,0.0,1.0,0.0
testing13061.jpg,Nanodomain,1.0,0.0,1.0,0.0
testing13062.jpg,Nanodomain,1.0,0.0,1.0,0.0
testing13063.jpg,Nanodomain,1.0,0.0,1.0,0.0
testing13064.jpg,Outside,1.0,1.0788196e-21,1.05640574e-19,1.0
testing13065.jpg,Outside,1.0,1.9335083e-15,3.95908e-21,1.0
testing13066.jpg,Nanodomain,1.0,0.0,1.0,0.0
testing13067.jpg,Nanodomain,1.0,0.0,1.0,0.0
testing13068.jpg,Nanodomain,1.0,0.0,1.0,0.0
testing13069.jpg,Nanodomain,1.0,0.0,1.0,0.0
testing13070.jpg,Nanodomain,1.0,0.0,1.0,0.0
testing13071.jpg,Nanodomain,1.0,0.0,1.0,0.0
testing13072.jpg,Nanodomain,1.0,0.0,1.0,0.0
testing13073.jpg,Nanodomain,1.0,0.0,1.0,0.0
testing13074.jpg,Nanodomain,1.0,0.0,1.0,0.0
testing13075.jpg,Nanodomain,1.0,0.0,1.0,0.0
testing13076.jpg,Nanodomain,1.0,0.0,1.0,0.0
testing13077.jpg,Nanodomain,1.0,0.0,1.0,0.0
testing13078.jpg,Nanodomain,1.0,0.0,1.0,0.0
testing13079.jpg,Nanodomain,1.0,0.0,1.0,0.0
testing13080.jpg,Nanodomain,1.0,9.726865e-36,1.0,0.0
testing13081.jpg,Nanodomain,1.0,1.534854e-32,1.0,0.0
testing13082.jpg,Outside,1.0,5.38471e-22,6.53065e-23,1.0
testing13083.jpg,Outside,1.0,4.94578e-28,1.10455135e-27,1.0
testing13084.jpg,Outside,1.0,5.1862284e-24,2.4670566e-24,1.0
testing13085.jpg,Intermediate,1.0,1.0,0.0,3.428759e-27
testing13086.jpg,Intermediate,1.0,1.0,5.165644e-28,1.8855203e-17
testing13087.jpg,Intermediate,1.0,1.0,3.1280415e-31,6.5038616e-27
testing13088.jpg,Intermediate,1.0,1.0,5.889863e-35,4.704496e-31
testing13089.jpg,Intermediate,1.0,1.0,9.5267815e-33,2.1369938e-21
testing13090.jpg,Intermediate,1.0,1.0,2.5768755e-25,2.8154625e-21
testing13091.jpg,Intermediate,0.9999999,0.9999999,4.2165524e-23,8.770519e-08
testing13092.jpg,Intermediate,1.0,1.0,9.598156e-28,1.6058936e-19
testing13093.jpg,Intermediate,1.0,1.0,1.3145481e-26,9.844554e-23
testing13094.jpg,Intermediate,1.0,1.0,2.892861e-27,1.4429697e-22
testing13095.jpg,Intermediate,1.0,1.0,1.5526056e-21,3.8707556e-17
testing13096.jpg,Intermediate,1.0,1.0,1.7261832e-32,9.119771e-24
testing13097.jpg,Intermediate,1.0,1.0,2.1408733e-25,3.3539704e-21
testing13098.jpg,Intermediate,1.0,1.0,9.087564e-27,2.7357932e-20
testing13099.jpg,Intermediate,1.0,1.0,1.1656201e-27,4.02421e-18
testing13100.jpg,Intermediate,1.0,1.0,2.0485664e-30,3.884193e-21
testing13101.jpg,Intermediate,1.0,1.0,3.0968652e-22,1.9035115e-10
testing13102.jpg,Intermediate,1.0,1.0,3.719132e-18,3.2278586e-09
testing13103.jpg,Outside,1.0,2.4907716e-25,5.356468e-26,1.0
testing13104.jpg,Outside,1.0,1.5210248e-22,7.073314e-23,1.0
testing13105.jpg,Outside,1.0,1.6982403e-26,1.7049791e-25,1.0
testing13106.jpg,Outside,1.0,4.8765007e-13,3.1931983e-21,1.0
testing13107.jpg,Nanodomain,1.0,7.0945015e-30,1.0,0.0
testing13108.jpg,Nanodomain,1.0,2.3632718e-10,1.0,7.600413e-29
testing13109.jpg,Nanodomain,1.0,2.664018e-15,1.0,4.727333e-35
testing13110.jpg,Nanodomain,1.0,2.3314685e-19,1.0,0.0
testing13111.jpg,Nanodomain,1.0,9.681862e-11,1.0,1.8106004e-30
testing13112.jpg,Nanodomain,1.0,1.0909514e-25,1.0,0.0
testing13113.jpg,Nanodomain,1.0,3.9827347e-24,1.0,0.0
testing13114.jpg,Nanodomain,1.0,2.4662668e-31,1.0,0.0
testing13115.jpg,Nanodomain,1.0,7.291844e-09,1.0,1.4319935e-27
testing13116.jpg,Nanodomain,1.0,1.1433529e-14,1.0,3.9259542e-33
testing13117.jpg,Intermediate,0.99683964,0.99683964,0.003160347,2.8305658e-19
testing13118.jpg,Intermediate,0.99999976,0.99999976,2.3464898e-07,3.5259535e-22
testing13119.jpg,Intermediate,1.0,1.0,1.5533324e-12,3.7533286e-23
testing13120.jpg,Outside,1.0,5.218021e-31,7.345495e-30,1.0
testing13121.jpg,Outside,1.0,4.9468578e-27,1.1534881e-25,1.0
testing13122.jpg,Outside,1.0,5.8357613e-28,2.4329153e-25,1.0
testing13123.jpg,Outside,1.0,1.5492541e-32,1.1378922e-29,1.0
testing13124.jpg,Outside,1.0,5.9039197e-36,1.4445721e-30,1.0
testing13125.jpg,Intermediate,0.99998677,0.99998677,1.3205257e-05,2.1784902e-21
testing13126.jpg,Nanodomain,1.0,5.937103e-19,1.0,4.090056e-36
testing13127.jpg,Nanodomain,0.79542017,0.20457977,0.79542017,4.660494e-21
testing13128.jpg,Intermediate,1.0,1.0,1.4033794e-21,4.7527853e-23
testing13129.jpg,Intermediate,1.0,1.0,3.4859066e-18,8.067762e-21
testing13130.jpg,Outside,1.0,5.6385574e-25,2.3208709e-21,1.0
testing13131.jpg,Outside,1.0,9.061526e-36,9.082585e-32,1.0
testing13132.jpg,Outside,1.0,1.1877456e-32,1.1589599e-28,1.0
testing13133.jpg,Nanodomain,1.0,0.0,1.0,0.0
testing13134.jpg,Nanodomain,1.0,0.0,1.0,0.0
testing13135.jpg,Nanodomain,1.0,0.0,1.0,0.0
testing13136.jpg,Nanodomain,1.0,0.0,1.0,0.0
testing13137.jpg,Nanodomain,1.0,0.0,1.0,0.0
testing13138.jpg,Nanodomain,1.0,0.0,1.0,0.0
testing13139.jpg,Nanodomain,1.0,0.0,1.0,0.0
testing13140.jpg,Nanodomain,1.0,0.0,1.0,0.0
testing13141.jpg,Nanodomain,1.0,0.0,1.0,0.0
testing13142.jpg,Nanodomain,1.0,0.0,1.0,0.0
testing13143.jpg,Nanodomain,1.0,0.0,1.0,0.0
testing13144.jpg,Nanodomain,1.0,0.0,1.0,0.0
testing13145.jpg,Nanodomain,1.0,0.0,1.0,0.0
testing13146.jpg,Nanodomain,1.0,0.0,1.0,0.0
testing13147.jpg,Nanodomain,1.0,0.0,1.0,0.0
testing13148.jpg,Nanodomain,1.0,0.0,1.0,0.0
testing13149.jpg,Outside,1.0,3.2530553e-25,1.01601325e-26,1.0
testing13150.jpg,Outside,1.0,3.2938357e-34,2.0522268e-30,1.0
testing13151.jpg,Outside,1.0,5.393325e-29,8.1119017e-26,1.0
testing13152.jpg,Outside,1.0,1.3610611e-32,1.7801453e-29,1.0
testing13153.jpg,Outside,1.0,6.7539603e-31,2.1542646e-28,1.0
testing13154.jpg,Outside,1.0,4.1439542e-29,1.1337166e-27,1.0
testing13155.jpg,Outside,1.0,7.410768e-29,1.5511039e-26,1.0
testing13156.jpg,Outside,1.0,1.3537098e-30,2.939772e-28,1.0
testing13157.jpg,Outside,1.0,3.2103962e-28,1.5460472e-26,1.0
testing13158.jpg,Outside,1.0,8.0299206e-32,1.6588475e-29,1.0
testing13159.jpg,Nanodomain,1.0,0.0,1.0,0.0
testing13160.jpg,Nanodomain,1.0,0.0,1.0,0.0
testing13161.jpg,Nanodomain,1.0,0.0,1.0,0.0
testing13162.jpg,Nanodomain,1.0,0.0,1.0,0.0
testing13163.jpg,Nanodomain,1.0,0.0,1.0,0.0
testing13164.jpg,Nanodomain,1.0,0.0,1.0,0.0
testing13165.jpg,Nanodomain,1.0,0.0,1.0,0.0
testing13166.jpg,Nanodomain,1.0,0.0,1.0,0.0
testing13167.jpg,Nanodomain,1.0,0.0,1.0,0.0
testing13168.jpg,Nanodomain,1.0,0.0,1.0,0.0
testing13169.jpg,Nanodomain,1.0,0.0,1.0,0.0
testing13170.jpg,Nanodomain,1.0,0.0,1.0,0.0
testing13171.jpg,Nanodomain,1.0,0.0,1.0,0.0
testing13172.jpg,Nanodomain,1.0,0.0,1.0,0.0
testing13173.jpg,Outside,1.0,9.626471e-34,2.8815358e-29,1.0
testing13174.jpg,Outside,1.0,8.7940143e-32,7.0081347e-29,1.0
testing13175.jpg,Nanodomain,1.0,0.0,1.0,0.0
testing13176.jpg,Nanodomain,1.0,0.0,1.0,0.0
testing13177.jpg,Nanodomain,1.0,0.0,1.0,0.0
testing13178.jpg,Nanodomain,1.0,5.455504e-37,1.0,0.0
testing13179.jpg,Nanodomain,1.0,0.0,1.0,0.0
testing13180.jpg,Nanodomain,1.0,5.8417663e-31,1.0,0.0
testing13181.jpg,Nanodomain,1.0,0.0,1.0,0.0
testing13182.jpg,Nanodomain,1.0,0.0,1.0,0.0
testing13183.jpg,Nanodomain,1.0,0.0,1.0,0.0
testing13184.jpg,Nanodomain,1.0,1.3494765e-38,1.0,0.0
testing13185.jpg,Nanodomain,1.0,0.0,1.0,0.0
testing13186.jpg,Nanodomain,1.0,0.0,1.0,0.0
testing13187.jpg,Nanodomain,1.0,0.0,1.0,0.0
testing13188.jpg,Nanodomain,1.0,0.0,1.0,0.0
testing13189.jpg,Nanodomain,1.0,0.0,1.0,0.0
testing13190.jpg,Nanodomain,1.0,0.0,1.0,0.0
testing13191.jpg,Outside,0.99999917,8.435859e-07,4.8155623e-15,0.99999917
testing13192.jpg,Intermediate,0.9999999,0.9999999,3.0509704e-22,1.531354e-07
testing13193.jpg,Intermediate,1.0,1.0,2.5486764e-29,1.9392059e-20
testing13194.jpg,Outside,1.0,2.2060218e-23,2.1239073e-23,1.0
testing13195.jpg,Outside,0.99999976,2.1392883e-07,1.2922558e-15,0.99999976
testing13196.jpg,Nanodomain,1.0,0.0,1.0,0.0
testing13197.jpg,Nanodomain,1.0,0.0,1.0,0.0
testing13198.jpg,Nanodomain,1.0,0.0,1.0,0.0
testing13199.jpg,Nanodomain,1.0,0.0,1.0,0.0
testing13200.jpg,Nanodomain,1.0,0.0,1.0,0.0
testing13201.jpg,Nanodomain,1.0,0.0,1.0,0.0
testing13202.jpg,Nanodomain,1.0,0.0,1.0,0.0
testing13203.jpg,Nanodomain,1.0,0.0,1.0,0.0
testing13204.jpg,Nanodomain,1.0,0.0,1.0,0.0
testing13205.jpg,Nanodomain,1.0,0.0,1.0,0.0
testing13206.jpg,Nanodomain,1.0,0.0,1.0,0.0
testing13207.jpg,Nanodomain,1.0,0.0,1.0,0.0
testing13208.jpg,Nanodomain,1.0,1.4216897e-35,1.0,0.0
testing13209.jpg,Intermediate,1.0,1.0,5.4648923e-24,1.6630577e-14
testing13210.jpg,Intermediate,1.0,1.0,3.8329616e-33,3.0967708e-22
testing13211.jpg,Intermediate,1.0,1.0,2.8938839e-22,2.1565588e-13
testing13212.jpg,Intermediate,1.0,1.0,2.9163246e-22,1.638097e-13
testing13213.jpg,Intermediate,1.0,1.0,6.077185e-32,5.169028e-23
testing13214.jpg,Intermediate,0.99998915,0.99998915,6.755294e-19,1.0852372e-05
testing13215.jpg,Intermediate,1.0,1.0,1.4574653e-20,1.345084e-09
testing13216.jpg,Intermediate,1.0,1.0,1.1728493e-36,2.1248734e-29
testing13217.jpg,Intermediate,1.0,1.0,8.275043e-28,5.8810457e-18
testing13218.jpg,Intermediate,1.0,1.0,3.3732393e-23,1.4439244e-19
testing13219.jpg,Intermediate,1.0,1.0,5.6674737e-33,6.19244e-24
testing13220.jpg,Intermediate,1.0,1.0,1.5172883e-35,3.603951e-25
testing13221.jpg,Intermediate,1.0,1.0,9.615918e-23,4.2339486e-21
testing13222.jpg,Nanodomain,1.0,0.0,1.0,0.0
testing13223.jpg,Nanodomain,1.0,0.0,1.0,0.0
testing13224.jpg,Nanodomain,1.0,0.0,1.0,0.0
testing13225.jpg,Nanodomain,1.0,0.0,1.0,0.0
testing13226.jpg,Nanodomain,1.0,0.0,1.0,0.0
testing13227.jpg,Nanodomain,1.0,0.0,1.0,0.0
testing13228.jpg,Intermediate,1.0,1.0,3.959067e-20,3.779669e-21
testing13229.jpg,Intermediate,1.0,1.0,9.910184e-32,1.4701707e-25
testing13230.jpg,Intermediate,1.0,1.0,3.994177e-31,2.435807e-22
testing13231.jpg,Intermediate,0.9999999,0.9999999,9.763757e-18,1.1601653e-07
testing13232.jpg,Outside,1.0,2.1147908e-09,1.7197742e-14,1.0
testing13233.jpg,Intermediate,1.0,1.0,2.5347787e-24,8.533481e-11
testing13234.jpg,Intermediate,1.0,1.0,8.3597464e-23,9.912946e-09
testing13235.jpg,Outside,0.99999213,7.908284e-06,3.0513251e-18,0.99999213
testing13236.jpg,Outside,1.0,5.078436e-16,6.721033e-17,1.0
testing13237.jpg,Outside,1.0,2.5227173e-19,1.3484987e-23,1.0
testing13238.jpg,Outside,1.0,7.305114e-12,3.505897e-18,1.0
testing13239.jpg,Nanodomain,1.0,2.1054193e-11,1.0,2.4923298e-33
testing13240.jpg,Nanodomain,1.0,4.7035067e-32,1.0,0.0
testing13241.jpg,Nanodomain,1.0,2.8302192e-33,1.0,0.0
testing13242.jpg,Nanodomain,1.0,1.1430306e-28,1.0,0.0
testing13243.jpg,Nanodomain,1.0,1.656392e-24,1.0,0.0
testing13244.jpg,Intermediate,1.0,1.0,2.5266982e-09,3.9037058e-24
testing13245.jpg,Intermediate,1.0,1.0,7.873289e-09,8.244941e-23
testing13246.jpg,Outside,0.99998116,1.8802155e-05,3.9865763e-19,0.99998116
testing13247.jpg,Outside,1.0,9.5441685e-33,1.1686598e-29,1.0
testing13248.jpg,Outside,1.0,2.572518e-30,1.365261e-27,1.0
testing13249.jpg,Outside,1.0,3.8748055e-31,2.495284e-29,1.0
testing13250.jpg,Outside,1.0,7.8058615e-29,2.4572111e-26,1.0
testing13251.jpg,Outside,1.0,1.17278895e-32,1.6718507e-30,1.0
testing13252.jpg,Outside,1.0,1.0175739e-31,3.7532168e-29,1.0
testing13253.jpg,Intermediate,1.0,1.0,1.2061066e-29,2.7265983e-24
testing13254.jpg,Nanodomain,1.0,0.0,1.0,0.0
testing13255.jpg,Nanodomain,1.0,0.0,1.0,0.0
testing13256.jpg,Nanodomain,1.0,1.143598e-35,1.0,0.0
testing13257.jpg,Nanodomain,1.0,5.5942865e-20,1.0,0.0
testing13258.jpg,Nanodomain,1.0,5.0620634e-27,1.0,0.0
testing13259.jpg,Nanodomain,1.0,0.0,1.0,0.0
testing13260.jpg,Nanodomain,1.0,0.0,1.0,0.0
testing13261.jpg,Nanodomain,1.0,0.0,1.0,0.0
testing13262.jpg,Nanodomain,1.0,0.0,1.0,0.0
testing13263.jpg,Nanodomain,1.0,0.0,1.0,0.0
testing13264.jpg,Nanodomain,1.0,0.0,1.0,0.0
testing13265.jpg,Nanodomain,1.0,0.0,1.0,0.0
testing13266.jpg,Nanodomain,1.0,0.0,1.0,0.0
testing13267.jpg,Nanodomain,1.0,0.0,1.0,0.0
testing13268.jpg,Nanodomain,1.0,0.0,1.0,0.0
testing13269.jpg,Nanodomain,1.0,0.0,1.0,0.0
testing13270.jpg,Nanodomain,1.0,0.0,1.0,0.0
testing13271.jpg,Nanodomain,1.0,0.0,1.0,0.0
testing13272.jpg,Nanodomain,1.0,0.0,1.0,0.0
testing13273.jpg,Nanodomain,1.0,0.0,1.0,0.0
testing13274.jpg,Nanodomain,1.0,0.0,1.0,0.0
testing13275.jpg,Nanodomain,1.0,0.0,1.0,0.0
testing13276.jpg,Nanodomain,1.0,0.0,1.0,0.0
testing13277.jpg,Outside,1.0,3.4853712e-35,2.6486361e-30,1.0
testing13278.jpg,Outside,1.0,1.231215e-35,3.5515074e-30,1.0
testing13279.jpg,Outside,1.0,6.2937695e-25,2.1968852e-23,1.0
testing13280.jpg,Outside,1.0,7.094711e-32,1.7707177e-29,1.0
testing13281.jpg,Outside,1.0,2.8358173e-33,7.6110245e-31,1.0
testing13282.jpg,Outside,1.0,3.065431e-33,2.420912e-29,1.0
testing13283.jpg,Outside,1.0,8.5517765e-34,9.618268e-30,1.0
testing13284.jpg,Outside,1.0,4.392755e-32,1.8451564e-30,1.0
testing13285.jpg,Outside,1.0,2.0487498e-34,3.9328964e-32,1.0
testing13286.jpg,Outside,1.0,1.9104855e-31,2.4143927e-28,1.0
testing13287.jpg,Nanodomain,1.0,0.0,1.0,0.0
testing13288.jpg,Nanodomain,1.0,0.0,1.0,0.0
testing13289.jpg,Nanodomain,1.0,0.0,1.0,0.0
testing13290.jpg,Nanodomain,1.0,0.0,1.0,0.0
testing13291.jpg,Nanodomain,1.0,0.0,1.0,0.0
testing13292.jpg,Nanodomain,1.0,0.0,1.0,0.0
testing13293.jpg,Nanodomain,1.0,0.0,1.0,0.0
testing13294.jpg,Nanodomain,1.0,0.0,1.0,0.0
testing13295.jpg,Nanodomain,1.0,0.0,1.0,0.0
testing13296.jpg,Nanodomain,1.0,0.0,1.0,0.0
testing13297.jpg,Nanodomain,1.0,0.0,1.0,0.0
testing13298.jpg,Nanodomain,1.0,0.0,1.0,0.0
testing13299.jpg,Nanodomain,1.0,0.0,1.0,0.0
testing13300.jpg,Nanodomain,1.0,0.0,1.0,0.0
testing13301.jpg,Outside,1.0,1.7405037e-26,1.1404976e-25,1.0
testing13302.jpg,Outside,1.0,1.9429648e-30,4.002729e-26,1.0
testing13303.jpg,Outside,1.0,4.142838e-11,3.7793577e-14,1.0
testing13304.jpg,Nanodomain,1.0,0.0,1.0,0.0
testing13305.jpg,Nanodomain,1.0,0.0,1.0,0.0
testing13306.jpg,Nanodomain,1.0,1.2389549e-29,1.0,0.0
testing13307.jpg,Nanodomain,1.0,9.0379584e-26,1.0,0.0
testing13308.jpg,Nanodomain,1.0,0.0,1.0,0.0
testing13309.jpg,Nanodomain,1.0,0.0,1.0,0.0
testing13310.jpg,Nanodomain,1.0,0.0,1.0,0.0
testing13311.jpg,Nanodomain,1.0,0.0,1.0,0.0
testing13312.jpg,Nanodomain,1.0,6.617109e-25,1.0,0.0
testing13313.jpg,Nanodomain,1.0,0.0,1.0,0.0
testing13314.jpg,Nanodomain,1.0,0.0,1.0,0.0
testing13315.jpg,Nanodomain,1.0,0.0,1.0,0.0
testing13316.jpg,Nanodomain,1.0,0.0,1.0,0.0
testing13317.jpg,Nanodomain,1.0,0.0,1.0,0.0
testing13318.jpg,Intermediate,1.0,1.0,1.2076468e-25,2.192101e-19
testing13319.jpg,Nanodomain,1.0,0.0,1.0,0.0
testing13320.jpg,Nanodomain,1.0,0.0,1.0,0.0
testing13321.jpg,Intermediate,1.0,1.0,2.0874666e-21,1.2094447e-25
testing13322.jpg,Intermediate,1.0,1.0,2.042311e-20,9.471831e-21
testing13323.jpg,Nanodomain,1.0,0.0,1.0,0.0
testing13324.jpg,Nanodomain,1.0,0.0,1.0,0.0
testing13325.jpg,Nanodomain,1.0,0.0,1.0,0.0
testing13326.jpg,Nanodomain,1.0,0.0,1.0,0.0
testing13327.jpg,Nanodomain,1.0,0.0,1.0,0.0
testing13328.jpg,Nanodomain,1.0,0.0,1.0,0.0
testing13329.jpg,Nanodomain,1.0,0.0,1.0,0.0
testing13330.jpg,Nanodomain,1.0,0.0,1.0,0.0
testing13331.jpg,Nanodomain,1.0,0.0,1.0,0.0
testing13332.jpg,Nanodomain,1.0,3.2152945e-38,1.0,0.0
testing13333.jpg,Nanodomain,1.0,0.0,1.0,0.0
testing13334.jpg,Nanodomain,1.0,3.2022242e-29,1.0,0.0
testing13335.jpg,Nanodomain,1.0,9.545636e-38,1.0,0.0
testing13336.jpg,Nanodomain,1.0,5.6805845e-35,1.0,0.0
testing13337.jpg,Intermediate,0.9381036,0.9381036,5.4843104e-13,0.06189642
testing13338.jpg,Intermediate,1.0,1.0,6.220344e-27,1.5085897e-14
testing13339.jpg,Outside,1.0,9.058884e-09,1.2515124e-17,1.0
testing13340.jpg,Outside,0.99997604,2.3901503e-05,1.4134283e-16,0.99997604
testing13341.jpg,Intermediate,1.0,1.0,6.426352e-26,1.2318852e-15
testing13342.jpg,Intermediate,1.0,1.0,5.2166993e-19,8.899196e-11
testing13343.jpg,Intermediate,1.0,1.0,2.3704628e-33,2.2398814e-23
testing13344.jpg,Intermediate,1.0,1.0,4.2141237e-31,7.727096e-26
testing13345.jpg,Intermediate,1.0,1.0,1.6839168e-29,1.2668801e-22
testing13346.jpg,Intermediate,1.0,1.0,4.5340945e-26,4.6577088e-17
testing13347.jpg,Intermediate,1.0,1.0,1.2891096e-23,4.8727955e-15
testing13348.jpg,Intermediate,1.0,1.0,6.410048e-33,5.5893746e-22
testing13349.jpg,Intermediate,1.0,1.0,8.7861225e-27,5.77712e-17
testing13350.jpg,Nanodomain,1.0,0.0,1.0,0.0
testing13351.jpg,Nanodomain,1.0,0.0,1.0,0.0
testing13352.jpg,Nanodomain,1.0,0.0,1.0,0.0
testing13353.jpg,Nanodomain,1.0,0.0,1.0,0.0
testing13354.jpg,Nanodomain,1.0,0.0,1.0,0.0
testing13355.jpg,Nanodomain,1.0,0.0,1.0,0.0
testing13356.jpg,Intermediate,1.0,1.0,8.347172e-20,2.847054e-13
testing13357.jpg,Intermediate,1.0,1.0,1.5431016e-33,3.789355e-29
testing13358.jpg,Outside,1.0,4.093594e-16,7.012816e-21,1.0
testing13359.jpg,Outside,1.0,1.1882078e-17,3.156937e-20,1.0
testing13360.jpg,Intermediate,1.0,1.0,3.4958675e-18,3.9486596e-09
testing13361.jpg,Intermediate,0.7476277,0.7476277,8.734787e-16,0.25237235
testing13362.jpg,Intermediate,1.0,1.0,5.777149e-22,3.5278846e-26
testing13363.jpg,Nanodomain,0.9995504,0.00044953328,0.9995504,1.5425435e-25
testing13364.jpg,Nanodomain,0.99998057,1.9473891e-05,0.99998057,2.1965686e-28
testing13365.jpg,Nanodomain,1.0,3.824553e-16,1.0,4.404036e-37
testing13366.jpg,Nanodomain,1.0,9.243269e-12,1.0,1.212798e-34
testing13367.jpg,Nanodomain,0.9307955,0.06920453,0.9307955,2.0571725e-24
testing13368.jpg,Nanodomain,1.0,3.7349142e-25,1.0,0.0
testing13369.jpg,Intermediate,0.9999256,0.9999256,7.438644e-05,1.769997e-23
testing13370.jpg,Nanodomain,1.0,1.9172086e-17,1.0,1.2387486e-34
testing13371.jpg,Intermediate,0.9995678,0.9995678,0.00043222215,2.867116e-20
testing13372.jpg,Intermediate,1.0,1.0,1.1222715e-11,9.4315124e-23
testing13373.jpg,Intermediate,1.0,1.0,1.4414623e-22,1.1171049e-23
testing13374.jpg,Intermediate,1.0,1.0,5.248957e-19,2.512943e-24
testing13375.jpg,Intermediate,1.0,1.0,9.0220735e-27,1.1040495e-28
testing13376.jpg,Intermediate,1.0,1.0,4.1562247e-21,9.641026e-26
testing13377.jpg,Outside,1.0,9.48571e-30,4.764448e-27,1.0
testing13378.jpg,Outside,1.0,1.1581076e-27,5.361798e-28,1.0
testing13379.jpg,Nanodomain,1.0,0.0,1.0,0.0
testing13380.jpg,Nanodomain,1.0,0.0,1.0,0.0
testing13381.jpg,Nanodomain,1.0,0.0,1.0,0.0
testing13382.jpg,Nanodomain,1.0,0.0,1.0,0.0
testing13383.jpg,Nanodomain,1.0,0.0,1.0,0.0
testing13384.jpg,Nanodomain,1.0,0.0,1.0,0.0
testing13385.jpg,Nanodomain,1.0,0.0,1.0,0.0
testing13386.jpg,Nanodomain,1.0,0.0,1.0,0.0
testing13387.jpg,Nanodomain,1.0,0.0,1.0,0.0
testing13388.jpg,Nanodomain,1.0,0.0,1.0,0.0
testing13389.jpg,Nanodomain,1.0,0.0,1.0,0.0
testing13390.jpg,Nanodomain,1.0,0.0,1.0,0.0
testing13391.jpg,Nanodomain,1.0,0.0,1.0,0.0
testing13392.jpg,Nanodomain,1.0,0.0,1.0,0.0
testing13393.jpg,Nanodomain,1.0,0.0,1.0,0.0
testing13394.jpg,Nanodomain,1.0,0.0,1.0,0.0
testing13395.jpg,Nanodomain,1.0,0.0,1.0,0.0
testing13396.jpg,Nanodomain,1.0,0.0,1.0,0.0
testing13397.jpg,Nanodomain,1.0,0.0,1.0,0.0
testing13398.jpg,Nanodomain,1.0,0.0,1.0,0.0
testing13399.jpg,Nanodomain,1.0,0.0,1.0,0.0
testing13400.jpg,Nanodomain,1.0,0.0,1.0,0.0
testing13401.jpg,Nanodomain,1.0,0.0,1.0,0.0
testing13402.jpg,Nanodomain,1.0,0.0,1.0,0.0
testing13403.jpg,Nanodomain,1.0,0.0,1.0,0.0
testing13404.jpg,Nanodomain,1.0,0.0,1.0,0.0
testing13405.jpg,Outside,1.0,5.3910515e-33,8.0371e-30,1.0
testing13406.jpg,Outside,1.0,5.7237465e-33,1.2696236e-29,1.0
testing13407.jpg,Outside,1.0,3.081611e-33,2.994756e-30,1.0
testing13408.jpg,Outside,1.0,1.6921793e-28,2.7396803e-26,1.0
testing13409.jpg,Outside,1.0,1.9340197e-35,4.0938865e-33,1.0
testing13410.jpg,Outside,1.0,1.918379e-32,6.354987e-29,1.0
testing13411.jpg,Outside,1.0,1.6937866e-29,5.2041955e-27,1.0
testing13412.jpg,Outside,1.0,5.895116e-30,1.1898705e-28,1.0
testing13413.jpg,Outside,1.0,6.4877284e-35,2.8597288e-32,1.0
testing13414.jpg,Outside,1.0,1.5997748e-32,9.262681e-31,1.0
testing13415.jpg,Nanodomain,1.0,0.0,1.0,0.0
testing13416.jpg,Nanodomain,1.0,0.0,1.0,0.0
testing13417.jpg,Nanodomain,1.0,0.0,1.0,0.0
testing13418.jpg,Intermediate,1.0,1.0,1.179476e-21,2.8817586e-27
testing13419.jpg,Nanodomain,1.0,0.0,1.0,0.0
testing13420.jpg,Intermediate,1.0,1.0,2.3876015e-29,1.227799e-30
testing13421.jpg,Nanodomain,1.0,0.0,1.0,0.0
testing13422.jpg,Nanodomain,1.0,0.0,1.0,0.0
testing13423.jpg,Nanodomain,1.0,0.0,1.0,0.0
testing13424.jpg,Nanodomain,1.0,0.0,1.0,0.0
testing13425.jpg,Nanodomain,1.0,0.0,1.0,0.0
testing13426.jpg,Nanodomain,1.0,0.0,1.0,0.0
testing13427.jpg,Nanodomain,1.0,0.0,1.0,0.0
testing13428.jpg,Nanodomain,1.0,0.0,1.0,0.0
testing13429.jpg,Nanodomain,1.0,0.0,1.0,0.0
testing13430.jpg,Nanodomain,1.0,0.0,1.0,0.0
testing13431.jpg,Nanodomain,1.0,0.0,1.0,0.0
testing13432.jpg,Nanodomain,1.0,0.0,1.0,0.0
testing13433.jpg,Outside,1.0,1.5437638e-22,9.079336e-23,1.0
testing13434.jpg,Intermediate,1.0,1.0,7.9189296e-22,4.366947e-22
testing13435.jpg,Nanodomain,1.0,4.1047034e-35,1.0,0.0
testing13436.jpg,Nanodomain,1.0,0.0,1.0,0.0
testing13437.jpg,Nanodomain,1.0,3.6642453e-37,1.0,0.0
testing13438.jpg,Outside,1.0,1.0836983e-15,1.1140486e-17,1.0
testing13439.jpg,Outside,1.0,1.150008e-18,6.805542e-20,1.0
testing13440.jpg,Outside,1.0,4.4919184e-14,8.150238e-19,1.0
testing13441.jpg,Nanodomain,1.0,0.0,1.0,0.0
testing13442.jpg,Nanodomain,1.0,1.7207998e-38,1.0,0.0
testing13443.jpg,Nanodomain,1.0,1.41022175e-36,1.0,0.0
testing13444.jpg,Nanodomain,1.0,0.0,1.0,0.0
testing13445.jpg,Nanodomain,1.0,1.5155284e-37,1.0,0.0
testing13446.jpg,Nanodomain,1.0,0.0,1.0,0.0
testing13447.jpg,Outside,1.0,1.3345475e-17,5.2345295e-23,1.0
testing13448.jpg,Intermediate,1.0,1.0,3.517894e-29,6.3615427e-27
testing13449.jpg,Intermediate,1.0,1.0,3.2352086e-26,1.0601772e-25
testing13450.jpg,Intermediate,1.0,1.0,6.4825943e-24,4.6223798e-24
testing13451.jpg,Intermediate,1.0,1.0,4.7531433e-25,8.55547e-25
testing13452.jpg,Nanodomain,1.0,0.0,1.0,0.0
testing13453.jpg,Nanodomain,1.0,0.0,1.0,0.0
testing13454.jpg,Nanodomain,1.0,0.0,1.0,0.0
testing13455.jpg,Nanodomain,1.0,0.0,1.0,0.0
testing13456.jpg,Nanodomain,1.0,0.0,1.0,0.0
testing13457.jpg,Nanodomain,1.0,0.0,1.0,0.0
testing13458.jpg,Nanodomain,1.0,0.0,1.0,0.0
testing13459.jpg,Nanodomain,1.0,0.0,1.0,0.0
testing13460.jpg,Nanodomain,1.0,0.0,1.0,0.0
testing13461.jpg,Nanodomain,1.0,3.793997e-37,1.0,0.0
testing13462.jpg,Nanodomain,1.0,5.2366454e-31,1.0,0.0
testing13463.jpg,Nanodomain,1.0,1.0623201e-30,1.0,0.0
testing13464.jpg,Outside,1.0,1.1226205e-22,2.5527512e-23,1.0
testing13465.jpg,Intermediate,1.0,1.0,6.2520573e-26,1.6721892e-22
testing13466.jpg,Outside,0.9956086,0.004391413,3.8788384e-13,0.9956086
testing13467.jpg,Outside,0.7855719,0.21442817,8.961208e-18,0.7855719
testing13468.jpg,Outside,1.0,1.1195733e-26,6.5760135e-26,1.0
testing13469.jpg,Nanodomain,1.0,0.0,1.0,0.0
testing13470.jpg,Nanodomain,1.0,0.0,1.0,0.0
testing13471.jpg,Intermediate,1.0,1.0,8.415154e-25,1.2212736e-22
testing13472.jpg,Intermediate,1.0,1.0,3.492523e-25,6.0334335e-25
testing13473.jpg,Intermediate,1.0,1.0,1.3326933e-28,3.8542798e-26
testing13474.jpg,Intermediate,1.0,1.0,6.442509e-24,2.2624479e-13
testing13475.jpg,Intermediate,1.0,1.0,6.4876856e-33,2.1901697e-27
testing13476.jpg,Intermediate,1.0,1.0,5.027088e-31,1.685619e-30
testing13477.jpg,Intermediate,1.0,1.0,1.0964037e-26,2.3347058e-21
testing13478.jpg,Nanodomain,1.0,0.0,1.0,0.0
testing13479.jpg,Nanodomain,1.0,0.0,1.0,0.0
testing13480.jpg,Nanodomain,1.0,0.0,1.0,0.0
testing13481.jpg,Nanodomain,1.0,0.0,1.0,0.0
testing13482.jpg,Nanodomain,1.0,0.0,1.0,0.0
testing13483.jpg,Nanodomain,1.0,0.0,1.0,0.0
testing13484.jpg,Nanodomain,1.0,0.0,1.0,0.0
testing13485.jpg,Nanodomain,1.0,1.9851103e-34,1.0,0.0
testing13486.jpg,Outside,1.0,5.8651434e-24,5.9735494e-24,1.0
testing13487.jpg,Outside,1.0,5.7906196e-18,6.6896087e-21,1.0
testing13488.jpg,Outside,1.0,4.4625867e-13,2.4596676e-19,1.0
testing13489.jpg,Intermediate,0.9999995,0.9999995,5.679829e-18,4.676125e-07
testing13490.jpg,Intermediate,1.0,1.0,1.0683167e-18,1.36244145e-08
testing13491.jpg,Nanodomain,0.9809645,0.019035561,0.9809645,1.6946771e-22
testing13492.jpg,Intermediate,0.99776495,0.99776495,0.0022350855,3.108102e-22
testing13493.jpg,Intermediate,0.9999994,0.9999994,6.2945617e-07,2.0591101e-23
testing13494.jpg,Nanodomain,0.99999964,3.5322302e-07,0.99999964,3.7571157e-27
testing13495.jpg,Nanodomain,0.9069526,0.093047425,0.9069526,4.3374664e-25
testing13496.jpg,Nanodomain,0.97104406,0.028955897,0.97104406,3.3582485e-22
testing13497.jpg,Intermediate,0.9999064,0.9999064,9.356434e-05,1.5108852e-21
testing13498.jpg,Intermediate,0.9998753,0.9998753,0.00012472078,5.572823e-20
testing13499.jpg,Intermediate,0.865065,0.865065,0.13493502,3.2967495e-21
testing13500.jpg,Intermediate,1.0,1.0,1.263045e-09,3.3677987e-24
testing13501.jpg,Intermediate,0.9999293,0.9999293,7.0702015e-05,2.7907561e-21
testing13502.jpg,Intermediate,1.0,1.0,1.1349007e-22,9.015326e-28
testing13503.jpg,Outside,1.0,3.1763114e-36,8.7652404e-33,1.0
testing13504.jpg,Outside,1.0,8.62053e-33,6.9916366e-28,1.0
testing13505.jpg,Outside,1.0,5.5034304e-38,1.9603841e-32,1.0
testing13506.jpg,Nanodomain,1.0,0.0,1.0,0.0
testing13507.jpg,Nanodomain,1.0,0.0,1.0,0.0
testing13508.jpg,Intermediate,1.0,1.0,3.218885e-26,2.3487072e-18
testing13509.jpg,Nanodomain,1.0,0.0,1.0,0.0
testing13510.jpg,Nanodomain,1.0,0.0,1.0,0.0
testing13511.jpg,Nanodomain,1.0,0.0,1.0,0.0
testing13512.jpg,Nanodomain,1.0,0.0,1.0,0.0
testing13513.jpg,Nanodomain,1.0,0.0,1.0,0.0
testing13514.jpg,Nanodomain,1.0,0.0,1.0,0.0
testing13515.jpg,Nanodomain,1.0,0.0,1.0,0.0
testing13516.jpg,Nanodomain,1.0,0.0,1.0,0.0
testing13517.jpg,Nanodomain,1.0,0.0,1.0,0.0
testing13518.jpg,Nanodomain,1.0,0.0,1.0,0.0
testing13519.jpg,Nanodomain,1.0,0.0,1.0,0.0
testing13520.jpg,Nanodomain,1.0,0.0,1.0,0.0
testing13521.jpg,Nanodomain,1.0,0.0,1.0,0.0
testing13522.jpg,Nanodomain,1.0,0.0,1.0,0.0
testing13523.jpg,Nanodomain,1.0,0.0,1.0,0.0
testing13524.jpg,Nanodomain,1.0,0.0,1.0,0.0
testing13525.jpg,Nanodomain,1.0,0.0,1.0,0.0
testing13526.jpg,Nanodomain,1.0,0.0,1.0,0.0
testing13527.jpg,Nanodomain,1.0,0.0,1.0,0.0
testing13528.jpg,Nanodomain,1.0,0.0,1.0,0.0
testing13529.jpg,Nanodomain,1.0,0.0,1.0,0.0
testing13530.jpg,Nanodomain,1.0,0.0,1.0,0.0
testing13531.jpg,Nanodomain,1.0,0.0,1.0,0.0
testing13532.jpg,Nanodomain,1.0,0.0,1.0,0.0
testing13533.jpg,Outside,1.0,1.2284923e-30,2.3061598e-28,1.0
testing13534.jpg,Outside,1.0,7.901103e-28,3.1300635e-28,1.0
testing13535.jpg,Outside,1.0,8.031636e-32,3.900436e-29,1.0
testing13536.jpg,Outside,1.0,1.241981e-33,3.1471917e-31,1.0
testing13537.jpg,Outside,1.0,7.574793e-30,1.2318602e-25,1.0
testing13538.jpg,Outside,1.0,3.710353e-37,6.811705e-33,1.0
testing13539.jpg,Outside,1.0,3.3338322e-34,4.0641576e-30,1.0
testing13540.jpg,Outside,1.0,7.272518e-33,4.1673525e-29,1.0
testing13541.jpg,Outside,1.0,7.189396e-29,2.2655105e-27,1.0
testing13542.jpg,Outside,1.0,8.879713e-30,3.270621e-27,1.0
testing13543.jpg,Outside,1.0,6.405278e-34,5.7227973e-29,1.0
testing13544.jpg,Outside,1.0,4.243405e-30,1.349498e-29,1.0
testing13545.jpg,Nanodomain,1.0,0.0,1.0,0.0
testing13546.jpg,Nanodomain,1.0,0.0,1.0,0.0
testing13547.jpg,Nanodomain,1.0,0.0,1.0,0.0
testing13548.jpg,Nanodomain,1.0,0.0,1.0,0.0
testing13549.jpg,Nanodomain,1.0,0.0,1.0,0.0
testing13550.jpg,Nanodomain,1.0,0.0,1.0,0.0
testing13551.jpg,Nanodomain,1.0,0.0,1.0,0.0
testing13552.jpg,Nanodomain,1.0,6.868542e-16,1.0,6.0193017e-38
testing13553.jpg,Nanodomain,1.0,0.0,1.0,0.0
testing13554.jpg,Nanodomain,1.0,0.0,1.0,0.0
testing13555.jpg,Nanodomain,1.0,0.0,1.0,0.0
testing13556.jpg,Nanodomain,1.0,0.0,1.0,0.0
testing13557.jpg,Nanodomain,1.0,0.0,1.0,0.0
testing13558.jpg,Nanodomain,1.0,0.0,1.0,0.0
testing13559.jpg,Nanodomain,1.0,0.0,1.0,0.0
testing13560.jpg,Nanodomain,1.0,0.0,1.0,0.0
testing13561.jpg,Outside,1.0,2.7515417e-11,6.7313004e-16,1.0
testing13562.jpg,Outside,1.0,8.145025e-17,3.7944184e-21,1.0
testing13563.jpg,Outside,1.0,7.7611095e-12,1.0751946e-16,1.0
testing13564.jpg,Outside,1.0,1.0180321e-12,2.176695e-18,1.0
testing13565.jpg,Outside,1.0,8.9425664e-15,4.7486133e-17,1.0
testing13566.jpg,Outside,0.9999999,6.431867e-08,1.5963634e-14,0.9999999
testing13567.jpg,Intermediate,0.93108815,0.93108815,1.1971159e-14,0.0689118
testing13568.jpg,Outside,1.0,1.3172292e-10,4.685049e-15,1.0
testing13569.jpg,Outside,1.0,3.6801326e-21,7.271103e-18,1.0
testing13570.jpg,Intermediate,1.0,1.0,4.641622e-13,1.8265087e-21
testing13571.jpg,Nanodomain,1.0,1.1717738e-17,1.0,3.0946467e-36
testing13572.jpg,Nanodomain,0.87456363,0.1254363,0.87456363,6.509281e-23
testing13573.jpg,Intermediate,1.0,1.0,7.6506496e-14,1.4562356e-22
testing13574.jpg,Outside,1.0,6.966182e-29,1.076963e-25,1.0
testing13575.jpg,Outside,1.0,8.023062e-32,1.3425311e-28,1.0
testing13576.jpg,Outside,1.0,2.7098003e-24,1.7752614e-23,1.0
testing13577.jpg,Outside,1.0,1.2042205e-31,4.7511187e-30,1.0
testing13578.jpg,Outside,1.0,3.5183607e-16,8.1124575e-19,1.0
testing13579.jpg,Outside,1.0,2.3917349e-11,2.0591382e-20,1.0
testing13580.jpg,Outside,0.9689248,0.031075217,4.087094e-17,0.9689248
testing13581.jpg,Nanodomain,1.0,0.0,1.0,0.0
testing13582.jpg,Nanodomain,1.0,1.2162769e-35,1.0,0.0
testing13583.jpg,Nanodomain,1.0,3.6908474e-35,1.0,0.0
testing13584.jpg,Nanodomain,1.0,0.0,1.0,0.0
testing13585.jpg,Nanodomain,1.0,0.0,1.0,0.0
testing13586.jpg,Nanodomain,1.0,0.0,1.0,0.0
testing13587.jpg,Nanodomain,1.0,0.0,1.0,0.0
testing13588.jpg,Nanodomain,1.0,6.861578e-38,1.0,0.0
testing13589.jpg,Nanodomain,1.0,8.8522635e-27,1.0,0.0
testing13590.jpg,Intermediate,1.0,1.0,7.0567065e-32,1.2863011e-21
testing13591.jpg,Nanodomain,1.0,0.0,1.0,0.0
testing13592.jpg,Intermediate,1.0,1.0,1.1205806e-28,6.3757465e-22
testing13593.jpg,Outside,1.0,5.6577356e-13,8.5783024e-20,1.0
testing13594.jpg,Nanodomain,1.0,7.946679e-37,1.0,0.0
testing13595.jpg,Nanodomain,1.0,0.0,1.0,0.0
testing13596.jpg,Nanodomain,1.0,0.0,1.0,0.0
testing13597.jpg,Nanodomain,1.0,5.827688e-35,1.0,0.0
testing13598.jpg,Nanodomain,1.0,5.795846e-37,1.0,0.0
testing13599.jpg,Nanodomain,1.0,0.0,1.0,0.0
testing13600.jpg,Intermediate,1.0,1.0,9.097172e-12,2.0511258e-20
testing13601.jpg,Intermediate,1.0,1.0,1.2747182e-23,2.165204e-22
testing13602.jpg,Intermediate,0.9921502,0.9921502,1.3333928e-17,0.007849826
testing13603.jpg,Intermediate,1.0,1.0,1.533566e-25,2.3300614e-21
testing13604.jpg,Intermediate,1.0,1.0,1.4948742e-23,6.8511945e-23
testing13605.jpg,Intermediate,1.0,1.0,1.503284e-26,1.1374759e-21
testing13606.jpg,Intermediate,1.0,1.0,9.253683e-22,1.8120626e-18
testing13607.jpg,Nanodomain,1.0,0.0,1.0,0.0
testing13608.jpg,Nanodomain,1.0,0.0,1.0,0.0
testing13609.jpg,Nanodomain,1.0,0.0,1.0,0.0
testing13610.jpg,Nanodomain,1.0,0.0,1.0,0.0
testing13611.jpg,Nanodomain,1.0,0.0,1.0,0.0
testing13612.jpg,Intermediate,0.9910925,0.9910925,0.008907528,6.0611225e-19
testing13613.jpg,Intermediate,1.0,1.0,4.4312717e-13,5.040654e-20
testing13614.jpg,Outside,1.0,2.194154e-16,1.269458e-23,1.0
testing13615.jpg,Nanodomain,1.0,0.0,1.0,0.0
testing13616.jpg,Nanodomain,1.0,0.0,1.0,0.0
testing13617.jpg,Nanodomain,1.0,0.0,1.0,0.0
testing13618.jpg,Nanodomain,1.0,0.0,1.0,0.0
testing13619.jpg,Nanodomain,1.0,0.0,1.0,0.0
testing13620.jpg,Nanodomain,1.0,0.0,1.0,0.0
testing13621.jpg,Nanodomain,1.0,0.0,1.0,0.0
testing13622.jpg,Nanodomain,1.0,0.0,1.0,0.0
testing13623.jpg,Nanodomain,1.0,0.0,1.0,0.0
testing13624.jpg,Nanodomain,1.0,0.0,1.0,0.0
testing13625.jpg,Nanodomain,1.0,0.0,1.0,0.0
testing13626.jpg,Outside,1.0,2.0055743e-30,4.2243323e-29,1.0
testing13627.jpg,Outside,1.0,3.2125923e-26,1.7165505e-24,1.0
testing13628.jpg,Intermediate,1.0,1.0,7.6625214e-18,2.7077146e-23
testing13629.jpg,Outside,1.0,3.578583e-38,2.273912e-32,1.0
testing13630.jpg,Outside,1.0,9.38975e-33,1.1371594e-28,1.0
testing13631.jpg,Outside,1.0,5.648578e-29,3.484394e-24,1.0
testing13632.jpg,Outside,1.0,3.1149805e-30,1.4771392e-28,1.0
testing13633.jpg,Nanodomain,1.0,0.0,1.0,0.0
testing13634.jpg,Nanodomain,1.0,0.0,1.0,0.0
testing13635.jpg,Nanodomain,1.0,0.0,1.0,0.0
testing13636.jpg,Nanodomain,1.0,0.0,1.0,0.0
testing13637.jpg,Nanodomain,1.0,0.0,1.0,0.0
testing13638.jpg,Nanodomain,1.0,0.0,1.0,0.0
testing13639.jpg,Nanodomain,1.0,0.0,1.0,0.0
testing13640.jpg,Nanodomain,1.0,0.0,1.0,0.0
testing13641.jpg,Nanodomain,1.0,8.5639033e-38,1.0,0.0
testing13642.jpg,Nanodomain,1.0,0.0,1.0,0.0
testing13643.jpg,Nanodomain,1.0,0.0,1.0,0.0
testing13644.jpg,Nanodomain,1.0,0.0,1.0,0.0
testing13645.jpg,Nanodomain,1.0,0.0,1.0,0.0
testing13646.jpg,Nanodomain,1.0,0.0,1.0,0.0
testing13647.jpg,Nanodomain,1.0,0.0,1.0,0.0
testing13648.jpg,Nanodomain,1.0,0.0,1.0,0.0
testing13649.jpg,Nanodomain,1.0,0.0,1.0,0.0
testing13650.jpg,Nanodomain,1.0,0.0,1.0,0.0
testing13651.jpg,Nanodomain,1.0,0.0,1.0,0.0
testing13652.jpg,Nanodomain,1.0,0.0,1.0,0.0
testing13653.jpg,Nanodomain,1.0,0.0,1.0,0.0
testing13654.jpg,Nanodomain,1.0,0.0,1.0,0.0
testing13655.jpg,Nanodomain,1.0,0.0,1.0,0.0
testing13656.jpg,Nanodomain,1.0,0.0,1.0,0.0
testing13657.jpg,Nanodomain,1.0,0.0,1.0,0.0
testing13658.jpg,Nanodomain,1.0,0.0,1.0,0.0
testing13659.jpg,Nanodomain,1.0,0.0,1.0,0.0
testing13660.jpg,Outside,1.0,5.874675e-34,3.811387e-31,1.0
testing13661.jpg,Outside,1.0,1.6908136e-33,9.734945e-31,1.0
testing13662.jpg,Outside,1.0,3.4044137e-34,7.355863e-32,1.0
testing13663.jpg,Outside,1.0,2.4608913e-31,2.8444688e-29,1.0
testing13664.jpg,Outside,1.0,1.14988584e-32,2.9033037e-30,1.0
testing13665.jpg,Outside,1.0,2.2955888e-31,2.80938e-28,1.0
testing13666.jpg,Outside,1.0,1.8958846e-32,5.678912e-29,1.0
testing13667.jpg,Outside,1.0,9.2630046e-30,5.3115963e-28,1.0
testing13668.jpg,Outside,1.0,4.6131553e-29,6.744326e-25,1.0
testing13669.jpg,Outside,1.0,5.377378e-31,1.32845e-28,1.0
testing13670.jpg,Outside,1.0,2.2959064e-29,2.213544e-28,1.0
testing13671.jpg,Nanodomain,1.0,0.0,1.0,0.0
testing13672.jpg,Nanodomain,1.0,0.0,1.0,0.0
testing13673.jpg,Nanodomain,1.0,0.0,1.0,0.0
testing13674.jpg,Nanodomain,1.0,0.0,1.0,0.0
testing13675.jpg,Nanodomain,1.0,0.0,1.0,0.0
testing13676.jpg,Nanodomain,1.0,0.0,1.0,0.0
testing13677.jpg,Nanodomain,1.0,0.0,1.0,0.0
testing13678.jpg,Nanodomain,1.0,0.0,1.0,0.0
testing13679.jpg,Nanodomain,1.0,0.0,1.0,0.0
testing13680.jpg,Nanodomain,1.0,0.0,1.0,0.0
testing13681.jpg,Nanodomain,1.0,0.0,1.0,0.0
testing13682.jpg,Nanodomain,1.0,0.0,1.0,0.0
testing13683.jpg,Nanodomain,1.0,0.0,1.0,0.0
testing13684.jpg,Nanodomain,1.0,0.0,1.0,0.0
testing13685.jpg,Nanodomain,1.0,0.0,1.0,0.0
testing13686.jpg,Nanodomain,1.0,0.0,1.0,0.0
testing13687.jpg,Nanodomain,1.0,0.0,1.0,0.0
testing13688.jpg,Nanodomain,1.0,0.0,1.0,0.0
testing13689.jpg,Intermediate,0.9999995,0.9999995,1.2794554e-19,4.454545e-07
testing13690.jpg,Outside,1.0,6.3116976e-20,6.3096516e-20,1.0
testing13691.jpg,Outside,0.99150765,0.008492343,6.6124725e-14,0.99150765
testing13692.jpg,Outside,1.0,6.5029864e-14,9.445018e-22,1.0
testing13693.jpg,Outside,1.0,4.8233637e-14,1.25649995e-20,1.0
testing13694.jpg,Outside,1.0,2.0128551e-23,4.6331535e-22,1.0
testing13695.jpg,Outside,1.0,1.647797e-15,9.270444e-19,1.0
testing13696.jpg,Outside,1.0,1.7285339e-19,4.6196195e-21,1.0
testing13697.jpg,Nanodomain,1.0,2.2295511e-29,1.0,0.0
testing13698.jpg,Nanodomain,1.0,1.00051184e-14,1.0,2.862582e-29
testing13699.jpg,Outside,1.0,5.642465e-13,2.0568468e-19,1.0
testing13700.jpg,Outside,1.0,1.6681445e-21,7.9267273e-22,1.0
testing13701.jpg,Outside,1.0,2.4306276e-22,1.487871e-23,1.0
testing13702.jpg,Outside,1.0,3.08853e-26,1.0608355e-27,1.0
testing13703.jpg,Outside,1.0,8.8459715e-30,2.505214e-28,1.0
testing13704.jpg,Outside,1.0,5.5030386e-28,2.3512244e-27,1.0
testing13705.jpg,Outside,1.0,1.074141e-31,8.78701e-31,1.0
testing13706.jpg,Outside,1.0,3.395549e-30,9.240709e-28,1.0
testing13707.jpg,Outside,1.0,4.728146e-27,4.396442e-25,1.0
testing13708.jpg,Outside,1.0,8.144648e-33,3.213237e-29,1.0
testing13709.jpg,Outside,1.0,5.876582e-26,2.53525e-26,1.0
testing13710.jpg,Outside,1.0,4.730169e-26,8.8208604e-24,1.0
testing13711.jpg,Outside,0.99993765,6.235159e-05,1.6178905e-16,0.99993765
testing13712.jpg,Nanodomain,1.0,2.816636e-34,1.0,0.0
testing13713.jpg,Nanodomain,1.0,5.0432725e-34,1.0,0.0
testing13714.jpg,Nanodomain,1.0,6.228187e-17,1.0,9.328782e-38
testing13715.jpg,Outside,1.0,1.6189832e-26,4.0239848e-23,1.0
testing13716.jpg,Nanodomain,1.0,2.3851273e-20,1.0,0.0
testing13717.jpg,Outside,1.0,2.4881932e-29,5.0985896e-29,1.0
testing13718.jpg,Outside,1.0,9.766728e-20,1.2353503e-20,1.0
testing13719.jpg,Outside,1.0,4.325985e-26,1.820752e-25,1.0
testing13720.jpg,Outside,1.0,3.248126e-14,6.706409e-17,1.0
testing13721.jpg,Nanodomain,1.0,2.5690806e-34,1.0,0.0
testing13722.jpg,Nanodomain,1.0,0.0,1.0,0.0
testing13723.jpg,Nanodomain,1.0,2.477829e-38,1.0,0.0
testing13724.jpg,Nanodomain,1.0,0.0,1.0,0.0
testing13725.jpg,Nanodomain,1.0,0.0,1.0,0.0
testing13726.jpg,Nanodomain,1.0,0.0,1.0,0.0
testing13727.jpg,Nanodomain,1.0,1.2066168e-30,1.0,0.0
testing13728.jpg,Intermediate,1.0,1.0,6.108453e-22,1.2989044e-21
testing13729.jpg,Intermediate,1.0,1.0,1.1352039e-22,5.2859815e-22
testing13730.jpg,Intermediate,0.99984276,0.99984276,0.00015719655,2.690306e-20
testing13731.jpg,Intermediate,1.0,1.0,2.5337534e-32,6.505944e-20
testing13732.jpg,Intermediate,1.0,1.0,2.4044528e-24,9.686335e-18
testing13733.jpg,Intermediate,1.0,1.0,2.289002e-18,3.9085197e-16
testing13734.jpg,Intermediate,1.0,1.0,7.672209e-24,3.936988e-20
testing13735.jpg,Intermediate,1.0,1.0,1.6217223e-25,2.0827601e-19
testing13736.jpg,Intermediate,1.0,1.0,1.8967808e-18,7.0015593e-22
testing13737.jpg,Intermediate,1.0,1.0,6.987292e-20,4.4084946e-20
testing13738.jpg,Intermediate,1.0,1.0,9.399414e-28,5.9118077e-21
testing13739.jpg,Intermediate,1.0,1.0,1.2630564e-25,3.2109047e-24
testing13740.jpg,Intermediate,1.0,1.0,1.2355272e-31,3.4473069e-25
testing13741.jpg,Outside,1.0,1.1853527e-22,3.0440418e-22,1.0
testing13742.jpg,Outside,1.0,9.1352207e-26,1.7409485e-26,1.0
testing13743.jpg,Nanodomain,1.0,0.0,1.0,0.0
testing13744.jpg,Nanodomain,1.0,0.0,1.0,0.0
testing13745.jpg,Nanodomain,1.0,0.0,1.0,0.0
testing13746.jpg,Nanodomain,1.0,0.0,1.0,0.0
testing13747.jpg,Nanodomain,1.0,0.0,1.0,0.0
testing13748.jpg,Nanodomain,1.0,0.0,1.0,0.0
testing13749.jpg,Nanodomain,1.0,0.0,1.0,0.0
testing13750.jpg,Nanodomain,1.0,0.0,1.0,0.0
testing13751.jpg,Nanodomain,1.0,0.0,1.0,0.0
testing13752.jpg,Nanodomain,1.0,0.0,1.0,0.0
testing13753.jpg,Nanodomain,1.0,0.0,1.0,0.0
testing13754.jpg,Nanodomain,1.0,0.0,1.0,0.0
testing13755.jpg,Outside,1.0,1.6787746e-27,1.5740043e-26,1.0
testing13756.jpg,Outside,1.0,6.7544825e-29,1.1895488e-27,1.0
testing13757.jpg,Nanodomain,1.0,0.0,1.0,0.0
testing13758.jpg,Nanodomain,1.0,0.0,1.0,0.0
testing13759.jpg,Nanodomain,1.0,0.0,1.0,0.0
testing13760.jpg,Nanodomain,1.0,0.0,1.0,0.0
testing13761.jpg,Nanodomain,1.0,0.0,1.0,0.0
testing13762.jpg,Nanodomain,1.0,0.0,1.0,0.0
testing13763.jpg,Nanodomain,1.0,0.0,1.0,0.0
testing13764.jpg,Nanodomain,1.0,0.0,1.0,0.0
testing13765.jpg,Nanodomain,1.0,0.0,1.0,0.0
testing13766.jpg,Nanodomain,1.0,0.0,1.0,0.0
testing13767.jpg,Nanodomain,1.0,0.0,1.0,0.0
testing13768.jpg,Nanodomain,1.0,0.0,1.0,0.0
testing13769.jpg,Nanodomain,1.0,0.0,1.0,0.0
testing13770.jpg,Nanodomain,1.0,3.4434797e-19,1.0,0.0
testing13771.jpg,Nanodomain,1.0,0.0,1.0,0.0
testing13772.jpg,Nanodomain,1.0,2.134559e-20,1.0,0.0
testing13773.jpg,Nanodomain,1.0,0.0,1.0,0.0
testing13774.jpg,Nanodomain,1.0,0.0,1.0,0.0
testing13775.jpg,Nanodomain,1.0,0.0,1.0,0.0
testing13776.jpg,Nanodomain,1.0,0.0,1.0,0.0
testing13777.jpg,Nanodomain,1.0,0.0,1.0,0.0
testing13778.jpg,Nanodomain,1.0,0.0,1.0,0.0
testing13779.jpg,Nanodomain,1.0,0.0,1.0,0.0
testing13780.jpg,Nanodomain,1.0,0.0,1.0,0.0
testing13781.jpg,Nanodomain,1.0,0.0,1.0,0.0
testing13782.jpg,Nanodomain,1.0,0.0,1.0,0.0
testing13783.jpg,Nanodomain,1.0,0.0,1.0,0.0
testing13784.jpg,Nanodomain,1.0,0.0,1.0,0.0
testing13785.jpg,Nanodomain,1.0,0.0,1.0,0.0
testing13786.jpg,Nanodomain,1.0,0.0,1.0,0.0
testing13787.jpg,Outside,1.0,2.5640788e-33,9.941307e-32,1.0
testing13788.jpg,Outside,1.0,2.7875796e-29,5.1498644e-28,1.0
testing13789.jpg,Outside,1.0,2.7177158e-27,8.3305376e-27,1.0
testing13790.jpg,Outside,1.0,6.589205e-31,4.557026e-30,1.0
testing13791.jpg,Outside,1.0,5.1903345e-28,1.1586517e-26,1.0
testing13792.jpg,Outside,1.0,1.7099632e-31,2.6088204e-27,1.0
testing13793.jpg,Outside,1.0,2.8253433e-33,1.3677873e-30,1.0
testing13794.jpg,Outside,1.0,7.3068165e-30,9.117526e-28,1.0
testing13795.jpg,Outside,1.0,3.6663695e-30,9.213535e-28,1.0
testing13796.jpg,Outside,1.0,8.8313e-31,3.165907e-29,1.0
testing13797.jpg,Outside,1.0,9.8131036e-29,1.805203e-27,1.0
testing13798.jpg,Outside,1.0,8.66961e-31,1.4663333e-26,1.0
testing13799.jpg,Outside,1.0,1.53954e-31,3.7022967e-28,1.0
testing13800.jpg,Outside,1.0,7.87057e-28,2.0630384e-27,1.0
testing13801.jpg,Outside,1.0,5.1062525e-24,1.754665e-24,1.0
testing13802.jpg,Outside,1.0,5.9535455e-34,1.4028324e-30,1.0
testing13803.jpg,Nanodomain,1.0,0.0,1.0,0.0
testing13804.jpg,Nanodomain,1.0,0.0,1.0,0.0
testing13805.jpg,Nanodomain,1.0,0.0,1.0,0.0
testing13806.jpg,Nanodomain,1.0,0.0,1.0,0.0
testing13807.jpg,Nanodomain,1.0,0.0,1.0,0.0
testing13808.jpg,Nanodomain,1.0,0.0,1.0,0.0
testing13809.jpg,Nanodomain,1.0,0.0,1.0,0.0
testing13810.jpg,Nanodomain,1.0,0.0,1.0,0.0
testing13811.jpg,Nanodomain,1.0,0.0,1.0,0.0
testing13812.jpg,Nanodomain,1.0,0.0,1.0,0.0
testing13813.jpg,Nanodomain,1.0,0.0,1.0,0.0
testing13814.jpg,Nanodomain,1.0,0.0,1.0,0.0
testing13815.jpg,Nanodomain,1.0,0.0,1.0,0.0
testing13816.jpg,Nanodomain,1.0,0.0,1.0,0.0
testing13817.jpg,Nanodomain,1.0,0.0,1.0,0.0
testing13818.jpg,Outside,1.0,1.8033508e-13,4.0864443e-18,1.0
testing13819.jpg,Outside,1.0,1.1806221e-24,3.869605e-24,1.0
testing13820.jpg,Outside,1.0,3.542162e-13,1.4155835e-15,1.0
testing13821.jpg,Outside,1.0,1.2880223e-17,1.5937369e-19,1.0
testing13822.jpg,Outside,1.0,4.4548344e-19,3.2720398e-22,1.0
testing13823.jpg,Outside,1.0,1.1231408e-11,1.7094984e-18,1.0
testing13824.jpg,Outside,1.0,6.246143e-12,4.1937048e-18,1.0
testing13825.jpg,Intermediate,1.0,1.0,1.04846e-09,2.4434067e-25
testing13826.jpg,Outside,1.0,3.0879182e-18,1.4888265e-21,1.0
testing13827.jpg,Outside,1.0,1.0507828e-27,7.081538e-26,1.0
testing13828.jpg,Outside,1.0,1.1676349e-14,4.9380356e-19,1.0
testing13829.jpg,Outside,1.0,2.6811935e-25,2.9716993e-23,1.0
testing13830.jpg,Intermediate,1.0,1.0,1.1870348e-24,2.3832744e-18
testing13831.jpg,Outside,1.0,2.7752732e-28,1.0984096e-25,1.0
testing13832.jpg,Outside,1.0,2.4051116e-33,9.7581875e-30,1.0
testing13833.jpg,Outside,1.0,3.0963259e-27,3.588201e-26,1.0
testing13834.jpg,Outside,1.0,4.9435214e-26,3.339497e-26,1.0
testing13835.jpg,Outside,1.0,2.3236866e-30,8.503166e-29,1.0
testing13836.jpg,Outside,1.0,2.9540006e-30,1.25196925e-27,1.0
testing13837.jpg,Outside,1.0,1.0205591e-24,5.329186e-23,1.0
testing13838.jpg,Outside,1.0,1.1452502e-24,3.0943618e-22,1.0
testing13839.jpg,Outside,1.0,7.0094644e-31,1.0256306e-28,1.0
testing13840.jpg,Outside,1.0,1.3244671e-29,3.009316e-27,1.0
testing13841.jpg,Outside,1.0,1.4116513e-24,9.769024e-23,1.0
testing13842.jpg,Outside,1.0,6.2953355e-31,2.2638074e-28,1.0
testing13843.jpg,Outside,1.0,1.3255386e-29,1.4569035e-28,1.0
testing13844.jpg,Outside,1.0,2.724573e-30,9.439906e-29,1.0
testing13845.jpg,Intermediate,0.99510926,0.99510926,1.1297033e-15,0.0048907474
testing13846.jpg,Outside,1.0,1.108097e-26,8.631283e-27,1.0
testing13847.jpg,Outside,1.0,1.4743949e-24,2.1004288e-23,1.0
testing13848.jpg,Outside,1.0,1.1190083e-21,2.0910361e-22,1.0
testing13849.jpg,Outside,1.0,7.0082044e-17,8.703852e-21,1.0
testing13850.jpg,Nanodomain,1.0,1.4033434e-34,1.0,0.0
testing13851.jpg,Nanodomain,1.0,2.5373238e-31,1.0,0.0
testing13852.jpg,Nanodomain,1.0,3.9489954e-33,1.0,0.0
testing13853.jpg,Nanodomain,1.0,2.814503e-31,1.0,0.0
testing13854.jpg,Nanodomain,1.0,0.0,1.0,0.0
testing13855.jpg,Nanodomain,1.0,0.0,1.0,0.0
testing13856.jpg,Intermediate,1.0,1.0,8.809387e-18,1.7697111e-22
testing13857.jpg,Nanodomain,1.0,2.5004226e-08,1.0,4.295975e-25
testing13858.jpg,Nanodomain,1.0,6.075905e-11,1.0,3.0901868e-29
testing13859.jpg,Intermediate,0.8550226,0.8550226,1.5029015e-17,0.14497735
testing13860.jpg,Nanodomain,1.0,0.0,1.0,0.0
testing13861.jpg,Nanodomain,1.0,0.0,1.0,0.0
testing13862.jpg,Nanodomain,1.0,0.0,1.0,0.0
testing13863.jpg,Nanodomain,1.0,0.0,1.0,0.0
testing13864.jpg,Nanodomain,1.0,0.0,1.0,0.0
testing13865.jpg,Nanodomain,1.0,0.0,1.0,0.0
testing13866.jpg,Intermediate,1.0,1.0,8.271123e-22,3.6239897e-21
testing13867.jpg,Outside,1.0,1.9942423e-18,2.1391728e-20,1.0
testing13868.jpg,Outside,1.0,1.9395198e-24,4.1288462e-25,1.0
testing13869.jpg,Nanodomain,1.0,0.0,1.0,0.0
testing13870.jpg,Nanodomain,1.0,0.0,1.0,0.0
testing13871.jpg,Nanodomain,1.0,0.0,1.0,0.0
testing13872.jpg,Nanodomain,1.0,0.0,1.0,0.0
testing13873.jpg,Nanodomain,1.0,0.0,1.0,0.0
testing13874.jpg,Nanodomain,1.0,0.0,1.0,0.0
testing13875.jpg,Nanodomain,1.0,0.0,1.0,0.0
testing13876.jpg,Nanodomain,1.0,0.0,1.0,0.0
testing13877.jpg,Nanodomain,1.0,0.0,1.0,0.0
testing13878.jpg,Nanodomain,1.0,0.0,1.0,0.0
testing13879.jpg,Nanodomain,1.0,0.0,1.0,0.0
testing13880.jpg,Nanodomain,1.0,0.0,1.0,0.0
testing13881.jpg,Nanodomain,1.0,0.0,1.0,0.0
testing13882.jpg,Nanodomain,1.0,0.0,1.0,0.0
testing13883.jpg,Nanodomain,1.0,0.0,1.0,0.0
testing13884.jpg,Nanodomain,1.0,6.470484e-33,1.0,0.0
testing13885.jpg,Nanodomain,1.0,1.07578726e-35,1.0,0.0
testing13886.jpg,Nanodomain,1.0,8.2734673e-35,1.0,0.0
testing13887.jpg,Nanodomain,1.0,1.2913096e-23,1.0,0.0
testing13888.jpg,Nanodomain,1.0,1.9205695e-31,1.0,0.0
testing13889.jpg,Nanodomain,1.0,2.5117425e-26,1.0,0.0
testing13890.jpg,Nanodomain,1.0,3.960327e-32,1.0,0.0
testing13891.jpg,Nanodomain,1.0,0.0,1.0,0.0
testing13892.jpg,Nanodomain,1.0,1.4482597e-35,1.0,0.0
testing13893.jpg,Nanodomain,1.0,3.7910747e-37,1.0,0.0
testing13894.jpg,Nanodomain,1.0,2.3497557e-33,1.0,0.0
testing13895.jpg,Nanodomain,1.0,1.5265519e-23,1.0,0.0
testing13896.jpg,Nanodomain,1.0,3.7545716e-32,1.0,0.0
testing13897.jpg,Nanodomain,1.0,1.3540837e-12,1.0,4.484583e-36
testing13898.jpg,Nanodomain,1.0,5.475795e-13,1.0,1.53967595e-30
testing13899.jpg,Nanodomain,1.0,0.0,1.0,0.0
testing13900.jpg,Outside,1.0,2.8184346e-24,1.4960259e-24,1.0
testing13901.jpg,Nanodomain,1.0,0.0,1.0,0.0
testing13902.jpg,Nanodomain,1.0,0.0,1.0,0.0
testing13903.jpg,Nanodomain,1.0,0.0,1.0,0.0
testing13904.jpg,Nanodomain,1.0,0.0,1.0,0.0
testing13905.jpg,Nanodomain,1.0,0.0,1.0,0.0
testing13906.jpg,Nanodomain,1.0,0.0,1.0,0.0
testing13907.jpg,Nanodomain,1.0,0.0,1.0,0.0
testing13908.jpg,Nanodomain,1.0,0.0,1.0,0.0
testing13909.jpg,Nanodomain,1.0,0.0,1.0,0.0
testing13910.jpg,Nanodomain,1.0,0.0,1.0,0.0
testing13911.jpg,Nanodomain,1.0,0.0,1.0,0.0
testing13912.jpg,Nanodomain,1.0,0.0,1.0,0.0
testing13913.jpg,Nanodomain,1.0,0.0,1.0,0.0
testing13914.jpg,Outside,1.0,1.05766195e-30,4.5007794e-28,1.0
testing13915.jpg,Outside,1.0,5.227031e-29,5.7070817e-28,1.0
testing13916.jpg,Outside,1.0,5.2607865e-33,4.795114e-28,1.0
testing13917.jpg,Outside,1.0,1.440921e-33,3.0094147e-30,1.0
testing13918.jpg,Outside,1.0,1.1572989e-28,2.4354836e-28,1.0
testing13919.jpg,Outside,1.0,6.1896955e-33,8.712586e-29,1.0
testing13920.jpg,Outside,1.0,1.2104115e-29,2.104017e-27,1.0
testing13921.jpg,Outside,1.0,3.191667e-34,4.3558296e-31,1.0
testing13922.jpg,Outside,1.0,4.5997513e-35,3.6113575e-31,1.0
testing13923.jpg,Outside,1.0,7.778778e-30,7.904031e-27,1.0
testing13924.jpg,Nanodomain,1.0,0.0,1.0,0.0
testing13925.jpg,Outside,1.0,3.1440816e-25,1.2724785e-23,1.0
testing13926.jpg,Nanodomain,1.0,0.0,1.0,0.0
testing13927.jpg,Nanodomain,1.0,0.0,1.0,0.0
testing13928.jpg,Nanodomain,1.0,0.0,1.0,0.0
testing13929.jpg,Nanodomain,1.0,0.0,1.0,0.0
testing13930.jpg,Outside,1.0,1.0612455e-25,4.310815e-25,1.0
testing13931.jpg,Nanodomain,1.0,0.0,1.0,0.0
testing13932.jpg,Nanodomain,1.0,0.0,1.0,0.0
testing13933.jpg,Nanodomain,1.0,0.0,1.0,0.0
testing13934.jpg,Outside,1.0,1.4965802e-23,4.503247e-23,1.0
testing13935.jpg,Nanodomain,1.0,0.0,1.0,0.0
testing13936.jpg,Nanodomain,1.0,0.0,1.0,0.0
testing13937.jpg,Nanodomain,1.0,0.0,1.0,0.0
testing13938.jpg,Nanodomain,1.0,0.0,1.0,0.0
testing13939.jpg,Nanodomain,1.0,0.0,1.0,0.0
testing13940.jpg,Nanodomain,1.0,0.0,1.0,0.0
testing13941.jpg,Nanodomain,1.0,0.0,1.0,0.0
testing13942.jpg,Nanodomain,1.0,0.0,1.0,0.0
testing13943.jpg,Nanodomain,1.0,0.0,1.0,0.0
testing13944.jpg,Nanodomain,1.0,0.0,1.0,0.0
testing13945.jpg,Nanodomain,1.0,0.0,1.0,0.0
testing13946.jpg,Outside,1.0,5.5873935e-14,2.2967665e-20,1.0
testing13947.jpg,Outside,1.0,5.092051e-17,2.7398128e-21,1.0
testing13948.jpg,Outside,1.0,5.613942e-13,2.0177153e-14,1.0
testing13949.jpg,Outside,1.0,3.3335575e-16,9.147105e-20,1.0
testing13950.jpg,Outside,1.0,3.4304263e-16,5.2478385e-18,1.0
testing13951.jpg,Outside,1.0,7.406456e-18,2.302102e-18,1.0
testing13952.jpg,Outside,1.0,1.2375844e-15,5.5913746e-16,1.0
testing13953.jpg,Intermediate,1.0,1.0,9.69235e-20,6.0092497e-24
testing13954.jpg,Outside,1.0,1.06740564e-23,1.7452418e-21,1.0
testing13955.jpg,Outside,1.0,1.7809451e-31,8.0988025e-31,1.0
testing13956.jpg,Intermediate,1.0,1.0,1.8491371e-23,7.018906e-17
testing13957.jpg,Outside,1.0,1.8685819e-29,2.5292691e-27,1.0
testing13958.jpg,Outside,1.0,2.4370197e-26,9.202564e-23,1.0
testing13959.jpg,Outside,1.0,7.719008e-30,2.439212e-28,1.0
testing13960.jpg,Outside,1.0,3.3462888e-29,1.2694753e-26,1.0
testing13961.jpg,Outside,1.0,5.589511e-34,2.6370623e-30,1.0
testing13962.jpg,Outside,1.0,1.8984528e-33,6.670925e-30,1.0
testing13963.jpg,Outside,1.0,6.516776e-27,8.681787e-24,1.0
testing13964.jpg,Outside,1.0,2.016663e-27,1.1878943e-26,1.0
testing13965.jpg,Outside,1.0,5.560071e-29,1.1115183e-25,1.0
testing13966.jpg,Outside,1.0,2.0395525e-30,4.3282584e-28,1.0
testing13967.jpg,Outside,1.0,2.6526805e-30,2.847639e-29,1.0
testing13968.jpg,Intermediate,1.0,1.0,1.8670124e-31,1.2145879e-22
testing13969.jpg,Outside,1.0,2.2219313e-25,1.3345638e-23,1.0
testing13970.jpg,Outside,1.0,2.260075e-25,1.5314382e-25,1.0
testing13971.jpg,Outside,1.0,2.0335063e-32,1.2534733e-29,1.0
testing13972.jpg,Outside,1.0,2.545754e-12,4.6631132e-17,1.0
testing13973.jpg,Outside,1.0,8.034948e-24,1.4429085e-23,1.0
testing13974.jpg,Outside,1.0,1.7106939e-31,1.8826134e-28,1.0
testing13975.jpg,Outside,1.0,7.657729e-18,5.9961834e-21,1.0
testing13976.jpg,Outside,1.0,1.3328953e-15,2.681295e-18,1.0
testing13977.jpg,Outside,1.0,1.940629e-10,6.91321e-14,1.0
testing13978.jpg,Intermediate,1.0,1.0,1.7767345e-27,2.7988308e-22
testing13979.jpg,Nanodomain,1.0,1.3061279e-15,1.0,2.5634282e-37
testing13980.jpg,Nanodomain,0.9999999,8.978916e-08,0.9999999,6.893327e-29
testing13981.jpg,Nanodomain,1.0,6.214115e-13,1.0,1.5815785e-38
testing13982.jpg,Nanodomain,1.0,4.220136e-33,1.0,0.0
testing13983.jpg,Nanodomain,1.0,1.1589355e-17,1.0,2.5513058e-34
testing13984.jpg,Intermediate,1.0,1.0,2.5534324e-16,3.0119078e-22
testing13985.jpg,Intermediate,1.0,1.0,2.1886791e-23,6.3924026e-15
testing13986.jpg,Intermediate,0.9999981,0.9999981,1.9646775e-06,4.974383e-19
testing13987.jpg,Nanodomain,1.0,0.0,1.0,0.0
testing13988.jpg,Nanodomain,1.0,0.0,1.0,0.0
testing13989.jpg,Nanodomain,1.0,0.0,1.0,0.0
testing13990.jpg,Nanodomain,1.0,0.0,1.0,0.0
testing13991.jpg,Nanodomain,1.0,0.0,1.0,0.0
testing13992.jpg,Nanodomain,1.0,0.0,1.0,0.0
testing13993.jpg,Nanodomain,1.0,0.0,1.0,0.0
testing13994.jpg,Nanodomain,1.0,0.0,1.0,0.0
testing13995.jpg,Nanodomain,1.0,0.0,1.0,0.0
testing13996.jpg,Nanodomain,1.0,0.0,1.0,0.0
testing13997.jpg,Nanodomain,1.0,0.0,1.0,0.0
testing13998.jpg,Nanodomain,1.0,0.0,1.0,0.0
testing13999.jpg,Nanodomain,1.0,0.0,1.0,0.0
testing14000.jpg,Nanodomain,1.0,0.0,1.0,0.0
testing14001.jpg,Nanodomain,1.0,0.0,1.0,0.0
testing14002.jpg,Nanodomain,1.0,0.0,1.0,0.0
testing14003.jpg,Nanodomain,1.0,0.0,1.0,0.0
testing14004.jpg,Nanodomain,1.0,0.0,1.0,0.0
testing14005.jpg,Nanodomain,1.0,0.0,1.0,0.0
testing14006.jpg,Nanodomain,1.0,0.0,1.0,0.0
testing14007.jpg,Nanodomain,1.0,0.0,1.0,0.0
testing14008.jpg,Nanodomain,1.0,0.0,1.0,0.0
testing14009.jpg,Nanodomain,1.0,0.0,1.0,0.0
testing14010.jpg,Nanodomain,1.0,0.0,1.0,0.0
testing14011.jpg,Outside,1.0,7.7531816e-30,2.5664437e-28,1.0
testing14012.jpg,Nanodomain,1.0,3.1014406e-22,1.0,0.0
testing14013.jpg,Nanodomain,1.0,4.9665615e-19,1.0,0.0
testing14014.jpg,Nanodomain,1.0,4.6115463e-25,1.0,0.0
testing14015.jpg,Nanodomain,1.0,1.2626848e-26,1.0,0.0
testing14016.jpg,Nanodomain,1.0,4.3688677e-35,1.0,0.0
testing14017.jpg,Nanodomain,1.0,1.3122604e-23,1.0,0.0
testing14018.jpg,Nanodomain,1.0,2.1733987e-35,1.0,0.0
testing14019.jpg,Nanodomain,1.0,4.1151862e-38,1.0,0.0
testing14020.jpg,Nanodomain,1.0,7.8717586e-31,1.0,0.0
testing14021.jpg,Nanodomain,1.0,2.532738e-25,1.0,0.0
testing14022.jpg,Nanodomain,1.0,3.2177146e-21,1.0,0.0
testing14023.jpg,Nanodomain,1.0,1.1161393e-13,1.0,2.8433412e-36
testing14024.jpg,Intermediate,1.0,1.0,6.7698186e-10,1.2890548e-24
testing14025.jpg,Intermediate,1.0,1.0,2.4003437e-08,2.0009886e-23
testing14026.jpg,Outside,1.0,2.160145e-31,2.3720675e-30,1.0
testing14027.jpg,Nanodomain,1.0,0.0,1.0,0.0
testing14028.jpg,Nanodomain,1.0,0.0,1.0,0.0
testing14029.jpg,Nanodomain,1.0,0.0,1.0,0.0
testing14030.jpg,Nanodomain,1.0,0.0,1.0,0.0
testing14031.jpg,Nanodomain,1.0,0.0,1.0,0.0
testing14032.jpg,Nanodomain,1.0,0.0,1.0,0.0
testing14033.jpg,Nanodomain,1.0,0.0,1.0,0.0
testing14034.jpg,Nanodomain,1.0,0.0,1.0,0.0
testing14035.jpg,Nanodomain,1.0,0.0,1.0,0.0
testing14036.jpg,Nanodomain,1.0,0.0,1.0,0.0
testing14037.jpg,Nanodomain,1.0,0.0,1.0,0.0
testing14038.jpg,Nanodomain,1.0,0.0,1.0,0.0
testing14039.jpg,Nanodomain,1.0,0.0,1.0,0.0
testing14040.jpg,Nanodomain,1.0,0.0,1.0,0.0
testing14041.jpg,Outside,1.0,3.6466585e-31,7.187203e-29,1.0
testing14042.jpg,Outside,1.0,7.561603e-29,4.1793604e-27,1.0
testing14043.jpg,Outside,1.0,2.3312745e-25,8.27691e-27,1.0
testing14044.jpg,Outside,1.0,1.5505972e-31,8.413973e-31,1.0
testing14045.jpg,Outside,1.0,1.9495022e-26,5.7197885e-28,1.0
testing14046.jpg,Outside,1.0,3.0717756e-33,2.261544e-30,1.0
testing14047.jpg,Outside,1.0,8.616134e-31,1.5105491e-27,1.0
testing14048.jpg,Outside,1.0,6.8180395e-28,5.0491258e-26,1.0
testing14049.jpg,Outside,1.0,1.4609907e-25,5.7790195e-23,1.0
testing14050.jpg,Outside,1.0,2.3508855e-33,1.1717885e-30,1.0
testing14051.jpg,Nanodomain,1.0,0.0,1.0,0.0
testing14052.jpg,Nanodomain,1.0,0.0,1.0,0.0
testing14053.jpg,Nanodomain,1.0,0.0,1.0,0.0
testing14054.jpg,Nanodomain,1.0,0.0,1.0,0.0
testing14055.jpg,Nanodomain,1.0,0.0,1.0,0.0
testing14056.jpg,Nanodomain,1.0,0.0,1.0,0.0
testing14057.jpg,Nanodomain,1.0,0.0,1.0,0.0
testing14058.jpg,Nanodomain,1.0,0.0,1.0,0.0
testing14059.jpg,Nanodomain,1.0,0.0,1.0,0.0
testing14060.jpg,Nanodomain,1.0,0.0,1.0,0.0
testing14061.jpg,Outside,1.0,1.551388e-26,5.961641e-25,1.0
testing14062.jpg,Nanodomain,1.0,0.0,1.0,0.0
testing14063.jpg,Nanodomain,1.0,0.0,1.0,0.0
testing14064.jpg,Nanodomain,1.0,0.0,1.0,0.0
testing14065.jpg,Nanodomain,1.0,0.0,1.0,0.0
testing14066.jpg,Nanodomain,1.0,0.0,1.0,0.0
testing14067.jpg,Nanodomain,1.0,0.0,1.0,0.0
testing14068.jpg,Nanodomain,1.0,0.0,1.0,0.0
testing14069.jpg,Nanodomain,1.0,0.0,1.0,0.0
testing14070.jpg,Nanodomain,1.0,0.0,1.0,0.0
testing14071.jpg,Nanodomain,1.0,0.0,1.0,0.0
testing14072.jpg,Nanodomain,1.0,0.0,1.0,0.0
testing14073.jpg,Nanodomain,1.0,0.0,1.0,0.0
testing14074.jpg,Outside,1.0,6.3452216e-15,2.0683421e-19,1.0
testing14075.jpg,Outside,1.0,5.0590063e-15,1.6647476e-16,1.0
testing14076.jpg,Outside,1.0,1.6713346e-11,2.5019522e-17,1.0
testing14077.jpg,Outside,1.0,4.3029705e-21,1.7340044e-24,1.0
testing14078.jpg,Outside,0.9975452,0.0024548455,6.87051e-13,0.9975452
testing14079.jpg,Outside,1.0,2.6897817e-15,3.2035703e-20,1.0
testing14080.jpg,Outside,1.0,1.0002389e-18,1.5764324e-18,1.0
testing14081.jpg,Intermediate,0.9975598,0.9975598,5.2780754e-14,0.0024401625
testing14082.jpg,Intermediate,1.0,1.0,3.073948e-23,9.992381e-22
testing14083.jpg,Intermediate,1.0,1.0,5.151727e-22,3.710803e-16
testing14084.jpg,Intermediate,1.0,1.0,3.1838276e-24,1.4652702e-12
testing14085.jpg,Outside,1.0,5.6493596e-27,1.3143331e-25,1.0
testing14086.jpg,Outside,1.0,7.52533e-33,2.9303736e-31,1.0
testing14087.jpg,Outside,1.0,4.2531486e-28,3.7999585e-25,1.0
testing14088.jpg,Outside,1.0,2.1640475e-30,1.5845333e-28,1.0
testing14089.jpg,Outside,1.0,4.1834855e-30,1.1033301e-27,1.0
testing14090.jpg,Outside,1.0,1.4356808e-26,1.9531516e-24,1.0
testing14091.jpg,Outside,1.0,8.743722e-28,3.9663295e-24,1.0
testing14092.jpg,Outside,1.0,1.3909133e-36,2.1472793e-31,1.0
testing14093.jpg,Outside,1.0,8.697038e-31,1.6896766e-28,1.0
testing14094.jpg,Outside,1.0,7.537715e-25,3.1074994e-25,1.0
testing14095.jpg,Outside,1.0,1.22310424e-17,1.4431825e-17,1.0
testing14096.jpg,Outside,1.0,3.7405149e-19,4.3075733e-19,1.0
testing14097.jpg,Outside,1.0,4.6877643e-31,2.978909e-29,1.0
testing14098.jpg,Outside,1.0,1.5542229e-29,6.479055e-25,1.0
testing14099.jpg,Intermediate,0.9999882,0.9999882,8.790773e-21,1.1809102e-05
testing14100.jpg,Intermediate,1.0,1.0,3.0379878e-21,1.5945992e-13
testing14101.jpg,Nanodomain,1.0,0.0,1.0,0.0
testing14102.jpg,Nanodomain,1.0,8.773566e-34,1.0,0.0
testing14103.jpg,Outside,1.0,7.671996e-26,2.3128236e-25,1.0
testing14104.jpg,Intermediate,1.0,1.0,6.952292e-23,1.34598765e-20
testing14105.jpg,Outside,1.0,4.7533472e-08,2.3598663e-14,1.0
testing14106.jpg,Intermediate,0.999995,0.999995,4.791755e-16,5.041723e-06
testing14107.jpg,Intermediate,1.0,1.0,2.5083983e-28,2.06676e-16
testing14108.jpg,Nanodomain,1.0,1.9796586e-26,1.0,0.0
testing14109.jpg,Nanodomain,1.0,3.1635354e-25,1.0,0.0
testing14110.jpg,Nanodomain,1.0,1.2960211e-14,1.0,1.5502998e-33
testing14111.jpg,Intermediate,1.0,1.0,1.1842409e-22,1.02720784e-22
testing14112.jpg,Intermediate,1.0,1.0,2.1851293e-27,9.574913e-25
testing14113.jpg,Intermediate,1.0,1.0,6.269491e-19,2.6387287e-18
testing14114.jpg,Nanodomain,1.0,0.0,1.0,0.0
testing14115.jpg,Nanodomain,1.0,0.0,1.0,0.0
testing14116.jpg,Nanodomain,1.0,0.0,1.0,0.0
testing14117.jpg,Nanodomain,1.0,0.0,1.0,0.0
testing14118.jpg,Nanodomain,1.0,0.0,1.0,0.0
testing14119.jpg,Nanodomain,1.0,0.0,1.0,0.0
testing14120.jpg,Nanodomain,1.0,0.0,1.0,0.0
testing14121.jpg,Nanodomain,1.0,0.0,1.0,0.0
testing14122.jpg,Nanodomain,1.0,0.0,1.0,0.0
testing14123.jpg,Nanodomain,1.0,0.0,1.0,0.0
testing14124.jpg,Nanodomain,1.0,0.0,1.0,0.0
testing14125.jpg,Nanodomain,1.0,0.0,1.0,0.0
testing14126.jpg,Nanodomain,1.0,0.0,1.0,0.0
testing14127.jpg,Nanodomain,1.0,0.0,1.0,0.0
testing14128.jpg,Nanodomain,1.0,0.0,1.0,0.0
testing14129.jpg,Nanodomain,1.0,0.0,1.0,0.0
testing14130.jpg,Nanodomain,1.0,0.0,1.0,0.0
testing14131.jpg,Nanodomain,1.0,0.0,1.0,0.0
testing14132.jpg,Nanodomain,1.0,0.0,1.0,0.0
testing14133.jpg,Nanodomain,1.0,0.0,1.0,0.0
testing14134.jpg,Nanodomain,1.0,0.0,1.0,0.0
testing14135.jpg,Nanodomain,1.0,0.0,1.0,0.0
testing14136.jpg,Nanodomain,1.0,0.0,1.0,0.0
testing14137.jpg,Nanodomain,1.0,0.0,1.0,0.0
testing14138.jpg,Nanodomain,1.0,0.0,1.0,0.0
testing14139.jpg,Nanodomain,1.0,0.0,1.0,0.0
testing14140.jpg,Nanodomain,1.0,2.1290302e-19,1.0,0.0
testing14141.jpg,Nanodomain,1.0,1.2171738e-18,1.0,0.0
testing14142.jpg,Nanodomain,1.0,6.8737245e-33,1.0,0.0
testing14143.jpg,Nanodomain,1.0,0.0,1.0,0.0
testing14144.jpg,Nanodomain,1.0,1.625634e-36,1.0,0.0
testing14145.jpg,Nanodomain,1.0,1.575167e-37,1.0,0.0
testing14146.jpg,Nanodomain,1.0,3.4038975e-32,1.0,0.0
testing14147.jpg,Nanodomain,1.0,2.4989863e-24,1.0,0.0
testing14148.jpg,Nanodomain,1.0,6.3373775e-32,1.0,0.0
testing14149.jpg,Nanodomain,1.0,4.7818816e-16,1.0,3.1044236e-37
testing14150.jpg,Nanodomain,1.0,5.6958337e-22,1.0,0.0
testing14151.jpg,Nanodomain,1.0,1.0071716e-13,1.0,1.621912e-35
testing14152.jpg,Nanodomain,1.0,1.237428e-16,1.0,2.8516493e-37
testing14153.jpg,Intermediate,0.99942267,0.99942267,0.0005773473,7.364148e-21
testing14154.jpg,Outside,1.0,8.5519985e-28,8.823333e-28,1.0
testing14155.jpg,Outside,1.0,1.0204524e-27,3.1560226e-27,1.0
testing14156.jpg,Nanodomain,1.0,0.0,1.0,0.0
testing14157.jpg,Nanodomain,1.0,0.0,1.0,0.0
testing14158.jpg,Nanodomain,1.0,0.0,1.0,0.0
testing14159.jpg,Nanodomain,1.0,0.0,1.0,0.0
testing14160.jpg,Nanodomain,1.0,0.0,1.0,0.0
testing14161.jpg,Nanodomain,1.0,0.0,1.0,0.0
testing14162.jpg,Nanodomain,1.0,0.0,1.0,0.0
testing14163.jpg,Nanodomain,1.0,0.0,1.0,0.0
testing14164.jpg,Nanodomain,1.0,0.0,1.0,0.0
testing14165.jpg,Nanodomain,1.0,0.0,1.0,0.0
testing14166.jpg,Nanodomain,1.0,0.0,1.0,0.0
testing14167.jpg,Outside,1.0,9.873181e-29,2.5032663e-27,1.0
testing14168.jpg,Intermediate,1.0,1.0,1.4770796e-25,4.250829e-13
testing14169.jpg,Outside,1.0,2.1890765e-26,6.4891753e-24,1.0
testing14170.jpg,Outside,1.0,1.5114352e-29,1.2494018e-28,1.0
testing14171.jpg,Outside,1.0,7.508846e-32,4.982118e-28,1.0
testing14172.jpg,Outside,1.0,4.20062e-34,8.809833e-31,1.0
testing14173.jpg,Outside,1.0,2.1901464e-33,2.262069e-31,1.0
testing14174.jpg,Outside,1.0,6.3546625e-32,5.659554e-30,1.0
testing14175.jpg,Outside,1.0,1.6644056e-30,1.4632162e-25,1.0
testing14176.jpg,Outside,1.0,9.637136e-32,1.5363802e-28,1.0
testing14177.jpg,Nanodomain,1.0,0.0,1.0,0.0
testing14178.jpg,Nanodomain,1.0,0.0,1.0,0.0
testing14179.jpg,Nanodomain,1.0,0.0,1.0,0.0
testing14180.jpg,Nanodomain,1.0,0.0,1.0,0.0
testing14181.jpg,Nanodomain,1.0,0.0,1.0,0.0
testing14182.jpg,Nanodomain,1.0,0.0,1.0,0.0
testing14183.jpg,Nanodomain,1.0,0.0,1.0,0.0
testing14184.jpg,Nanodomain,1.0,0.0,1.0,0.0
testing14185.jpg,Nanodomain,1.0,0.0,1.0,0.0
testing14186.jpg,Nanodomain,1.0,0.0,1.0,0.0
testing14187.jpg,Nanodomain,1.0,0.0,1.0,0.0
testing14188.jpg,Nanodomain,1.0,0.0,1.0,0.0
testing14189.jpg,Nanodomain,1.0,0.0,1.0,0.0
testing14190.jpg,Nanodomain,1.0,0.0,1.0,0.0
testing14191.jpg,Nanodomain,1.0,0.0,1.0,0.0
testing14192.jpg,Nanodomain,1.0,0.0,1.0,0.0
testing14193.jpg,Nanodomain,1.0,0.0,1.0,0.0
testing14194.jpg,Nanodomain,1.0,0.0,1.0,0.0
testing14195.jpg,Nanodomain,1.0,0.0,1.0,0.0
testing14196.jpg,Nanodomain,1.0,0.0,1.0,0.0
testing14197.jpg,Nanodomain,1.0,0.0,1.0,0.0
testing14198.jpg,Nanodomain,1.0,0.0,1.0,0.0
testing14199.jpg,Nanodomain,1.0,0.0,1.0,0.0
testing14200.jpg,Nanodomain,1.0,0.0,1.0,0.0
testing14201.jpg,Nanodomain,1.0,0.0,1.0,0.0
testing14202.jpg,Outside,1.0,1.5140718e-15,3.8651553e-21,1.0
testing14203.jpg,Outside,1.0,5.833319e-11,6.233811e-20,1.0
testing14204.jpg,Outside,1.0,3.8801122e-14,6.7443727e-19,1.0
testing14205.jpg,Outside,1.0,2.3183688e-12,3.405734e-14,1.0
testing14206.jpg,Outside,1.0,3.2808739e-16,8.70739e-17,1.0
testing14207.jpg,Outside,1.0,2.9625637e-09,7.892347e-18,1.0
testing14208.jpg,Outside,1.0,7.292035e-14,1.890524e-19,1.0
testing14209.jpg,Outside,1.0,4.0640935e-16,8.8069396e-13,1.0
testing14210.jpg,Intermediate,1.0,1.0,6.8773056e-29,1.4770211e-20
testing14211.jpg,Intermediate,1.0,1.0,1.8044104e-28,9.4426366e-23
testing14212.jpg,Intermediate,1.0,1.0,4.0330794e-32,3.2361252e-24
testing14213.jpg,Intermediate,1.0,1.0,5.619735e-29,3.5239393e-21
testing14214.jpg,Outside,1.0,7.153309e-30,1.1141576e-27,1.0
testing14215.jpg,Nanodomain,0.99995553,4.4472265e-05,0.99995553,1.727248e-22
testing14216.jpg,Nanodomain,1.0,4.771663e-22,1.0,0.0
testing14217.jpg,Intermediate,0.9999999,0.9999999,1.1019111e-07,2.1788513e-21
testing14218.jpg,Intermediate,1.0,1.0,8.0297246e-20,5.529413e-25
testing14219.jpg,Intermediate,1.0,1.0,8.928307e-25,1.3586953e-25
testing14220.jpg,Intermediate,1.0,1.0,4.50204e-25,4.0662074e-21
testing14221.jpg,Intermediate,1.0,1.0,3.5322134e-30,5.0457896e-28
testing14222.jpg,Intermediate,1.0,1.0,8.318504e-34,7.399468e-29
testing14223.jpg,Intermediate,1.0,1.0,1.8768253e-22,6.2765866e-15
testing14224.jpg,Intermediate,1.0,1.0,4.218958e-27,1.2110739e-26
testing14225.jpg,Intermediate,1.0,1.0,8.5284684e-30,7.427409e-29
testing14226.jpg,Intermediate,1.0,1.0,1.3497465e-27,7.210945e-25
testing14227.jpg,Intermediate,1.0,1.0,9.21156e-37,1.8194488e-30
testing14228.jpg,Intermediate,1.0,1.0,5.9227224e-17,7.5943824e-22
testing14229.jpg,Intermediate,1.0,1.0,2.1348294e-26,3.9238178e-23
testing14230.jpg,Intermediate,1.0,1.0,1.9034667e-30,2.6794423e-27
testing14231.jpg,Intermediate,1.0,1.0,1.1117563e-24,7.055666e-22
testing14232.jpg,Intermediate,1.0,1.0,1.634481e-30,6.824328e-23
testing14233.jpg,Intermediate,1.0,1.0,7.907349e-27,8.929363e-25
testing14234.jpg,Intermediate,1.0,1.0,2.8780013e-27,1.08658324e-23
testing14235.jpg,Intermediate,1.0,1.0,2.9722373e-12,9.434072e-22
testing14236.jpg,Intermediate,1.0,1.0,5.9408845e-27,1.5053716e-20
testing14237.jpg,Intermediate,1.0,1.0,1.1771695e-22,9.9385996e-20
testing14238.jpg,Intermediate,1.0,1.0,4.2435816e-38,1.0134441e-24
testing14239.jpg,Intermediate,1.0,1.0,3.6273535e-27,1.6336659e-21
testing14240.jpg,Intermediate,1.0,1.0,3.5073695e-25,1.6961285e-20
testing14241.jpg,Intermediate,1.0,1.0,3.2623043e-23,4.2642365e-13
testing14242.jpg,Nanodomain,1.0,0.0,1.0,0.0
testing14243.jpg,Nanodomain,1.0,0.0,1.0,0.0
testing14244.jpg,Nanodomain,1.0,1.6161345e-31,1.0,0.0
testing14245.jpg,Nanodomain,1.0,6.594293e-36,1.0,0.0
testing14246.jpg,Nanodomain,1.0,0.0,1.0,0.0
testing14247.jpg,Nanodomain,1.0,0.0,1.0,0.0
testing14248.jpg,Nanodomain,1.0,3.752706e-34,1.0,0.0
testing14249.jpg,Nanodomain,1.0,2.1413783e-34,1.0,0.0
testing14250.jpg,Nanodomain,1.0,1.3751763e-35,1.0,0.0
testing14251.jpg,Nanodomain,1.0,3.9437894e-24,1.0,0.0
testing14252.jpg,Nanodomain,1.0,0.0,1.0,0.0
testing14253.jpg,Nanodomain,1.0,0.0,1.0,0.0
testing14254.jpg,Nanodomain,1.0,0.0,1.0,0.0
testing14255.jpg,Nanodomain,1.0,0.0,1.0,0.0
testing14256.jpg,Nanodomain,1.0,0.0,1.0,0.0
testing14257.jpg,Nanodomain,1.0,0.0,1.0,0.0
testing14258.jpg,Nanodomain,1.0,0.0,1.0,0.0
testing14259.jpg,Nanodomain,1.0,0.0,1.0,0.0
testing14260.jpg,Nanodomain,1.0,0.0,1.0,0.0
testing14261.jpg,Nanodomain,1.0,0.0,1.0,0.0
testing14262.jpg,Nanodomain,1.0,0.0,1.0,0.0
testing14263.jpg,Nanodomain,1.0,0.0,1.0,0.0
testing14264.jpg,Nanodomain,1.0,0.0,1.0,0.0
testing14265.jpg,Nanodomain,1.0,0.0,1.0,0.0
testing14266.jpg,Nanodomain,1.0,0.0,1.0,0.0
testing14267.jpg,Nanodomain,1.0,0.0,1.0,0.0
testing14268.jpg,Outside,1.0,3.35326e-25,1.1707018e-24,1.0
testing14269.jpg,Nanodomain,0.9988225,0.0011775088,0.9988225,1.4233162e-23
testing14270.jpg,Nanodomain,1.0,1.5755419e-19,1.0,0.0
testing14271.jpg,Intermediate,1.0,1.0,2.8773506e-14,4.449783e-22
testing14272.jpg,Nanodomain,1.0,4.382315e-30,1.0,0.0
testing14273.jpg,Nanodomain,1.0,9.672675e-25,1.0,0.0
testing14274.jpg,Nanodomain,1.0,2.440178e-22,1.0,0.0
testing14275.jpg,Nanodomain,1.0,1.0673226e-11,1.0,5.3852967e-33
testing14276.jpg,Nanodomain,1.0,8.3870185e-17,1.0,1.5052281e-35
testing14277.jpg,Nanodomain,1.0,1.078701e-27,1.0,0.0
testing14278.jpg,Nanodomain,1.0,4.45538e-18,1.0,0.0
testing14279.jpg,Nanodomain,0.9999989,1.1267557e-06,0.9999989,5.1515125e-27
testing14280.jpg,Nanodomain,1.0,4.7875727e-25,1.0,0.0
testing14281.jpg,Nanodomain,1.0,6.8906503e-09,1.0,7.235422e-30
testing14282.jpg,Outside,1.0,1.6249126e-31,6.3540875e-30,1.0
testing14283.jpg,Outside,1.0,8.0280216e-32,7.461454e-30,1.0
testing14284.jpg,Outside,1.0,8.451851e-20,5.63594e-23,1.0
testing14285.jpg,Nanodomain,1.0,0.0,1.0,0.0
testing14286.jpg,Nanodomain,1.0,0.0,1.0,0.0
testing14287.jpg,Nanodomain,1.0,0.0,1.0,0.0
testing14288.jpg,Nanodomain,1.0,0.0,1.0,0.0
testing14289.jpg,Nanodomain,1.0,0.0,1.0,0.0
testing14290.jpg,Nanodomain,1.0,0.0,1.0,0.0
testing14291.jpg,Nanodomain,1.0,0.0,1.0,0.0
testing14292.jpg,Nanodomain,1.0,0.0,1.0,0.0
testing14293.jpg,Nanodomain,1.0,0.0,1.0,0.0
testing14294.jpg,Intermediate,1.0,1.0,1.7987984e-25,6.077353e-15
testing14295.jpg,Nanodomain,1.0,9.564897e-20,1.0,0.0
testing14296.jpg,Nanodomain,1.0,0.0,1.0,0.0
testing14297.jpg,Nanodomain,1.0,0.0,1.0,0.0
testing14298.jpg,Nanodomain,1.0,0.0,1.0,0.0
testing14299.jpg,Nanodomain,1.0,0.0,1.0,0.0
testing14300.jpg,Nanodomain,1.0,1.221217e-38,1.0,0.0
testing14301.jpg,Outside,1.0,8.0455743e-28,2.884467e-25,1.0
testing14302.jpg,Outside,1.0,1.7146025e-29,5.057817e-27,1.0
testing14303.jpg,Outside,1.0,3.709616e-30,4.9307736e-25,1.0
testing14304.jpg,Nanodomain,1.0,0.0,1.0,0.0
testing14305.jpg,Nanodomain,1.0,0.0,1.0,0.0
testing14306.jpg,Nanodomain,1.0,0.0,1.0,0.0
testing14307.jpg,Nanodomain,1.0,0.0,1.0,0.0
testing14308.jpg,Nanodomain,1.0,0.0,1.0,0.0
testing14309.jpg,Nanodomain,1.0,0.0,1.0,0.0
testing14310.jpg,Nanodomain,1.0,0.0,1.0,0.0
testing14311.jpg,Nanodomain,1.0,0.0,1.0,0.0
testing14312.jpg,Nanodomain,1.0,0.0,1.0,0.0
testing14313.jpg,Nanodomain,1.0,0.0,1.0,0.0
testing14314.jpg,Nanodomain,1.0,0.0,1.0,0.0
testing14315.jpg,Nanodomain,1.0,0.0,1.0,0.0
testing14316.jpg,Nanodomain,1.0,0.0,1.0,0.0
testing14317.jpg,Nanodomain,1.0,0.0,1.0,0.0
testing14318.jpg,Nanodomain,1.0,0.0,1.0,0.0
testing14319.jpg,Nanodomain,1.0,0.0,1.0,0.0
testing14320.jpg,Nanodomain,1.0,0.0,1.0,0.0
testing14321.jpg,Nanodomain,1.0,0.0,1.0,0.0
testing14322.jpg,Nanodomain,1.0,0.0,1.0,0.0
testing14323.jpg,Nanodomain,1.0,0.0,1.0,0.0
testing14324.jpg,Nanodomain,1.0,0.0,1.0,0.0
testing14325.jpg,Nanodomain,1.0,0.0,1.0,0.0
testing14326.jpg,Nanodomain,1.0,0.0,1.0,0.0
testing14327.jpg,Nanodomain,1.0,0.0,1.0,0.0
testing14328.jpg,Nanodomain,1.0,0.0,1.0,0.0
testing14329.jpg,Outside,1.0,4.2147236e-10,9.353424e-19,1.0
testing14330.jpg,Outside,1.0,8.9056144e-11,1.0210105e-17,1.0
testing14331.jpg,Outside,1.0,2.748633e-13,1.2234688e-16,1.0
testing14332.jpg,Outside,1.0,1.4456504e-14,1.5702769e-15,1.0
testing14333.jpg,Outside,1.0,3.9816197e-12,6.8386155e-21,1.0
testing14334.jpg,Outside,1.0,1.5389185e-15,2.3213274e-17,1.0
testing14335.jpg,Outside,1.0,8.945745e-10,7.9611095e-14,1.0
testing14336.jpg,Outside,0.9992118,0.00078815286,6.226006e-14,0.9992118
testing14337.jpg,Intermediate,1.0,1.0,2.1333884e-11,2.5226353e-23
testing14338.jpg,Nanodomain,1.0,0.0,1.0,0.0
testing14339.jpg,Nanodomain,1.0,0.0,1.0,0.0
testing14340.jpg,Nanodomain,1.0,0.0,1.0,0.0
testing14341.jpg,Intermediate,1.0,1.0,3.8666372e-25,8.5385876e-16
testing14342.jpg,Intermediate,1.0,1.0,1.194254e-28,1.1186253e-19
testing14343.jpg,Intermediate,1.0,1.0,3.0947394e-22,2.45386e-13
testing14344.jpg,Intermediate,1.0,1.0,6.609018e-23,3.345379e-16
testing14345.jpg,Intermediate,1.0,1.0,4.296698e-24,5.7190105e-18
testing14346.jpg,Intermediate,1.0,1.0,5.158487e-24,7.380943e-15
testing14347.jpg,Intermediate,1.0,1.0,6.834697e-23,1.8665965e-19
testing14348.jpg,Intermediate,1.0,1.0,2.3686797e-20,1.2203552e-16
testing14349.jpg,Intermediate,1.0,1.0,3.7594158e-32,9.5281404e-30
testing14350.jpg,Intermediate,1.0,1.0,7.324297e-27,2.0870835e-22
testing14351.jpg,Intermediate,1.0,1.0,1.3211596e-25,6.2963155e-25
testing14352.jpg,Intermediate,1.0,1.0,3.2688004e-27,5.4739194e-19
testing14353.jpg,Intermediate,1.0,1.0,3.484282e-27,2.138561e-20
testing14354.jpg,Intermediate,1.0,1.0,3.1900798e-22,2.2295393e-17
testing14355.jpg,Intermediate,1.0,1.0,4.111116e-26,9.372103e-19
testing14356.jpg,Intermediate,1.0,1.0,8.361349e-21,4.5160205e-19
testing14357.jpg,Intermediate,1.0,1.0,3.6193404e-25,9.341215e-22
testing14358.jpg,Intermediate,1.0,1.0,2.5460661e-26,7.772152e-18
testing14359.jpg,Intermediate,1.0,1.0,3.4605845e-27,6.207834e-25
testing14360.jpg,Intermediate,1.0,1.0,2.165719e-27,6.5849918e-21
testing14361.jpg,Intermediate,1.0,1.0,9.408706e-28,7.0424295e-24
testing14362.jpg,Intermediate,1.0,1.0,2.545101e-29,1.1941329e-25
testing14363.jpg,Intermediate,1.0,1.0,1.35305e-21,2.2005874e-20
testing14364.jpg,Intermediate,1.0,1.0,4.837447e-27,1.9090266e-18
testing14365.jpg,Intermediate,1.0,1.0,2.6368504e-23,4.3063324e-23
testing14366.jpg,Intermediate,1.0,1.0,3.2209332e-28,7.74627e-21
testing14367.jpg,Intermediate,0.99881697,0.99881697,1.8559682e-16,0.0011830408
testing14368.jpg,Nanodomain,1.0,0.0,1.0,0.0
testing14369.jpg,Nanodomain,1.0,0.0,1.0,0.0
testing14370.jpg,Nanodomain,1.0,0.0,1.0,0.0
testing14371.jpg,Nanodomain,1.0,0.0,1.0,0.0
testing14372.jpg,Nanodomain,1.0,0.0,1.0,0.0
testing14373.jpg,Nanodomain,1.0,0.0,1.0,0.0
testing14374.jpg,Nanodomain,1.0,7.359104e-36,1.0,0.0
testing14375.jpg,Nanodomain,1.0,0.0,1.0,0.0
testing14376.jpg,Nanodomain,1.0,0.0,1.0,0.0
testing14377.jpg,Nanodomain,1.0,0.0,1.0,0.0
testing14378.jpg,Nanodomain,1.0,0.0,1.0,0.0
testing14379.jpg,Nanodomain,1.0,1.1536858e-33,1.0,0.0
testing14380.jpg,Nanodomain,1.0,0.0,1.0,0.0
testing14381.jpg,Nanodomain,1.0,0.0,1.0,0.0
testing14382.jpg,Nanodomain,1.0,0.0,1.0,0.0
testing14383.jpg,Nanodomain,1.0,0.0,1.0,0.0
testing14384.jpg,Nanodomain,1.0,0.0,1.0,0.0
testing14385.jpg,Nanodomain,1.0,0.0,1.0,0.0
testing14386.jpg,Nanodomain,1.0,0.0,1.0,0.0
testing14387.jpg,Nanodomain,1.0,0.0,1.0,0.0
testing14388.jpg,Nanodomain,1.0,0.0,1.0,0.0
testing14389.jpg,Nanodomain,1.0,0.0,1.0,0.0
testing14390.jpg,Nanodomain,1.0,0.0,1.0,0.0
testing14391.jpg,Nanodomain,1.0,0.0,1.0,0.0
testing14392.jpg,Nanodomain,1.0,0.0,1.0,0.0
testing14393.jpg,Nanodomain,1.0,0.0,1.0,0.0
testing14394.jpg,Nanodomain,1.0,0.0,1.0,0.0
testing14395.jpg,Outside,1.0,1.3584825e-33,3.173549e-29,1.0
testing14396.jpg,Outside,1.0,3.8003822e-31,3.837154e-29,1.0
testing14397.jpg,Outside,1.0,2.4280657e-33,4.04396e-30,1.0
testing14398.jpg,Outside,1.0,8.0528026e-25,1.2892418e-24,1.0
testing14399.jpg,Intermediate,1.0,1.0,6.073908e-20,4.6680775e-25
testing14400.jpg,Intermediate,0.9998319,0.9998319,0.00016809454,1.26251494e-20
testing14401.jpg,Intermediate,0.98715717,0.98715717,0.012842789,2.9208093e-20
testing14402.jpg,Intermediate,0.9485574,0.9485574,0.05144259,1.8717768e-18
testing14403.jpg,Intermediate,1.0,1.0,1.174228e-10,4.045747e-24
testing14404.jpg,Nanodomain,1.0,2.1892308e-15,1.0,7.641971e-33
testing14405.jpg,Nanodomain,1.0,8.894752e-18,1.0,1.5566339e-34
testing14406.jpg,Nanodomain,0.5038546,0.4961455,0.5038546,1.2084903e-23
testing14407.jpg,Nanodomain,0.91022635,0.089773595,0.91022635,8.0919256e-23
testing14408.jpg,Intermediate,1.0,1.0,9.681628e-21,1.2761328e-25
testing14409.jpg,Nanodomain,1.0,0.0,1.0,0.0
testing14410.jpg,Intermediate,0.9564777,0.9564777,0.04352223,9.351815e-21
testing14411.jpg,Intermediate,1.0,1.0,9.848555e-19,2.6018433e-27
testing14412.jpg,Intermediate,1.0,1.0,8.171887e-16,1.3798193e-23
testing14413.jpg,Intermediate,1.0,1.0,1.8117937e-17,7.939914e-24
testing14414.jpg,Intermediate,1.0,1.0,1.6376496e-25,2.5899998e-27
testing14415.jpg,Outside,1.0,2.5000916e-32,1.7279588e-28,1.0
testing14416.jpg,Nanodomain,1.0,0.0,1.0,0.0
testing14417.jpg,Nanodomain,1.0,0.0,1.0,0.0
testing14418.jpg,Nanodomain,1.0,0.0,1.0,0.0
testing14419.jpg,Nanodomain,1.0,0.0,1.0,0.0
testing14420.jpg,Nanodomain,1.0,0.0,1.0,0.0
testing14421.jpg,Nanodomain,1.0,0.0,1.0,0.0
testing14422.jpg,Nanodomain,1.0,0.0,1.0,0.0
testing14423.jpg,Nanodomain,1.0,0.0,1.0,0.0
testing14424.jpg,Nanodomain,1.0,0.0,1.0,0.0
testing14425.jpg,Nanodomain,1.0,0.0,1.0,0.0
testing14426.jpg,Nanodomain,1.0,0.0,1.0,0.0
testing14427.jpg,Nanodomain,1.0,0.0,1.0,0.0
testing14428.jpg,Nanodomain,1.0,0.0,1.0,0.0
testing14429.jpg,Nanodomain,1.0,6.4311815e-34,1.0,0.0
testing14430.jpg,Nanodomain,1.0,0.0,1.0,0.0
testing14431.jpg,Nanodomain,1.0,0.0,1.0,0.0
testing14432.jpg,Nanodomain,1.0,0.0,1.0,0.0
testing14433.jpg,Nanodomain,1.0,0.0,1.0,0.0
testing14434.jpg,Nanodomain,1.0,0.0,1.0,0.0
testing14435.jpg,Nanodomain,1.0,0.0,1.0,0.0
testing14436.jpg,Nanodomain,1.0,0.0,1.0,0.0
testing14437.jpg,Nanodomain,1.0,0.0,1.0,0.0
testing14438.jpg,Nanodomain,1.0,0.0,1.0,0.0
testing14439.jpg,Nanodomain,1.0,0.0,1.0,0.0
testing14440.jpg,Nanodomain,1.0,0.0,1.0,0.0
testing14441.jpg,Nanodomain,1.0,0.0,1.0,0.0
testing14442.jpg,Nanodomain,1.0,0.0,1.0,0.0
testing14443.jpg,Nanodomain,1.0,0.0,1.0,0.0
testing14444.jpg,Nanodomain,1.0,0.0,1.0,0.0
testing14445.jpg,Nanodomain,1.0,0.0,1.0,0.0
testing14446.jpg,Nanodomain,1.0,0.0,1.0,0.0
testing14447.jpg,Nanodomain,1.0,0.0,1.0,0.0
testing14448.jpg,Nanodomain,1.0,0.0,1.0,0.0
testing14449.jpg,Nanodomain,1.0,0.0,1.0,0.0
testing14450.jpg,Nanodomain,1.0,0.0,1.0,0.0
testing14451.jpg,Nanodomain,1.0,0.0,1.0,0.0
testing14452.jpg,Nanodomain,1.0,0.0,1.0,0.0
testing14453.jpg,Nanodomain,1.0,0.0,1.0,0.0
testing14454.jpg,Nanodomain,1.0,0.0,1.0,0.0
testing14455.jpg,Nanodomain,1.0,0.0,1.0,0.0
testing14456.jpg,Nanodomain,1.0,0.0,1.0,0.0
testing14457.jpg,Nanodomain,1.0,0.0,1.0,0.0
testing14458.jpg,Outside,1.0,1.355021e-09,6.696421e-15,1.0
testing14459.jpg,Outside,1.0,2.1515346e-16,3.0328513e-18,1.0
testing14460.jpg,Outside,1.0,6.9134374e-13,1.9051862e-17,1.0
testing14461.jpg,Outside,1.0,3.344242e-17,2.9455506e-22,1.0
testing14462.jpg,Outside,0.99999654,3.4774787e-06,3.469073e-11,0.99999654
testing14463.jpg,Intermediate,1.0,1.0,4.403545e-16,3.569365e-09
testing14464.jpg,Intermediate,0.9999999,0.9999999,5.8970745e-14,1.644372e-07
testing14465.jpg,Nanodomain,1.0,0.0,1.0,0.0
testing14466.jpg,Nanodomain,1.0,0.0,1.0,0.0
testing14467.jpg,Nanodomain,1.0,0.0,1.0,0.0
testing14468.jpg,Nanodomain,1.0,0.0,1.0,0.0
testing14469.jpg,Nanodomain,1.0,0.0,1.0,0.0
testing14470.jpg,Nanodomain,1.0,0.0,1.0,0.0
testing14471.jpg,Nanodomain,1.0,3.3794046e-14,1.0,7.520731e-35
testing14472.jpg,Nanodomain,1.0,0.0,1.0,0.0
testing14473.jpg,Intermediate,0.99999833,0.99999833,1.0263386e-18,1.6732832e-06
testing14474.jpg,Intermediate,1.0,1.0,5.070399e-25,6.175746e-14
testing14475.jpg,Intermediate,1.0,1.0,4.7586013e-26,2.5272137e-13
testing14476.jpg,Intermediate,1.0,1.0,3.925508e-24,2.4174987e-13
testing14477.jpg,Intermediate,1.0,1.0,9.796293e-25,1.5701024e-16
testing14478.jpg,Intermediate,1.0,1.0,2.0736949e-30,2.1616152e-21
testing14479.jpg,Intermediate,1.0,1.0,1.9836288e-32,1.0684382e-27
testing14480.jpg,Intermediate,1.0,1.0,1.4769198e-20,1.6420028e-18
testing14481.jpg,Intermediate,1.0,1.0,1.919625e-23,1.0118005e-20
testing14482.jpg,Intermediate,1.0,1.0,3.6177088e-19,3.081552e-18
testing14483.jpg,Intermediate,1.0,1.0,1.4727184e-26,1.4080898e-18
testing14484.jpg,Intermediate,1.0,1.0,1.22000726e-29,8.486314e-22
testing14485.jpg,Intermediate,1.0,1.0,5.8211106e-35,8.231275e-22
testing14486.jpg,Intermediate,1.0,1.0,7.650379e-31,1.8081789e-21
testing14487.jpg,Intermediate,1.0,1.0,6.449248e-31,4.3007835e-23
testing14488.jpg,Intermediate,1.0,1.0,2.090094e-23,8.492153e-12
testing14489.jpg,Intermediate,0.9999999,0.9999999,1.7799062e-23,9.999544e-08
testing14490.jpg,Intermediate,1.0,1.0,3.4183276e-25,5.1684918e-17
testing14491.jpg,Intermediate,0.999998,0.999998,5.956473e-16,2.0656275e-06
testing14492.jpg,Intermediate,1.0,1.0,1.8907485e-33,2.3635674e-23
testing14493.jpg,Intermediate,1.0,1.0,3.5563375e-28,1.0412713e-17
testing14494.jpg,Outside,0.9738082,0.02619174,3.175117e-14,0.9738082
testing14495.jpg,Intermediate,1.0,1.0,5.460802e-26,1.4195032e-16
testing14496.jpg,Nanodomain,1.0,3.8956745e-38,1.0,0.0
testing14497.jpg,Nanodomain,1.0,0.0,1.0,0.0
testing14498.jpg,Nanodomain,1.0,0.0,1.0,0.0
testing14499.jpg,Nanodomain,1.0,0.0,1.0,0.0
testing14500.jpg,Nanodomain,1.0,4.1804054e-38,1.0,0.0
testing14501.jpg,Nanodomain,1.0,1.4781139e-36,1.0,0.0
testing14502.jpg,Nanodomain,1.0,0.0,1.0,0.0
testing14503.jpg,Nanodomain,1.0,0.0,1.0,0.0
testing14504.jpg,Nanodomain,1.0,8.6550997e-32,1.0,0.0
testing14505.jpg,Nanodomain,1.0,5.761003e-27,1.0,0.0
testing14506.jpg,Nanodomain,1.0,1.2805651e-33,1.0,0.0
testing14507.jpg,Nanodomain,1.0,4.5064338e-27,1.0,0.0
testing14508.jpg,Nanodomain,1.0,0.0,1.0,0.0
testing14509.jpg,Nanodomain,1.0,0.0,1.0,0.0
testing14510.jpg,Nanodomain,1.0,0.0,1.0,0.0
testing14511.jpg,Nanodomain,1.0,0.0,1.0,0.0
testing14512.jpg,Nanodomain,1.0,0.0,1.0,0.0
testing14513.jpg,Nanodomain,1.0,0.0,1.0,0.0
testing14514.jpg,Nanodomain,1.0,0.0,1.0,0.0
testing14515.jpg,Nanodomain,1.0,0.0,1.0,0.0
testing14516.jpg,Nanodomain,1.0,0.0,1.0,0.0
testing14517.jpg,Nanodomain,1.0,0.0,1.0,0.0
testing14518.jpg,Nanodomain,1.0,0.0,1.0,0.0
testing14519.jpg,Nanodomain,1.0,0.0,1.0,0.0
testing14520.jpg,Nanodomain,1.0,0.0,1.0,0.0
testing14521.jpg,Nanodomain,1.0,0.0,1.0,0.0
testing14522.jpg,Nanodomain,1.0,0.0,1.0,0.0
testing14523.jpg,Outside,1.0,8.319727e-30,1.3356248e-28,1.0
testing14524.jpg,Outside,1.0,1.5181715e-31,4.127074e-29,1.0
testing14525.jpg,Outside,1.0,6.144011e-33,4.4621248e-29,1.0
testing14526.jpg,Outside,1.0,1.2276249e-31,1.8217486e-29,1.0
testing14527.jpg,Intermediate,1.0,1.0,1.3935109e-09,1.699305e-24
testing14528.jpg,Nanodomain,1.0,1.8078927e-25,1.0,0.0
testing14529.jpg,Nanodomain,1.0,6.3775973e-10,1.0,9.0927774e-32
testing14530.jpg,Nanodomain,1.0,6.952829e-10,1.0,2.745574e-31
testing14531.jpg,Nanodomain,1.0,4.9840115e-12,1.0,3.217229e-33
testing14532.jpg,Nanodomain,0.99939907,0.0006009354,0.99939907,1.6512232e-22
testing14533.jpg,Intermediate,0.9999938,0.9999938,6.16487e-06,2.0738634e-23
testing14534.jpg,Intermediate,1.0,1.0,5.1051417e-24,7.2791873e-16
testing14535.jpg,Outside,1.0,1.6861245e-33,1.836205e-29,1.0
testing14536.jpg,Outside,1.0,3.1351813e-26,2.3255078e-27,1.0
testing14537.jpg,Intermediate,1.0,1.0,3.675686e-28,3.631867e-27
testing14538.jpg,Intermediate,1.0,1.0,2.0770538e-13,4.231543e-21
testing14539.jpg,Nanodomain,0.83524835,0.1647517,0.83524835,2.1101111e-20
testing14540.jpg,Intermediate,1.0,1.0,1.1319051e-21,5.0862453e-25
testing14541.jpg,Intermediate,1.0,1.0,1.8554815e-24,2.4405176e-26
testing14542.jpg,Intermediate,1.0,1.0,7.458216e-21,1.8216786e-22
testing14543.jpg,Intermediate,1.0,1.0,2.7295983e-22,3.0625915e-25
testing14544.jpg,Nanodomain,1.0,0.0,1.0,0.0
testing14545.jpg,Nanodomain,1.0,0.0,1.0,0.0
testing14546.jpg,Nanodomain,1.0,0.0,1.0,0.0
testing14547.jpg,Nanodomain,1.0,0.0,1.0,0.0
testing14548.jpg,Nanodomain,1.0,0.0,1.0,0.0
testing14549.jpg,Nanodomain,1.0,0.0,1.0,0.0
testing14550.jpg,Nanodomain,1.0,0.0,1.0,0.0
testing14551.jpg,Intermediate,1.0,1.0,1.4104024e-24,1.3246728e-16
testing14552.jpg,Nanodomain,1.0,0.0,1.0,0.0
testing14553.jpg,Nanodomain,1.0,0.0,1.0,0.0
testing14554.jpg,Nanodomain,1.0,0.0,1.0,0.0
testing14555.jpg,Nanodomain,1.0,0.0,1.0,0.0
testing14556.jpg,Nanodomain,1.0,9.18684e-14,1.0,9.778588e-34
testing14557.jpg,Intermediate,1.0,1.0,2.1962482e-23,2.910373e-11
testing14558.jpg,Nanodomain,1.0,0.0,1.0,0.0
testing14559.jpg,Nanodomain,1.0,0.0,1.0,0.0
testing14560.jpg,Nanodomain,1.0,0.0,1.0,0.0
testing14561.jpg,Nanodomain,1.0,0.0,1.0,0.0
testing14562.jpg,Nanodomain,1.0,0.0,1.0,0.0
testing14563.jpg,Nanodomain,1.0,0.0,1.0,0.0
testing14564.jpg,Nanodomain,1.0,0.0,1.0,0.0
testing14565.jpg,Nanodomain,1.0,0.0,1.0,0.0
testing14566.jpg,Nanodomain,1.0,0.0,1.0,0.0
testing14567.jpg,Nanodomain,1.0,0.0,1.0,0.0
testing14568.jpg,Nanodomain,1.0,0.0,1.0,0.0
testing14569.jpg,Nanodomain,1.0,0.0,1.0,0.0
testing14570.jpg,Nanodomain,1.0,0.0,1.0,0.0
testing14571.jpg,Nanodomain,1.0,0.0,1.0,0.0
testing14572.jpg,Nanodomain,1.0,0.0,1.0,0.0
testing14573.jpg,Nanodomain,1.0,0.0,1.0,0.0
testing14574.jpg,Intermediate,1.0,1.0,5.669561e-29,3.6899415e-30
testing14575.jpg,Nanodomain,1.0,0.0,1.0,0.0
testing14576.jpg,Nanodomain,1.0,0.0,1.0,0.0
testing14577.jpg,Intermediate,0.9945235,0.9945235,1.0552754e-12,0.0054764245
testing14578.jpg,Intermediate,1.0,1.0,1.453806e-35,1.5018896e-28
testing14579.jpg,Nanodomain,1.0,0.0,1.0,0.0
testing14580.jpg,Nanodomain,1.0,0.0,1.0,0.0
testing14581.jpg,Nanodomain,1.0,0.0,1.0,0.0
testing14582.jpg,Nanodomain,1.0,0.0,1.0,0.0
testing14583.jpg,Nanodomain,1.0,0.0,1.0,0.0
testing14584.jpg,Nanodomain,1.0,0.0,1.0,0.0
testing14585.jpg,Outside,1.0,5.2228716e-19,2.9810677e-22,1.0
testing14586.jpg,Outside,1.0,8.421284e-11,1.5357751e-15,1.0
testing14587.jpg,Outside,1.0,2.68428e-13,2.0799367e-16,1.0
testing14588.jpg,Outside,1.0,3.9823694e-17,2.2059568e-21,1.0
testing14589.jpg,Outside,1.0,1.7652088e-09,9.7013085e-11,1.0
testing14590.jpg,Outside,1.0,5.518084e-15,1.698037e-14,1.0
testing14591.jpg,Outside,1.0,2.3920128e-15,3.8486514e-19,1.0
testing14592.jpg,Intermediate,0.9985668,0.9985668,3.367261e-12,0.0014332149
testing14593.jpg,Nanodomain,1.0,0.0,1.0,0.0
testing14594.jpg,Nanodomain,1.0,0.0,1.0,0.0
testing14595.jpg,Nanodomain,1.0,0.0,1.0,0.0
testing14596.jpg,Nanodomain,1.0,0.0,1.0,0.0
testing14597.jpg,Nanodomain,1.0,0.0,1.0,0.0
testing14598.jpg,Nanodomain,1.0,0.0,1.0,0.0
testing14599.jpg,Nanodomain,1.0,0.0,1.0,0.0
testing14600.jpg,Nanodomain,1.0,0.0,1.0,0.0
testing14601.jpg,Nanodomain,1.0,0.0,1.0,0.0
testing14602.jpg,Intermediate,1.0,1.0,2.5084328e-31,2.6680312e-18
testing14603.jpg,Intermediate,1.0,1.0,3.7282447e-29,5.119793e-22
testing14604.jpg,Intermediate,1.0,1.0,2.573983e-21,6.519952e-14
testing14605.jpg,Intermediate,1.0,1.0,1.3731392e-32,5.594729e-22
testing14606.jpg,Intermediate,1.0,1.0,1.2782017e-20,1.2372947e-18
testing14607.jpg,Intermediate,1.0,1.0,1.30204e-28,5.2742594e-22
testing14608.jpg,Outside,0.98929137,0.010708613,2.6571839e-15,0.98929137
testing14609.jpg,Outside,0.95092255,0.049077444,1.2429983e-15,0.95092255
testing14610.jpg,Intermediate,1.0,1.0,5.731593e-32,9.058712e-24
testing14611.jpg,Intermediate,1.0,1.0,3.802888e-25,3.9288006e-18
testing14612.jpg,Intermediate,1.0,1.0,1.3217213e-29,3.9035567e-24
testing14613.jpg,Intermediate,1.0,1.0,4.3079797e-21,4.743227e-21
testing14614.jpg,Intermediate,1.0,1.0,2.7361174e-27,8.619485e-24
testing14615.jpg,Intermediate,1.0,1.0,6.979446e-24,2.6848692e-24
testing14616.jpg,Intermediate,1.0,1.0,1.6452456e-24,7.985599e-24
testing14617.jpg,Intermediate,1.0,1.0,4.3325606e-17,1.6024658e-20
testing14618.jpg,Intermediate,1.0,1.0,2.1293849e-29,2.1095073e-26
testing14619.jpg,Intermediate,1.0,1.0,3.099914e-15,1.5483218e-23
testing14620.jpg,Intermediate,1.0,1.0,7.375206e-10,2.8594067e-21
testing14621.jpg,Intermediate,1.0,1.0,4.1076945e-13,8.744416e-22
testing14622.jpg,Intermediate,1.0,1.0,3.713313e-29,4.7863623e-27
testing14623.jpg,Intermediate,1.0,1.0,1.11313435e-26,8.912137e-19
testing14624.jpg,Nanodomain,1.0,0.0,1.0,0.0
testing14625.jpg,Nanodomain,1.0,0.0,1.0,0.0
testing14626.jpg,Nanodomain,1.0,0.0,1.0,0.0
testing14627.jpg,Nanodomain,1.0,0.0,1.0,0.0
testing14628.jpg,Nanodomain,1.0,3.06939e-38,1.0,0.0
testing14629.jpg,Nanodomain,1.0,3.8432194e-36,1.0,0.0
testing14630.jpg,Nanodomain,1.0,1.1244172e-28,1.0,0.0
testing14631.jpg,Nanodomain,1.0,0.0,1.0,0.0
testing14632.jpg,Nanodomain,1.0,3.7034238e-37,1.0,0.0
testing14633.jpg,Nanodomain,1.0,3.0129136e-33,1.0,0.0
testing14634.jpg,Nanodomain,1.0,1.5333227e-22,1.0,0.0
testing14635.jpg,Nanodomain,1.0,4.38808e-18,1.0,1.345426e-38
testing14636.jpg,Nanodomain,1.0,0.0,1.0,0.0
testing14637.jpg,Nanodomain,1.0,0.0,1.0,0.0
testing14638.jpg,Nanodomain,1.0,0.0,1.0,0.0
testing14639.jpg,Nanodomain,1.0,0.0,1.0,0.0
testing14640.jpg,Nanodomain,1.0,0.0,1.0,0.0
testing14641.jpg,Nanodomain,1.0,0.0,1.0,0.0
testing14642.jpg,Nanodomain,1.0,0.0,1.0,0.0
testing14643.jpg,Nanodomain,1.0,0.0,1.0,0.0
testing14644.jpg,Nanodomain,1.0,0.0,1.0,0.0
testing14645.jpg,Nanodomain,1.0,0.0,1.0,0.0
testing14646.jpg,Nanodomain,1.0,0.0,1.0,0.0
testing14647.jpg,Nanodomain,1.0,0.0,1.0,0.0
testing14648.jpg,Nanodomain,1.0,0.0,1.0,0.0
testing14649.jpg,Nanodomain,1.0,0.0,1.0,0.0
testing14650.jpg,Outside,1.0,1.4261416e-23,3.0839548e-23,1.0
testing14651.jpg,Outside,1.0,4.8935926e-34,8.483136e-31,1.0
testing14652.jpg,Outside,1.0,9.879908e-25,2.4372243e-26,1.0
testing14653.jpg,Outside,1.0,9.0876446e-32,3.065434e-31,1.0
testing14654.jpg,Outside,1.0,5.3124583e-24,2.313203e-25,1.0
testing14655.jpg,Outside,1.0,4.7488005e-37,2.673839e-33,1.0
testing14656.jpg,Outside,1.0,1.274083e-28,4.9042087e-26,1.0
testing14657.jpg,Outside,1.0,9.0914584e-32,7.5987897e-29,1.0
testing14658.jpg,Outside,1.0,3.836825e-25,4.4639534e-26,1.0
testing14659.jpg,Intermediate,1.0,1.0,6.171864e-35,4.4133335e-23
testing14660.jpg,Intermediate,1.0,1.0,3.2465842e-25,1.0593943e-15
testing14661.jpg,Outside,1.0,1.851554e-20,2.5232886e-24,1.0
testing14662.jpg,Outside,1.0,8.3369936e-19,1.2709668e-20,1.0
testing14663.jpg,Intermediate,1.0,1.0,2.0326419e-28,3.8973593e-28
testing14664.jpg,Intermediate,1.0,1.0,1.6825521e-33,2.8858477e-29
testing14665.jpg,Intermediate,1.0,1.0,2.6327397e-23,7.063414e-24
testing14666.jpg,Intermediate,1.0,1.0,1.810936e-33,2.7280743e-25
testing14667.jpg,Intermediate,1.0,1.0,2.0270681e-19,9.864445e-22
testing14668.jpg,Intermediate,1.0,1.0,2.4777306e-26,7.7055496e-26
testing14669.jpg,Intermediate,1.0,1.0,8.955307e-21,7.1179684e-25
testing14670.jpg,Intermediate,1.0,1.0,7.494739e-24,4.4149185e-22
testing14671.jpg,Intermediate,1.0,1.0,2.8273882e-28,7.3399814e-29
testing14672.jpg,Intermediate,1.0,1.0,3.2511277e-28,8.121284e-26
testing14673.jpg,Intermediate,1.0,1.0,1.2251477e-20,1.1551361e-23
testing14674.jpg,Intermediate,1.0,1.0,4.095908e-30,9.222256e-28
testing14675.jpg,Nanodomain,1.0,6.2764385e-24,1.0,0.0
testing14676.jpg,Nanodomain,1.0,5.823345e-38,1.0,0.0
testing14677.jpg,Nanodomain,1.0,0.0,1.0,0.0
testing14678.jpg,Nanodomain,1.0,0.0,1.0,0.0
testing14679.jpg,Nanodomain,1.0,0.0,1.0,0.0
testing14680.jpg,Nanodomain,1.0,0.0,1.0,0.0
testing14681.jpg,Nanodomain,1.0,5.8459145e-38,1.0,0.0
testing14682.jpg,Nanodomain,1.0,2.0042415e-32,1.0,0.0
testing14683.jpg,Nanodomain,1.0,5.272048e-29,1.0,0.0
testing14684.jpg,Nanodomain,1.0,1.3382363e-35,1.0,0.0
testing14685.jpg,Outside,1.0,4.655609e-26,9.382117e-27,1.0
testing14686.jpg,Outside,1.0,1.6850311e-26,1.7467836e-25,1.0
testing14687.jpg,Nanodomain,1.0,0.0,1.0,0.0
testing14688.jpg,Nanodomain,1.0,0.0,1.0,0.0
testing14689.jpg,Nanodomain,1.0,0.0,1.0,0.0
testing14690.jpg,Nanodomain,1.0,0.0,1.0,0.0
testing14691.jpg,Nanodomain,1.0,0.0,1.0,0.0
testing14692.jpg,Nanodomain,1.0,0.0,1.0,0.0
testing14693.jpg,Nanodomain,1.0,0.0,1.0,0.0
testing14694.jpg,Nanodomain,1.0,0.0,1.0,0.0
testing14695.jpg,Nanodomain,1.0,0.0,1.0,0.0
testing14696.jpg,Nanodomain,1.0,0.0,1.0,0.0
testing14697.jpg,Nanodomain,1.0,0.0,1.0,0.0
testing14698.jpg,Nanodomain,1.0,0.0,1.0,0.0
testing14699.jpg,Nanodomain,1.0,0.0,1.0,0.0
testing14700.jpg,Nanodomain,1.0,0.0,1.0,0.0
testing14701.jpg,Nanodomain,1.0,0.0,1.0,0.0
testing14702.jpg,Nanodomain,1.0,0.0,1.0,0.0
testing14703.jpg,Nanodomain,1.0,0.0,1.0,0.0
testing14704.jpg,Nanodomain,1.0,0.0,1.0,0.0
testing14705.jpg,Nanodomain,1.0,1.4283495e-34,1.0,0.0
testing14706.jpg,Nanodomain,1.0,2.034216e-36,1.0,0.0
testing14707.jpg,Nanodomain,1.0,3.240505e-35,1.0,0.0
testing14708.jpg,Nanodomain,1.0,4.77678e-37,1.0,0.0
testing14709.jpg,Nanodomain,1.0,0.0,1.0,0.0
testing14710.jpg,Nanodomain,1.0,4.86782e-36,1.0,0.0
testing14711.jpg,Nanodomain,1.0,5.06358e-38,1.0,0.0
testing14712.jpg,Outside,1.0,2.446878e-16,3.006378e-20,1.0
testing14713.jpg,Outside,1.0,3.3314004e-21,4.614562e-22,1.0
testing14714.jpg,Outside,1.0,3.2712297e-14,1.3289396e-16,1.0
testing14715.jpg,Outside,1.0,4.9542317e-16,2.0671263e-20,1.0
testing14716.jpg,Outside,0.9999882,1.1832606e-05,1.2537454e-14,0.9999882
testing14717.jpg,Outside,1.0,5.7325245e-20,1.7447816e-22,1.0
testing14718.jpg,Outside,1.0,1.2245334e-16,9.770167e-18,1.0
testing14719.jpg,Intermediate,0.99491864,0.99491864,3.069373e-08,0.0050812783
testing14720.jpg,Outside,0.99999714,2.880605e-06,1.9052401e-16,0.99999714
testing14721.jpg,Nanodomain,1.0,0.0,1.0,0.0
testing14722.jpg,Nanodomain,1.0,0.0,1.0,0.0
testing14723.jpg,Nanodomain,1.0,0.0,1.0,0.0
testing14724.jpg,Nanodomain,1.0,0.0,1.0,0.0
testing14725.jpg,Nanodomain,1.0,0.0,1.0,0.0
testing14726.jpg,Nanodomain,1.0,0.0,1.0,0.0
testing14727.jpg,Nanodomain,1.0,1.8485387e-37,1.0,0.0
testing14728.jpg,Nanodomain,1.0,6.148084e-35,1.0,0.0
testing14729.jpg,Nanodomain,1.0,0.0,1.0,0.0
testing14730.jpg,Intermediate,1.0,1.0,1.13619014e-17,2.9927712e-21
testing14731.jpg,Intermediate,1.0,1.0,6.257086e-28,2.4749835e-17
testing14732.jpg,Intermediate,1.0,1.0,6.8946814e-33,5.7093643e-22
testing14733.jpg,Intermediate,1.0,1.0,2.3366464e-30,1.3110282e-25
testing14734.jpg,Intermediate,1.0,1.0,1.4283397e-25,2.8049304e-17
testing14735.jpg,Intermediate,1.0,1.0,1.7299573e-28,3.0736415e-24
testing14736.jpg,Intermediate,1.0,1.0,1.3591072e-29,2.485341e-19
testing14737.jpg,Intermediate,1.0,1.0,3.0068083e-31,5.8631e-19
testing14738.jpg,Intermediate,1.0,1.0,2.1432483e-28,1.3493461e-18
testing14739.jpg,Intermediate,1.0,1.0,3.5574335e-22,9.269079e-16
testing14740.jpg,Intermediate,1.0,1.0,8.962e-37,3.5122163e-25
testing14741.jpg,Intermediate,1.0,1.0,1.8094288e-20,1.1517909e-10
testing14742.jpg,Intermediate,1.0,1.0,9.413602e-25,7.153034e-23
testing14743.jpg,Intermediate,1.0,1.0,1.2775284e-21,4.0379246e-19
testing14744.jpg,Intermediate,1.0,1.0,3.791388e-32,3.1290535e-25
testing14745.jpg,Intermediate,1.0,1.0,9.134602e-24,4.873742e-23
testing14746.jpg,Intermediate,1.0,1.0,7.9283785e-25,1.4166203e-23
testing14747.jpg,Intermediate,1.0,1.0,5.3900934e-30,4.391294e-26
testing14748.jpg,Intermediate,1.0,1.0,8.1620545e-28,1.0857001e-24
testing14749.jpg,Intermediate,1.0,1.0,9.738603e-20,4.5321242e-18
testing14750.jpg,Intermediate,1.0,1.0,6.087609e-15,1.1461768e-24
testing14751.jpg,Nanodomain,1.0,3.4606006e-33,1.0,0.0
testing14752.jpg,Nanodomain,1.0,2.134653e-31,1.0,0.0
testing14753.jpg,Nanodomain,1.0,0.0,1.0,0.0
testing14754.jpg,Nanodomain,1.0,1.1386345e-37,1.0,0.0
testing14755.jpg,Nanodomain,1.0,1.482664e-38,1.0,0.0
testing14756.jpg,Nanodomain,1.0,4.6984197e-37,1.0,0.0
testing14757.jpg,Nanodomain,1.0,6.141271e-25,1.0,0.0
testing14758.jpg,Nanodomain,1.0,8.796535e-31,1.0,0.0
testing14759.jpg,Nanodomain,1.0,8.321352e-36,1.0,0.0
testing14760.jpg,Nanodomain,1.0,2.2467447e-38,1.0,0.0
testing14761.jpg,Nanodomain,1.0,3.9619153e-31,1.0,0.0
testing14762.jpg,Nanodomain,1.0,1.992958e-32,1.0,0.0
testing14763.jpg,Nanodomain,1.0,2.9580663e-26,1.0,0.0
testing14764.jpg,Nanodomain,1.0,1.7940456e-14,1.0,0.0
testing14765.jpg,Nanodomain,1.0,0.0,1.0,0.0
testing14766.jpg,Nanodomain,1.0,0.0,1.0,0.0
testing14767.jpg,Nanodomain,1.0,0.0,1.0,0.0
testing14768.jpg,Nanodomain,1.0,0.0,1.0,0.0
testing14769.jpg,Nanodomain,1.0,0.0,1.0,0.0
testing14770.jpg,Nanodomain,1.0,0.0,1.0,0.0
testing14771.jpg,Nanodomain,1.0,0.0,1.0,0.0
testing14772.jpg,Nanodomain,1.0,0.0,1.0,0.0
testing14773.jpg,Nanodomain,1.0,0.0,1.0,0.0
testing14774.jpg,Nanodomain,1.0,0.0,1.0,0.0
testing14775.jpg,Nanodomain,1.0,0.0,1.0,0.0
testing14776.jpg,Nanodomain,1.0,0.0,1.0,0.0
testing14777.jpg,Nanodomain,1.0,0.0,1.0,0.0
testing14778.jpg,Outside,1.0,1.2171872e-19,5.8025705e-22,1.0
testing14779.jpg,Outside,1.0,1.3515945e-22,2.084587e-20,1.0
testing14780.jpg,Outside,1.0,1.9199453e-25,1.844155e-25,1.0
testing14781.jpg,Outside,1.0,8.4458616e-26,3.3322707e-25,1.0
testing14782.jpg,Outside,1.0,5.262639e-31,5.008335e-29,1.0
testing14783.jpg,Outside,1.0,9.887375e-17,1.5190033e-19,1.0
testing14784.jpg,Outside,1.0,1.9354132e-29,6.6506044e-28,1.0
testing14785.jpg,Outside,1.0,3.4600114e-30,4.7569114e-27,1.0
testing14786.jpg,Outside,0.9999832,1.682949e-05,6.5487505e-16,0.9999832
testing14787.jpg,Outside,1.0,0.0,2.680179e-34,1.0
testing14788.jpg,Outside,1.0,1.3636746e-33,2.1025776e-30,1.0
testing14789.jpg,Outside,1.0,8.261338e-32,1.3023183e-28,1.0
testing14790.jpg,Outside,1.0,1.865806e-12,8.571911e-23,1.0
testing14791.jpg,Outside,1.0,3.6261662e-18,2.7570042e-23,1.0
testing14792.jpg,Intermediate,1.0,1.0,2.6140344e-24,2.3335099e-16
testing14793.jpg,Intermediate,1.0,1.0,1.8988285e-19,8.2261755e-18
testing14794.jpg,Intermediate,1.0,1.0,6.167526e-30,1.1914755e-25
testing14795.jpg,Intermediate,1.0,1.0,1.2802522e-26,6.726454e-22
testing14796.jpg,Intermediate,1.0,1.0,7.588257e-26,1.4397037e-22
testing14797.jpg,Intermediate,1.0,1.0,2.6896858e-25,8.0628047e-22
testing14798.jpg,Intermediate,1.0,1.0,3.0387583e-25,6.987315e-21
testing14799.jpg,Nanodomain,1.0,0.0,1.0,0.0
testing14800.jpg,Nanodomain,1.0,0.0,1.0,0.0
testing14801.jpg,Nanodomain,1.0,0.0,1.0,0.0
testing14802.jpg,Nanodomain,1.0,0.0,1.0,0.0
testing14803.jpg,Nanodomain,1.0,0.0,1.0,0.0
testing14804.jpg,Nanodomain,1.0,0.0,1.0,0.0
testing14805.jpg,Nanodomain,1.0,0.0,1.0,0.0
testing14806.jpg,Nanodomain,1.0,0.0,1.0,0.0
testing14807.jpg,Nanodomain,1.0,0.0,1.0,0.0
testing14808.jpg,Nanodomain,1.0,0.0,1.0,0.0
testing14809.jpg,Nanodomain,1.0,6.465557e-38,1.0,0.0
testing14810.jpg,Nanodomain,1.0,9.085278e-34,1.0,0.0
testing14811.jpg,Nanodomain,1.0,2.762338e-33,1.0,0.0
testing14812.jpg,Nanodomain,1.0,9.719012e-34,1.0,0.0
testing14813.jpg,Outside,1.0,3.0692712e-24,1.1111967e-24,1.0
testing14814.jpg,Nanodomain,1.0,0.0,1.0,0.0
testing14815.jpg,Nanodomain,1.0,0.0,1.0,0.0
testing14816.jpg,Nanodomain,1.0,0.0,1.0,0.0
testing14817.jpg,Nanodomain,1.0,0.0,1.0,0.0
testing14818.jpg,Nanodomain,1.0,0.0,1.0,0.0
testing14819.jpg,Nanodomain,1.0,0.0,1.0,0.0
testing14820.jpg,Nanodomain,1.0,0.0,1.0,0.0
testing14821.jpg,Nanodomain,1.0,0.0,1.0,0.0
testing14822.jpg,Nanodomain,1.0,0.0,1.0,0.0
testing14823.jpg,Nanodomain,1.0,0.0,1.0,0.0
testing14824.jpg,Nanodomain,1.0,0.0,1.0,0.0
testing14825.jpg,Nanodomain,1.0,0.0,1.0,0.0
testing14826.jpg,Nanodomain,1.0,0.0,1.0,0.0
testing14827.jpg,Nanodomain,1.0,0.0,1.0,0.0
testing14828.jpg,Nanodomain,1.0,0.0,1.0,0.0
testing14829.jpg,Nanodomain,1.0,5.715797e-28,1.0,0.0
testing14830.jpg,Nanodomain,1.0,5.339809e-15,1.0,1.1368202e-37
testing14831.jpg,Nanodomain,1.0,0.0,1.0,0.0
testing14832.jpg,Nanodomain,1.0,0.0,1.0,0.0
testing14833.jpg,Nanodomain,1.0,0.0,1.0,0.0
testing14834.jpg,Nanodomain,1.0,0.0,1.0,0.0
testing14835.jpg,Nanodomain,1.0,0.0,1.0,0.0
testing14836.jpg,Nanodomain,1.0,8.587409e-34,1.0,0.0
testing14837.jpg,Nanodomain,1.0,3.52523e-36,1.0,0.0
testing14838.jpg,Nanodomain,1.0,0.0,1.0,0.0
testing14839.jpg,Outside,1.0,6.5686616e-09,3.3093225e-14,1.0
testing14840.jpg,Outside,0.9996307,0.00036925805,5.5190175e-10,0.9996307
testing14841.jpg,Outside,1.0,4.904151e-08,6.2871036e-16,1.0
testing14842.jpg,Outside,1.0,2.9541614e-13,3.4687426e-14,1.0
testing14843.jpg,Outside,1.0,3.610974e-15,3.2959e-17,1.0
testing14844.jpg,Intermediate,0.8758037,0.8758037,1.1071666e-14,0.12419631
testing14845.jpg,Outside,0.9999999,1.11954556e-07,5.895185e-14,0.9999999
testing14846.jpg,Outside,1.0,9.191181e-19,1.8731508e-20,1.0
testing14847.jpg,Outside,1.0,8.779949e-14,7.868118e-18,1.0
testing14848.jpg,Outside,1.0,6.767259e-11,1.0592407e-15,1.0
testing14849.jpg,Intermediate,1.0,1.0,7.496186e-27,4.7985684e-22
testing14850.jpg,Nanodomain,0.94608307,0.053916957,0.94608307,1.1886619e-21
testing14851.jpg,Nanodomain,1.0,0.0,1.0,0.0
testing14852.jpg,Nanodomain,1.0,2.3569783e-29,1.0,0.0
testing14853.jpg,Intermediate,1.0,1.0,1.1774121e-22,1.2057055e-23
testing14854.jpg,Nanodomain,1.0,0.0,1.0,0.0
testing14855.jpg,Nanodomain,1.0,0.0,1.0,0.0
testing14856.jpg,Nanodomain,1.0,2.1718456e-38,1.0,0.0
testing14857.jpg,Nanodomain,1.0,3.3036972e-29,1.0,0.0
testing14858.jpg,Nanodomain,1.0,3.7663544e-14,1.0,1.7054739e-32
testing14859.jpg,Intermediate,1.0,1.0,1.8250135e-26,1.5821936e-16
testing14860.jpg,Intermediate,1.0,1.0,1.3630026e-27,1.4267775e-24
testing14861.jpg,Intermediate,1.0,1.0,1.1051077e-27,1.4398871e-19
testing14862.jpg,Intermediate,1.0,1.0,2.9741688e-25,1.1029472e-12
testing14863.jpg,Intermediate,1.0,1.0,2.53853e-19,6.009808e-10
testing14864.jpg,Intermediate,0.981412,0.981412,4.058892e-17,0.018587975
testing14865.jpg,Intermediate,1.0,1.0,8.724569e-27,7.895871e-18
testing14866.jpg,Intermediate,0.99999976,0.99999976,2.0246122e-17,2.2618349e-07
testing14867.jpg,Intermediate,1.0,1.0,1.2655106e-26,6.068335e-17
testing14868.jpg,Intermediate,1.0,1.0,3.0710523e-31,1.9380787e-23
testing14869.jpg,Intermediate,1.0,1.0,7.478231e-17,4.1258956e-13
testing14870.jpg,Intermediate,1.0,1.0,1.3106512e-28,9.843533e-17
testing14871.jpg,Intermediate,1.0,1.0,1.12909814e-20,3.2944865e-13
testing14872.jpg,Intermediate,1.0,1.0,1.3861525e-27,3.1382948e-17
testing14873.jpg,Intermediate,1.0,1.0,1.8922117e-27,8.943226e-20
testing14874.jpg,Intermediate,1.0,1.0,1.1150992e-31,1.5814414e-21
testing14875.jpg,Intermediate,1.0,1.0,2.028311e-29,7.718867e-21
testing14876.jpg,Intermediate,1.0,1.0,3.6584386e-35,8.265505e-23
testing14877.jpg,Intermediate,1.0,1.0,8.780985e-22,8.4846496e-10
testing14878.jpg,Intermediate,1.0,1.0,5.239735e-34,8.1296654e-23
testing14879.jpg,Intermediate,1.0,1.0,4.1010976e-23,6.3291394e-17
testing14880.jpg,Nanodomain,1.0,0.0,1.0,0.0
testing14881.jpg,Nanodomain,1.0,0.0,1.0,0.0
testing14882.jpg,Nanodomain,1.0,0.0,1.0,0.0
testing14883.jpg,Nanodomain,1.0,4.807822e-37,1.0,0.0
testing14884.jpg,Nanodomain,1.0,6.1330596e-38,1.0,0.0
testing14885.jpg,Nanodomain,1.0,3.8630968e-26,1.0,0.0
testing14886.jpg,Nanodomain,1.0,9.158611e-31,1.0,0.0
testing14887.jpg,Nanodomain,1.0,2.432732e-23,1.0,0.0
testing14888.jpg,Nanodomain,1.0,1.0407246e-37,1.0,0.0
testing14889.jpg,Nanodomain,1.0,6.371187e-26,1.0,0.0
testing14890.jpg,Nanodomain,1.0,0.0,1.0,0.0
testing14891.jpg,Nanodomain,1.0,8.288223e-34,1.0,0.0
testing14892.jpg,Nanodomain,1.0,1.8002247e-34,1.0,0.0
testing14893.jpg,Nanodomain,1.0,9.33453e-27,1.0,0.0
testing14894.jpg,Nanodomain,1.0,1.8922292e-24,1.0,0.0
testing14895.jpg,Nanodomain,1.0,5.193722e-13,1.0,1.5815162e-33
testing14896.jpg,Nanodomain,1.0,0.0,1.0,0.0
testing14897.jpg,Nanodomain,1.0,0.0,1.0,0.0
testing14898.jpg,Nanodomain,1.0,0.0,1.0,0.0
testing14899.jpg,Nanodomain,1.0,0.0,1.0,0.0
testing14900.jpg,Nanodomain,1.0,0.0,1.0,0.0
testing14901.jpg,Nanodomain,1.0,0.0,1.0,0.0
testing14902.jpg,Nanodomain,1.0,0.0,1.0,0.0
testing14903.jpg,Nanodomain,1.0,0.0,1.0,0.0
testing14904.jpg,Outside,1.0,1.0535086e-26,4.691839e-25,1.0
testing14905.jpg,Outside,1.0,2.6962907e-33,2.0146687e-30,1.0
testing14906.jpg,Nanodomain,1.0,0.0,1.0,0.0
testing14907.jpg,Nanodomain,1.0,0.0,1.0,0.0
testing14908.jpg,Nanodomain,1.0,0.0,1.0,0.0
testing14909.jpg,Nanodomain,1.0,0.0,1.0,0.0
testing14910.jpg,Nanodomain,1.0,0.0,1.0,0.0
testing14911.jpg,Nanodomain,1.0,0.0,1.0,0.0
testing14912.jpg,Outside,1.0,1.8248371e-36,5.5595516e-33,1.0
testing14913.jpg,Outside,1.0,5.166067e-32,5.5878835e-29,1.0
testing14914.jpg,Outside,1.0,1.6193155e-35,1.6390999e-32,1.0
testing14915.jpg,Outside,1.0,7.4532863e-31,2.2961342e-29,1.0
testing14916.jpg,Intermediate,1.0,1.0,6.8563297e-35,1.1600144e-25
testing14917.jpg,Intermediate,1.0,1.0,5.4639946e-32,5.112362e-28
testing14918.jpg,Intermediate,1.0,1.0,2.580702e-33,4.379058e-22
testing14919.jpg,Intermediate,1.0,1.0,9.593361e-28,6.42503e-18
testing14920.jpg,Intermediate,1.0,1.0,1.950739e-24,8.994324e-16
testing14921.jpg,Intermediate,1.0,1.0,1.4442098e-28,1.4291337e-20
testing14922.jpg,Intermediate,1.0,1.0,2.3863579e-26,1.8323685e-16
testing14923.jpg,Intermediate,1.0,1.0,7.0615537e-32,4.120462e-24
testing14924.jpg,Outside,1.0,1.8052067e-23,3.9787753e-22,1.0
testing14925.jpg,Intermediate,1.0,1.0,2.0682906e-23,2.1128461e-14
testing14926.jpg,Nanodomain,1.0,0.0,1.0,0.0
testing14927.jpg,Nanodomain,1.0,0.0,1.0,0.0
testing14928.jpg,Nanodomain,1.0,0.0,1.0,0.0
testing14929.jpg,Nanodomain,1.0,0.0,1.0,0.0
testing14930.jpg,Nanodomain,1.0,0.0,1.0,0.0
testing14931.jpg,Nanodomain,1.0,0.0,1.0,0.0
testing14932.jpg,Nanodomain,1.0,0.0,1.0,0.0
testing14933.jpg,Nanodomain,1.0,0.0,1.0,0.0
testing14934.jpg,Nanodomain,1.0,1.1673106e-35,1.0,0.0
testing14935.jpg,Nanodomain,1.0,0.0,1.0,0.0
testing14936.jpg,Nanodomain,1.0,0.0,1.0,0.0
testing14937.jpg,Nanodomain,1.0,0.0,1.0,0.0
testing14938.jpg,Nanodomain,1.0,1.8616829e-34,1.0,0.0
testing14939.jpg,Nanodomain,1.0,4.038918e-38,1.0,0.0
testing14940.jpg,Nanodomain,1.0,1.0464993e-33,1.0,0.0
testing14941.jpg,Nanodomain,1.0,0.0,1.0,0.0
testing14942.jpg,Nanodomain,1.0,0.0,1.0,0.0
testing14943.jpg,Nanodomain,1.0,0.0,1.0,0.0
testing14944.jpg,Nanodomain,1.0,0.0,1.0,0.0
testing14945.jpg,Nanodomain,1.0,0.0,1.0,0.0
testing14946.jpg,Nanodomain,1.0,0.0,1.0,0.0
testing14947.jpg,Nanodomain,1.0,0.0,1.0,0.0
testing14948.jpg,Nanodomain,1.0,0.0,1.0,0.0
testing14949.jpg,Nanodomain,1.0,0.0,1.0,0.0
testing14950.jpg,Nanodomain,1.0,0.0,1.0,0.0
testing14951.jpg,Nanodomain,1.0,0.0,1.0,0.0
testing14952.jpg,Nanodomain,1.0,0.0,1.0,0.0
testing14953.jpg,Nanodomain,1.0,0.0,1.0,0.0
testing14954.jpg,Nanodomain,1.0,0.0,1.0,0.0
testing14955.jpg,Nanodomain,1.0,0.0,1.0,0.0
testing14956.jpg,Nanodomain,1.0,1.4235377e-16,1.0,0.0
testing14957.jpg,Nanodomain,1.0,3.0067946e-25,1.0,0.0
testing14958.jpg,Nanodomain,1.0,5.4897526e-33,1.0,0.0
testing14959.jpg,Nanodomain,0.99990094,9.907693e-05,0.99990094,8.111357e-31
testing14960.jpg,Intermediate,0.9994123,0.9994123,0.0005877559,2.7190357e-24
testing14961.jpg,Nanodomain,1.0,0.0,1.0,0.0
testing14962.jpg,Nanodomain,1.0,0.0,1.0,0.0
testing14963.jpg,Intermediate,1.0,1.0,2.9963368e-35,2.4514924e-32
testing14964.jpg,Outside,1.0,5.821486e-21,2.330728e-21,1.0
testing14965.jpg,Outside,1.0,1.4943804e-09,3.8541356e-17,1.0
testing14966.jpg,Outside,1.0,1.9609343e-09,2.3982313e-18,1.0
testing14967.jpg,Outside,1.0,5.189315e-13,6.3237265e-19,1.0
testing14968.jpg,Outside,1.0,2.5315532e-15,4.8950468e-20,1.0
testing14969.jpg,Outside,1.0,1.9787467e-17,1.0068755e-21,1.0
testing14970.jpg,Outside,1.0,2.805812e-14,1.4169218e-17,1.0
testing14971.jpg,Outside,1.0,1.8367438e-22,9.0391097e-23,1.0
testing14972.jpg,Outside,1.0,3.646502e-18,2.1467612e-18,1.0
testing14973.jpg,Outside,1.0,8.5689575e-18,1.2903607e-21,1.0
testing14974.jpg,Outside,1.0,4.533382e-20,4.481526e-19,1.0
testing14975.jpg,Outside,1.0,3.6018548e-14,2.893883e-15,1.0
testing14976.jpg,Nanodomain,1.0,0.0,1.0,0.0
testing14977.jpg,Nanodomain,1.0,0.0,1.0,0.0
testing14978.jpg,Nanodomain,1.0,0.0,1.0,0.0
testing14979.jpg,Nanodomain,1.0,0.0,1.0,0.0
testing14980.jpg,Nanodomain,1.0,0.0,1.0,0.0
testing14981.jpg,Nanodomain,1.0,0.0,1.0,0.0
testing14982.jpg,Nanodomain,1.0,5.6116264e-33,1.0,0.0
testing14983.jpg,Nanodomain,1.0,3.0360408e-29,1.0,0.0
testing14984.jpg,Nanodomain,0.9998228,0.00017722372,0.9998228,3.1291553e-25
testing14985.jpg,Nanodomain,0.9998005,0.00019954698,0.9998005,1.4131375e-23
testing14986.jpg,Intermediate,1.0,1.0,6.5462644e-23,3.946976e-11
testing14987.jpg,Intermediate,1.0,1.0,1.5038969e-27,7.257691e-18
testing14988.jpg,Intermediate,1.0,1.0,2.884118e-23,1.909401e-15
testing14989.jpg,Outside,0.99999833,1.6258017e-06,3.1592377e-17,0.99999833
testing14990.jpg,Outside,1.0,3.2889556e-09,8.679458e-19,1.0
testing14991.jpg,Outside,1.0,1.1478248e-08,1.6271784e-14,1.0
testing14992.jpg,Intermediate,0.9999981,0.9999981,1.3202966e-16,1.8925947e-06
testing14993.jpg,Outside,1.0,6.954343e-13,6.27296e-19,1.0
testing14994.jpg,Outside,1.0,1.4013818e-24,8.070608e-25,1.0
testing14995.jpg,Intermediate,1.0,1.0,2.0661326e-28,3.4094304e-19
testing14996.jpg,Intermediate,1.0,1.0,1.9617776e-30,5.220601e-19
testing14997.jpg,Intermediate,1.0,1.0,7.6519105e-20,7.4902015e-11
testing14998.jpg,Intermediate,1.0,1.0,6.3228794e-20,8.100655e-24
testing14999.jpg,Nanodomain,1.0,2.9031937e-22,1.0,0.0
testing15000.jpg,Intermediate,1.0,1.0,4.126927e-24,1.9551502e-12
testing15001.jpg,Intermediate,1.0,1.0,3.3050542e-24,7.2007526e-16
testing15002.jpg,Intermediate,1.0,1.0,7.3063607e-25,7.812888e-15
testing15003.jpg,Intermediate,1.0,1.0,7.564692e-21,1.3708418e-13
testing15004.jpg,Intermediate,1.0,1.0,1.2890438e-26,6.4752094e-15
testing15005.jpg,Intermediate,1.0,1.0,9.0679616e-20,4.6788593e-08
testing15006.jpg,Intermediate,1.0,1.0,1.4917272e-19,7.3356176e-13
testing15007.jpg,Nanodomain,1.0,0.0,1.0,0.0
testing15008.jpg,Nanodomain,1.0,0.0,1.0,0.0
testing15009.jpg,Nanodomain,1.0,0.0,1.0,0.0
testing15010.jpg,Nanodomain,1.0,0.0,1.0,0.0
testing15011.jpg,Nanodomain,1.0,0.0,1.0,0.0
testing15012.jpg,Nanodomain,1.0,0.0,1.0,0.0
testing15013.jpg,Nanodomain,1.0,0.0,1.0,0.0
testing15014.jpg,Nanodomain,1.0,0.0,1.0,0.0
testing15015.jpg,Nanodomain,1.0,1.08348415e-36,1.0,0.0
testing15016.jpg,Nanodomain,1.0,2.7054345e-37,1.0,0.0
testing15017.jpg,Nanodomain,1.0,0.0,1.0,0.0
testing15018.jpg,Nanodomain,1.0,4.0335105e-32,1.0,0.0
testing15019.jpg,Nanodomain,1.0,2.7209986e-16,1.0,3.1028134e-37
testing15020.jpg,Nanodomain,1.0,1.1595253e-14,1.0,6.4010764e-34
testing15021.jpg,Nanodomain,1.0,7.4096517e-25,1.0,0.0
testing15022.jpg,Nanodomain,1.0,8.186876e-28,1.0,0.0
testing15023.jpg,Nanodomain,1.0,1.5955706e-23,1.0,0.0
testing15024.jpg,Intermediate,0.99998844,0.99998844,1.1607542e-05,2.5674598e-22
testing15025.jpg,Intermediate,0.99999976,0.99999976,2.2598879e-07,1.2674068e-22
testing15026.jpg,Outside,1.0,4.069999e-26,2.6543462e-26,1.0
testing15027.jpg,Intermediate,1.0,1.0,2.7595252e-11,6.368791e-23
testing15028.jpg,Outside,1.0,2.3421133e-18,2.0345895e-20,1.0
testing15029.jpg,Outside,1.0,1.8190431e-26,1.2001924e-26,1.0
testing15030.jpg,Outside,1.0,9.491779e-25,1.1591037e-24,1.0
testing15031.jpg,Nanodomain,1.0,0.0,1.0,0.0
testing15032.jpg,Nanodomain,1.0,0.0,1.0,0.0
testing15033.jpg,Nanodomain,1.0,0.0,1.0,0.0
testing15034.jpg,Nanodomain,1.0,0.0,1.0,0.0
testing15035.jpg,Nanodomain,1.0,0.0,1.0,0.0
testing15036.jpg,Nanodomain,1.0,0.0,1.0,0.0
testing15037.jpg,Nanodomain,1.0,0.0,1.0,0.0
testing15038.jpg,Nanodomain,1.0,0.0,1.0,0.0
testing15039.jpg,Nanodomain,1.0,0.0,1.0,0.0
testing15040.jpg,Nanodomain,1.0,0.0,1.0,0.0
testing15041.jpg,Nanodomain,1.0,0.0,1.0,0.0
testing15042.jpg,Nanodomain,1.0,0.0,1.0,0.0
testing15043.jpg,Outside,0.99994683,5.318604e-05,1.4498417e-19,0.99994683
testing15044.jpg,Intermediate,1.0,1.0,1.6754601e-20,4.49893e-11
testing15045.jpg,Intermediate,1.0,1.0,9.624743e-27,1.5285013e-19
testing15046.jpg,Intermediate,1.0,1.0,1.0717226e-30,6.235544e-21
testing15047.jpg,Outside,1.0,1.83734e-14,2.401022e-19,1.0
testing15048.jpg,Intermediate,1.0,1.0,2.9308753e-32,1.6786661e-19
testing15049.jpg,Intermediate,1.0,1.0,2.444557e-22,4.595217e-09
testing15050.jpg,Intermediate,1.0,1.0,5.231841e-28,2.855654e-23
testing15051.jpg,Intermediate,1.0,1.0,5.228484e-30,1.540252e-22
testing15052.jpg,Intermediate,1.0,1.0,1.0162805e-34,3.8868215e-26
testing15053.jpg,Intermediate,1.0,1.0,5.4886804e-27,5.197774e-17
testing15054.jpg,Nanodomain,1.0,0.0,1.0,0.0
testing15055.jpg,Nanodomain,1.0,0.0,1.0,0.0
testing15056.jpg,Nanodomain,1.0,0.0,1.0,0.0
testing15057.jpg,Nanodomain,1.0,0.0,1.0,0.0
testing15058.jpg,Nanodomain,1.0,0.0,1.0,0.0
testing15059.jpg,Nanodomain,1.0,1.2496827e-36,1.0,0.0
testing15060.jpg,Nanodomain,1.0,3.175321e-34,1.0,0.0
testing15061.jpg,Nanodomain,1.0,0.0,1.0,0.0
testing15062.jpg,Nanodomain,1.0,1.3549766e-36,1.0,0.0
testing15063.jpg,Nanodomain,1.0,0.0,1.0,0.0
testing15064.jpg,Nanodomain,1.0,0.0,1.0,0.0
testing15065.jpg,Nanodomain,1.0,7.849116e-32,1.0,0.0
testing15066.jpg,Nanodomain,1.0,8.922596e-38,1.0,0.0
testing15067.jpg,Nanodomain,1.0,9.935564e-28,1.0,0.0
testing15068.jpg,Nanodomain,1.0,1.580595e-16,1.0,0.0
testing15069.jpg,Nanodomain,1.0,0.0,1.0,0.0
testing15070.jpg,Nanodomain,1.0,0.0,1.0,0.0
testing15071.jpg,Nanodomain,1.0,0.0,1.0,0.0
testing15072.jpg,Nanodomain,1.0,0.0,1.0,0.0
testing15073.jpg,Nanodomain,1.0,0.0,1.0,0.0
testing15074.jpg,Nanodomain,1.0,0.0,1.0,0.0
testing15075.jpg,Nanodomain,1.0,0.0,1.0,0.0
testing15076.jpg,Nanodomain,1.0,0.0,1.0,0.0
testing15077.jpg,Nanodomain,1.0,0.0,1.0,0.0
testing15078.jpg,Nanodomain,1.0,0.0,1.0,0.0
testing15079.jpg,Nanodomain,1.0,0.0,1.0,0.0
testing15080.jpg,Nanodomain,1.0,0.0,1.0,0.0
testing15081.jpg,Nanodomain,1.0,0.0,1.0,0.0
testing15082.jpg,Nanodomain,1.0,0.0,1.0,0.0
testing15083.jpg,Nanodomain,1.0,6.9448506e-36,1.0,0.0
testing15084.jpg,Nanodomain,1.0,2.1153236e-20,1.0,0.0
testing15085.jpg,Intermediate,0.956155,0.956155,0.04384501,4.5715688e-26
testing15086.jpg,Intermediate,1.0,1.0,8.753247e-10,5.922085e-26
testing15087.jpg,Intermediate,1.0,1.0,1.376032e-27,1.4187887e-31
testing15088.jpg,Intermediate,1.0,1.0,2.8437064e-16,2.3500934e-28
testing15089.jpg,Intermediate,1.0,1.0,0.0,1.780627e-37
testing15090.jpg,Intermediate,1.0,1.0,2.325757e-34,7.889616e-31
testing15091.jpg,Intermediate,1.0,1.0,0.0,7.3548696e-35
testing15092.jpg,Intermediate,1.0,1.0,5.798877e-29,1.1191964e-28
testing15093.jpg,Intermediate,1.0,1.0,3.6988702e-26,1.7572632e-25
testing15094.jpg,Intermediate,1.0,1.0,1.5564066e-36,2.5202988e-30
testing15095.jpg,Outside,1.0,2.7443386e-16,4.042687e-19,1.0
testing15096.jpg,Outside,1.0,1.1920338e-19,9.8283965e-20,1.0
testing15097.jpg,Outside,1.0,5.877445e-11,3.1723838e-16,1.0
testing15098.jpg,Outside,1.0,3.937575e-12,7.2643074e-19,1.0
testing15099.jpg,Outside,1.0,7.358706e-11,5.2371624e-17,1.0
testing15100.jpg,Outside,1.0,1.4275999e-16,4.56467e-20,1.0
testing15101.jpg,Nanodomain,1.0,0.0,1.0,0.0
testing15102.jpg,Nanodomain,1.0,0.0,1.0,0.0
testing15103.jpg,Nanodomain,1.0,0.0,1.0,0.0
testing15104.jpg,Nanodomain,1.0,0.0,1.0,0.0
testing15105.jpg,Nanodomain,1.0,1.0964348e-30,1.0,0.0
testing15106.jpg,Nanodomain,1.0,7.1233286e-15,1.0,1.769815e-34
testing15107.jpg,Nanodomain,1.0,0.0,1.0,0.0
testing15108.jpg,Nanodomain,1.0,9.700048e-34,1.0,0.0
testing15109.jpg,Nanodomain,1.0,4.420044e-21,1.0,0.0
testing15110.jpg,Nanodomain,1.0,3.7610887e-12,1.0,8.920726e-30
testing15111.jpg,Nanodomain,1.0,5.667567e-12,1.0,1.4287092e-34
testing15112.jpg,Nanodomain,0.86398035,0.13601965,0.86398035,5.2465078e-23
testing15113.jpg,Intermediate,0.9999999,0.9999999,6.822739e-08,8.6856e-23
testing15114.jpg,Nanodomain,0.7744957,0.22550431,0.7744957,1.1008191e-21
testing15115.jpg,Intermediate,0.99879813,0.99879813,0.0012018313,7.629194e-21
testing15116.jpg,Intermediate,1.0,1.0,1.2720973e-27,2.3482251e-24
testing15117.jpg,Outside,1.0,9.129623e-16,8.112373e-17,1.0
testing15118.jpg,Intermediate,1.0,1.0,1.6707397e-32,2.1000108e-24
testing15119.jpg,Outside,0.869232,0.13076797,5.7529296e-15,0.869232
testing15120.jpg,Outside,1.0,3.8248224e-20,3.075536e-20,1.0
testing15121.jpg,Outside,1.0,4.7511968e-09,1.0594155e-13,1.0
testing15122.jpg,Intermediate,0.99687564,0.99687564,1.6807766e-14,0.0031243495
testing15123.jpg,Intermediate,1.0,1.0,1.5672099e-19,3.8538556e-10
testing15124.jpg,Nanodomain,1.0,5.9534e-22,1.0,0.0
testing15125.jpg,Nanodomain,1.0,7.438603e-23,1.0,0.0
testing15126.jpg,Nanodomain,1.0,9.551676e-17,1.0,5.9866726e-37
testing15127.jpg,Nanodomain,1.0,8.031181e-31,1.0,0.0
testing15128.jpg,Intermediate,1.0,1.0,3.7463572e-18,2.0070285e-15
testing15129.jpg,Intermediate,1.0,1.0,7.781095e-22,7.4145204e-16
testing15130.jpg,Intermediate,1.0,1.0,3.0672314e-26,2.896583e-19
testing15131.jpg,Intermediate,1.0,1.0,3.1171432e-23,3.7541112e-18
testing15132.jpg,Intermediate,1.0,1.0,7.749826e-26,1.1281029e-14
testing15133.jpg,Intermediate,1.0,1.0,1.7622922e-24,6.323713e-16
testing15134.jpg,Intermediate,1.0,1.0,1.743185e-22,1.9938004e-11
testing15135.jpg,Intermediate,1.0,1.0,1.8107749e-28,3.2331434e-14
testing15136.jpg,Nanodomain,1.0,1.2798925e-31,1.0,0.0
testing15137.jpg,Nanodomain,1.0,1.2088602e-38,1.0,0.0
testing15138.jpg,Nanodomain,1.0,1.3448027e-34,1.0,0.0
testing15139.jpg,Nanodomain,1.0,1.08909e-30,1.0,0.0
testing15140.jpg,Nanodomain,1.0,1.2310954e-31,1.0,0.0
testing15141.jpg,Nanodomain,1.0,6.425976e-36,1.0,0.0
testing15142.jpg,Nanodomain,1.0,0.0,1.0,0.0
testing15143.jpg,Nanodomain,1.0,2.9013588e-35,1.0,0.0
testing15144.jpg,Nanodomain,1.0,4.131944e-28,1.0,0.0
testing15145.jpg,Nanodomain,1.0,7.0196333e-31,1.0,0.0
testing15146.jpg,Nanodomain,1.0,1.8311542e-22,1.0,0.0
testing15147.jpg,Nanodomain,1.0,2.4920916e-26,1.0,0.0
testing15148.jpg,Nanodomain,1.0,1.0627636e-27,1.0,0.0
testing15149.jpg,Nanodomain,1.0,2.3033318e-18,1.0,0.0
testing15150.jpg,Intermediate,0.5279691,0.5279691,0.4720309,2.672071e-21
testing15151.jpg,Intermediate,0.999984,0.999984,5.1176783e-23,1.5920274e-05
testing15152.jpg,Outside,1.0,4.674496e-16,1.1643837e-21,1.0
testing15153.jpg,Intermediate,1.0,1.0,1.4145917e-28,4.0700178e-17
testing15154.jpg,Outside,1.0,8.498861e-12,7.883354e-17,1.0
testing15155.jpg,Intermediate,0.9999821,0.9999821,4.407964e-19,1.7897597e-05
testing15156.jpg,Outside,0.9999988,1.14208e-06,1.3852217e-18,0.9999988
testing15157.jpg,Outside,1.0,4.0162577e-22,8.0722756e-24,1.0
testing15158.jpg,Outside,1.0,2.8200744e-13,7.2636984e-19,1.0
testing15159.jpg,Nanodomain,1.0,0.0,1.0,0.0
testing15160.jpg,Nanodomain,1.0,0.0,1.0,0.0
testing15161.jpg,Nanodomain,1.0,0.0,1.0,0.0
testing15162.jpg,Nanodomain,1.0,0.0,1.0,0.0
testing15163.jpg,Nanodomain,1.0,0.0,1.0,0.0
testing15164.jpg,Nanodomain,1.0,0.0,1.0,0.0
testing15165.jpg,Nanodomain,1.0,0.0,1.0,0.0
testing15166.jpg,Nanodomain,1.0,0.0,1.0,0.0
testing15167.jpg,Nanodomain,1.0,0.0,1.0,0.0
testing15168.jpg,Nanodomain,1.0,0.0,1.0,0.0
testing15169.jpg,Nanodomain,1.0,0.0,1.0,0.0
testing15170.jpg,Nanodomain,1.0,0.0,1.0,0.0
testing15171.jpg,Nanodomain,1.0,0.0,1.0,0.0
testing15172.jpg,Outside,0.98943347,0.0105665205,1.4894817e-13,0.98943347
testing15173.jpg,Outside,0.9999999,1.310415e-07,7.5214334e-16,0.9999999
testing15174.jpg,Outside,1.0,7.887815e-15,7.329529e-18,1.0
testing15175.jpg,Intermediate,1.0,1.0,7.86178e-20,6.1705805e-09
testing15176.jpg,Intermediate,1.0,1.0,1.1156326e-21,1.8087606e-11
testing15177.jpg,Intermediate,1.0,1.0,3.6652352e-16,8.9920394e-13
testing15178.jpg,Intermediate,1.0,1.0,1.2673097e-23,9.123635e-16
testing15179.jpg,Intermediate,1.0,1.0,9.825837e-22,2.0759448e-13
testing15180.jpg,Intermediate,1.0,1.0,1.4565681e-23,1.5284185e-13
testing15181.jpg,Intermediate,1.0,1.0,1.7948213e-34,2.2514474e-22
testing15182.jpg,Intermediate,1.0,1.0,1.8549338e-27,4.7275366e-18
testing15183.jpg,Intermediate,0.9913276,0.9913276,2.0691734e-14,0.008672414
testing15184.jpg,Nanodomain,1.0,0.0,1.0,0.0
testing15185.jpg,Nanodomain,1.0,0.0,1.0,0.0
testing15186.jpg,Nanodomain,1.0,0.0,1.0,0.0
testing15187.jpg,Nanodomain,1.0,0.0,1.0,0.0
testing15188.jpg,Nanodomain,1.0,4.8193687e-38,1.0,0.0
testing15189.jpg,Nanodomain,1.0,9.509527e-27,1.0,0.0
testing15190.jpg,Nanodomain,1.0,2.9288217e-30,1.0,0.0
testing15191.jpg,Nanodomain,1.0,0.0,1.0,0.0
testing15192.jpg,Nanodomain,1.0,2.7623445e-36,1.0,0.0
testing15193.jpg,Nanodomain,1.0,0.0,1.0,0.0
testing15194.jpg,Nanodomain,1.0,1.0228511e-31,1.0,0.0
testing15195.jpg,Nanodomain,1.0,3.1870226e-32,1.0,0.0
testing15196.jpg,Outside,1.0,3.0309436e-25,4.7194116e-25,1.0
testing15197.jpg,Nanodomain,1.0,0.0,1.0,0.0
testing15198.jpg,Nanodomain,1.0,0.0,1.0,0.0
testing15199.jpg,Nanodomain,1.0,0.0,1.0,0.0
testing15200.jpg,Nanodomain,1.0,0.0,1.0,0.0
testing15201.jpg,Nanodomain,1.0,0.0,1.0,0.0
testing15202.jpg,Nanodomain,1.0,0.0,1.0,0.0
testing15203.jpg,Nanodomain,1.0,0.0,1.0,0.0
testing15204.jpg,Nanodomain,1.0,0.0,1.0,0.0
testing15205.jpg,Nanodomain,1.0,0.0,1.0,0.0
testing15206.jpg,Nanodomain,1.0,0.0,1.0,0.0
testing15207.jpg,Nanodomain,1.0,0.0,1.0,0.0
testing15208.jpg,Nanodomain,1.0,0.0,1.0,0.0
testing15209.jpg,Nanodomain,1.0,0.0,1.0,0.0
testing15210.jpg,Intermediate,1.0,1.0,3.6335927e-23,1.9970773e-15
testing15211.jpg,Nanodomain,1.0,2.3061522e-27,1.0,0.0
testing15212.jpg,Nanodomain,1.0,7.7218005e-24,1.0,0.0
testing15213.jpg,Intermediate,1.0,1.0,1.7885896e-10,2.040902e-27
testing15214.jpg,Intermediate,1.0,1.0,6.4194308e-37,2.7579579e-33
testing15215.jpg,Intermediate,1.0,1.0,1.6187979e-26,1.0083945e-27
testing15216.jpg,Intermediate,1.0,1.0,5.5851387e-35,2.493074e-31
testing15217.jpg,Intermediate,1.0,1.0,0.0,0.0
testing15218.jpg,Intermediate,1.0,1.0,1.1927728e-38,8.949339e-34
testing15219.jpg,Intermediate,1.0,1.0,0.0,2.0441417e-36
testing15220.jpg,Intermediate,1.0,1.0,0.0,1.125002e-33
testing15221.jpg,Intermediate,1.0,1.0,0.0,6.8561566e-32
testing15222.jpg,Outside,1.0,4.1370837e-10,2.1554994e-19,1.0
testing15223.jpg,Outside,1.0,4.7945843e-09,2.91523e-14,1.0
testing15224.jpg,Outside,1.0,2.1304877e-16,1.4490878e-21,1.0
testing15225.jpg,Outside,1.0,2.208611e-12,1.276572e-16,1.0
testing15226.jpg,Outside,1.0,3.553163e-10,3.5439268e-16,1.0
testing15227.jpg,Nanodomain,1.0,0.0,1.0,0.0
testing15228.jpg,Nanodomain,1.0,0.0,1.0,0.0
testing15229.jpg,Nanodomain,1.0,0.0,1.0,0.0
testing15230.jpg,Nanodomain,1.0,0.0,1.0,0.0
testing15231.jpg,Nanodomain,1.0,0.0,1.0,0.0
testing15232.jpg,Nanodomain,1.0,0.0,1.0,0.0
testing15233.jpg,Nanodomain,0.99967587,0.00032408896,0.99967587,1.0649898e-23
testing15234.jpg,Nanodomain,1.0,0.0,1.0,0.0
testing15235.jpg,Nanodomain,1.0,4.077224e-34,1.0,0.0
testing15236.jpg,Nanodomain,1.0,3.0707535e-27,1.0,0.0
testing15237.jpg,Nanodomain,1.0,8.571746e-12,1.0,4.921867e-32
testing15238.jpg,Nanodomain,1.0,3.341786e-14,1.0,1.0220443e-30
testing15239.jpg,Intermediate,1.0,1.0,3.020446e-14,2.3847379e-26
testing15240.jpg,Intermediate,1.0,1.0,1.7140662e-14,4.7211556e-26
testing15241.jpg,Intermediate,1.0,1.0,2.3517733e-18,3.5377297e-22
testing15242.jpg,Intermediate,1.0,1.0,2.0247793e-13,2.151989e-21
testing15243.jpg,Intermediate,1.0,1.0,2.0563703e-17,1.2023073e-22
testing15244.jpg,Intermediate,1.0,1.0,9.221372e-29,5.4481863e-21
testing15245.jpg,Intermediate,1.0,1.0,7.174959e-21,8.683088e-22
testing15246.jpg,Outside,1.0,5.8953346e-32,3.0196162e-29,1.0
testing15247.jpg,Outside,1.0,3.073217e-18,1.0347003e-21,1.0
testing15248.jpg,Outside,0.9936179,0.006382125,1.3404552e-15,0.9936179
testing15249.jpg,Outside,1.0,4.8169478e-21,7.6666284e-22,1.0
testing15250.jpg,Outside,1.0,4.8349488e-15,2.1429414e-17,1.0
testing15251.jpg,Intermediate,0.6484707,0.6484707,3.23876e-13,0.35152933
testing15252.jpg,Nanodomain,1.0,1.8989714e-21,1.0,0.0
testing15253.jpg,Nanodomain,1.0,2.1174912e-24,1.0,0.0
testing15254.jpg,Nanodomain,1.0,1.06012706e-13,1.0,1.966912e-36
testing15255.jpg,Nanodomain,1.0,1.7494158e-12,1.0,1.6027939e-30
testing15256.jpg,Nanodomain,1.0,9.355352e-26,1.0,0.0
testing15257.jpg,Intermediate,1.0,1.0,2.7436653e-26,1.2443814e-24
testing15258.jpg,Intermediate,1.0,1.0,2.8726774e-30,5.104494e-26
testing15259.jpg,Intermediate,1.0,1.0,4.1869667e-22,3.596254e-21
testing15260.jpg,Intermediate,1.0,1.0,4.3147965e-25,1.1620255e-13
testing15261.jpg,Outside,0.9477931,0.052206878,3.1989287e-14,0.9477931
testing15262.jpg,Outside,1.0,4.7041218e-11,3.9005154e-19,1.0
testing15263.jpg,Outside,0.99999964,3.4881296e-07,4.408725e-14,0.99999964
testing15264.jpg,Outside,1.0,9.66708e-15,6.796572e-18,1.0
testing15265.jpg,Nanodomain,1.0,4.671847e-28,1.0,0.0
testing15266.jpg,Nanodomain,0.9999995,4.3685236e-07,0.9999995,9.51923e-31
testing15267.jpg,Nanodomain,1.0,3.5338005e-32,1.0,0.0
testing15268.jpg,Nanodomain,1.0,8.255451e-31,1.0,0.0
testing15269.jpg,Nanodomain,1.0,2.3837083e-20,1.0,0.0
testing15270.jpg,Nanodomain,1.0,7.089796e-37,1.0,0.0
testing15271.jpg,Nanodomain,1.0,1.111499e-29,1.0,0.0
testing15272.jpg,Nanodomain,1.0,3.790583e-37,1.0,0.0
testing15273.jpg,Nanodomain,1.0,6.423138e-27,1.0,0.0
testing15274.jpg,Nanodomain,1.0,1.3441408e-27,1.0,0.0
testing15275.jpg,Nanodomain,1.0,8.2138666e-22,1.0,0.0
testing15276.jpg,Intermediate,1.0,1.0,1.7211653e-33,5.496467e-22
testing15277.jpg,Nanodomain,1.0,3.5378656e-29,1.0,0.0
testing15278.jpg,Intermediate,1.0,1.0,6.6415926e-09,6.4108906e-22
testing15279.jpg,Outside,1.0,5.456009e-20,2.5342277e-24,1.0
testing15280.jpg,Outside,1.0,4.286294e-28,1.2656445e-28,1.0
testing15281.jpg,Intermediate,1.0,1.0,4.2723228e-27,6.7093744e-18
testing15282.jpg,Intermediate,1.0,1.0,9.508528e-16,8.0482016e-16
testing15283.jpg,Outside,1.0,3.0611267e-28,2.3891972e-28,1.0
testing15284.jpg,Outside,1.0,5.1111504e-10,1.1353676e-16,1.0
testing15285.jpg,Nanodomain,1.0,0.0,1.0,0.0
testing15286.jpg,Nanodomain,1.0,0.0,1.0,0.0
testing15287.jpg,Nanodomain,1.0,0.0,1.0,0.0
testing15288.jpg,Nanodomain,1.0,0.0,1.0,0.0
testing15289.jpg,Nanodomain,1.0,0.0,1.0,0.0
testing15290.jpg,Nanodomain,1.0,0.0,1.0,0.0
testing15291.jpg,Nanodomain,1.0,0.0,1.0,0.0
testing15292.jpg,Nanodomain,1.0,0.0,1.0,0.0
testing15293.jpg,Nanodomain,1.0,0.0,1.0,0.0
testing15294.jpg,Nanodomain,1.0,0.0,1.0,0.0
testing15295.jpg,Nanodomain,1.0,0.0,1.0,0.0
testing15296.jpg,Nanodomain,1.0,0.0,1.0,0.0
testing15297.jpg,Nanodomain,1.0,0.0,1.0,0.0
testing15298.jpg,Nanodomain,1.0,0.0,1.0,0.0
testing15299.jpg,Outside,0.9989237,0.0010761956,2.1212427e-14,0.9989237
testing15300.jpg,Outside,1.0,6.9330612e-09,1.409029e-12,1.0
testing15301.jpg,Intermediate,1.0,1.0,1.0996927e-32,2.0018086e-20
testing15302.jpg,Outside,0.9998148,0.00018521302,1.01038264e-13,0.9998148
testing15303.jpg,Intermediate,1.0,1.0,5.420154e-23,3.7003325e-10
testing15304.jpg,Outside,1.0,7.4811504e-22,1.0350929e-25,1.0
testing15305.jpg,Intermediate,1.0,1.0,1.2915917e-21,4.3829558e-09
testing15306.jpg,Outside,1.0,2.0187407e-20,9.872943e-24,1.0
testing15307.jpg,Intermediate,1.0,1.0,7.263659e-22,7.831991e-10
testing15308.jpg,Intermediate,1.0,1.0,2.669825e-24,2.392015e-13
testing15309.jpg,Intermediate,0.9960069,0.9960069,1.6411905e-17,0.00399313
testing15310.jpg,Intermediate,0.9999449,0.9999449,1.5771389e-19,5.5111454e-05
testing15311.jpg,Outside,1.0,1.5046502e-10,6.049026e-13,1.0
testing15312.jpg,Outside,0.99632746,0.0036725004,5.5201785e-15,0.99632746
testing15313.jpg,Nanodomain,1.0,1.817e-38,1.0,0.0
testing15314.jpg,Nanodomain,1.0,0.0,1.0,0.0
testing15315.jpg,Nanodomain,1.0,0.0,1.0,0.0
testing15316.jpg,Nanodomain,1.0,5.923808e-24,1.0,0.0
testing15317.jpg,Nanodomain,1.0,5.4863077e-22,1.0,0.0
testing15318.jpg,Nanodomain,1.0,1.4151944e-23,1.0,0.0
testing15319.jpg,Nanodomain,1.0,1.1251383e-35,1.0,0.0
testing15320.jpg,Nanodomain,1.0,7.295644e-16,1.0,0.0
testing15321.jpg,Nanodomain,0.999795,0.00020504894,0.999795,2.31577e-29
testing15322.jpg,Nanodomain,1.0,1.2484715e-15,1.0,2.1894975e-38
testing15323.jpg,Nanodomain,0.8135467,0.18645327,0.8135467,1.237464e-27
testing15324.jpg,Outside,1.0,4.731498e-21,2.786674e-23,1.0
testing15325.jpg,Outside,1.0,7.0325356e-28,9.8744394e-26,1.0
testing15326.jpg,Nanodomain,1.0,0.0,1.0,0.0
testing15327.jpg,Nanodomain,1.0,0.0,1.0,0.0
testing15328.jpg,Nanodomain,1.0,0.0,1.0,0.0
testing15329.jpg,Nanodomain,1.0,0.0,1.0,0.0
testing15330.jpg,Nanodomain,1.0,0.0,1.0,0.0
testing15331.jpg,Nanodomain,1.0,0.0,1.0,0.0
testing15332.jpg,Nanodomain,1.0,0.0,1.0,0.0
testing15333.jpg,Nanodomain,1.0,0.0,1.0,0.0
testing15334.jpg,Nanodomain,1.0,0.0,1.0,0.0
testing15335.jpg,Nanodomain,1.0,0.0,1.0,0.0
testing15336.jpg,Nanodomain,1.0,0.0,1.0,0.0
testing15337.jpg,Outside,1.0,1.4170261e-15,2.5996293e-21,1.0
testing15338.jpg,Intermediate,1.0,1.0,1.7485179e-24,1.4288389e-13
testing15339.jpg,Intermediate,1.0,1.0,1.9804954e-20,9.45092e-09
testing15340.jpg,Intermediate,1.0,1.0,2.794476e-31,1.132674e-21
testing15341.jpg,Intermediate,1.0,1.0,7.2362297e-28,2.3032755e-21
testing15342.jpg,Intermediate,1.0,1.0,6.305011e-34,1.3886329e-22
testing15343.jpg,Intermediate,1.0,1.0,3.6028073e-34,1.53767e-28
testing15344.jpg,Intermediate,1.0,1.0,6.1472787e-30,1.7860585e-19
testing15345.jpg,Outside,0.5875812,0.41241875,7.206732e-14,0.5875812
testing15346.jpg,Intermediate,1.0,1.0,0.0,1.1302942e-31
testing15347.jpg,Intermediate,1.0,1.0,1.0976139e-32,1.7412182e-29
testing15348.jpg,Intermediate,1.0,1.0,0.0,9.597558e-38
testing15349.jpg,Intermediate,1.0,1.0,0.0,1.5241751e-34
testing15350.jpg,Intermediate,1.0,1.0,1.9794587e-37,9.664241e-30
testing15351.jpg,Outside,1.0,1.2822698e-20,3.6192924e-21,1.0
testing15352.jpg,Outside,1.0,1.3757017e-19,6.6879284e-20,1.0
testing15353.jpg,Outside,1.0,4.972901e-16,1.421405e-16,1.0
testing15354.jpg,Nanodomain,1.0,0.0,1.0,0.0
testing15355.jpg,Nanodomain,1.0,0.0,1.0,0.0
testing15356.jpg,Nanodomain,1.0,0.0,1.0,0.0
testing15357.jpg,Nanodomain,1.0,0.0,1.0,0.0
testing15358.jpg,Nanodomain,1.0,0.0,1.0,0.0
testing15359.jpg,Nanodomain,1.0,0.0,1.0,0.0
testing15360.jpg,Nanodomain,1.0,0.0,1.0,0.0
testing15361.jpg,Intermediate,1.0,1.0,2.3201996e-20,4.6447943e-31
testing15362.jpg,Intermediate,1.0,1.0,4.5592725e-21,1.1324622e-21
testing15363.jpg,Intermediate,1.0,1.0,7.992877e-18,5.739721e-21
testing15364.jpg,Intermediate,1.0,1.0,8.34079e-24,3.4527255e-27
testing15365.jpg,Intermediate,1.0,1.0,2.0737893e-23,1.3007222e-24
testing15366.jpg,Intermediate,1.0,1.0,1.17268434e-20,1.4821996e-24
testing15367.jpg,Intermediate,1.0,1.0,3.8962552e-30,6.602438e-24
testing15368.jpg,Intermediate,1.0,1.0,6.882133e-22,8.567783e-25
testing15369.jpg,Intermediate,1.0,1.0,1.3638286e-21,2.1520595e-24
testing15370.jpg,Intermediate,1.0,1.0,1.223094e-11,1.2103177e-24
testing15371.jpg,Intermediate,1.0,1.0,1.5811932e-22,4.8539424e-24
testing15372.jpg,Nanodomain,0.99982965,0.000170315,0.99982965,1.3429505e-24
testing15373.jpg,Intermediate,1.0,1.0,3.0024223e-21,1.7353202e-25
testing15374.jpg,Outside,1.0,3.0701744e-23,4.2082014e-21,1.0
testing15375.jpg,Outside,1.0,5.0442875e-21,1.1170645e-19,1.0
testing15376.jpg,Intermediate,1.0,1.0,3.6130968e-22,4.942708e-12
testing15377.jpg,Intermediate,1.0,1.0,5.747756e-23,1.9634173e-15
testing15378.jpg,Intermediate,1.0,1.0,2.1340542e-20,1.6023946e-10
testing15379.jpg,Intermediate,0.9993395,0.9993395,3.3613317e-14,0.000660501
testing15380.jpg,Outside,1.0,5.856375e-18,1.8094416e-21,1.0
testing15381.jpg,Nanodomain,1.0,6.479479e-09,1.0,1.585083e-29
testing15382.jpg,Nanodomain,1.0,1.1799066e-12,1.0,3.1722767e-30
testing15383.jpg,Nanodomain,1.0,9.554156e-24,1.0,0.0
testing15384.jpg,Nanodomain,0.99999917,8.2044966e-07,0.99999917,2.0385905e-26
testing15385.jpg,Outside,1.0,1.41005e-13,1.3831218e-18,1.0
testing15386.jpg,Intermediate,1.0,1.0,1.6113813e-17,5.2308647e-20
testing15387.jpg,Intermediate,1.0,1.0,3.0481125e-27,7.687883e-24
testing15388.jpg,Intermediate,1.0,1.0,8.298991e-24,1.2651701e-15
testing15389.jpg,Nanodomain,1.0,0.0,1.0,0.0
testing15390.jpg,Nanodomain,1.0,0.0,1.0,0.0
testing15391.jpg,Nanodomain,1.0,2.597996e-34,1.0,0.0
testing15392.jpg,Intermediate,0.7569157,0.7569157,0.24308436,1.5024255e-24
testing15393.jpg,Nanodomain,1.0,0.0,1.0,0.0
testing15394.jpg,Nanodomain,1.0,0.0,1.0,0.0
testing15395.jpg,Nanodomain,1.0,0.0,1.0,0.0
testing15396.jpg,Nanodomain,1.0,0.0,1.0,0.0
testing15397.jpg,Nanodomain,1.0,0.0,1.0,0.0
testing15398.jpg,Nanodomain,1.0,0.0,1.0,0.0
testing15399.jpg,Nanodomain,1.0,0.0,1.0,0.0
testing15400.jpg,Nanodomain,1.0,0.0,1.0,0.0
testing15401.jpg,Outside,1.0,1.5083938e-22,8.7199283e-23,1.0
testing15402.jpg,Nanodomain,1.0,0.0,1.0,0.0
testing15403.jpg,Nanodomain,1.0,0.0,1.0,0.0
testing15404.jpg,Nanodomain,1.0,5.059425e-32,1.0,0.0
testing15405.jpg,Outside,1.0,1.519365e-31,1.9088683e-31,1.0
testing15406.jpg,Outside,1.0,4.7990155e-19,3.7800851e-22,1.0
testing15407.jpg,Outside,1.0,1.930796e-15,2.7775376e-22,1.0
testing15408.jpg,Outside,1.0,7.385609e-25,1.0361398e-25,1.0
testing15409.jpg,Intermediate,0.98825514,0.98825514,8.666088e-12,0.011744821
testing15410.jpg,Outside,1.0,3.5513906e-27,5.373349e-27,1.0
testing15411.jpg,Outside,1.0,6.7922206e-25,3.797698e-25,1.0
testing15412.jpg,Nanodomain,1.0,0.0,1.0,0.0
testing15413.jpg,Nanodomain,1.0,0.0,1.0,0.0
testing15414.jpg,Nanodomain,1.0,0.0,1.0,0.0
testing15415.jpg,Nanodomain,1.0,0.0,1.0,0.0
testing15416.jpg,Nanodomain,1.0,0.0,1.0,0.0
testing15417.jpg,Nanodomain,1.0,0.0,1.0,0.0
testing15418.jpg,Nanodomain,1.0,0.0,1.0,0.0
testing15419.jpg,Nanodomain,1.0,0.0,1.0,0.0
testing15420.jpg,Nanodomain,1.0,0.0,1.0,0.0
testing15421.jpg,Nanodomain,1.0,0.0,1.0,0.0
testing15422.jpg,Nanodomain,1.0,0.0,1.0,0.0
testing15423.jpg,Nanodomain,1.0,0.0,1.0,0.0
testing15424.jpg,Nanodomain,1.0,0.0,1.0,0.0
testing15425.jpg,Nanodomain,1.0,0.0,1.0,0.0
testing15426.jpg,Nanodomain,1.0,0.0,1.0,0.0
testing15427.jpg,Nanodomain,1.0,0.0,1.0,0.0
testing15428.jpg,Intermediate,1.0,1.0,8.509117e-26,2.1371526e-14
testing15429.jpg,Intermediate,1.0,1.0,7.659856e-27,7.984596e-16
testing15430.jpg,Intermediate,0.99993503,0.99993503,1.6274409e-19,6.500461e-05
testing15431.jpg,Intermediate,1.0,1.0,9.6955444e-32,2.230091e-18
testing15432.jpg,Intermediate,1.0,1.0,1.4569286e-24,2.0896493e-14
testing15433.jpg,Intermediate,0.99872667,0.99872667,7.556257e-17,0.0012732707
testing15434.jpg,Intermediate,1.0,1.0,1.4891089e-23,1.1187328e-10
testing15435.jpg,Intermediate,0.9899962,0.9899962,4.09563e-16,0.010003857
testing15436.jpg,Intermediate,0.99958616,0.99958616,8.3530657e-16,0.0004137866
testing15437.jpg,Outside,0.9999999,7.6002614e-08,6.1311537e-19,0.9999999
testing15438.jpg,Outside,1.0,1.2015035e-17,5.6990806e-19,1.0
testing15439.jpg,Outside,1.0,3.8097706e-10,5.7864493e-17,1.0
testing15440.jpg,Outside,1.0,1.1785388e-24,4.986998e-23,1.0
testing15441.jpg,Outside,1.0,1.3369353e-20,6.220725e-19,1.0
testing15442.jpg,Outside,1.0,1.27408e-25,5.010791e-25,1.0
testing15443.jpg,Intermediate,1.0,1.0,1.11479165e-26,6.610059e-21
testing15444.jpg,Nanodomain,1.0,8.821412e-36,1.0,0.0
testing15445.jpg,Nanodomain,1.0,1.1248845e-36,1.0,0.0
testing15446.jpg,Nanodomain,1.0,6.667285e-38,1.0,0.0
testing15447.jpg,Nanodomain,1.0,4.390336e-20,1.0,0.0
testing15448.jpg,Nanodomain,1.0,7.661568e-15,1.0,1.1672293e-37
testing15449.jpg,Nanodomain,0.9995628,0.00043721937,0.9995628,6.3252575e-26
testing15450.jpg,Intermediate,1.0,1.0,3.3632453e-14,6.6914955e-29
testing15451.jpg,Outside,1.0,8.331779e-34,5.717168e-29,1.0
testing15452.jpg,Outside,1.0,6.4544575e-26,5.8137284e-25,1.0
testing15453.jpg,Outside,1.0,3.7213346e-24,1.78997e-23,1.0
testing15454.jpg,Outside,1.0,1.6932436e-22,2.3257734e-20,1.0
testing15455.jpg,Outside,1.0,2.6257335e-27,3.0258375e-25,1.0
testing15456.jpg,Outside,1.0,3.882469e-24,1.2537832e-23,1.0
testing15457.jpg,Outside,1.0,6.505999e-26,1.6615868e-25,1.0
testing15458.jpg,Outside,1.0,3.875249e-31,4.0635417e-28,1.0
testing15459.jpg,Outside,1.0,2.4835326e-25,3.0048826e-23,1.0
testing15460.jpg,Outside,1.0,3.8227125e-25,8.2543693e-26,1.0
testing15461.jpg,Outside,1.0,2.0674428e-19,2.0002189e-22,1.0
testing15462.jpg,Outside,1.0,7.757664e-26,3.671892e-26,1.0
testing15463.jpg,Outside,1.0,8.6458355e-15,8.17252e-21,1.0
testing15464.jpg,Intermediate,1.0,1.0,2.1175993e-21,3.4284956e-13
testing15465.jpg,Intermediate,1.0,1.0,2.7809513e-22,1.1157711e-13
testing15466.jpg,Intermediate,1.0,1.0,6.0636087e-19,2.9422835e-14
testing15467.jpg,Intermediate,1.0,1.0,3.4857962e-13,4.6365283e-08
testing15468.jpg,Outside,0.6371543,0.36284575,7.8436555e-15,0.6371543
testing15469.jpg,Intermediate,1.0,1.0,3.0900236e-28,2.2841376e-23
testing15470.jpg,Intermediate,1.0,1.0,1.0344222e-32,4.9212492e-24
testing15471.jpg,Intermediate,1.0,1.0,4.4777243e-30,1.226332e-18
testing15472.jpg,Intermediate,1.0,1.0,3.3238433e-31,1.18368484e-23
testing15473.jpg,Intermediate,1.0,1.0,3.4283525e-35,5.424268e-24
testing15474.jpg,Intermediate,1.0,1.0,3.1866255e-22,1.6395073e-12
testing15475.jpg,Outside,0.99994814,5.1886662e-05,5.3316297e-17,0.99994814
testing15476.jpg,Intermediate,1.0,1.0,6.2545753e-37,1.8291815e-26
testing15477.jpg,Outside,0.99999976,2.5784698e-07,5.78956e-10,0.99999976
testing15478.jpg,Outside,1.0,7.1643765e-13,4.5112386e-17,1.0
testing15479.jpg,Outside,1.0,4.643833e-14,5.7225647e-19,1.0
testing15480.jpg,Outside,1.0,5.7748433e-12,2.2809916e-14,1.0
testing15481.jpg,Outside,1.0,3.5882603e-16,3.4615492e-19,1.0
testing15482.jpg,Nanodomain,1.0,0.0,1.0,0.0
testing15483.jpg,Nanodomain,1.0,0.0,1.0,0.0
testing15484.jpg,Nanodomain,1.0,0.0,1.0,0.0
testing15485.jpg,Nanodomain,1.0,0.0,1.0,0.0
testing15486.jpg,Nanodomain,1.0,0.0,1.0,0.0
testing15487.jpg,Nanodomain,1.0,0.0,1.0,0.0
testing15488.jpg,Nanodomain,1.0,0.0,1.0,0.0
testing15489.jpg,Intermediate,1.0,1.0,1.2424386e-21,4.545631e-25
testing15490.jpg,Intermediate,1.0,1.0,8.882304e-19,1.3422746e-21
testing15491.jpg,Intermediate,1.0,1.0,1.1108863e-33,7.111735e-30
testing15492.jpg,Intermediate,1.0,1.0,0.0,3.8606837e-32
testing15493.jpg,Intermediate,1.0,1.0,3.2374406e-35,8.803891e-30
testing15494.jpg,Intermediate,1.0,1.0,2.0206494e-22,4.222392e-25
testing15495.jpg,Intermediate,1.0,1.0,1.6604299e-22,2.0660894e-24
testing15496.jpg,Intermediate,1.0,1.0,1.4886563e-28,2.6289178e-29
testing15497.jpg,Nanodomain,1.0,0.0,1.0,0.0
testing15498.jpg,Nanodomain,1.0,0.0,1.0,0.0
testing15499.jpg,Nanodomain,1.0,2.0632235e-38,1.0,0.0
testing15500.jpg,Nanodomain,1.0,0.0,1.0,0.0
testing15501.jpg,Nanodomain,1.0,2.3597445e-33,1.0,0.0
testing15502.jpg,Nanodomain,1.0,3.33172e-20,1.0,2.1900154e-38
testing15503.jpg,Nanodomain,1.0,3.3456386e-21,1.0,0.0
testing15504.jpg,Nanodomain,1.0,1.0204379e-25,1.0,0.0
testing15505.jpg,Nanodomain,1.0,1.8637524e-17,1.0,6.2032714e-38
testing15506.jpg,Nanodomain,1.0,2.385117e-21,1.0,0.0
testing15507.jpg,Nanodomain,1.0,0.0,1.0,0.0
testing15508.jpg,Intermediate,1.0,1.0,3.1520585e-23,3.5093543e-15
testing15509.jpg,Intermediate,1.0,1.0,1.5417327e-23,2.8594975e-26
testing15510.jpg,Intermediate,1.0,1.0,1.735059e-21,2.24364e-19
testing15511.jpg,Outside,1.0,1.7379305e-25,8.12401e-26,1.0
testing15512.jpg,Outside,1.0,1.5746165e-19,2.407366e-21,1.0
testing15513.jpg,Outside,1.0,4.964617e-24,2.4278346e-25,1.0
testing15514.jpg,Outside,1.0,2.4492939e-26,7.603734e-25,1.0
testing15515.jpg,Outside,1.0,3.5589032e-20,1.5002107e-22,1.0
testing15516.jpg,Outside,1.0,7.262405e-24,2.0062232e-24,1.0
testing15517.jpg,Outside,1.0,3.3066037e-25,2.5733897e-24,1.0
testing15518.jpg,Intermediate,0.9999974,0.9999974,2.6021623e-06,6.4408313e-21
testing15519.jpg,Nanodomain,1.0,0.0,1.0,0.0
testing15520.jpg,Nanodomain,1.0,0.0,1.0,0.0
testing15521.jpg,Nanodomain,1.0,0.0,1.0,0.0
testing15522.jpg,Nanodomain,1.0,0.0,1.0,0.0
testing15523.jpg,Nanodomain,1.0,0.0,1.0,0.0
testing15524.jpg,Nanodomain,1.0,0.0,1.0,0.0
testing15525.jpg,Nanodomain,1.0,0.0,1.0,0.0
testing15526.jpg,Nanodomain,1.0,0.0,1.0,0.0
testing15527.jpg,Nanodomain,1.0,0.0,1.0,0.0
testing15528.jpg,Nanodomain,1.0,0.0,1.0,0.0
testing15529.jpg,Nanodomain,1.0,0.0,1.0,0.0
testing15530.jpg,Nanodomain,1.0,0.0,1.0,0.0
testing15531.jpg,Outside,1.0,2.4378155e-29,3.3423741e-28,1.0
testing15532.jpg,Outside,1.0,1.1798865e-27,2.3064602e-27,1.0
testing15533.jpg,Outside,1.0,2.7055098e-27,4.7926474e-27,1.0
testing15534.jpg,Outside,1.0,9.865963e-27,4.2038063e-28,1.0
testing15535.jpg,Outside,1.0,5.9782272e-30,2.6009675e-29,1.0
testing15536.jpg,Intermediate,1.0,1.0,2.644741e-21,9.0430414e-23
testing15537.jpg,Intermediate,1.0,1.0,3.240312e-17,8.6169375e-20
testing15538.jpg,Outside,1.0,2.9638703e-12,1.3928096e-20,1.0
testing15539.jpg,Outside,1.0,3.204276e-22,3.444325e-24,1.0
testing15540.jpg,Outside,1.0,2.834312e-27,2.2821122e-27,1.0
testing15541.jpg,Nanodomain,1.0,2.1296383e-35,1.0,0.0
testing15542.jpg,Nanodomain,1.0,0.0,1.0,0.0
testing15543.jpg,Nanodomain,1.0,0.0,1.0,0.0
testing15544.jpg,Nanodomain,1.0,0.0,1.0,0.0
testing15545.jpg,Nanodomain,1.0,0.0,1.0,0.0
testing15546.jpg,Nanodomain,1.0,0.0,1.0,0.0
testing15547.jpg,Nanodomain,1.0,0.0,1.0,0.0
testing15548.jpg,Nanodomain,1.0,0.0,1.0,0.0
testing15549.jpg,Nanodomain,1.0,0.0,1.0,0.0
testing15550.jpg,Nanodomain,1.0,0.0,1.0,0.0
testing15551.jpg,Nanodomain,1.0,0.0,1.0,0.0
testing15552.jpg,Nanodomain,1.0,0.0,1.0,0.0
testing15553.jpg,Nanodomain,1.0,0.0,1.0,0.0
testing15554.jpg,Nanodomain,1.0,0.0,1.0,0.0
testing15555.jpg,Nanodomain,1.0,0.0,1.0,0.0
testing15556.jpg,Nanodomain,1.0,0.0,1.0,0.0
testing15557.jpg,Intermediate,1.0,1.0,9.425885e-34,4.9504736e-23
testing15558.jpg,Intermediate,0.99999976,0.99999976,2.1485106e-21,2.422837e-07
testing15559.jpg,Intermediate,1.0,1.0,5.268962e-25,2.6657526e-14
testing15560.jpg,Intermediate,1.0,1.0,5.8316254e-27,1.0450926e-15
testing15561.jpg,Outside,1.0,1.0670215e-18,8.911074e-21,1.0
testing15562.jpg,Intermediate,1.0,1.0,2.3503647e-26,9.718132e-17
testing15563.jpg,Intermediate,1.0,1.0,1.0068694e-18,7.727292e-10
testing15564.jpg,Outside,1.0,1.5844814e-10,1.2834274e-16,1.0
testing15565.jpg,Outside,0.99365187,0.0063481103,5.26368e-14,0.99365187
testing15566.jpg,Intermediate,1.0,1.0,2.6710576e-24,1.1728747e-12
testing15567.jpg,Intermediate,1.0,1.0,2.9200763e-22,1.0357194e-13
testing15568.jpg,Outside,0.9971535,0.0028465022,1.4890503e-16,0.9971535
testing15569.jpg,Intermediate,1.0,1.0,3.4089568e-22,3.3341e-11
testing15570.jpg,Intermediate,1.0,1.0,7.823911e-33,1.5734366e-23
testing15571.jpg,Outside,1.0,5.312736e-26,3.3265047e-25,1.0
testing15572.jpg,Nanodomain,0.82366145,0.17633851,0.82366145,8.052958e-26
testing15573.jpg,Nanodomain,0.99999976,2.183526e-07,0.99999976,1.3809523e-29
testing15574.jpg,Outside,1.0,6.1290945e-27,1.8902134e-27,1.0
testing15575.jpg,Outside,1.0,1.5325177e-27,5.2719028e-23,1.0
testing15576.jpg,Outside,1.0,1.6644979e-26,6.7326523e-26,1.0
testing15577.jpg,Outside,1.0,1.8221935e-29,3.4483705e-26,1.0
testing15578.jpg,Outside,1.0,9.13566e-29,1.9610484e-26,1.0
testing15579.jpg,Outside,1.0,5.250613e-29,2.6044267e-26,1.0
testing15580.jpg,Outside,1.0,5.321803e-26,9.492932e-26,1.0
testing15581.jpg,Outside,1.0,3.2102726e-21,4.7139127e-22,1.0
testing15582.jpg,Outside,1.0,9.466038e-24,5.860673e-23,1.0
testing15583.jpg,Outside,1.0,7.4600825e-24,4.941533e-22,1.0
testing15584.jpg,Outside,1.0,1.909075e-28,1.01613736e-26,1.0
testing15585.jpg,Outside,1.0,6.482306e-29,2.587915e-28,1.0
testing15586.jpg,Outside,1.0,2.4812548e-29,3.3341237e-27,1.0
testing15587.jpg,Outside,1.0,4.6917452e-27,7.828839e-25,1.0
testing15588.jpg,Outside,1.0,7.67678e-23,7.796091e-24,1.0
testing15589.jpg,Outside,1.0,2.4538226e-24,4.4712904e-22,1.0
testing15590.jpg,Outside,1.0,2.0624514e-24,9.2049175e-23,1.0
testing15591.jpg,Intermediate,0.9202814,0.9202814,8.1609586e-16,0.07971864
testing15592.jpg,Outside,1.0,2.1617846e-17,6.9697295e-18,1.0
testing15593.jpg,Outside,0.9993005,0.00069949985,1.1843353e-12,0.9993005
testing15594.jpg,Outside,1.0,3.910355e-08,2.8198936e-19,1.0
testing15595.jpg,Intermediate,1.0,1.0,6.922971e-30,1.0410442e-26
testing15596.jpg,Intermediate,1.0,1.0,3.6048485e-23,1.741049e-14
testing15597.jpg,Intermediate,0.99999607,0.99999607,3.9597026e-06,5.1405015e-28
testing15598.jpg,Intermediate,1.0,1.0,1.6403646e-23,1.7933956e-29
testing15599.jpg,Intermediate,1.0,1.0,3.5382338e-27,1.9871394e-28
testing15600.jpg,Intermediate,1.0,1.0,0.0,0.0
testing15601.jpg,Intermediate,1.0,1.0,3.4348595e-27,1.9580563e-28
testing15602.jpg,Intermediate,1.0,1.0,9.7185126e-30,1.9686024e-27
testing15603.jpg,Intermediate,1.0,1.0,0.0,5.9204148e-33
testing15604.jpg,Intermediate,1.0,1.0,3.340186e-33,1.2876437e-25
testing15605.jpg,Intermediate,1.0,1.0,1.5489379e-21,5.0436986e-18
testing15606.jpg,Intermediate,1.0,1.0,1.5021876e-28,1.9014521e-27
testing15607.jpg,Outside,1.0,2.0595392e-12,2.91032e-17,1.0
testing15608.jpg,Intermediate,1.0,1.0,1.2508347e-17,1.3588159e-08
testing15609.jpg,Outside,1.0,1.1655344e-14,1.0380068e-18,1.0
testing15610.jpg,Nanodomain,1.0,0.0,1.0,0.0
testing15611.jpg,Nanodomain,1.0,0.0,1.0,0.0
testing15612.jpg,Nanodomain,1.0,0.0,1.0,0.0
testing15613.jpg,Nanodomain,1.0,0.0,1.0,0.0
testing15614.jpg,Nanodomain,1.0,0.0,1.0,0.0
testing15615.jpg,Nanodomain,1.0,0.0,1.0,0.0
testing15616.jpg,Nanodomain,1.0,0.0,1.0,0.0
testing15617.jpg,Nanodomain,1.0,0.0,1.0,0.0
testing15618.jpg,Nanodomain,1.0,0.0,1.0,0.0
testing15619.jpg,Nanodomain,1.0,0.0,1.0,0.0
testing15620.jpg,Nanodomain,1.0,0.0,1.0,0.0
testing15621.jpg,Nanodomain,1.0,0.0,1.0,0.0
testing15622.jpg,Intermediate,1.0,1.0,9.167208e-31,8.95896e-29
testing15623.jpg,Intermediate,1.0,1.0,6.926997e-27,1.3979313e-26
testing15624.jpg,Nanodomain,1.0,0.0,1.0,0.0
testing15625.jpg,Nanodomain,1.0,0.0,1.0,0.0
testing15626.jpg,Nanodomain,1.0,0.0,1.0,0.0
testing15627.jpg,Nanodomain,1.0,7.2164266e-31,1.0,0.0
testing15628.jpg,Nanodomain,1.0,1.2657704e-35,1.0,0.0
testing15629.jpg,Nanodomain,1.0,0.0,1.0,0.0
testing15630.jpg,Nanodomain,1.0,5.486277e-33,1.0,0.0
testing15631.jpg,Nanodomain,1.0,5.6734064e-31,1.0,0.0
testing15632.jpg,Nanodomain,1.0,2.3567008e-28,1.0,0.0
testing15633.jpg,Nanodomain,1.0,4.208133e-23,1.0,0.0
testing15634.jpg,Nanodomain,1.0,2.7264589e-27,1.0,0.0
testing15635.jpg,Nanodomain,1.0,3.0569478e-10,1.0,1.2589295e-32
testing15636.jpg,Nanodomain,1.0,2.6815741e-12,1.0,7.57103e-32
testing15637.jpg,Outside,0.9999541,4.5889374e-05,4.5210794e-15,0.9999541
testing15638.jpg,Intermediate,1.0,1.0,1.4676696e-20,3.1692995e-16
testing15639.jpg,Outside,1.0,1.9516834e-25,1.0886934e-26,1.0
testing15640.jpg,Outside,1.0,5.2185545e-25,9.111177e-25,1.0
testing15641.jpg,Nanodomain,1.0,2.4124362e-17,1.0,4.2602556e-38
testing15642.jpg,Intermediate,0.9935402,0.9935402,0.0064598196,1.127888e-22
testing15643.jpg,Nanodomain,1.0,1.6740399e-11,1.0,7.659757e-30
testing15644.jpg,Intermediate,0.9999707,0.9999707,2.9284996e-05,2.1934229e-21
testing15645.jpg,Nanodomain,1.0,3.0992414e-14,1.0,5.8992684e-33
testing15646.jpg,Intermediate,1.0,1.0,2.1624453e-16,1.1371953e-26
testing15647.jpg,Intermediate,1.0,1.0,5.7761957e-24,6.4533253e-26
testing15648.jpg,Intermediate,1.0,1.0,7.5015695e-18,3.0874313e-13
testing15649.jpg,Intermediate,1.0,1.0,1.9899319e-27,1.8842721e-29
testing15650.jpg,Intermediate,1.0,1.0,1.6748237e-17,2.4564987e-26
testing15651.jpg,Nanodomain,1.0,0.0,1.0,0.0
testing15652.jpg,Nanodomain,1.0,0.0,1.0,0.0
testing15653.jpg,Outside,1.0,3.5748748e-29,5.505474e-28,1.0
testing15654.jpg,Nanodomain,1.0,0.0,1.0,0.0
testing15655.jpg,Outside,1.0,5.2092946e-14,2.7332862e-15,1.0
testing15656.jpg,Intermediate,1.0,1.0,1.4814669e-36,6.959814e-27
testing15657.jpg,Outside,1.0,6.050912e-30,1.2476056e-29,1.0
testing15658.jpg,Outside,1.0,2.3459631e-29,5.713418e-29,1.0
testing15659.jpg,Outside,1.0,2.0834344e-35,6.5103954e-33,1.0
testing15660.jpg,Outside,1.0,2.185217e-23,1.2177002e-23,1.0
testing15661.jpg,Outside,1.0,9.683478e-28,4.510473e-28,1.0
testing15662.jpg,Outside,1.0,1.1473031e-28,3.8939412e-28,1.0
testing15663.jpg,Outside,1.0,9.040248e-23,1.7232558e-24,1.0
testing15664.jpg,Intermediate,1.0,1.0,1.0350545e-23,6.160513e-13
testing15665.jpg,Outside,1.0,1.7013992e-10,3.1393497e-16,1.0
testing15666.jpg,Outside,1.0,2.2975771e-16,5.594628e-20,1.0
testing15667.jpg,Outside,0.99285686,0.00714311,5.961682e-17,0.99285686
testing15668.jpg,Outside,1.0,1.8041364e-19,4.3232924e-20,1.0
testing15669.jpg,Nanodomain,1.0,0.0,1.0,0.0
testing15670.jpg,Nanodomain,1.0,0.0,1.0,0.0
testing15671.jpg,Nanodomain,1.0,0.0,1.0,0.0
testing15672.jpg,Nanodomain,1.0,0.0,1.0,0.0
testing15673.jpg,Nanodomain,1.0,0.0,1.0,0.0
testing15674.jpg,Nanodomain,1.0,0.0,1.0,0.0
testing15675.jpg,Nanodomain,1.0,0.0,1.0,0.0
testing15676.jpg,Nanodomain,1.0,0.0,1.0,0.0
testing15677.jpg,Nanodomain,1.0,0.0,1.0,0.0
testing15678.jpg,Nanodomain,1.0,0.0,1.0,0.0
testing15679.jpg,Nanodomain,1.0,0.0,1.0,0.0
testing15680.jpg,Nanodomain,1.0,0.0,1.0,0.0
testing15681.jpg,Nanodomain,1.0,0.0,1.0,0.0
testing15682.jpg,Intermediate,1.0,1.0,2.9563612e-27,3.8147537e-20
testing15683.jpg,Nanodomain,1.0,9.5457603e-35,1.0,0.0
testing15684.jpg,Intermediate,1.0,1.0,2.2873584e-20,5.599888e-10
testing15685.jpg,Intermediate,1.0,1.0,1.1061404e-28,3.0520183e-22
testing15686.jpg,Intermediate,1.0,1.0,3.3772237e-27,2.7699475e-17
testing15687.jpg,Intermediate,1.0,1.0,2.6369812e-23,4.1046965e-16
testing15688.jpg,Intermediate,1.0,1.0,4.0237002e-27,4.081574e-15
testing15689.jpg,Intermediate,1.0,1.0,1.6059672e-19,7.0909986e-11
testing15690.jpg,Intermediate,1.0,1.0,1.8267666e-21,1.3770803e-11
testing15691.jpg,Intermediate,0.99994254,0.99994254,7.5766584e-18,5.745128e-05
testing15692.jpg,Intermediate,0.9996917,0.9996917,2.6009627e-19,0.00030831015
testing15693.jpg,Intermediate,1.0,1.0,2.8481255e-23,8.719e-15
testing15694.jpg,Intermediate,0.99991155,0.99991155,2.3587194e-16,8.844669e-05
testing15695.jpg,Outside,0.99986696,0.0001330649,1.429416e-15,0.99986696
testing15696.jpg,Intermediate,1.0,1.0,2.8831373e-24,1.0617322e-16
testing15697.jpg,Outside,1.0,3.1197164e-28,6.750008e-27,1.0
testing15698.jpg,Outside,1.0,2.502234e-28,2.0109082e-28,1.0
testing15699.jpg,Outside,1.0,1.0580412e-15,1.3760187e-16,1.0
testing15700.jpg,Outside,1.0,1.3522216e-25,2.196289e-24,1.0
testing15701.jpg,Intermediate,0.99934536,0.99934536,4.694476e-18,0.00065457344
testing15702.jpg,Outside,1.0,4.595465e-23,3.5346506e-24,1.0
testing15703.jpg,Outside,1.0,1.1750173e-20,2.9725738e-22,1.0
testing15704.jpg,Outside,1.0,3.384735e-24,2.1234051e-23,1.0
testing15705.jpg,Outside,1.0,7.552857e-32,6.584309e-30,1.0
testing15706.jpg,Outside,1.0,2.0992796e-19,8.400413e-22,1.0
testing15707.jpg,Outside,1.0,4.275491e-17,3.826457e-20,1.0
testing15708.jpg,Outside,1.0,2.8815477e-21,3.8008363e-21,1.0
testing15709.jpg,Outside,1.0,2.8557477e-26,7.768941e-28,1.0
testing15710.jpg,Outside,1.0,2.5230968e-31,1.1364531e-27,1.0
testing15711.jpg,Outside,1.0,7.307699e-25,1.2823749e-24,1.0
testing15712.jpg,Outside,1.0,3.328147e-22,5.7631087e-21,1.0
testing15713.jpg,Outside,1.0,1.1430342e-22,4.4190953e-23,1.0
testing15714.jpg,Outside,1.0,3.4945115e-12,3.5261078e-19,1.0
testing15715.jpg,Outside,1.0,1.2800477e-10,5.893716e-17,1.0
testing15716.jpg,Outside,1.0,6.4048457e-24,6.9031305e-25,1.0
testing15717.jpg,Outside,1.0,3.3313895e-20,5.5732576e-22,1.0
testing15718.jpg,Outside,1.0,4.4302065e-28,1.8492491e-24,1.0
testing15719.jpg,Nanodomain,1.0,0.0,1.0,0.0
testing15720.jpg,Nanodomain,1.0,0.0,1.0,0.0
testing15721.jpg,Nanodomain,1.0,0.0,1.0,0.0
testing15722.jpg,Nanodomain,1.0,0.0,1.0,0.0
testing15723.jpg,Intermediate,1.0,1.0,4.8745396e-24,8.10592e-29
testing15724.jpg,Intermediate,1.0,1.0,2.8145738e-34,1.4542845e-33
testing15725.jpg,Intermediate,1.0,1.0,0.0,1.0080322e-36
testing15726.jpg,Intermediate,1.0,1.0,0.0,3.2179233e-36
testing15727.jpg,Intermediate,1.0,1.0,0.0,1.6512285e-35
testing15728.jpg,Intermediate,1.0,1.0,0.0,2.765148e-29
testing15729.jpg,Intermediate,1.0,1.0,0.0,7.701287e-34
testing15730.jpg,Intermediate,1.0,1.0,0.0,4.8508772e-36
testing15731.jpg,Intermediate,1.0,1.0,1.731099e-21,8.349567e-26
testing15732.jpg,Intermediate,1.0,1.0,6.139606e-33,1.4725274e-26
testing15733.jpg,Intermediate,1.0,1.0,1.3046695e-29,5.066056e-22
testing15734.jpg,Intermediate,1.0,1.0,1.1584027e-21,4.6613877e-17
testing15735.jpg,Outside,1.0,3.8325202e-12,5.1369712e-14,1.0
testing15736.jpg,Outside,1.0,1.0303983e-15,1.5062119e-18,1.0
testing15737.jpg,Nanodomain,1.0,0.0,1.0,0.0
testing15738.jpg,Nanodomain,1.0,0.0,1.0,0.0
testing15739.jpg,Nanodomain,1.0,0.0,1.0,0.0
testing15740.jpg,Nanodomain,1.0,0.0,1.0,0.0
testing15741.jpg,Nanodomain,1.0,0.0,1.0,0.0
testing15742.jpg,Nanodomain,1.0,0.0,1.0,0.0
testing15743.jpg,Nanodomain,1.0,0.0,1.0,0.0
testing15744.jpg,Nanodomain,1.0,0.0,1.0,0.0
testing15745.jpg,Nanodomain,1.0,1.9088168e-24,1.0,0.0
testing15746.jpg,Nanodomain,1.0,0.0,1.0,0.0
testing15747.jpg,Nanodomain,1.0,0.0,1.0,0.0
testing15748.jpg,Nanodomain,1.0,2.2828368e-33,1.0,0.0
testing15749.jpg,Nanodomain,1.0,0.0,1.0,0.0
testing15750.jpg,Nanodomain,1.0,0.0,1.0,0.0
testing15751.jpg,Nanodomain,1.0,1.1818683e-20,1.0,0.0
testing15752.jpg,Nanodomain,1.0,5.1364135e-10,1.0,1.7781636e-29
testing15753.jpg,Nanodomain,0.99810946,0.0018905597,0.99810946,9.158256e-24
testing15754.jpg,Nanodomain,1.0,2.4068805e-20,1.0,1.7651264e-37
testing15755.jpg,Nanodomain,1.0,2.5545508e-25,1.0,0.0
testing15756.jpg,Nanodomain,0.9999995,4.8289064e-07,0.9999995,9.03798e-28
testing15757.jpg,Nanodomain,1.0,1.5399195e-19,1.0,0.0
testing15758.jpg,Nanodomain,1.0,1.0625435e-29,1.0,0.0
testing15759.jpg,Nanodomain,1.0,7.55076e-23,1.0,0.0
testing15760.jpg,Nanodomain,1.0,6.847282e-21,1.0,3.8374435e-38
testing15761.jpg,Nanodomain,1.0,3.7232986e-29,1.0,0.0
testing15762.jpg,Nanodomain,1.0,8.228527e-26,1.0,0.0
testing15763.jpg,Nanodomain,1.0,1.7319249e-28,1.0,0.0
testing15764.jpg,Nanodomain,1.0,3.1096227e-17,1.0,2.3366339e-33
testing15765.jpg,Nanodomain,1.0,3.9679169e-25,1.0,0.0
testing15766.jpg,Outside,1.0,5.971259e-28,3.194889e-30,1.0
testing15767.jpg,Outside,1.0,2.8239385e-21,1.8451641e-22,1.0
testing15768.jpg,Intermediate,1.0,1.0,1.6868795e-23,6.0180175e-15
testing15769.jpg,Intermediate,1.0,1.0,1.9153807e-25,7.675448e-19
testing15770.jpg,Nanodomain,1.0,3.2440578e-18,1.0,1.3655146e-37
testing15771.jpg,Intermediate,1.0,1.0,9.441059e-14,1.506052e-24
testing15772.jpg,Intermediate,0.9999999,0.9999999,7.730822e-08,9.309752e-25
testing15773.jpg,Nanodomain,0.9667654,0.033234555,0.9667654,2.031173e-22
testing15774.jpg,Intermediate,0.9990274,0.9990274,0.0009725861,6.4606027e-22
testing15775.jpg,Intermediate,1.0,1.0,5.2804207e-14,2.1300972e-24
testing15776.jpg,Nanodomain,1.0,3.7434026e-17,1.0,4.3655688e-35
testing15777.jpg,Intermediate,0.9922563,0.9922563,0.0077436934,7.0921763e-23
testing15778.jpg,Nanodomain,1.0,1.2904299e-13,1.0,9.141249e-34
testing15779.jpg,Intermediate,1.0,1.0,1.7249605e-30,1.17524044e-29
testing15780.jpg,Intermediate,1.0,1.0,4.2285232e-22,3.4510044e-25
testing15781.jpg,Intermediate,1.0,1.0,3.9585815e-21,2.4476256e-23
testing15782.jpg,Outside,1.0,2.98857e-08,5.8974326e-15,1.0
testing15783.jpg,Outside,1.0,8.7425884e-13,1.0787071e-16,1.0
testing15784.jpg,Intermediate,1.0,1.0,7.496888e-23,5.879729e-12
testing15785.jpg,Outside,1.0,4.962533e-17,2.5830432e-20,1.0
testing15786.jpg,Outside,1.0,7.63284e-21,1.4007693e-21,1.0
testing15787.jpg,Outside,1.0,7.97186e-27,6.9080694e-29,1.0
testing15788.jpg,Outside,1.0,2.246905e-25,3.737492e-26,1.0
testing15789.jpg,Outside,1.0,7.9289494e-26,1.4465885e-25,1.0
testing15790.jpg,Outside,1.0,2.7444157e-28,7.0232594e-28,1.0
testing15791.jpg,Outside,1.0,7.0369203e-25,2.4510535e-24,1.0
testing15792.jpg,Outside,1.0,5.9494196e-32,1.7228767e-29,1.0
testing15793.jpg,Outside,1.0,2.2418246e-28,1.2545611e-26,1.0
testing15794.jpg,Outside,1.0,3.971909e-28,1.9477024e-27,1.0
testing15795.jpg,Outside,1.0,8.0633646e-28,1.8883034e-27,1.0
testing15796.jpg,Outside,1.0,1.7226962e-25,4.284733e-24,1.0
testing15797.jpg,Nanodomain,1.0,3.4913477e-34,1.0,0.0
testing15798.jpg,Nanodomain,1.0,0.0,1.0,0.0
testing15799.jpg,Nanodomain,1.0,0.0,1.0,0.0
testing15800.jpg,Nanodomain,1.0,0.0,1.0,0.0
testing15801.jpg,Nanodomain,1.0,0.0,1.0,0.0
testing15802.jpg,Nanodomain,1.0,0.0,1.0,0.0
testing15803.jpg,Nanodomain,1.0,0.0,1.0,0.0
testing15804.jpg,Nanodomain,1.0,0.0,1.0,0.0
testing15805.jpg,Nanodomain,1.0,0.0,1.0,0.0
testing15806.jpg,Nanodomain,1.0,0.0,1.0,0.0
testing15807.jpg,Nanodomain,1.0,0.0,1.0,0.0
testing15808.jpg,Nanodomain,1.0,0.0,1.0,0.0
testing15809.jpg,Nanodomain,1.0,0.0,1.0,0.0
testing15810.jpg,Nanodomain,1.0,5.6206114e-30,1.0,0.0
testing15811.jpg,Nanodomain,1.0,1.276808e-35,1.0,0.0
testing15812.jpg,Nanodomain,1.0,0.0,1.0,0.0
testing15813.jpg,Intermediate,1.0,1.0,8.661023e-22,2.4493637e-15
testing15814.jpg,Intermediate,1.0,1.0,1.05772005e-27,6.340811e-17
testing15815.jpg,Intermediate,1.0,1.0,3.960542e-30,8.917067e-19
testing15816.jpg,Intermediate,1.0,1.0,3.4712718e-32,3.080669e-19
testing15817.jpg,Intermediate,1.0,1.0,2.5620954e-32,6.397555e-21
testing15818.jpg,Intermediate,1.0,1.0,5.1274004e-28,5.5386823e-17
testing15819.jpg,Intermediate,0.8973347,0.8973347,5.6001726e-14,0.10266533
testing15820.jpg,Intermediate,1.0,1.0,9.636747e-29,9.723388e-19
testing15821.jpg,Intermediate,1.0,1.0,6.280155e-30,1.7580847e-21
testing15822.jpg,Outside,0.999853,0.00014701582,7.017263e-16,0.999853
testing15823.jpg,Intermediate,1.0,1.0,7.1101794e-25,4.697881e-15
testing15824.jpg,Outside,1.0,3.3867214e-18,1.1267366e-19,1.0
testing15825.jpg,Outside,1.0,3.666297e-09,1.7273574e-15,1.0
testing15826.jpg,Intermediate,0.9997898,0.9997898,1.0175811e-16,0.00021018347
testing15827.jpg,Outside,0.9999982,1.810027e-06,1.4462513e-15,0.9999982
testing15828.jpg,Outside,1.0,3.2176736e-31,7.465253e-27,1.0
testing15829.jpg,Outside,1.0,2.6215087e-28,1.4538958e-26,1.0
testing15830.jpg,Intermediate,1.0,1.0,1.750914e-24,8.641846e-15
testing15831.jpg,Intermediate,1.0,1.0,1.1209371e-25,8.025389e-17
testing15832.jpg,Intermediate,0.9998203,0.9998203,6.26765e-18,0.00017967763
testing15833.jpg,Outside,1.0,2.459939e-12,5.511055e-16,1.0
testing15834.jpg,Intermediate,0.7238401,0.7238401,3.5884935e-16,0.27615985
testing15835.jpg,Intermediate,0.99975365,0.99975365,2.6373339e-18,0.00024637658
testing15836.jpg,Outside,1.0,3.122339e-11,6.490475e-13,1.0
testing15837.jpg,Outside,0.9999999,8.418469e-08,3.3425155e-12,0.9999999
testing15838.jpg,Outside,1.0,6.614766e-24,1.1120623e-23,1.0
testing15839.jpg,Outside,1.0,1.5029327e-28,8.688633e-27,1.0
testing15840.jpg,Nanodomain,1.0,0.0,1.0,0.0
testing15841.jpg,Nanodomain,1.0,0.0,1.0,0.0
testing15842.jpg,Nanodomain,1.0,0.0,1.0,0.0
testing15843.jpg,Nanodomain,1.0,0.0,1.0,0.0
testing15844.jpg,Nanodomain,1.0,0.0,1.0,0.0
testing15845.jpg,Nanodomain,1.0,0.0,1.0,0.0
testing15846.jpg,Nanodomain,1.0,0.0,1.0,0.0
testing15847.jpg,Nanodomain,1.0,0.0,1.0,0.0
testing15848.jpg,Nanodomain,1.0,0.0,1.0,0.0
testing15849.jpg,Nanodomain,1.0,0.0,1.0,0.0
testing15850.jpg,Nanodomain,1.0,0.0,1.0,0.0
testing15851.jpg,Outside,1.0,1.0250046e-21,1.0222211e-20,1.0
testing15852.jpg,Intermediate,1.0,1.0,4.2508768e-36,1.2837499e-32
testing15853.jpg,Intermediate,1.0,1.0,3.087706e-33,2.3481398e-28
testing15854.jpg,Intermediate,1.0,1.0,3.3056967e-32,2.649921e-29
testing15855.jpg,Intermediate,1.0,1.0,3.7134634e-32,9.110176e-31
testing15856.jpg,Intermediate,1.0,1.0,1.5194895e-35,1.1673834e-25
testing15857.jpg,Intermediate,1.0,1.0,5.5444253e-27,4.8649166e-24
testing15858.jpg,Intermediate,1.0,1.0,3.7427472e-31,8.855366e-28
testing15859.jpg,Intermediate,1.0,1.0,2.6954788e-25,1.435826e-22
testing15860.jpg,Intermediate,1.0,1.0,3.78988e-34,2.7423887e-26
testing15861.jpg,Intermediate,1.0,1.0,2.0338766e-34,2.9347075e-28
testing15862.jpg,Outside,1.0,2.5940558e-18,8.501365e-18,1.0
testing15863.jpg,Outside,1.0,1.0344351e-15,8.6546745e-16,1.0
testing15864.jpg,Nanodomain,1.0,0.0,1.0,0.0
testing15865.jpg,Nanodomain,1.0,0.0,1.0,0.0
testing15866.jpg,Nanodomain,1.0,0.0,1.0,0.0
testing15867.jpg,Nanodomain,1.0,0.0,1.0,0.0
testing15868.jpg,Nanodomain,1.0,0.0,1.0,0.0
testing15869.jpg,Nanodomain,1.0,0.0,1.0,0.0
testing15870.jpg,Nanodomain,1.0,0.0,1.0,0.0
testing15871.jpg,Nanodomain,1.0,0.0,1.0,0.0
testing15872.jpg,Nanodomain,1.0,0.0,1.0,0.0
testing15873.jpg,Nanodomain,1.0,1.3381285e-36,1.0,0.0
testing15874.jpg,Nanodomain,1.0,2.5905903e-29,1.0,0.0
testing15875.jpg,Nanodomain,1.0,4.9827147e-25,1.0,0.0
testing15876.jpg,Nanodomain,1.0,3.6212114e-29,1.0,0.0
testing15877.jpg,Nanodomain,1.0,9.831594e-33,1.0,0.0
testing15878.jpg,Nanodomain,1.0,0.0,1.0,0.0
testing15879.jpg,Intermediate,1.0,1.0,2.8633211e-24,1.8589923e-20
testing15880.jpg,Nanodomain,1.0,2.1173306e-23,1.0,0.0
testing15881.jpg,Nanodomain,1.0,2.9857865e-25,1.0,0.0
testing15882.jpg,Nanodomain,1.0,6.1045446e-28,1.0,0.0
testing15883.jpg,Nanodomain,1.0,3.7647043e-28,1.0,0.0
testing15884.jpg,Nanodomain,1.0,1.1264376e-31,1.0,0.0
testing15885.jpg,Nanodomain,1.0,1.7347395e-23,1.0,0.0
testing15886.jpg,Nanodomain,1.0,1.324487e-22,1.0,0.0
testing15887.jpg,Nanodomain,1.0,1.3414866e-28,1.0,0.0
testing15888.jpg,Nanodomain,1.0,3.944995e-23,1.0,0.0
testing15889.jpg,Nanodomain,1.0,1.3327878e-31,1.0,0.0
testing15890.jpg,Nanodomain,1.0,5.410774e-16,1.0,6.678426e-33
testing15891.jpg,Nanodomain,1.0,3.0058509e-27,1.0,0.0
testing15892.jpg,Nanodomain,1.0,4.5907004e-30,1.0,0.0
testing15893.jpg,Nanodomain,1.0,0.0,1.0,0.0
testing15894.jpg,Nanodomain,0.99999964,3.453142e-07,0.99999964,3.2691767e-25
testing15895.jpg,Intermediate,0.9999937,0.9999937,6.3171524e-06,7.0688795e-21
testing15896.jpg,Intermediate,1.0,1.0,1.5737183e-16,2.8988129e-21
testing15897.jpg,Intermediate,0.9993992,0.9993992,0.00060083985,6.782022e-20
testing15898.jpg,Intermediate,0.99842346,0.99842346,0.0015765582,1.1750901e-21
testing15899.jpg,Intermediate,0.9975178,0.9975178,0.0024821647,9.664268e-21
testing15900.jpg,Intermediate,1.0,1.0,1.1837654e-09,9.184959e-23
testing15901.jpg,Intermediate,1.0,1.0,1.9472442e-17,3.2585234e-23
testing15902.jpg,Intermediate,1.0,1.0,2.4534481e-24,2.3179542e-26
testing15903.jpg,Intermediate,1.0,1.0,4.9928627e-11,1.9662274e-23
testing15904.jpg,Intermediate,1.0,1.0,3.642208e-17,5.4796954e-23
testing15905.jpg,Intermediate,1.0,1.0,1.5880746e-19,6.7732576e-24
testing15906.jpg,Intermediate,1.0,1.0,2.2822798e-14,2.056011e-23
testing15907.jpg,Intermediate,0.9999999,0.9999999,7.962484e-08,1.5442938e-22
testing15908.jpg,Outside,1.0,1.0289598e-09,2.7866518e-16,1.0
testing15909.jpg,Outside,1.0,2.6737905e-16,1.3807006e-20,1.0
testing15910.jpg,Outside,1.0,9.402812e-15,3.9435138e-19,1.0
testing15911.jpg,Intermediate,0.78018814,0.78018814,6.9597616e-16,0.21981184
testing15912.jpg,Outside,1.0,2.685184e-26,1.2651052e-26,1.0
testing15913.jpg,Outside,1.0,4.4964638e-24,3.082668e-26,1.0
testing15914.jpg,Outside,1.0,4.132425e-24,4.645694e-25,1.0
testing15915.jpg,Outside,1.0,7.602114e-24,2.6401013e-23,1.0
testing15916.jpg,Outside,1.0,3.222176e-27,4.1708875e-27,1.0
testing15917.jpg,Outside,1.0,3.860185e-16,5.823443e-20,1.0
testing15918.jpg,Outside,1.0,3.4123467e-18,1.602142e-20,1.0
testing15919.jpg,Outside,1.0,2.1928439e-28,3.5438514e-28,1.0
testing15920.jpg,Outside,1.0,2.081924e-21,5.7835657e-22,1.0
testing15921.jpg,Outside,1.0,2.0555176e-30,3.6289015e-28,1.0
testing15922.jpg,Outside,1.0,1.2435788e-25,6.4977428e-25,1.0
testing15923.jpg,Outside,1.0,1.8384735e-24,2.7671374e-25,1.0
testing15924.jpg,Outside,1.0,1.4457507e-24,1.1307931e-26,1.0
testing15925.jpg,Nanodomain,1.0,0.0,1.0,0.0
testing15926.jpg,Nanodomain,1.0,0.0,1.0,0.0
testing15927.jpg,Nanodomain,1.0,0.0,1.0,0.0
testing15928.jpg,Nanodomain,1.0,0.0,1.0,0.0
testing15929.jpg,Nanodomain,1.0,0.0,1.0,0.0
testing15930.jpg,Nanodomain,1.0,0.0,1.0,0.0
testing15931.jpg,Nanodomain,1.0,1.7676657e-38,1.0,0.0
testing15932.jpg,Nanodomain,1.0,9.655137e-38,1.0,0.0
testing15933.jpg,Nanodomain,1.0,0.0,1.0,0.0
testing15934.jpg,Nanodomain,1.0,1.5598133e-35,1.0,0.0
testing15935.jpg,Nanodomain,1.0,0.0,1.0,0.0
testing15936.jpg,Nanodomain,1.0,1.1837962e-33,1.0,0.0
testing15937.jpg,Outside,1.0,3.3776733e-09,3.7767996e-14,1.0
testing15938.jpg,Intermediate,1.0,1.0,5.889534e-25,4.9610397e-16
testing15939.jpg,Intermediate,1.0,1.0,1.3724995e-18,5.3039397e-14
testing15940.jpg,Intermediate,1.0,1.0,3.2235147e-28,3.3041835e-17
testing15941.jpg,Intermediate,1.0,1.0,4.3387235e-20,1.0086678e-12
testing15942.jpg,Intermediate,1.0,1.0,1.239501e-25,3.643263e-14
testing15943.jpg,Intermediate,1.0,1.0,3.4201485e-28,2.5068997e-18
testing15944.jpg,Intermediate,1.0,1.0,2.5116085e-26,8.945491e-17
testing15945.jpg,Outside,0.99247026,0.0075296885,2.9038096e-15,0.99247026
testing15946.jpg,Intermediate,1.0,1.0,1.4709729e-25,2.7710893e-13
testing15947.jpg,Intermediate,0.99995506,0.99995506,1.3909008e-18,4.4960314e-05
testing15948.jpg,Intermediate,1.0,1.0,6.2397225e-24,1.1428863e-14
testing15949.jpg,Intermediate,0.97954786,0.97954786,4.8136225e-14,0.020452147
testing15950.jpg,Intermediate,0.99999297,0.99999297,5.820385e-19,6.9799535e-06
testing15951.jpg,Intermediate,1.0,1.0,2.0578414e-21,3.4768604e-08
testing15952.jpg,Outside,0.99999917,8.3840314e-07,5.976372e-16,0.99999917
testing15953.jpg,Outside,1.0,1.0694013e-18,4.838811e-20,1.0
testing15954.jpg,Outside,1.0,8.8031855e-15,2.4452496e-20,1.0
testing15955.jpg,Intermediate,1.0,1.0,9.872754e-24,7.1700057e-10
testing15956.jpg,Intermediate,0.9077982,0.9077982,1.4131378e-17,0.092201784
testing15957.jpg,Outside,1.0,8.8362885e-12,9.305104e-17,1.0
testing15958.jpg,Intermediate,1.0,1.0,1.8537533e-26,1.8732671e-18
testing15959.jpg,Outside,1.0,1.6461536e-08,2.6757586e-17,1.0
testing15960.jpg,Outside,0.99977714,0.00022287086,9.888491e-17,0.99977714
testing15961.jpg,Intermediate,0.616781,0.616781,2.505041e-15,0.38321903
testing15962.jpg,Outside,1.0,8.259969e-09,3.6742445e-19,1.0
testing15963.jpg,Outside,1.0,5.5693145e-11,7.469706e-17,1.0
testing15964.jpg,Intermediate,1.0,1.0,2.050648e-28,8.3616045e-21
testing15965.jpg,Intermediate,1.0,1.0,1.7768571e-19,6.7496573e-09
testing15966.jpg,Intermediate,0.99999964,0.99999964,1.4160716e-19,3.2871517e-07
testing15967.jpg,Outside,1.0,4.8556673e-23,5.2607133e-23,1.0
testing15968.jpg,Nanodomain,1.0,0.0,1.0,0.0
testing15969.jpg,Nanodomain,1.0,0.0,1.0,0.0
testing15970.jpg,Nanodomain,1.0,0.0,1.0,0.0
testing15971.jpg,Nanodomain,1.0,0.0,1.0,0.0
testing15972.jpg,Nanodomain,1.0,0.0,1.0,0.0
testing15973.jpg,Nanodomain,1.0,0.0,1.0,0.0
testing15974.jpg,Nanodomain,1.0,0.0,1.0,0.0
testing15975.jpg,Nanodomain,1.0,0.0,1.0,0.0
testing15976.jpg,Nanodomain,1.0,0.0,1.0,0.0
testing15977.jpg,Nanodomain,1.0,0.0,1.0,0.0
testing15978.jpg,Nanodomain,1.0,0.0,1.0,0.0
testing15979.jpg,Nanodomain,1.0,0.0,1.0,0.0
testing15980.jpg,Outside,1.0,4.962128e-20,2.1156705e-20,1.0
testing15981.jpg,Outside,1.0,8.2356216e-19,2.5647537e-18,1.0
testing15982.jpg,Intermediate,1.0,1.0,2.4278648e-38,9.274552e-33
testing15983.jpg,Intermediate,1.0,1.0,8.10063e-30,1.2180434e-24
testing15984.jpg,Intermediate,1.0,1.0,0.0,2.218428e-37
testing15985.jpg,Intermediate,1.0,1.0,1.1224168e-34,2.4396705e-26
testing15986.jpg,Intermediate,1.0,1.0,6.848623e-26,9.4569564e-21
testing15987.jpg,Intermediate,1.0,1.0,5.686935e-36,1.314748e-27
testing15988.jpg,Outside,0.9921084,0.007891551,4.129894e-14,0.9921084
testing15989.jpg,Outside,1.0,3.9213782e-16,1.7298852e-20,1.0
testing15990.jpg,Outside,1.0,1.3431944e-13,4.5388916e-17,1.0
testing15991.jpg,Nanodomain,1.0,0.0,1.0,0.0
testing15992.jpg,Nanodomain,1.0,0.0,1.0,0.0
testing15993.jpg,Nanodomain,1.0,0.0,1.0,0.0
testing15994.jpg,Nanodomain,1.0,0.0,1.0,0.0
testing15995.jpg,Nanodomain,1.0,0.0,1.0,0.0
testing15996.jpg,Nanodomain,1.0,0.0,1.0,0.0
testing15997.jpg,Nanodomain,1.0,0.0,1.0,0.0
testing15998.jpg,Nanodomain,1.0,0.0,1.0,0.0
testing15999.jpg,Nanodomain,1.0,0.0,1.0,0.0
testing16000.jpg,Nanodomain,1.0,0.0,1.0,0.0
testing16001.jpg,Nanodomain,1.0,2.2613735e-28,1.0,0.0
testing16002.jpg,Nanodomain,1.0,1.3603003e-29,1.0,0.0
testing16003.jpg,Nanodomain,1.0,3.4009204e-35,1.0,0.0
testing16004.jpg,Nanodomain,1.0,9.34202e-25,1.0,0.0
testing16005.jpg,Nanodomain,1.0,4.7789285e-23,1.0,0.0
testing16006.jpg,Nanodomain,1.0,0.0,1.0,0.0
testing16007.jpg,Nanodomain,1.0,1.9344471e-28,1.0,0.0
testing16008.jpg,Intermediate,1.0,1.0,1.6104698e-12,4.1151747e-21
testing16009.jpg,Nanodomain,1.0,1.5078972e-17,1.0,2.1456772e-36
testing16010.jpg,Nanodomain,1.0,2.4076698e-09,1.0,5.0545743e-28
testing16011.jpg,Nanodomain,1.0,1.1410683e-24,1.0,0.0
testing16012.jpg,Intermediate,1.0,1.0,1.2193519e-28,1.6474422e-26
testing16013.jpg,Nanodomain,0.99243075,0.0075692562,0.99243075,7.9621574e-23
testing16014.jpg,Nanodomain,1.0,2.4681054e-21,1.0,0.0
testing16015.jpg,Nanodomain,1.0,2.0052564e-08,1.0,8.267538e-27
testing16016.jpg,Nanodomain,1.0,0.0,1.0,0.0
testing16017.jpg,Nanodomain,1.0,0.0,1.0,0.0
testing16018.jpg,Nanodomain,0.80249196,0.1975081,0.80249196,1.8557969e-24
testing16019.jpg,Intermediate,0.9997576,0.9997576,0.00024245234,5.464545e-25
testing16020.jpg,Nanodomain,0.9999641,3.591541e-05,0.9999641,1.0896821e-23
testing16021.jpg,Intermediate,0.90929943,0.90929943,0.090700604,1.2521619e-18
testing16022.jpg,Intermediate,1.0,1.0,1.7990607e-23,8.219252e-12
testing16023.jpg,Intermediate,1.0,1.0,4.175294e-21,1.0898173e-11
testing16024.jpg,Intermediate,1.0,1.0,6.124953e-21,2.5016804e-28
testing16025.jpg,Intermediate,0.9999999,0.9999999,7.466264e-08,5.1542597e-23
testing16026.jpg,Intermediate,0.9999974,0.9999974,2.6198118e-06,2.7286722e-24
testing16027.jpg,Intermediate,1.0,1.0,4.3704456e-15,2.3879719e-24
testing16028.jpg,Intermediate,1.0,1.0,5.8002176e-17,1.4289502e-25
testing16029.jpg,Intermediate,1.0,1.0,3.862425e-23,7.9859783e-28
testing16030.jpg,Intermediate,1.0,1.0,1.4394354e-21,5.3792585e-26
testing16031.jpg,Intermediate,1.0,1.0,2.5499223e-28,1.5773996e-27
testing16032.jpg,Intermediate,1.0,1.0,2.05333e-31,1.5594423e-30
testing16033.jpg,Intermediate,1.0,1.0,5.5635047e-38,2.5402014e-30
testing16034.jpg,Intermediate,1.0,1.0,5.0788748e-26,4.891808e-16
testing16035.jpg,Outside,0.9999989,1.0861626e-06,1.0909593e-16,0.9999989
testing16036.jpg,Intermediate,1.0,1.0,5.8761226e-22,5.558306e-16
testing16037.jpg,Outside,1.0,8.583705e-27,4.199401e-27,1.0
testing16038.jpg,Outside,1.0,4.0085643e-27,1.2872753e-25,1.0
testing16039.jpg,Outside,1.0,3.4813946e-22,2.479901e-22,1.0
testing16040.jpg,Outside,1.0,7.981319e-28,5.1635217e-26,1.0
testing16041.jpg,Outside,1.0,1.2796577e-24,4.862134e-24,1.0
testing16042.jpg,Outside,1.0,1.3738769e-26,8.643932e-28,1.0
testing16043.jpg,Outside,1.0,4.737544e-23,9.786059e-25,1.0
testing16044.jpg,Outside,1.0,4.8305118e-20,4.3241785e-22,1.0
testing16045.jpg,Outside,1.0,3.0663992e-27,2.8759286e-26,1.0
testing16046.jpg,Outside,1.0,5.330171e-27,7.015421e-26,1.0
testing16047.jpg,Outside,1.0,3.9951016e-26,1.6943125e-26,1.0
testing16048.jpg,Outside,1.0,4.0042807e-29,3.0391016e-28,1.0
testing16049.jpg,Outside,1.0,3.9812988e-28,4.1581625e-27,1.0
testing16050.jpg,Outside,1.0,6.6654014e-31,6.684254e-28,1.0
testing16051.jpg,Outside,1.0,1.1009936e-25,1.7010358e-25,1.0
testing16052.jpg,Outside,1.0,3.651085e-16,4.0356302e-19,1.0
testing16053.jpg,Nanodomain,1.0,0.0,1.0,0.0
testing16054.jpg,Nanodomain,1.0,0.0,1.0,0.0
testing16055.jpg,Nanodomain,1.0,1.8859224e-33,1.0,0.0
testing16056.jpg,Nanodomain,1.0,0.0,1.0,0.0
testing16057.jpg,Nanodomain,1.0,7.361501e-33,1.0,0.0
testing16058.jpg,Nanodomain,1.0,0.0,1.0,0.0
testing16059.jpg,Nanodomain,1.0,1.4006907e-34,1.0,0.0
testing16060.jpg,Nanodomain,1.0,4.2931637e-37,1.0,0.0
testing16061.jpg,Nanodomain,1.0,4.6989265e-35,1.0,0.0
testing16062.jpg,Nanodomain,1.0,6.722162e-32,1.0,0.0
testing16063.jpg,Nanodomain,1.0,2.9281907e-26,1.0,0.0
testing16064.jpg,Nanodomain,1.0,7.123348e-32,1.0,0.0
testing16065.jpg,Intermediate,1.0,1.0,2.6658967e-24,9.087724e-15
testing16066.jpg,Outside,0.9999596,4.0362967e-05,6.545637e-12,0.9999596
testing16067.jpg,Intermediate,1.0,1.0,2.3001195e-17,1.5394054e-08
testing16068.jpg,Intermediate,1.0,1.0,6.2806265e-25,6.3885687e-17
testing16069.jpg,Intermediate,1.0,1.0,5.4698742e-25,9.456165e-13
testing16070.jpg,Outside,1.0,8.598967e-11,1.2327536e-17,1.0
testing16071.jpg,Outside,0.9997181,0.00028186876,4.4759114e-17,0.9997181
testing16072.jpg,Outside,0.9999883,1.17062245e-05,4.4184332e-17,0.9999883
testing16073.jpg,Outside,1.0,3.0690672e-27,1.1084309e-26,1.0
testing16074.jpg,Outside,1.0,2.937503e-16,5.287096e-20,1.0
testing16075.jpg,Outside,1.0,4.0579825e-27,8.786467e-25,1.0
testing16076.jpg,Outside,1.0,4.0299237e-26,9.5280136e-26,1.0
testing16077.jpg,Outside,1.0,4.2943755e-22,1.5285187e-19,1.0
testing16078.jpg,Outside,1.0,2.4819175e-29,1.045685e-26,1.0
testing16079.jpg,Outside,1.0,4.4963885e-12,9.906933e-17,1.0
testing16080.jpg,Outside,1.0,2.8468099e-24,1.1064182e-22,1.0
testing16081.jpg,Outside,1.0,1.0774487e-31,2.7641055e-28,1.0
testing16082.jpg,Outside,1.0,7.130564e-14,7.423068e-16,1.0
testing16083.jpg,Outside,1.0,4.679487e-18,1.1634678e-23,1.0
testing16084.jpg,Outside,0.5576992,0.44230077,1.6412153e-11,0.5576992
testing16085.jpg,Outside,0.9999968,3.194964e-06,1.8182765e-16,0.9999968
testing16086.jpg,Intermediate,0.99994063,0.99994063,6.345955e-16,5.93317e-05
testing16087.jpg,Intermediate,1.0,1.0,7.0347355e-28,4.9416444e-15
testing16088.jpg,Outside,1.0,3.1721602e-12,1.2255042e-18,1.0
testing16089.jpg,Outside,0.9999987,1.2752187e-06,8.0402496e-22,0.9999987
testing16090.jpg,Outside,1.0,3.144128e-11,6.5897575e-16,1.0
testing16091.jpg,Outside,1.0,3.2645344e-22,1.1646846e-23,1.0
testing16092.jpg,Outside,1.0,8.245195e-15,1.2623955e-19,1.0
testing16093.jpg,Outside,0.9998228,0.00017721392,1.0828828e-14,0.9998228
testing16094.jpg,Outside,0.8786713,0.1213287,6.82501e-15,0.8786713
testing16095.jpg,Nanodomain,1.0,0.0,1.0,0.0
testing16096.jpg,Nanodomain,1.0,0.0,1.0,0.0
testing16097.jpg,Nanodomain,1.0,0.0,1.0,0.0
testing16098.jpg,Nanodomain,1.0,0.0,1.0,0.0
testing16099.jpg,Nanodomain,1.0,0.0,1.0,0.0
testing16100.jpg,Nanodomain,1.0,0.0,1.0,0.0
testing16101.jpg,Nanodomain,1.0,0.0,1.0,0.0
testing16102.jpg,Nanodomain,1.0,0.0,1.0,0.0
testing16103.jpg,Nanodomain,1.0,0.0,1.0,0.0
testing16104.jpg,Nanodomain,1.0,0.0,1.0,0.0
testing16105.jpg,Nanodomain,1.0,0.0,1.0,0.0
testing16106.jpg,Nanodomain,1.0,0.0,1.0,0.0
testing16107.jpg,Nanodomain,1.0,0.0,1.0,0.0
testing16108.jpg,Outside,1.0,8.45256e-20,8.911822e-21,1.0
testing16109.jpg,Outside,1.0,1.2181056e-21,7.0019035e-23,1.0
testing16110.jpg,Outside,1.0,3.3943465e-29,1.2890234e-27,1.0
testing16111.jpg,Outside,1.0,4.231646e-18,1.637353e-21,1.0
testing16112.jpg,Outside,1.0,1.0122696e-24,1.6770481e-25,1.0
testing16113.jpg,Outside,1.0,1.2219909e-15,1.5609525e-17,1.0
testing16114.jpg,Outside,0.9999484,5.158807e-05,2.0426602e-10,0.9999484
testing16115.jpg,Outside,1.0,1.1597146e-12,2.5712342e-14,1.0
testing16116.jpg,Outside,0.9931277,0.0068723285,3.3630246e-10,0.9931277
testing16117.jpg,Outside,1.0,7.118723e-19,1.1912117e-18,1.0
testing16118.jpg,Nanodomain,1.0,0.0,1.0,0.0
testing16119.jpg,Nanodomain,1.0,0.0,1.0,0.0
testing16120.jpg,Nanodomain,1.0,0.0,1.0,0.0
testing16121.jpg,Nanodomain,1.0,0.0,1.0,0.0
testing16122.jpg,Nanodomain,1.0,0.0,1.0,0.0
testing16123.jpg,Nanodomain,1.0,0.0,1.0,0.0
testing16124.jpg,Nanodomain,1.0,0.0,1.0,0.0
testing16125.jpg,Nanodomain,1.0,0.0,1.0,0.0
testing16126.jpg,Nanodomain,1.0,0.0,1.0,0.0
testing16127.jpg,Nanodomain,1.0,0.0,1.0,0.0
testing16128.jpg,Nanodomain,1.0,0.0,1.0,0.0
testing16129.jpg,Nanodomain,1.0,3.834978e-19,1.0,5.9315055e-36
testing16130.jpg,Nanodomain,1.0,0.0,1.0,0.0
testing16131.jpg,Nanodomain,1.0,0.0,1.0,0.0
testing16132.jpg,Nanodomain,1.0,0.0,1.0,0.0
testing16133.jpg,Nanodomain,1.0,0.0,1.0,0.0
testing16134.jpg,Nanodomain,1.0,0.0,1.0,0.0
testing16135.jpg,Nanodomain,1.0,0.0,1.0,0.0
testing16136.jpg,Nanodomain,1.0,0.0,1.0,0.0
testing16137.jpg,Nanodomain,1.0,0.0,1.0,0.0
testing16138.jpg,Nanodomain,1.0,0.0,1.0,0.0
testing16139.jpg,Nanodomain,0.99982065,0.00017938082,0.99982065,9.762706e-27
testing16140.jpg,Nanodomain,1.0,6.6466696e-14,1.0,1.8938235e-33
testing16141.jpg,Nanodomain,1.0,1.6244574e-08,1.0,7.4500457e-31
testing16142.jpg,Nanodomain,1.0,8.526555e-36,1.0,0.0
testing16143.jpg,Nanodomain,1.0,6.5753545e-28,1.0,0.0
testing16144.jpg,Nanodomain,1.0,2.0446875e-36,1.0,0.0
testing16145.jpg,Nanodomain,1.0,3.6086597e-38,1.0,0.0
testing16146.jpg,Nanodomain,1.0,1.6516045e-11,1.0,8.699712e-34
testing16147.jpg,Intermediate,1.0,1.0,5.61025e-09,5.622435e-22
testing16148.jpg,Nanodomain,0.9986864,0.0013135811,0.9986864,1.4397555e-22
testing16149.jpg,Nanodomain,1.0,1.4674034e-17,1.0,3.5325953e-35
testing16150.jpg,Intermediate,1.0,1.0,4.4654055e-24,2.022287e-27
testing16151.jpg,Intermediate,1.0,1.0,2.1177295e-20,1.7176396e-22
testing16152.jpg,Intermediate,1.0,1.0,2.6308373e-19,6.2607576e-22
testing16153.jpg,Intermediate,1.0,1.0,1.133776e-29,1.1557377e-27
testing16154.jpg,Intermediate,1.0,1.0,3.881295e-11,2.7852888e-18
testing16155.jpg,Intermediate,1.0,1.0,5.288842e-31,1.640162e-26
testing16156.jpg,Intermediate,1.0,1.0,4.2083353e-26,1.6797644e-23
testing16157.jpg,Intermediate,1.0,1.0,1.4829578e-31,4.0809532e-29
testing16158.jpg,Intermediate,1.0,1.0,2.581337e-29,2.696493e-28
testing16159.jpg,Intermediate,1.0,1.0,0.0,4.047621e-36
testing16160.jpg,Intermediate,1.0,1.0,8.940174e-31,4.221709e-28
testing16161.jpg,Intermediate,1.0,1.0,4.279208e-26,2.901794e-25
testing16162.jpg,Intermediate,1.0,1.0,1.990049e-24,4.7039946e-23
testing16163.jpg,Intermediate,1.0,1.0,6.9427125e-19,6.6533432e-21
testing16164.jpg,Intermediate,1.0,1.0,2.6517855e-26,2.5240004e-17
testing16165.jpg,Intermediate,1.0,1.0,2.3685904e-34,8.412285e-28
testing16166.jpg,Intermediate,1.0,1.0,2.3597625e-33,2.123146e-23
testing16167.jpg,Intermediate,1.0,1.0,5.783589e-29,4.3311124e-22
testing16168.jpg,Intermediate,1.0,1.0,1.656199e-28,1.9398938e-20
testing16169.jpg,Outside,0.9998591,0.00014093833,8.94912e-15,0.9998591
testing16170.jpg,Intermediate,1.0,1.0,4.92565e-29,5.1535904e-16
testing16171.jpg,Intermediate,1.0,1.0,5.474827e-23,4.8229074e-09
testing16172.jpg,Outside,1.0,6.2366673e-27,5.1333943e-26,1.0
testing16173.jpg,Outside,1.0,7.57655e-24,6.327182e-25,1.0
testing16174.jpg,Intermediate,1.0,1.0,1.4797007e-19,2.0080759e-13
testing16175.jpg,Intermediate,1.0,1.0,2.4398032e-24,2.67639e-18
testing16176.jpg,Intermediate,1.0,1.0,2.3435025e-11,3.3942048e-21
testing16177.jpg,Intermediate,1.0,1.0,1.7122063e-26,7.647185e-27
testing16178.jpg,Intermediate,1.0,1.0,1.5996178e-30,9.654412e-28
testing16179.jpg,Intermediate,1.0,1.0,3.8949425e-25,4.0269446e-25
testing16180.jpg,Outside,0.99996734,3.265007e-05,9.946568e-15,0.99996734
testing16181.jpg,Intermediate,1.0,1.0,6.9289415e-30,1.5583446e-27
testing16182.jpg,Intermediate,1.0,1.0,1.0243224e-25,3.9729657e-15
testing16183.jpg,Intermediate,1.0,1.0,3.2980633e-32,5.2366067e-23
testing16184.jpg,Nanodomain,1.0,8.366048e-34,1.0,0.0
testing16185.jpg,Nanodomain,1.0,1.449125e-38,1.0,0.0
testing16186.jpg,Nanodomain,1.0,2.614857e-28,1.0,0.0
testing16187.jpg,Nanodomain,1.0,2.9793058e-37,1.0,0.0
testing16188.jpg,Nanodomain,1.0,1.6500896e-34,1.0,0.0
testing16189.jpg,Nanodomain,1.0,4.3276515e-26,1.0,0.0
testing16190.jpg,Nanodomain,1.0,8.20713e-30,1.0,0.0
testing16191.jpg,Nanodomain,1.0,4.1435813e-11,1.0,3.042182e-31
testing16192.jpg,Intermediate,1.0,1.0,3.418796e-33,4.9296877e-23
testing16193.jpg,Intermediate,0.999995,0.999995,7.2579244e-20,5.036115e-06
testing16194.jpg,Intermediate,1.0,1.0,1.3675829e-31,2.2142961e-20
testing16195.jpg,Outside,1.0,4.0284677e-24,2.4745983e-23,1.0
testing16196.jpg,Outside,1.0,1.7013263e-19,1.768106e-21,1.0
testing16197.jpg,Outside,1.0,2.0744374e-16,2.239763e-22,1.0
testing16198.jpg,Outside,1.0,1.003528e-21,6.2381575e-22,1.0
testing16199.jpg,Outside,1.0,4.5247274e-12,5.0515134e-19,1.0
testing16200.jpg,Outside,1.0,2.626436e-26,2.5748797e-26,1.0
testing16201.jpg,Outside,0.99979764,0.00020231724,2.1198361e-15,0.99979764
testing16202.jpg,Outside,1.0,7.6784214e-15,2.2190168e-18,1.0
testing16203.jpg,Intermediate,0.99999964,0.99999964,2.5686582e-19,3.9959886e-07
testing16204.jpg,Outside,0.9999989,1.066916e-06,6.778639e-13,0.9999989
testing16205.jpg,Intermediate,0.9841642,0.9841642,1.1322383e-16,0.015835876
testing16206.jpg,Outside,1.0,4.8200444e-10,8.5584015e-19,1.0
testing16207.jpg,Outside,1.0,3.364418e-11,2.6320387e-14,1.0
testing16208.jpg,Outside,1.0,6.2754134e-15,1.2820859e-17,1.0
testing16209.jpg,Outside,1.0,1.7564702e-20,1.6530482e-22,1.0
testing16210.jpg,Intermediate,1.0,1.0,1.1650511e-27,9.984748e-17
testing16211.jpg,Outside,1.0,3.4903306e-22,1.7740641e-22,1.0
testing16212.jpg,Intermediate,1.0,1.0,1.3739832e-24,5.178323e-12
testing16213.jpg,Outside,1.0,2.2392521e-13,1.8973968e-17,1.0
testing16214.jpg,Outside,1.0,3.4121633e-11,8.8899397e-17,1.0
testing16215.jpg,Outside,0.9999664,3.3597917e-05,2.0453105e-16,0.9999664
testing16216.jpg,Intermediate,1.0,1.0,2.3152295e-21,1.2224766e-10
testing16217.jpg,Outside,1.0,9.674217e-19,3.80808e-20,1.0
testing16218.jpg,Outside,0.5573831,0.44261685,6.16577e-14,0.5573831
testing16219.jpg,Outside,1.0,7.717615e-10,1.872018e-17,1.0
testing16220.jpg,Outside,1.0,8.5793585e-18,4.0020367e-21,1.0
testing16221.jpg,Outside,1.0,1.1314475e-21,4.2314742e-23,1.0
testing16222.jpg,Outside,1.0,2.778597e-22,1.3576715e-22,1.0
testing16223.jpg,Nanodomain,1.0,0.0,1.0,0.0
testing16224.jpg,Nanodomain,1.0,0.0,1.0,0.0
testing16225.jpg,Nanodomain,1.0,0.0,1.0,0.0
testing16226.jpg,Nanodomain,1.0,0.0,1.0,0.0
testing16227.jpg,Nanodomain,1.0,0.0,1.0,0.0
testing16228.jpg,Nanodomain,1.0,0.0,1.0,0.0
testing16229.jpg,Nanodomain,1.0,0.0,1.0,0.0
testing16230.jpg,Nanodomain,1.0,0.0,1.0,0.0
testing16231.jpg,Nanodomain,1.0,0.0,1.0,0.0
testing16232.jpg,Nanodomain,1.0,0.0,1.0,0.0
testing16233.jpg,Nanodomain,1.0,0.0,1.0,0.0
testing16234.jpg,Nanodomain,1.0,0.0,1.0,0.0
testing16235.jpg,Outside,1.0,1.0424837e-24,4.811711e-22,1.0
testing16236.jpg,Outside,1.0,1.7541185e-14,7.3610273e-17,1.0
testing16237.jpg,Outside,1.0,9.256475e-10,1.215128e-18,1.0
testing16238.jpg,Outside,1.0,7.294503e-16,2.629003e-18,1.0
testing16239.jpg,Outside,0.9753802,0.024619797,2.2745639e-18,0.9753802
testing16240.jpg,Outside,0.99979645,0.00020351891,9.209929e-15,0.99979645
testing16241.jpg,Intermediate,0.9998791,0.9998791,1.468881e-13,0.000120811615
testing16242.jpg,Intermediate,0.99996877,0.99996877,2.913013e-12,3.1288262e-05
testing16243.jpg,Intermediate,1.0,1.0,3.5236757e-18,9.414024e-12
testing16244.jpg,Outside,0.98396736,0.016032645,6.2239976e-13,0.98396736
testing16245.jpg,Intermediate,1.0,1.0,5.736695e-23,7.1959636e-19
testing16246.jpg,Nanodomain,1.0,0.0,1.0,0.0
testing16247.jpg,Nanodomain,1.0,0.0,1.0,0.0
testing16248.jpg,Nanodomain,1.0,0.0,1.0,0.0
testing16249.jpg,Nanodomain,1.0,0.0,1.0,0.0
testing16250.jpg,Nanodomain,1.0,0.0,1.0,0.0
testing16251.jpg,Nanodomain,1.0,0.0,1.0,0.0
testing16252.jpg,Nanodomain,1.0,0.0,1.0,0.0
testing16253.jpg,Nanodomain,1.0,0.0,1.0,0.0
testing16254.jpg,Nanodomain,1.0,0.0,1.0,0.0
testing16255.jpg,Nanodomain,1.0,0.0,1.0,0.0
testing16256.jpg,Nanodomain,1.0,0.0,1.0,0.0
testing16257.jpg,Nanodomain,1.0,0.0,1.0,0.0
testing16258.jpg,Nanodomain,1.0,0.0,1.0,0.0
testing16259.jpg,Nanodomain,1.0,0.0,1.0,0.0
testing16260.jpg,Nanodomain,1.0,0.0,1.0,0.0
testing16261.jpg,Nanodomain,1.0,0.0,1.0,0.0
testing16262.jpg,Nanodomain,1.0,0.0,1.0,0.0
testing16263.jpg,Nanodomain,1.0,0.0,1.0,0.0
testing16264.jpg,Nanodomain,1.0,0.0,1.0,0.0
testing16265.jpg,Nanodomain,1.0,0.0,1.0,0.0
testing16266.jpg,Nanodomain,1.0,0.0,1.0,0.0
testing16267.jpg,Nanodomain,1.0,0.0,1.0,0.0
testing16268.jpg,Nanodomain,0.9892461,0.010753875,0.9892461,2.5799242e-23
testing16269.jpg,Nanodomain,1.0,2.0835382e-12,1.0,1.0943876e-37
testing16270.jpg,Nanodomain,0.9999995,4.5483674e-07,0.9999995,2.463332e-31
testing16271.jpg,Nanodomain,1.0,0.0,1.0,0.0
testing16272.jpg,Nanodomain,1.0,4.354658e-35,1.0,0.0
testing16273.jpg,Nanodomain,1.0,0.0,1.0,0.0
testing16274.jpg,Nanodomain,1.0,0.0,1.0,0.0
testing16275.jpg,Nanodomain,1.0,7.2963283e-34,1.0,0.0
testing16276.jpg,Nanodomain,1.0,1.0964153e-20,1.0,0.0
testing16277.jpg,Nanodomain,1.0,6.398676e-29,1.0,0.0
testing16278.jpg,Nanodomain,1.0,4.4006498e-08,1.0,1.2466583e-30
testing16279.jpg,Intermediate,1.0,1.0,2.2800588e-27,5.3628784e-22
testing16280.jpg,Intermediate,1.0,1.0,0.0,4.2433216e-31
testing16281.jpg,Intermediate,1.0,1.0,1.508019e-23,3.0549556e-13
testing16282.jpg,Intermediate,1.0,1.0,7.1850984e-27,7.805174e-22
testing16283.jpg,Intermediate,1.0,1.0,4.3304408e-27,3.2441272e-21
testing16284.jpg,Intermediate,1.0,1.0,3.45797e-28,8.652102e-23
testing16285.jpg,Intermediate,1.0,1.0,3.08115e-27,1.3947297e-19
testing16286.jpg,Intermediate,1.0,1.0,2.860601e-25,3.0937145e-21
testing16287.jpg,Intermediate,1.0,1.0,1.4298427e-27,1.9038848e-18
testing16288.jpg,Intermediate,1.0,1.0,2.133473e-23,6.189132e-17
testing16289.jpg,Intermediate,1.0,1.0,3.6609646e-28,3.3897055e-19
testing16290.jpg,Intermediate,1.0,1.0,4.1136554e-27,1.9424212e-14
testing16291.jpg,Intermediate,1.0,1.0,1.9011817e-29,1.9341786e-16
testing16292.jpg,Intermediate,1.0,1.0,1.3852998e-22,1.9107984e-09
testing16293.jpg,Intermediate,1.0,1.0,9.0603564e-27,3.144351e-14
testing16294.jpg,Intermediate,1.0,1.0,3.4562413e-21,2.1893784e-10
testing16295.jpg,Intermediate,1.0,1.0,2.4768882e-27,1.1685543e-19
testing16296.jpg,Intermediate,0.93178225,0.93178225,1.2378768e-15,0.068217725
testing16297.jpg,Outside,1.0,2.958757e-13,3.6101365e-21,1.0
testing16298.jpg,Outside,1.0,2.2944752e-25,1.07758455e-23,1.0
testing16299.jpg,Intermediate,1.0,1.0,3.7083133e-23,2.127817e-11
testing16300.jpg,Intermediate,1.0,1.0,3.975991e-26,5.3272806e-21
testing16301.jpg,Intermediate,1.0,1.0,1.0739877e-34,2.953237e-21
testing16302.jpg,Intermediate,1.0,1.0,9.604583e-17,2.5939854e-19
testing16303.jpg,Outside,0.9999993,7.1569906e-07,1.645686e-14,0.9999993
testing16304.jpg,Intermediate,1.0,1.0,9.0614846e-30,8.531416e-18
testing16305.jpg,Intermediate,1.0,1.0,7.25032e-36,8.108433e-27
testing16306.jpg,Intermediate,1.0,1.0,7.6172555e-27,3.1794907e-19
testing16307.jpg,Intermediate,1.0,1.0,1.147519e-18,5.238224e-16
testing16308.jpg,Outside,0.99998367,1.6382704e-05,4.4612795e-17,0.99998367
testing16309.jpg,Intermediate,0.8160997,0.8160997,7.8998983e-16,0.1839003
testing16310.jpg,Outside,1.0,1.85046e-27,1.12535e-25,1.0
testing16311.jpg,Outside,1.0,1.1271997e-10,3.8890492e-17,1.0
testing16312.jpg,Outside,0.98918474,0.010815254,2.265197e-17,0.98918474
testing16313.jpg,Intermediate,1.0,1.0,1.4254193e-29,4.687237e-27
testing16314.jpg,Nanodomain,1.0,0.0,1.0,0.0
testing16315.jpg,Intermediate,1.0,1.0,1.061151e-20,7.8412474e-24
testing16316.jpg,Nanodomain,0.9999745,2.555986e-05,0.9999745,8.043397e-30
testing16317.jpg,Nanodomain,1.0,4.1128478e-23,1.0,0.0
testing16318.jpg,Intermediate,1.0,1.0,6.203453e-33,1.5805769e-31
testing16319.jpg,Intermediate,1.0,1.0,9.190627e-25,4.4941545e-14
testing16320.jpg,Intermediate,1.0,1.0,4.7730693e-35,3.703196e-23
testing16321.jpg,Outside,0.9994785,0.00052151846,8.545984e-18,0.9994785
testing16322.jpg,Intermediate,1.0,1.0,1.6375941e-24,1.9294679e-14
testing16323.jpg,Intermediate,1.0,1.0,1.0526822e-31,2.8830538e-21
testing16324.jpg,Intermediate,1.0,1.0,2.1840053e-26,2.5082426e-15
testing16325.jpg,Intermediate,1.0,1.0,4.3823e-22,1.3151668e-12
testing16326.jpg,Outside,0.99969554,0.00030446058,7.319427e-16,0.99969554
testing16327.jpg,Intermediate,1.0,1.0,1.028328e-24,1.6945098e-11
testing16328.jpg,Outside,0.591205,0.40879503,3.7440339e-16,0.591205
testing16329.jpg,Intermediate,1.0,1.0,6.5234543e-23,4.384038e-11
testing16330.jpg,Intermediate,0.99985385,0.99985385,6.726364e-16,0.00014617237
testing16331.jpg,Intermediate,1.0,1.0,1.6150403e-20,9.640696e-11
testing16332.jpg,Intermediate,0.9999616,0.9999616,2.3867334e-16,3.8355167e-05
testing16333.jpg,Outside,1.0,1.4153523e-10,2.3489222e-18,1.0
testing16334.jpg,Outside,1.0,2.1729278e-26,1.9127228e-25,1.0
testing16335.jpg,Outside,1.0,1.0254359e-19,8.7105e-20,1.0
testing16336.jpg,Outside,1.0,9.3849236e-24,5.9241043e-23,1.0
testing16337.jpg,Outside,1.0,5.019223e-27,4.4099272e-26,1.0
testing16338.jpg,Outside,1.0,3.6398635e-23,7.61157e-25,1.0
testing16339.jpg,Outside,1.0,6.28715e-09,3.5193172e-14,1.0
testing16340.jpg,Outside,1.0,8.185565e-13,3.0203749e-15,1.0
testing16341.jpg,Outside,1.0,4.9655687e-22,1.4806293e-23,1.0
testing16342.jpg,Nanodomain,1.0,0.0,1.0,0.0
testing16343.jpg,Nanodomain,1.0,0.0,1.0,0.0
testing16344.jpg,Nanodomain,1.0,0.0,1.0,0.0
testing16345.jpg,Outside,1.0,2.7482909e-14,5.2997345e-21,1.0
testing16346.jpg,Outside,0.9998066,0.00019349821,8.885885e-16,0.9998066
testing16347.jpg,Outside,1.0,1.1860611e-25,3.3262923e-23,1.0
testing16348.jpg,Outside,1.0,4.094537e-28,1.3844939e-26,1.0
testing16349.jpg,Nanodomain,1.0,0.0,1.0,0.0
testing16350.jpg,Nanodomain,1.0,0.0,1.0,0.0
testing16351.jpg,Nanodomain,1.0,0.0,1.0,0.0
testing16352.jpg,Nanodomain,1.0,0.0,1.0,0.0
testing16353.jpg,Nanodomain,1.0,0.0,1.0,0.0
testing16354.jpg,Nanodomain,1.0,0.0,1.0,0.0
testing16355.jpg,Nanodomain,1.0,0.0,1.0,0.0
testing16356.jpg,Nanodomain,1.0,0.0,1.0,0.0
testing16357.jpg,Nanodomain,1.0,0.0,1.0,0.0
testing16358.jpg,Nanodomain,1.0,0.0,1.0,0.0
testing16359.jpg,Nanodomain,1.0,0.0,1.0,0.0
testing16360.jpg,Nanodomain,1.0,0.0,1.0,0.0
testing16361.jpg,Nanodomain,1.0,0.0,1.0,0.0
testing16362.jpg,Nanodomain,1.0,0.0,1.0,0.0
testing16363.jpg,Outside,1.0,2.8284687e-27,1.5782267e-24,1.0
testing16364.jpg,Outside,1.0,4.3502915e-20,3.2399253e-19,1.0
testing16365.jpg,Outside,1.0,4.730713e-25,3.8158123e-22,1.0
testing16366.jpg,Outside,1.0,6.150835e-18,8.761788e-20,1.0
testing16367.jpg,Outside,1.0,1.2458846e-13,1.6878758e-17,1.0
testing16368.jpg,Intermediate,0.99987364,0.99987364,6.939244e-18,0.00012629475
testing16369.jpg,Intermediate,1.0,1.0,4.720358e-28,1.4198787e-21
testing16370.jpg,Intermediate,1.0,1.0,1.0862516e-23,2.0488582e-20
testing16371.jpg,Intermediate,0.9338242,0.9338242,2.3663694e-13,0.06617585
testing16372.jpg,Intermediate,1.0,1.0,7.21973e-31,9.206532e-23
testing16373.jpg,Intermediate,1.0,1.0,1.1999946e-20,1.4238632e-24
testing16374.jpg,Nanodomain,1.0,0.0,1.0,0.0
testing16375.jpg,Nanodomain,1.0,0.0,1.0,0.0
testing16376.jpg,Nanodomain,1.0,0.0,1.0,0.0
testing16377.jpg,Nanodomain,1.0,0.0,1.0,0.0
testing16378.jpg,Nanodomain,1.0,0.0,1.0,0.0
testing16379.jpg,Nanodomain,1.0,0.0,1.0,0.0
testing16380.jpg,Nanodomain,1.0,0.0,1.0,0.0
testing16381.jpg,Nanodomain,1.0,0.0,1.0,0.0
testing16382.jpg,Nanodomain,1.0,0.0,1.0,0.0
testing16383.jpg,Nanodomain,1.0,0.0,1.0,0.0
testing16384.jpg,Nanodomain,1.0,0.0,1.0,0.0
