filename,predicted_label,maximum_predicted_probability,prob_Intermediate,prob_Nanodomain,prob_Outside
testing1.jpg,Intermediate,1.0,1.0,1.6079446e-22,7.903109e-24
testing2.jpg,Outside,1.0,1.0813992e-28,5.573759e-25,1.0
testing3.jpg,Nanodomain,1.0,0.0,1.0,0.0
testing4.jpg,Nanodomain,1.0,0.0,1.0,0.0
testing5.jpg,Nanodomain,1.0,0.0,1.0,0.0
testing6.jpg,Nanodomain,1.0,0.0,1.0,0.0
testing7.jpg,Nanodomain,1.0,0.0,1.0,0.0
testing8.jpg,Outside,1.0,1.6454611e-29,1.1634184e-24,1.0
testing9.jpg,Nanodomain,1.0,0.0,1.0,0.0
testing10.jpg,Outside,1.0,1.2518744e-26,1.9121663e-27,1.0
testing11.jpg,Outside,1.0,0.0,3.9876574e-33,1.0
testing12.jpg,Outside,1.0,1.2567836e-26,3.1685097e-26,1.0
testing13.jpg,Outside,1.0,1.7649387e-21,6.924917e-25,1.0
testing14.jpg,Outside,1.0,1.9888614e-35,1.2578788e-31,1.0
testing15.jpg,Outside,1.0,1.5593742e-26,3.1215426e-25,1.0
testing16.jpg,Outside,1.0,3.8087475e-28,3.6121485e-28,1.0
testing17.jpg,Outside,1.0,1.4615335e-11,4.8178117e-21,1.0
testing18.jpg,Outside,1.0,5.1269207e-17,1.7728007e-20,1.0
testing19.jpg,Outside,1.0,1.8949184e-22,1.0945839e-22,1.0
testing20.jpg,Outside,1.0,4.3903077e-25,5.3866152e-24,1.0
testing21.jpg,Outside,1.0,2.6030506e-15,3.9407555e-22,1.0
testing22.jpg,Outside,1.0,3.5339646e-23,7.509023e-23,1.0
testing23.jpg,Outside,0.99947447,0.00052551395,8.097909e-17,0.99947447
testing24.jpg,Outside,1.0,7.172128e-17,5.46279e-23,1.0
testing25.jpg,Outside,1.0,2.5133497e-21,8.52762e-23,1.0
testing26.jpg,Outside,1.0,6.148827e-15,6.4948816e-21,1.0
testing27.jpg,Outside,1.0,8.754981e-18,3.9551532e-22,1.0
testing28.jpg,Outside,1.0,1.9702046e-25,3.2184448e-25,1.0
testing29.jpg,Outside,1.0,3.369328e-24,3.94296e-25,1.0
testing30.jpg,Outside,0.99999976,2.0326883e-07,3.513164e-19,0.99999976
testing31.jpg,Outside,0.9999943,5.7086268e-06,6.4990427e-18,0.9999943
testing32.jpg,Outside,1.0,4.3856734e-24,3.2582467e-25,1.0
testing33.jpg,Outside,1.0,2.543013e-15,2.935033e-20,1.0
testing34.jpg,Outside,0.9999958,4.2010743e-06,5.7634837e-20,0.9999958
testing35.jpg,Outside,1.0,3.57209e-31,3.968925e-28,1.0
testing36.jpg,Outside,1.0,2.534488e-32,1.0465664e-27,1.0
testing37.jpg,Nanodomain,1.0,0.0,1.0,0.0
testing38.jpg,Nanodomain,1.0,0.0,1.0,0.0
testing39.jpg,Nanodomain,1.0,0.0,1.0,0.0
testing40.jpg,Nanodomain,1.0,0.0,1.0,0.0
testing41.jpg,Nanodomain,1.0,0.0,1.0,0.0
testing42.jpg,Nanodomain,1.0,0.0,1.0,0.0
testing43.jpg,Nanodomain,1.0,0.0,1.0,0.0
testing44.jpg,Nanodomain,1.0,0.0,1.0,0.0
testing45.jpg,Nanodomain,1.0,0.0,1.0,0.0
testing46.jpg,Nanodomain,1.0,0.0,1.0,0.0
testing47.jpg,Nanodomain,1.0,0.0,1.0,0.0
testing48.jpg,Nanodomain,1.0,0.0,1.0,0.0
testing49.jpg,Nanodomain,1.0,0.0,1.0,0.0
testing50.jpg,Nanodomain,1.0,0.0,1.0,0.0
testing51.jpg,Outside,1.0,4.1712778e-23,4.5093662e-23,1.0
testing52.jpg,Outside,0.9999857,1.4351363e-05,7.4595194e-17,0.9999857
testing53.jpg,Outside,1.0,3.3688456e-28,2.708596e-28,1.0
testing54.jpg,Outside,1.0,6.229792e-28,2.0773918e-23,1.0
testing55.jpg,Outside,0.99646074,0.0035392446,9.7145355e-14,0.99646074
testing56.jpg,Nanodomain,1.0,3.810161e-11,1.0,5.113839e-30
testing57.jpg,Outside,0.98877126,0.011228667,6.608267e-20,0.98877126
testing58.jpg,Outside,0.99965477,0.00034519855,5.936069e-20,0.99965477
testing59.jpg,Intermediate,1.0,1.0,3.6333063e-28,6.2941717e-27
testing60.jpg,Intermediate,1.0,1.0,3.1972555e-37,8.308618e-32
testing61.jpg,Nanodomain,1.0,0.0,1.0,0.0
testing62.jpg,Nanodomain,1.0,0.0,1.0,0.0
testing63.jpg,Nanodomain,1.0,0.0,1.0,0.0
testing64.jpg,Nanodomain,1.0,0.0,1.0,0.0
testing65.jpg,Nanodomain,1.0,0.0,1.0,0.0
testing66.jpg,Nanodomain,1.0,0.0,1.0,0.0
testing67.jpg,Nanodomain,1.0,0.0,1.0,0.0
testing68.jpg,Nanodomain,1.0,0.0,1.0,0.0
testing69.jpg,Nanodomain,1.0,0.0,1.0,0.0
testing70.jpg,Nanodomain,1.0,0.0,1.0,0.0
testing71.jpg,Nanodomain,1.0,0.0,1.0,0.0
testing72.jpg,Nanodomain,1.0,0.0,1.0,0.0
testing73.jpg,Nanodomain,1.0,0.0,1.0,0.0
testing74.jpg,Nanodomain,1.0,0.0,1.0,0.0
testing75.jpg,Nanodomain,1.0,0.0,1.0,0.0
testing76.jpg,Nanodomain,1.0,0.0,1.0,0.0
testing77.jpg,Nanodomain,1.0,0.0,1.0,0.0
testing78.jpg,Nanodomain,1.0,0.0,1.0,0.0
testing79.jpg,Nanodomain,1.0,0.0,1.0,0.0
testing80.jpg,Nanodomain,1.0,0.0,1.0,0.0
testing81.jpg,Nanodomain,1.0,0.0,1.0,0.0
testing82.jpg,Nanodomain,1.0,0.0,1.0,0.0
testing83.jpg,Nanodomain,1.0,0.0,1.0,0.0
testing84.jpg,Nanodomain,1.0,0.0,1.0,0.0
testing85.jpg,Nanodomain,1.0,0.0,1.0,0.0
testing86.jpg,Nanodomain,1.0,0.0,1.0,0.0
testing87.jpg,Nanodomain,1.0,1.2005881e-38,1.0,0.0
testing88.jpg,Outside,1.0,9.024536e-23,4.0203907e-25,1.0
testing89.jpg,Nanodomain,1.0,0.0,1.0,0.0
testing90.jpg,Nanodomain,1.0,9.75399e-36,1.0,0.0
testing91.jpg,Nanodomain,1.0,0.0,1.0,0.0
testing92.jpg,Nanodomain,1.0,1.0893902e-09,1.0,2.3298996e-30
testing93.jpg,Nanodomain,1.0,5.374325e-30,1.0,0.0
testing94.jpg,Nanodomain,1.0,1.3678017e-13,1.0,4.1400138e-32
testing95.jpg,Nanodomain,1.0,0.0,1.0,0.0
testing96.jpg,Nanodomain,1.0,0.0,1.0,0.0
testing97.jpg,Nanodomain,1.0,0.0,1.0,0.0
testing98.jpg,Nanodomain,1.0,0.0,1.0,0.0
testing99.jpg,Nanodomain,1.0,0.0,1.0,0.0
testing100.jpg,Nanodomain,1.0,0.0,1.0,0.0
testing101.jpg,Nanodomain,1.0,0.0,1.0,0.0
testing102.jpg,Nanodomain,1.0,0.0,1.0,0.0
testing103.jpg,Nanodomain,1.0,0.0,1.0,0.0
testing104.jpg,Nanodomain,1.0,0.0,1.0,0.0
testing105.jpg,Nanodomain,1.0,0.0,1.0,0.0
testing106.jpg,Nanodomain,1.0,0.0,1.0,0.0
testing107.jpg,Nanodomain,1.0,0.0,1.0,0.0
testing108.jpg,Nanodomain,1.0,1.6771761e-25,1.0,0.0
testing109.jpg,Intermediate,0.9999746,0.9999746,2.543849e-05,3.650955e-21
testing110.jpg,Nanodomain,1.0,2.9861027e-08,1.0,2.3135879e-28
testing111.jpg,Nanodomain,1.0,1.4177354e-21,1.0,0.0
testing112.jpg,Nanodomain,1.0,0.0,1.0,0.0
testing113.jpg,Nanodomain,1.0,2.4463357e-32,1.0,0.0
testing114.jpg,Nanodomain,1.0,2.9464445e-33,1.0,0.0
testing115.jpg,Nanodomain,1.0,1.3859174e-23,1.0,0.0
testing116.jpg,Nanodomain,1.0,8.433418e-30,1.0,0.0
testing117.jpg,Nanodomain,1.0,4.1805886e-12,1.0,1.6101093e-32
testing118.jpg,Nanodomain,1.0,3.5520306e-18,1.0,0.0
testing119.jpg,Nanodomain,0.9999994,5.737635e-07,0.9999994,9.523983e-32
testing120.jpg,Outside,1.0,2.0929204e-36,3.502687e-34,1.0
testing121.jpg,Outside,1.0,3.0007322e-33,3.698478e-32,1.0
testing122.jpg,Outside,1.0,4.6804532e-32,4.322493e-31,1.0
testing123.jpg,Outside,1.0,1.0871462e-32,7.2044646e-30,1.0
testing124.jpg,Outside,1.0,3.3102685e-37,2.0862995e-33,1.0
testing125.jpg,Outside,1.0,3.4118873e-35,7.6405134e-33,1.0
testing126.jpg,Outside,1.0,8.4869935e-37,2.9681723e-33,1.0
testing127.jpg,Nanodomain,1.0,0.0,1.0,0.0
testing128.jpg,Nanodomain,1.0,0.0,1.0,0.0
testing129.jpg,Outside,1.0,2.915535e-37,3.0638746e-34,1.0
testing130.jpg,Intermediate,0.999998,0.999998,2.0248696e-26,1.9805962e-06
testing131.jpg,Nanodomain,1.0,0.0,1.0,0.0
testing132.jpg,Nanodomain,1.0,0.0,1.0,0.0
testing133.jpg,Nanodomain,1.0,0.0,1.0,0.0
testing134.jpg,Nanodomain,1.0,0.0,1.0,0.0
testing135.jpg,Nanodomain,1.0,0.0,1.0,0.0
testing136.jpg,Nanodomain,1.0,0.0,1.0,0.0
testing137.jpg,Nanodomain,1.0,0.0,1.0,0.0
testing138.jpg,Nanodomain,1.0,0.0,1.0,0.0
testing139.jpg,Outside,1.0,2.1031964e-29,3.6678442e-27,1.0
testing140.jpg,Outside,1.0,4.694692e-15,1.2140438e-18,1.0
testing141.jpg,Outside,1.0,6.988731e-35,7.297012e-30,1.0
testing142.jpg,Outside,1.0,4.6131294e-25,3.1083767e-25,1.0
testing143.jpg,Outside,1.0,7.663991e-31,3.3403346e-28,1.0
testing144.jpg,Outside,1.0,5.269285e-32,4.5733132e-28,1.0
testing145.jpg,Intermediate,1.0,1.0,5.7364915e-25,1.9097718e-12
testing146.jpg,Intermediate,1.0,1.0,2.257092e-34,5.75084e-26
testing147.jpg,Intermediate,0.9999912,0.9999912,8.836356e-06,9.155279e-24
testing148.jpg,Intermediate,0.99999964,0.99999964,4.0219712e-07,1.1787818e-23
testing149.jpg,Intermediate,0.9999999,0.9999999,6.3901204e-08,2.1564148e-24
testing150.jpg,Intermediate,0.9999999,0.9999999,1.3738914e-07,4.889139e-24
testing151.jpg,Intermediate,1.0,1.0,5.753505e-15,1.4699674e-27
testing152.jpg,Outside,1.0,2.8623947e-15,2.760173e-22,1.0
testing153.jpg,Outside,1.0,3.2857344e-23,1.9359634e-25,1.0
testing154.jpg,Outside,1.0,1.0714422e-12,7.829632e-21,1.0
testing155.jpg,Outside,1.0,6.465631e-23,5.6397894e-23,1.0
testing156.jpg,Outside,1.0,2.476307e-16,4.0877765e-22,1.0
testing157.jpg,Outside,1.0,2.9619829e-12,3.6239775e-20,1.0
testing158.jpg,Outside,1.0,4.0356012e-18,1.2201588e-25,1.0
testing159.jpg,Intermediate,1.0,1.0,4.30922e-25,1.5728295e-09
testing160.jpg,Intermediate,1.0,1.0,1.53405135e-33,5.492449e-20
testing161.jpg,Intermediate,0.99999595,0.99999595,7.5283737e-25,4.0410787e-06
testing162.jpg,Intermediate,0.99998987,0.99998987,5.314779e-23,1.0120103e-05
testing163.jpg,Outside,1.0,1.17934895e-23,4.4713204e-24,1.0
testing164.jpg,Outside,1.0,1.933134e-28,1.3800607e-24,1.0
testing165.jpg,Outside,1.0,2.5837823e-20,3.546988e-21,1.0
testing166.jpg,Nanodomain,1.0,0.0,1.0,0.0
testing167.jpg,Nanodomain,1.0,0.0,1.0,0.0
testing168.jpg,Nanodomain,1.0,0.0,1.0,0.0
testing169.jpg,Nanodomain,1.0,0.0,1.0,0.0
testing170.jpg,Nanodomain,1.0,0.0,1.0,0.0
testing171.jpg,Nanodomain,1.0,0.0,1.0,0.0
testing172.jpg,Nanodomain,1.0,0.0,1.0,0.0
testing173.jpg,Nanodomain,1.0,0.0,1.0,0.0
testing174.jpg,Nanodomain,1.0,0.0,1.0,0.0
testing175.jpg,Nanodomain,1.0,0.0,1.0,0.0
testing176.jpg,Nanodomain,1.0,0.0,1.0,0.0
testing177.jpg,Nanodomain,1.0,0.0,1.0,0.0
testing178.jpg,Nanodomain,1.0,0.0,1.0,0.0
testing179.jpg,Outside,1.0,4.0269187e-15,3.3120783e-20,1.0
testing180.jpg,Outside,1.0,1.2328508e-27,4.408769e-25,1.0
testing181.jpg,Outside,1.0,9.179804e-24,6.4651554e-25,1.0
testing182.jpg,Outside,1.0,1.6620871e-33,2.3354446e-29,1.0
testing183.jpg,Outside,1.0,4.032408e-37,7.4060045e-33,1.0
testing184.jpg,Outside,1.0,2.619254e-32,1.7447573e-27,1.0
testing185.jpg,Outside,1.0,3.829801e-35,5.094485e-30,1.0
testing186.jpg,Outside,1.0,3.07464e-38,1.6611056e-32,1.0
testing187.jpg,Outside,1.0,1.5288072e-38,7.998301e-34,1.0
testing188.jpg,Nanodomain,1.0,0.0,1.0,0.0
testing189.jpg,Nanodomain,1.0,0.0,1.0,0.0
testing190.jpg,Nanodomain,1.0,0.0,1.0,0.0
testing191.jpg,Nanodomain,1.0,0.0,1.0,0.0
testing192.jpg,Nanodomain,1.0,0.0,1.0,0.0
testing193.jpg,Nanodomain,1.0,0.0,1.0,0.0
testing194.jpg,Nanodomain,1.0,0.0,1.0,0.0
testing195.jpg,Nanodomain,1.0,0.0,1.0,0.0
testing196.jpg,Nanodomain,1.0,0.0,1.0,0.0
testing197.jpg,Nanodomain,1.0,0.0,1.0,0.0
testing198.jpg,Nanodomain,1.0,0.0,1.0,0.0
testing199.jpg,Nanodomain,1.0,0.0,1.0,0.0
testing200.jpg,Nanodomain,1.0,0.0,1.0,0.0
testing201.jpg,Nanodomain,1.0,0.0,1.0,0.0
testing202.jpg,Intermediate,1.0,1.0,1.0610554e-32,1.4062075e-23
testing203.jpg,Intermediate,1.0,1.0,1.6533857e-33,2.873422e-23
testing204.jpg,Intermediate,1.0,1.0,1.0365086e-23,4.6359548e-11
testing205.jpg,Nanodomain,1.0,0.0,1.0,0.0
testing206.jpg,Nanodomain,1.0,0.0,1.0,0.0
testing207.jpg,Nanodomain,1.0,0.0,1.0,0.0
testing208.jpg,Nanodomain,1.0,0.0,1.0,0.0
testing209.jpg,Nanodomain,1.0,0.0,1.0,0.0
testing210.jpg,Nanodomain,1.0,0.0,1.0,0.0
testing211.jpg,Nanodomain,1.0,0.0,1.0,0.0
testing212.jpg,Nanodomain,1.0,0.0,1.0,0.0
testing213.jpg,Nanodomain,1.0,1.5150775e-37,1.0,0.0
testing214.jpg,Nanodomain,1.0,1.6377769e-37,1.0,0.0
testing215.jpg,Nanodomain,1.0,3.3315413e-13,1.0,1.1949078e-32
testing216.jpg,Outside,1.0,5.767399e-28,1.3234553e-24,1.0
testing217.jpg,Nanodomain,1.0,6.474037e-26,1.0,0.0
testing218.jpg,Nanodomain,1.0,5.7967536e-29,1.0,0.0
testing219.jpg,Nanodomain,1.0,8.073078e-16,1.0,7.8709197e-38
testing220.jpg,Outside,1.0,6.588709e-29,1.7916341e-26,1.0
testing221.jpg,Nanodomain,1.0,4.65404e-10,1.0,1.6845648e-30
testing222.jpg,Nanodomain,1.0,6.11879e-09,1.0,4.8787122e-29
testing223.jpg,Nanodomain,1.0,0.0,1.0,0.0
testing224.jpg,Nanodomain,1.0,0.0,1.0,0.0
testing225.jpg,Nanodomain,1.0,0.0,1.0,0.0
testing226.jpg,Nanodomain,1.0,0.0,1.0,0.0
testing227.jpg,Nanodomain,1.0,0.0,1.0,0.0
testing228.jpg,Nanodomain,1.0,0.0,1.0,0.0
testing229.jpg,Nanodomain,1.0,0.0,1.0,0.0
testing230.jpg,Nanodomain,1.0,0.0,1.0,0.0
testing231.jpg,Nanodomain,1.0,0.0,1.0,0.0
testing232.jpg,Nanodomain,1.0,0.0,1.0,0.0
testing233.jpg,Nanodomain,1.0,0.0,1.0,0.0
testing234.jpg,Nanodomain,1.0,0.0,1.0,0.0
testing235.jpg,Nanodomain,1.0,2.452048e-29,1.0,0.0
testing236.jpg,Nanodomain,1.0,2.5017067e-15,1.0,1.3550269e-38
testing237.jpg,Nanodomain,1.0,4.7371538e-20,1.0,0.0
testing238.jpg,Nanodomain,1.0,2.6641337e-27,1.0,0.0
testing239.jpg,Nanodomain,1.0,6.5121736e-21,1.0,0.0
testing240.jpg,Nanodomain,1.0,2.8219667e-29,1.0,0.0
testing241.jpg,Nanodomain,1.0,4.3159398e-29,1.0,0.0
testing242.jpg,Nanodomain,1.0,2.8700178e-36,1.0,0.0
testing243.jpg,Nanodomain,1.0,1.1395128e-21,1.0,0.0
testing244.jpg,Nanodomain,1.0,1.5912485e-16,1.0,2.8719643e-38
testing245.jpg,Nanodomain,1.0,3.9818121e-22,1.0,0.0
testing246.jpg,Nanodomain,1.0,1.0871202e-34,1.0,0.0
testing247.jpg,Outside,1.0,2.601507e-34,1.0529955e-31,1.0
testing248.jpg,Outside,1.0,3.343442e-30,8.8251804e-29,1.0
testing249.jpg,Outside,1.0,1.201762e-29,8.389751e-29,1.0
testing250.jpg,Outside,1.0,1.8634893e-32,4.8437385e-29,1.0
testing251.jpg,Outside,1.0,1.2718314e-33,8.8275576e-32,1.0
testing252.jpg,Outside,1.0,1.095691e-37,3.1873945e-35,1.0
testing253.jpg,Outside,1.0,1.4955406e-32,2.4624312e-31,1.0
testing254.jpg,Outside,1.0,1.7561588e-31,2.7398225e-29,1.0
testing255.jpg,Nanodomain,1.0,0.0,1.0,0.0
testing256.jpg,Nanodomain,1.0,0.0,1.0,0.0
testing257.jpg,Nanodomain,1.0,0.0,1.0,0.0
testing258.jpg,Nanodomain,1.0,0.0,1.0,0.0
testing259.jpg,Nanodomain,1.0,0.0,1.0,0.0
testing260.jpg,Nanodomain,1.0,0.0,1.0,0.0
testing261.jpg,Nanodomain,1.0,0.0,1.0,0.0
testing262.jpg,Nanodomain,1.0,0.0,1.0,0.0
testing263.jpg,Nanodomain,1.0,0.0,1.0,0.0
testing264.jpg,Nanodomain,1.0,0.0,1.0,0.0
testing265.jpg,Intermediate,1.0,1.0,3.3638733e-22,2.6483182e-11
testing266.jpg,Outside,1.0,9.71326e-28,6.93644e-26,1.0
testing267.jpg,Outside,1.0,1.3706939e-19,2.972697e-23,1.0
testing268.jpg,Outside,1.0,2.9899224e-26,2.8460253e-26,1.0
testing269.jpg,Outside,1.0,5.1986675e-24,1.4694579e-26,1.0
testing270.jpg,Outside,1.0,3.227614e-08,2.7761647e-19,1.0
testing271.jpg,Outside,1.0,2.5634157e-24,3.780658e-24,1.0
testing272.jpg,Outside,1.0,4.1179423e-08,1.3947669e-19,1.0
testing273.jpg,Outside,0.9992918,0.0007081405,9.6756714e-18,0.9992918
testing274.jpg,Nanodomain,1.0,1.0302893e-09,1.0,2.907886e-27
testing275.jpg,Intermediate,1.0,1.0,3.294658e-08,1.8141396e-23
testing276.jpg,Intermediate,1.0,1.0,3.1316151e-21,1.07277435e-29
testing277.jpg,Intermediate,1.0,1.0,4.429176e-13,7.464922e-24
testing278.jpg,Intermediate,1.0,1.0,1.30646845e-20,4.641726e-25
testing279.jpg,Intermediate,0.9999999,0.9999999,1.2724801e-07,4.1127196e-24
testing280.jpg,Intermediate,1.0,1.0,1.6301332e-32,3.213062e-16
testing281.jpg,Nanodomain,1.0,2.6319195e-13,1.0,3.1580258e-32
testing282.jpg,Intermediate,1.0,1.0,8.904052e-26,1.9228414e-24
testing283.jpg,Intermediate,1.0,1.0,1.4573511e-24,1.6749556e-12
testing284.jpg,Intermediate,1.0,1.0,4.339094e-32,1.4292394e-17
testing285.jpg,Intermediate,1.0,1.0,5.359166e-26,9.506461e-16
testing286.jpg,Intermediate,1.0,1.0,1.1684238e-21,2.0941604e-08
testing287.jpg,Intermediate,0.99999726,0.99999726,3.7605307e-21,2.701316e-06
testing288.jpg,Intermediate,1.0,1.0,2.7478784e-24,5.994502e-10
testing289.jpg,Outside,0.99244785,0.00755211,4.4627045e-19,0.99244785
testing290.jpg,Outside,0.9999877,1.2224274e-05,4.5585086e-19,0.9999877
testing291.jpg,Outside,1.0,1.7515116e-28,3.1800444e-29,1.0
testing292.jpg,Outside,1.0,8.691401e-38,4.84928e-31,1.0
testing293.jpg,Outside,1.0,2.0532767e-37,2.068084e-32,1.0
testing294.jpg,Nanodomain,1.0,0.0,1.0,0.0
testing295.jpg,Nanodomain,1.0,0.0,1.0,0.0
testing296.jpg,Nanodomain,1.0,0.0,1.0,0.0
testing297.jpg,Nanodomain,1.0,0.0,1.0,0.0
testing298.jpg,Nanodomain,1.0,0.0,1.0,0.0
testing299.jpg,Nanodomain,1.0,0.0,1.0,0.0
testing300.jpg,Nanodomain,1.0,0.0,1.0,0.0
testing301.jpg,Nanodomain,1.0,0.0,1.0,0.0
testing302.jpg,Nanodomain,1.0,0.0,1.0,0.0
testing303.jpg,Nanodomain,1.0,0.0,1.0,0.0
testing304.jpg,Nanodomain,1.0,0.0,1.0,0.0
testing305.jpg,Nanodomain,1.0,0.0,1.0,0.0
testing306.jpg,Outside,1.0,7.477046e-36,6.661618e-30,1.0
testing307.jpg,Outside,1.0,1.0265043e-34,1.243979e-30,1.0
testing308.jpg,Outside,1.0,8.909311e-35,1.2377767e-32,1.0
testing309.jpg,Outside,1.0,2.28706e-29,7.951086e-27,1.0
testing310.jpg,Outside,1.0,1.3219376e-30,2.5457056e-27,1.0
testing311.jpg,Outside,1.0,4.3564705e-27,2.9690678e-25,1.0
testing312.jpg,Outside,1.0,5.5459454e-28,1.6319728e-27,1.0
testing313.jpg,Outside,1.0,2.0485085e-33,6.612753e-30,1.0
testing314.jpg,Outside,1.0,3.29839e-25,5.374497e-27,1.0
testing315.jpg,Outside,1.0,1.8860057e-21,5.562908e-24,1.0
testing316.jpg,Nanodomain,1.0,1.2664861e-26,1.0,0.0
testing317.jpg,Nanodomain,1.0,0.0,1.0,0.0
testing318.jpg,Nanodomain,1.0,0.0,1.0,0.0
testing319.jpg,Nanodomain,1.0,0.0,1.0,0.0
testing320.jpg,Nanodomain,1.0,0.0,1.0,0.0
testing321.jpg,Nanodomain,1.0,0.0,1.0,0.0
testing322.jpg,Nanodomain,1.0,0.0,1.0,0.0
testing323.jpg,Nanodomain,1.0,0.0,1.0,0.0
testing324.jpg,Nanodomain,1.0,0.0,1.0,0.0
testing325.jpg,Nanodomain,1.0,0.0,1.0,0.0
testing326.jpg,Nanodomain,1.0,0.0,1.0,0.0
testing327.jpg,Nanodomain,1.0,1.2657137e-33,1.0,0.0
testing328.jpg,Nanodomain,1.0,0.0,1.0,0.0
testing329.jpg,Nanodomain,1.0,0.0,1.0,0.0
testing330.jpg,Nanodomain,1.0,0.0,1.0,0.0
testing331.jpg,Nanodomain,1.0,0.0,1.0,0.0
testing332.jpg,Nanodomain,1.0,0.0,1.0,0.0
testing333.jpg,Nanodomain,1.0,7.9413296e-26,1.0,0.0
testing334.jpg,Nanodomain,1.0,0.0,1.0,0.0
testing335.jpg,Nanodomain,1.0,0.0,1.0,0.0
testing336.jpg,Nanodomain,1.0,0.0,1.0,0.0
testing337.jpg,Nanodomain,1.0,0.0,1.0,0.0
testing338.jpg,Nanodomain,1.0,0.0,1.0,0.0
testing339.jpg,Nanodomain,1.0,0.0,1.0,0.0
testing340.jpg,Nanodomain,1.0,0.0,1.0,0.0
testing341.jpg,Nanodomain,1.0,0.0,1.0,0.0
testing342.jpg,Nanodomain,1.0,0.0,1.0,0.0
testing343.jpg,Nanodomain,1.0,4.9456464e-36,1.0,0.0
testing344.jpg,Nanodomain,1.0,1.628185e-13,1.0,2.894505e-35
testing345.jpg,Nanodomain,1.0,8.597118e-25,1.0,0.0
testing346.jpg,Nanodomain,1.0,2.8094607e-24,1.0,0.0
testing347.jpg,Nanodomain,1.0,1.304254e-25,1.0,0.0
testing348.jpg,Intermediate,1.0,1.0,1.336715e-14,8.0907455e-23
testing349.jpg,Intermediate,1.0,1.0,4.807947e-12,3.366437e-24
testing350.jpg,Intermediate,0.9999999,0.9999999,9.7395706e-08,9.721443e-22
testing351.jpg,Nanodomain,1.0,0.0,1.0,0.0
testing352.jpg,Nanodomain,1.0,0.0,1.0,0.0
testing353.jpg,Nanodomain,1.0,0.0,1.0,0.0
testing354.jpg,Nanodomain,1.0,0.0,1.0,0.0
testing355.jpg,Nanodomain,1.0,0.0,1.0,0.0
testing356.jpg,Nanodomain,1.0,0.0,1.0,0.0
testing357.jpg,Nanodomain,1.0,0.0,1.0,0.0
testing358.jpg,Nanodomain,1.0,0.0,1.0,0.0
testing359.jpg,Nanodomain,1.0,0.0,1.0,0.0
testing360.jpg,Nanodomain,1.0,0.0,1.0,0.0
testing361.jpg,Nanodomain,1.0,0.0,1.0,0.0
testing362.jpg,Nanodomain,1.0,0.0,1.0,0.0
testing363.jpg,Nanodomain,1.0,0.0,1.0,0.0
testing364.jpg,Nanodomain,1.0,0.0,1.0,0.0
testing365.jpg,Nanodomain,1.0,3.920981e-35,1.0,0.0
testing366.jpg,Nanodomain,1.0,1.3458182e-20,1.0,0.0
testing367.jpg,Nanodomain,1.0,9.890912e-34,1.0,0.0
testing368.jpg,Nanodomain,1.0,1.4772264e-32,1.0,0.0
testing369.jpg,Nanodomain,1.0,0.0,1.0,0.0
testing370.jpg,Nanodomain,1.0,0.0,1.0,0.0
testing371.jpg,Nanodomain,1.0,0.0,1.0,0.0
testing372.jpg,Nanodomain,1.0,0.0,1.0,0.0
testing373.jpg,Nanodomain,1.0,1.267572e-36,1.0,0.0
testing374.jpg,Nanodomain,1.0,1.7905925e-22,1.0,0.0
testing375.jpg,Nanodomain,1.0,6.8369754e-20,1.0,0.0
testing376.jpg,Outside,1.0,1.6453733e-29,1.8080563e-27,1.0
testing377.jpg,Outside,1.0,0.0,0.0,1.0
testing378.jpg,Outside,1.0,4.2208446e-33,5.172005e-31,1.0
testing379.jpg,Outside,1.0,1.1739987e-30,6.8343265e-32,1.0
testing380.jpg,Outside,1.0,2.068884e-29,1.0718545e-28,1.0
testing381.jpg,Outside,1.0,0.0,5.405255e-35,1.0
testing382.jpg,Outside,1.0,8.36561e-32,3.95054e-29,1.0
testing383.jpg,Intermediate,1.0,1.0,3.151565e-31,2.1839093e-15
testing384.jpg,Nanodomain,1.0,0.0,1.0,0.0
testing385.jpg,Nanodomain,1.0,0.0,1.0,0.0
testing386.jpg,Outside,1.0,5.367822e-33,8.570712e-28,1.0
testing387.jpg,Nanodomain,1.0,0.0,1.0,0.0
testing388.jpg,Outside,1.0,3.0900023e-34,1.9845258e-28,1.0
testing389.jpg,Nanodomain,1.0,0.0,1.0,0.0
testing390.jpg,Nanodomain,1.0,0.0,1.0,0.0
testing391.jpg,Nanodomain,1.0,0.0,1.0,0.0
testing392.jpg,Nanodomain,1.0,0.0,1.0,0.0
testing393.jpg,Nanodomain,1.0,0.0,1.0,0.0
testing394.jpg,Outside,1.0,2.4013254e-18,1.3815682e-15,1.0
testing395.jpg,Outside,1.0,6.8634956e-21,4.5789156e-21,1.0
testing396.jpg,Outside,1.0,3.2867925e-20,8.3319527e-23,1.0
testing397.jpg,Outside,1.0,8.032378e-23,1.4125853e-21,1.0
testing398.jpg,Outside,0.9999758,2.4172932e-05,1.2753813e-18,0.9999758
testing399.jpg,Outside,1.0,4.547514e-13,9.695074e-15,1.0
testing400.jpg,Intermediate,1.0,1.0,6.062597e-32,3.849611e-24
testing401.jpg,Intermediate,0.54674286,0.54674286,5.2654964e-18,0.45325714
testing402.jpg,Nanodomain,1.0,8.789792e-16,1.0,1.348938e-35
testing403.jpg,Nanodomain,1.0,3.3637557e-12,1.0,4.6805602e-32
testing404.jpg,Intermediate,1.0,1.0,1.9831188e-35,1.8631582e-29
testing405.jpg,Intermediate,1.0,1.0,4.4927756e-10,1.3514843e-25
testing406.jpg,Nanodomain,0.99798477,0.0020151965,0.99798477,3.8338283e-25
testing407.jpg,Intermediate,1.0,1.0,3.450827e-21,2.3404847e-28
testing408.jpg,Nanodomain,0.999653,0.0003470438,0.999653,8.298675e-24
testing409.jpg,Nanodomain,1.0,1.04245355e-10,1.0,3.4466502e-32
testing410.jpg,Intermediate,1.0,1.0,3.5821032e-25,8.161285e-26
testing411.jpg,Outside,1.0,8.214717e-21,7.881221e-24,1.0
testing412.jpg,Outside,1.0,7.072184e-22,7.3463334e-23,1.0
testing413.jpg,Outside,0.99999905,9.816163e-07,4.680681e-17,0.99999905
testing414.jpg,Intermediate,0.9999999,0.9999999,1.1499211e-24,9.410434e-08
testing415.jpg,Intermediate,0.9998258,0.9998258,2.6421883e-17,0.00017421246
testing416.jpg,Outside,1.0,2.9183152e-23,1.4670021e-22,1.0
testing417.jpg,Outside,1.0,1.3776473e-23,7.544019e-24,1.0
testing418.jpg,Outside,1.0,2.6776386e-31,1.5880069e-28,1.0
testing419.jpg,Outside,1.0,1.9639365e-35,4.3469325e-31,1.0
testing420.jpg,Outside,1.0,1.185215e-33,5.0815583e-30,1.0
testing421.jpg,Outside,1.0,1.630606e-32,1.6991523e-28,1.0
testing422.jpg,Nanodomain,1.0,0.0,1.0,0.0
testing423.jpg,Nanodomain,1.0,0.0,1.0,0.0
testing424.jpg,Nanodomain,1.0,0.0,1.0,0.0
testing425.jpg,Nanodomain,1.0,0.0,1.0,0.0
testing426.jpg,Nanodomain,1.0,0.0,1.0,0.0
testing427.jpg,Nanodomain,1.0,0.0,1.0,0.0
testing428.jpg,Nanodomain,1.0,0.0,1.0,0.0
testing429.jpg,Nanodomain,1.0,0.0,1.0,0.0
testing430.jpg,Nanodomain,1.0,0.0,1.0,0.0
testing431.jpg,Nanodomain,1.0,0.0,1.0,0.0
testing432.jpg,Nanodomain,1.0,0.0,1.0,0.0
testing433.jpg,Outside,1.0,1.5633993e-35,3.4417625e-32,1.0
testing434.jpg,Outside,1.0,1.9627572e-31,1.205814e-26,1.0
testing435.jpg,Outside,1.0,2.0340893e-31,1.4803367e-29,1.0
testing436.jpg,Outside,1.0,3.7078137e-33,5.827058e-30,1.0
testing437.jpg,Outside,1.0,6.901832e-35,2.5909063e-29,1.0
testing438.jpg,Outside,1.0,3.009769e-31,5.021727e-29,1.0
testing439.jpg,Intermediate,1.0,1.0,3.7600093e-29,6.4295036e-22
testing440.jpg,Outside,1.0,7.5918937e-29,1.7435481e-25,1.0
testing441.jpg,Outside,1.0,3.5486094e-30,4.6141306e-26,1.0
testing442.jpg,Outside,1.0,3.016906e-32,9.0588575e-30,1.0
testing443.jpg,Nanodomain,1.0,0.0,1.0,0.0
testing444.jpg,Nanodomain,1.0,0.0,1.0,0.0
testing445.jpg,Nanodomain,1.0,0.0,1.0,0.0
testing446.jpg,Nanodomain,1.0,0.0,1.0,0.0
testing447.jpg,Nanodomain,1.0,0.0,1.0,0.0
testing448.jpg,Nanodomain,1.0,0.0,1.0,0.0
testing449.jpg,Nanodomain,1.0,0.0,1.0,0.0
testing450.jpg,Nanodomain,1.0,0.0,1.0,0.0
testing451.jpg,Nanodomain,1.0,0.0,1.0,0.0
testing452.jpg,Nanodomain,1.0,0.0,1.0,0.0
testing453.jpg,Nanodomain,1.0,0.0,1.0,0.0
testing454.jpg,Nanodomain,1.0,0.0,1.0,0.0
testing455.jpg,Nanodomain,1.0,0.0,1.0,0.0
testing456.jpg,Nanodomain,1.0,0.0,1.0,0.0
testing457.jpg,Nanodomain,1.0,0.0,1.0,0.0
testing458.jpg,Nanodomain,1.0,0.0,1.0,0.0
testing459.jpg,Nanodomain,1.0,0.0,1.0,0.0
testing460.jpg,Nanodomain,1.0,0.0,1.0,0.0
testing461.jpg,Nanodomain,1.0,0.0,1.0,0.0
testing462.jpg,Nanodomain,1.0,0.0,1.0,0.0
testing463.jpg,Nanodomain,1.0,0.0,1.0,0.0
testing464.jpg,Nanodomain,1.0,0.0,1.0,0.0
testing465.jpg,Nanodomain,1.0,0.0,1.0,0.0
testing466.jpg,Nanodomain,1.0,0.0,1.0,0.0
testing467.jpg,Nanodomain,1.0,0.0,1.0,0.0
testing468.jpg,Nanodomain,1.0,0.0,1.0,0.0
testing469.jpg,Nanodomain,1.0,1.2285045e-33,1.0,0.0
testing470.jpg,Nanodomain,1.0,4.1908423e-33,1.0,0.0
testing471.jpg,Nanodomain,1.0,1.3210866e-21,1.0,0.0
testing472.jpg,Outside,1.0,4.6118438e-33,9.294923e-32,1.0
testing473.jpg,Outside,1.0,3.5054092e-29,5.1530587e-24,1.0
testing474.jpg,Outside,1.0,1.5355598e-28,9.2037604e-30,1.0
testing475.jpg,Outside,1.0,2.3416513e-31,8.895347e-29,1.0
testing476.jpg,Outside,1.0,1.1081291e-29,1.146438e-26,1.0
testing477.jpg,Nanodomain,1.0,0.0,1.0,0.0
testing478.jpg,Nanodomain,1.0,0.0,1.0,0.0
testing479.jpg,Nanodomain,1.0,0.0,1.0,0.0
testing480.jpg,Nanodomain,1.0,0.0,1.0,0.0
testing481.jpg,Nanodomain,1.0,0.0,1.0,0.0
testing482.jpg,Nanodomain,1.0,0.0,1.0,0.0
testing483.jpg,Nanodomain,1.0,0.0,1.0,0.0
testing484.jpg,Nanodomain,1.0,0.0,1.0,0.0
testing485.jpg,Nanodomain,1.0,0.0,1.0,0.0
testing486.jpg,Nanodomain,1.0,0.0,1.0,0.0
testing487.jpg,Nanodomain,1.0,0.0,1.0,0.0
testing488.jpg,Nanodomain,1.0,0.0,1.0,0.0
testing489.jpg,Nanodomain,1.0,0.0,1.0,0.0
testing490.jpg,Nanodomain,1.0,0.0,1.0,0.0
testing491.jpg,Nanodomain,1.0,4.4746806e-32,1.0,0.0
testing492.jpg,Nanodomain,1.0,5.9338576e-29,1.0,0.0
testing493.jpg,Nanodomain,1.0,1.8395658e-11,1.0,1.5515e-34
testing494.jpg,Nanodomain,1.0,8.408822e-35,1.0,0.0
testing495.jpg,Nanodomain,1.0,5.1573797e-26,1.0,0.0
testing496.jpg,Nanodomain,1.0,3.7560938e-30,1.0,0.0
testing497.jpg,Nanodomain,1.0,0.0,1.0,0.0
testing498.jpg,Nanodomain,1.0,6.377859e-38,1.0,0.0
testing499.jpg,Nanodomain,1.0,1.4175073e-30,1.0,0.0
testing500.jpg,Nanodomain,1.0,7.254944e-35,1.0,0.0
testing501.jpg,Nanodomain,1.0,1.123916e-27,1.0,0.0
testing502.jpg,Nanodomain,1.0,3.0178407e-23,1.0,0.0
testing503.jpg,Nanodomain,1.0,1.2174924e-21,1.0,0.0
testing504.jpg,Intermediate,1.0,1.0,6.600121e-24,3.5571811e-19
testing505.jpg,Outside,1.0,5.7330486e-28,1.986623e-29,1.0
testing506.jpg,Outside,1.0,1.9353348e-26,1.073926e-27,1.0
testing507.jpg,Outside,1.0,4.3166842e-35,1.18817555e-33,1.0
testing508.jpg,Intermediate,0.99999905,0.99999905,4.5408524e-21,9.649195e-07
testing509.jpg,Outside,1.0,3.7604932e-31,3.0817785e-31,1.0
testing510.jpg,Outside,1.0,1.6736391e-28,2.3528102e-29,1.0
testing511.jpg,Nanodomain,1.0,0.0,1.0,0.0
testing512.jpg,Nanodomain,1.0,0.0,1.0,0.0
testing513.jpg,Nanodomain,1.0,0.0,1.0,0.0
testing514.jpg,Nanodomain,1.0,1.08591356e-35,1.0,0.0
testing515.jpg,Nanodomain,1.0,1.8165643e-37,1.0,0.0
testing516.jpg,Nanodomain,1.0,5.1870554e-33,1.0,0.0
testing517.jpg,Nanodomain,1.0,9.1989195e-37,1.0,0.0
testing518.jpg,Nanodomain,1.0,0.0,1.0,0.0
testing519.jpg,Nanodomain,1.0,5.813184e-29,1.0,0.0
testing520.jpg,Nanodomain,1.0,4.092241e-21,1.0,0.0
testing521.jpg,Nanodomain,1.0,2.2603713e-37,1.0,0.0
testing522.jpg,Outside,1.0,7.1026327e-28,6.115622e-26,1.0
testing523.jpg,Nanodomain,1.0,9.576096e-37,1.0,0.0
testing524.jpg,Outside,1.0,3.9600928e-28,3.9226296e-26,1.0
testing525.jpg,Outside,0.99999726,2.7211918e-06,8.741646e-17,0.99999726
testing526.jpg,Outside,1.0,2.9141102e-08,3.0181804e-19,1.0
testing527.jpg,Outside,1.0,1.2432617e-09,2.2615553e-20,1.0
testing528.jpg,Outside,1.0,1.664726e-19,2.0191075e-23,1.0
testing529.jpg,Outside,0.99999976,1.7902026e-07,6.0558898e-18,0.99999976
testing530.jpg,Nanodomain,0.98254323,0.017456833,0.98254323,7.043672e-25
testing531.jpg,Intermediate,1.0,1.0,1.9654199e-28,6.33963e-16
testing532.jpg,Intermediate,1.0,1.0,4.331793e-28,1.7859992e-13
testing533.jpg,Nanodomain,1.0,7.70774e-11,1.0,6.8705106e-30
testing534.jpg,Intermediate,1.0,1.0,1.5325536e-11,1.5685155e-24
testing535.jpg,Outside,1.0,2.2610418e-09,9.623758e-18,1.0
testing536.jpg,Intermediate,1.0,1.0,2.0455324e-34,4.6408625e-31
testing537.jpg,Intermediate,1.0,1.0,9.2731864e-30,4.810446e-29
testing538.jpg,Intermediate,1.0,1.0,4.8558204e-21,1.5306139e-26
testing539.jpg,Outside,1.0,2.540543e-13,2.0781263e-18,1.0
testing540.jpg,Outside,1.0,3.3582565e-15,2.7002272e-22,1.0
testing541.jpg,Outside,1.0,3.3560257e-24,1.2887051e-25,1.0
testing542.jpg,Outside,1.0,1.4945934e-25,2.3249882e-24,1.0
testing543.jpg,Outside,1.0,6.0882124e-15,2.9998106e-22,1.0
testing544.jpg,Outside,1.0,7.2945534e-25,7.472611e-25,1.0
testing545.jpg,Outside,1.0,4.7521506e-38,1.6832271e-32,1.0
testing546.jpg,Outside,1.0,2.010346e-38,4.532438e-32,1.0
testing547.jpg,Outside,1.0,1.2240537e-29,4.6068294e-27,1.0
testing548.jpg,Outside,1.0,2.8797146e-27,3.4437466e-24,1.0
testing549.jpg,Outside,1.0,1.9984173e-31,1.9688352e-27,1.0
testing550.jpg,Nanodomain,1.0,0.0,1.0,0.0
testing551.jpg,Nanodomain,1.0,0.0,1.0,0.0
testing552.jpg,Nanodomain,1.0,0.0,1.0,0.0
testing553.jpg,Nanodomain,1.0,0.0,1.0,0.0
testing554.jpg,Nanodomain,1.0,0.0,1.0,0.0
testing555.jpg,Nanodomain,1.0,0.0,1.0,0.0
testing556.jpg,Nanodomain,1.0,0.0,1.0,0.0
testing557.jpg,Nanodomain,1.0,0.0,1.0,0.0
testing558.jpg,Nanodomain,1.0,0.0,1.0,0.0
testing559.jpg,Nanodomain,1.0,0.0,1.0,0.0
testing560.jpg,Outside,1.0,5.0337497e-30,4.35061e-26,1.0
testing561.jpg,Outside,1.0,1.5901616e-32,1.3537925e-30,1.0
testing562.jpg,Outside,1.0,5.628666e-27,1.4132306e-23,1.0
testing563.jpg,Outside,1.0,1.730055e-22,1.0324878e-22,1.0
testing564.jpg,Outside,1.0,1.4816106e-33,7.7831964e-31,1.0
testing565.jpg,Outside,1.0,3.3891933e-31,3.1241243e-27,1.0
testing566.jpg,Outside,1.0,1.4341321e-33,2.3054903e-29,1.0
testing567.jpg,Outside,1.0,2.2044966e-33,1.5007377e-29,1.0
testing568.jpg,Outside,1.0,1.1637866e-32,1.5708768e-29,1.0
testing569.jpg,Outside,1.0,1.9172652e-34,3.1393157e-30,1.0
testing570.jpg,Outside,1.0,7.532533e-27,3.5082528e-25,1.0
testing571.jpg,Outside,1.0,9.380461e-29,2.0475704e-26,1.0
testing572.jpg,Nanodomain,1.0,5.852747e-29,1.0,0.0
testing573.jpg,Nanodomain,1.0,0.0,1.0,0.0
testing574.jpg,Nanodomain,1.0,1.091364e-24,1.0,0.0
testing575.jpg,Nanodomain,1.0,0.0,1.0,0.0
testing576.jpg,Nanodomain,1.0,0.0,1.0,0.0
testing577.jpg,Nanodomain,1.0,0.0,1.0,0.0
testing578.jpg,Intermediate,1.0,1.0,1.0889595e-33,2.8251214e-30
testing579.jpg,Nanodomain,0.9999809,1.9052743e-05,0.9999809,3.717846e-23
testing580.jpg,Nanodomain,1.0,0.0,1.0,0.0
testing581.jpg,Nanodomain,1.0,0.0,1.0,0.0
testing582.jpg,Nanodomain,1.0,0.0,1.0,0.0
testing583.jpg,Nanodomain,1.0,0.0,1.0,0.0
testing584.jpg,Nanodomain,1.0,0.0,1.0,0.0
testing585.jpg,Nanodomain,1.0,0.0,1.0,0.0
testing586.jpg,Nanodomain,1.0,0.0,1.0,0.0
testing587.jpg,Nanodomain,1.0,0.0,1.0,0.0
testing588.jpg,Nanodomain,1.0,0.0,1.0,0.0
testing589.jpg,Nanodomain,1.0,0.0,1.0,0.0
testing590.jpg,Nanodomain,1.0,0.0,1.0,0.0
testing591.jpg,Nanodomain,1.0,0.0,1.0,0.0
testing592.jpg,Nanodomain,1.0,0.0,1.0,0.0
testing593.jpg,Nanodomain,1.0,0.0,1.0,0.0
testing594.jpg,Nanodomain,1.0,0.0,1.0,0.0
testing595.jpg,Nanodomain,1.0,0.0,1.0,0.0
testing596.jpg,Nanodomain,1.0,4.5897452e-34,1.0,0.0
testing597.jpg,Nanodomain,1.0,9.5401955e-34,1.0,0.0
testing598.jpg,Nanodomain,1.0,8.795834e-30,1.0,0.0
testing599.jpg,Outside,1.0,8.925687e-32,3.8903668e-26,1.0
testing600.jpg,Outside,1.0,2.2012314e-37,5.252365e-33,1.0
testing601.jpg,Outside,1.0,6.000415e-29,1.0018544e-25,1.0
testing602.jpg,Outside,1.0,1.0436096e-32,3.9807217e-28,1.0
testing603.jpg,Outside,1.0,1.395281e-22,3.518821e-21,1.0
testing604.jpg,Outside,0.99983525,0.0001647054,9.012064e-18,0.99983525
testing605.jpg,Nanodomain,0.999853,0.00014701932,0.999853,5.1163393e-25
testing606.jpg,Intermediate,1.0,1.0,2.5333365e-33,1.4725307e-29
testing607.jpg,Intermediate,1.0,1.0,2.819581e-27,1.0650005e-18
testing608.jpg,Intermediate,1.0,1.0,4.42921e-28,1.2516792e-25
testing609.jpg,Intermediate,1.0,1.0,3.018747e-25,4.333923e-14
testing610.jpg,Intermediate,1.0,1.0,3.023766e-29,1.3176165e-17
testing611.jpg,Intermediate,1.0,1.0,6.2617423e-28,1.4075979e-15
testing612.jpg,Intermediate,1.0,1.0,1.8595815e-27,2.4516345e-23
testing613.jpg,Intermediate,1.0,1.0,4.9659405e-25,3.7518502e-10
testing614.jpg,Intermediate,1.0,1.0,1.0384795e-23,2.8167324e-08
testing615.jpg,Nanodomain,1.0,2.7568969e-17,1.0,2.5817207e-37
testing616.jpg,Nanodomain,1.0,0.0,1.0,0.0
testing617.jpg,Nanodomain,1.0,0.0,1.0,0.0
testing618.jpg,Nanodomain,1.0,0.0,1.0,0.0
testing619.jpg,Nanodomain,1.0,1.198489e-21,1.0,0.0
testing620.jpg,Nanodomain,1.0,9.243092e-16,1.0,2.1740527e-36
testing621.jpg,Nanodomain,1.0,4.7341066e-25,1.0,0.0
testing622.jpg,Nanodomain,1.0,0.0,1.0,0.0
testing623.jpg,Nanodomain,1.0,0.0,1.0,0.0
testing624.jpg,Nanodomain,1.0,0.0,1.0,0.0
testing625.jpg,Nanodomain,1.0,0.0,1.0,0.0
testing626.jpg,Nanodomain,1.0,0.0,1.0,0.0
testing627.jpg,Nanodomain,1.0,1.0194245e-36,1.0,0.0
testing628.jpg,Nanodomain,1.0,0.0,1.0,0.0
testing629.jpg,Nanodomain,1.0,4.678366e-24,1.0,0.0
testing630.jpg,Nanodomain,1.0,5.6561924e-28,1.0,0.0
testing631.jpg,Outside,1.0,4.7708324e-34,1.3945136e-31,1.0
testing632.jpg,Outside,1.0,7.371256e-32,7.803982e-30,1.0
testing633.jpg,Outside,1.0,8.9181405e-30,1.2015844e-27,1.0
testing634.jpg,Outside,1.0,1.1831747e-38,4.049333e-37,1.0
testing635.jpg,Outside,1.0,0.0,4.8582525e-34,1.0
testing636.jpg,Outside,1.0,3.419575e-35,3.7864862e-33,1.0
testing637.jpg,Outside,1.0,3.8069033e-35,3.9511175e-34,1.0
testing638.jpg,Outside,1.0,1.7202594e-33,1.4782635e-32,1.0
testing639.jpg,Outside,1.0,4.3459294e-20,1.7687189e-22,1.0
testing640.jpg,Outside,1.0,4.817912e-10,1.66213e-20,1.0
testing641.jpg,Nanodomain,1.0,0.0,1.0,0.0
testing642.jpg,Nanodomain,1.0,3.9676455e-32,1.0,0.0
testing643.jpg,Nanodomain,1.0,5.8453394e-29,1.0,0.0
testing644.jpg,Intermediate,1.0,1.0,0.0,1.5608127e-28
testing645.jpg,Nanodomain,1.0,5.6658284e-19,1.0,0.0
testing646.jpg,Nanodomain,1.0,1.0828871e-17,1.0,0.0
testing647.jpg,Nanodomain,1.0,6.0504693e-24,1.0,0.0
testing648.jpg,Nanodomain,1.0,8.945653e-19,1.0,0.0
testing649.jpg,Nanodomain,1.0,0.0,1.0,0.0
testing650.jpg,Nanodomain,1.0,2.0964763e-21,1.0,0.0
testing651.jpg,Nanodomain,1.0,1.4457489e-34,1.0,0.0
testing652.jpg,Outside,1.0,3.7617912e-20,1.7757025e-22,1.0
testing653.jpg,Outside,1.0,9.942147e-16,2.757121e-22,1.0
testing654.jpg,Outside,1.0,6.5544786e-25,1.0666068e-25,1.0
testing655.jpg,Outside,1.0,5.087627e-31,3.445471e-30,1.0
testing656.jpg,Outside,1.0,1.5411677e-16,1.9717735e-20,1.0
testing657.jpg,Outside,1.0,7.892722e-22,5.904341e-23,1.0
testing658.jpg,Outside,0.99999034,9.624863e-06,3.3989842e-18,0.99999034
testing659.jpg,Intermediate,1.0,1.0,4.0807104e-11,1.1224352e-24
testing660.jpg,Intermediate,1.0,1.0,6.280839e-11,4.5248356e-25
testing661.jpg,Nanodomain,0.9999839,1.612309e-05,0.9999839,1.524263e-24
testing662.jpg,Intermediate,1.0,1.0,1.3853649e-27,1.8189174e-27
testing663.jpg,Outside,0.9999598,4.016028e-05,5.2453234e-19,0.9999598
testing664.jpg,Intermediate,1.0,1.0,7.331569e-26,1.3012296e-22
testing665.jpg,Intermediate,1.0,1.0,2.0050225e-16,3.5981872e-22
testing666.jpg,Outside,1.0,8.846387e-09,1.8741453e-19,1.0
testing667.jpg,Nanodomain,1.0,1.1686152e-14,1.0,7.4594637e-37
testing668.jpg,Nanodomain,1.0,1.437814e-17,1.0,0.0
testing669.jpg,Nanodomain,1.0,1.5522178e-17,1.0,4.539988e-37
testing670.jpg,Nanodomain,1.0,1.1733713e-16,1.0,1.7749712e-37
testing671.jpg,Outside,1.0,2.3556534e-32,1.7842399e-27,1.0
testing672.jpg,Outside,1.0,3.21003e-27,1.4962306e-25,1.0
testing673.jpg,Outside,1.0,5.4937146e-32,2.7685375e-28,1.0
testing674.jpg,Outside,1.0,3.9715168e-27,2.625284e-26,1.0
testing675.jpg,Outside,1.0,1.7442785e-34,4.8351886e-30,1.0
testing676.jpg,Outside,1.0,0.0,6.2310255e-36,1.0
testing677.jpg,Outside,1.0,5.282527e-25,5.3673085e-26,1.0
testing678.jpg,Outside,1.0,7.0001657e-31,3.0380117e-28,1.0
testing679.jpg,Nanodomain,1.0,0.0,1.0,0.0
testing680.jpg,Nanodomain,1.0,0.0,1.0,0.0
testing681.jpg,Nanodomain,1.0,0.0,1.0,0.0
testing682.jpg,Nanodomain,1.0,0.0,1.0,0.0
testing683.jpg,Nanodomain,1.0,0.0,1.0,0.0
testing684.jpg,Nanodomain,1.0,0.0,1.0,0.0
testing685.jpg,Nanodomain,1.0,0.0,1.0,0.0
testing686.jpg,Nanodomain,1.0,0.0,1.0,0.0
testing687.jpg,Outside,0.9988912,0.0011088321,2.1354013e-18,0.9988912
testing688.jpg,Outside,1.0,2.8558167e-31,1.92833e-30,1.0
testing689.jpg,Outside,1.0,3.8152443e-37,1.8719965e-32,1.0
testing690.jpg,Outside,1.0,6.4801433e-25,1.0108572e-24,1.0
testing691.jpg,Outside,1.0,9.925375e-28,1.3356116e-25,1.0
testing692.jpg,Outside,1.0,2.1789868e-34,1.5822366e-30,1.0
testing693.jpg,Outside,1.0,3.700073e-24,1.4800074e-24,1.0
testing694.jpg,Outside,1.0,2.53377e-19,2.2851484e-23,1.0
testing695.jpg,Outside,1.0,7.520287e-31,1.6063274e-28,1.0
testing696.jpg,Outside,1.0,4.6786932e-29,2.6461657e-27,1.0
testing697.jpg,Outside,1.0,1.5265395e-09,1.3576271e-19,1.0
testing698.jpg,Outside,1.0,2.0227435e-33,6.114609e-29,1.0
testing699.jpg,Outside,1.0,1.8359166e-30,2.056696e-28,1.0
testing700.jpg,Outside,1.0,1.0248521e-36,8.136884e-33,1.0
testing701.jpg,Nanodomain,1.0,0.0,1.0,0.0
testing702.jpg,Nanodomain,1.0,0.0,1.0,0.0
testing703.jpg,Nanodomain,1.0,0.0,1.0,0.0
testing704.jpg,Nanodomain,1.0,0.0,1.0,0.0
testing705.jpg,Nanodomain,1.0,0.0,1.0,0.0
testing706.jpg,Nanodomain,1.0,0.0,1.0,0.0
testing707.jpg,Nanodomain,1.0,0.0,1.0,0.0
testing708.jpg,Nanodomain,1.0,0.0,1.0,0.0
testing709.jpg,Nanodomain,1.0,0.0,1.0,0.0
testing710.jpg,Nanodomain,1.0,0.0,1.0,0.0
testing711.jpg,Nanodomain,1.0,0.0,1.0,0.0
testing712.jpg,Nanodomain,1.0,0.0,1.0,0.0
testing713.jpg,Nanodomain,1.0,0.0,1.0,0.0
testing714.jpg,Nanodomain,1.0,4.250664e-37,1.0,0.0
testing715.jpg,Nanodomain,1.0,1.7125648e-27,1.0,0.0
testing716.jpg,Nanodomain,1.0,1.0168565e-30,1.0,0.0
testing717.jpg,Nanodomain,1.0,5.726318e-35,1.0,0.0
testing718.jpg,Intermediate,1.0,1.0,5.297809e-38,3.9239647e-32
testing719.jpg,Nanodomain,1.0,0.0,1.0,0.0
testing720.jpg,Nanodomain,1.0,0.0,1.0,0.0
testing721.jpg,Nanodomain,1.0,0.0,1.0,0.0
testing722.jpg,Nanodomain,1.0,0.0,1.0,0.0
testing723.jpg,Nanodomain,1.0,0.0,1.0,0.0
testing724.jpg,Nanodomain,1.0,6.5837915e-27,1.0,0.0
testing725.jpg,Intermediate,1.0,1.0,5.897705e-29,6.254833e-31
testing726.jpg,Intermediate,1.0,1.0,2.1237367e-31,3.2093649e-22
testing727.jpg,Outside,1.0,4.8166367e-28,2.1700296e-25,1.0
testing728.jpg,Outside,1.0,5.5077134e-31,1.0800763e-27,1.0
testing729.jpg,Outside,1.0,2.1879965e-29,1.0370997e-27,1.0
testing730.jpg,Outside,1.0,3.9308395e-33,2.493816e-31,1.0
testing731.jpg,Outside,1.0,9.412774e-33,2.542259e-28,1.0
testing732.jpg,Outside,1.0,9.555585e-30,2.8387143e-28,1.0
testing733.jpg,Nanodomain,1.0,0.0,1.0,0.0
testing734.jpg,Nanodomain,1.0,0.0,1.0,0.0
testing735.jpg,Nanodomain,1.0,0.0,1.0,0.0
testing736.jpg,Nanodomain,1.0,0.0,1.0,0.0
testing737.jpg,Nanodomain,1.0,0.0,1.0,0.0
testing738.jpg,Nanodomain,1.0,0.0,1.0,0.0
testing739.jpg,Nanodomain,1.0,0.0,1.0,0.0
testing740.jpg,Nanodomain,1.0,0.0,1.0,0.0
testing741.jpg,Nanodomain,1.0,0.0,1.0,0.0
testing742.jpg,Nanodomain,1.0,0.0,1.0,0.0
testing743.jpg,Nanodomain,1.0,0.0,1.0,0.0
testing744.jpg,Nanodomain,1.0,0.0,1.0,0.0
testing745.jpg,Outside,1.0,3.8868177e-28,5.614611e-30,1.0
testing746.jpg,Nanodomain,1.0,4.6344074e-30,1.0,0.0
testing747.jpg,Nanodomain,1.0,4.944293e-34,1.0,0.0
testing748.jpg,Nanodomain,1.0,1.1704815e-34,1.0,0.0
testing749.jpg,Nanodomain,1.0,1.9239529e-28,1.0,0.0
testing750.jpg,Nanodomain,1.0,0.0,1.0,0.0
testing751.jpg,Nanodomain,1.0,7.4058596e-34,1.0,0.0
testing752.jpg,Intermediate,1.0,1.0,9.276817e-33,3.2416925e-27
testing753.jpg,Intermediate,1.0,1.0,0.0,1.3469207e-30
testing754.jpg,Nanodomain,1.0,1.1636913e-28,1.0,0.0
testing755.jpg,Nanodomain,1.0,6.3885036e-22,1.0,0.0
testing756.jpg,Nanodomain,1.0,7.245334e-31,1.0,0.0
testing757.jpg,Intermediate,1.0,1.0,7.031831e-30,1.560835e-15
testing758.jpg,Intermediate,1.0,1.0,2.4932528e-25,3.0389706e-15
testing759.jpg,Nanodomain,1.0,6.303161e-26,1.0,0.0
testing760.jpg,Outside,1.0,3.4277168e-32,1.4404497e-31,1.0
testing761.jpg,Nanodomain,1.0,0.0,1.0,0.0
testing762.jpg,Outside,1.0,6.096537e-36,1.0396113e-34,1.0
testing763.jpg,Outside,1.0,5.5276066e-15,2.8328381e-22,1.0
testing764.jpg,Outside,1.0,9.520968e-33,1.2194199e-31,1.0
testing765.jpg,Outside,1.0,1.5981507e-34,1.4680135e-32,1.0
testing766.jpg,Outside,1.0,2.1364502e-34,1.0369077e-31,1.0
testing767.jpg,Outside,1.0,3.73623e-30,1.9006533e-28,1.0
testing768.jpg,Outside,1.0,1.882195e-30,4.4720764e-29,1.0
testing769.jpg,Outside,1.0,1.7520734e-20,2.516012e-17,1.0
testing770.jpg,Outside,1.0,2.2934368e-15,1.5053848e-18,1.0
testing771.jpg,Outside,1.0,7.314826e-21,1.5625996e-21,1.0
testing772.jpg,Intermediate,0.9999999,0.9999999,3.1002218e-22,6.74531e-08
testing773.jpg,Outside,1.0,9.498259e-18,3.4388668e-22,1.0
testing774.jpg,Outside,0.9999999,1.584925e-07,1.12493e-16,0.9999999
testing775.jpg,Nanodomain,1.0,2.2732319e-20,1.0,0.0
testing776.jpg,Nanodomain,1.0,0.0,1.0,0.0
testing777.jpg,Nanodomain,1.0,3.6003966e-30,1.0,0.0
testing778.jpg,Nanodomain,1.0,1.7945708e-31,1.0,0.0
testing779.jpg,Nanodomain,1.0,1.8474995e-25,1.0,0.0
testing780.jpg,Outside,1.0,2.3416499e-17,8.631705e-21,1.0
testing781.jpg,Outside,1.0,7.7115016e-23,1.5176747e-22,1.0
testing782.jpg,Outside,1.0,8.139696e-21,2.3524763e-23,1.0
testing783.jpg,Outside,1.0,1.1138876e-16,1.5350104e-19,1.0
testing784.jpg,Outside,1.0,6.626435e-16,8.765223e-22,1.0
testing785.jpg,Outside,1.0,4.5658098e-24,7.2840975e-25,1.0
testing786.jpg,Outside,1.0,7.2343416e-16,1.1099321e-20,1.0
testing787.jpg,Outside,1.0,1.410721e-15,5.394e-23,1.0
testing788.jpg,Outside,0.79061115,0.20938885,2.414081e-16,0.79061115
testing789.jpg,Outside,1.0,2.6615694e-23,3.6073007e-21,1.0
testing790.jpg,Outside,1.0,1.2517559e-32,1.3646661e-29,1.0
testing791.jpg,Outside,1.0,4.0275653e-22,2.0051235e-22,1.0
testing792.jpg,Outside,1.0,4.5602247e-23,4.9083473e-25,1.0
testing793.jpg,Intermediate,1.0,1.0,2.0597315e-31,7.547814e-25
testing794.jpg,Outside,1.0,1.7884489e-22,2.5583859e-23,1.0
testing795.jpg,Outside,1.0,4.1036828e-29,2.0397657e-27,1.0
testing796.jpg,Outside,1.0,5.1212337e-24,1.3295231e-23,1.0
testing797.jpg,Outside,1.0,4.6253565e-26,8.815056e-28,1.0
testing798.jpg,Outside,1.0,1.8154198e-31,3.931796e-27,1.0
testing799.jpg,Outside,1.0,8.473388e-34,1.2189426e-28,1.0
testing800.jpg,Outside,1.0,1.7205086e-33,3.377014e-29,1.0
testing801.jpg,Outside,1.0,4.7342682e-33,9.316768e-29,1.0
testing802.jpg,Outside,1.0,3.6698238e-31,2.6045533e-28,1.0
testing803.jpg,Outside,1.0,1.8746262e-32,2.4512087e-27,1.0
testing804.jpg,Nanodomain,1.0,1.7958286e-26,1.0,0.0
testing805.jpg,Outside,1.0,1.2398588e-35,2.1877197e-30,1.0
testing806.jpg,Nanodomain,1.0,1.4328168e-37,1.0,0.0
testing807.jpg,Nanodomain,1.0,1.9951076e-35,1.0,0.0
testing808.jpg,Nanodomain,1.0,1.8103714e-31,1.0,0.0
testing809.jpg,Intermediate,1.0,1.0,6.075658e-16,2.1274602e-22
testing810.jpg,Intermediate,1.0,1.0,3.2760506e-21,2.6558057e-25
testing811.jpg,Intermediate,1.0,1.0,5.6963926e-24,1.3245759e-25
testing812.jpg,Nanodomain,1.0,0.0,1.0,0.0
testing813.jpg,Outside,1.0,2.2053398e-31,3.7418784e-30,1.0
testing814.jpg,Outside,0.99999964,4.1109112e-07,9.775937e-19,0.99999964
testing815.jpg,Outside,1.0,2.710753e-08,2.2617636e-19,1.0
testing816.jpg,Outside,1.0,3.5771365e-08,3.3602122e-18,1.0
testing817.jpg,Outside,0.9940035,0.0059965025,1.9876588e-19,0.9940035
testing818.jpg,Outside,1.0,2.6704986e-23,5.4244742e-24,1.0
testing819.jpg,Outside,1.0,7.949024e-27,4.904131e-27,1.0
testing820.jpg,Outside,1.0,5.5886583e-34,3.9671874e-34,1.0
testing821.jpg,Outside,1.0,1.6669795e-22,1.2699956e-23,1.0
testing822.jpg,Outside,1.0,1.5009648e-24,2.391633e-27,1.0
testing823.jpg,Outside,1.0,3.3002575e-22,2.2111297e-21,1.0
testing824.jpg,Intermediate,1.0,1.0,1.2403247e-24,4.280063e-12
testing825.jpg,Outside,1.0,1.7048801e-19,2.7820867e-22,1.0
testing826.jpg,Outside,0.9773596,0.022640446,5.521589e-17,0.9773596
testing827.jpg,Outside,0.99999976,1.9261026e-07,6.310871e-22,0.99999976
testing828.jpg,Outside,1.0,6.5730356e-24,2.3648906e-25,1.0
testing829.jpg,Nanodomain,1.0,0.0,1.0,0.0
testing830.jpg,Nanodomain,1.0,0.0,1.0,0.0
testing831.jpg,Nanodomain,1.0,0.0,1.0,0.0
testing832.jpg,Nanodomain,1.0,0.0,1.0,0.0
testing833.jpg,Nanodomain,1.0,1.428647e-37,1.0,0.0
testing834.jpg,Nanodomain,1.0,0.0,1.0,0.0
testing835.jpg,Nanodomain,1.0,1.6620331e-37,1.0,0.0
testing836.jpg,Nanodomain,1.0,0.0,1.0,0.0
testing837.jpg,Nanodomain,1.0,0.0,1.0,0.0
testing838.jpg,Nanodomain,1.0,7.578757e-29,1.0,0.0
testing839.jpg,Nanodomain,1.0,0.0,1.0,0.0
testing840.jpg,Nanodomain,1.0,2.3343573e-22,1.0,0.0
testing841.jpg,Outside,1.0,6.509607e-31,8.658072e-32,1.0
testing842.jpg,Outside,1.0,1.6933443e-25,7.290405e-26,1.0
testing843.jpg,Intermediate,1.0,1.0,5.9603748e-30,2.0472415e-12
testing844.jpg,Intermediate,1.0,1.0,1.0543488e-26,3.2893797e-18
testing845.jpg,Intermediate,1.0,1.0,2.3849095e-27,2.6677496e-23
testing846.jpg,Intermediate,1.0,1.0,1.522042e-35,4.3940185e-29
testing847.jpg,Intermediate,1.0,1.0,1.9183265e-26,1.7148337e-19
testing848.jpg,Intermediate,1.0,1.0,6.247625e-33,2.0029207e-23
testing849.jpg,Intermediate,1.0,1.0,6.072185e-30,1.4203879e-21
testing850.jpg,Intermediate,1.0,1.0,0.0,6.0076725e-30
testing851.jpg,Nanodomain,1.0,8.587627e-14,1.0,7.322867e-36
testing852.jpg,Nanodomain,1.0,2.568927e-24,1.0,0.0
testing853.jpg,Nanodomain,1.0,2.9713926e-16,1.0,0.0
testing854.jpg,Intermediate,1.0,1.0,5.9748975e-23,5.3805365e-09
testing855.jpg,Outside,1.0,9.446114e-34,2.516637e-31,1.0
testing856.jpg,Outside,1.0,5.6614655e-26,4.8145842e-26,1.0
testing857.jpg,Outside,1.0,1.0816882e-35,8.653742e-33,1.0
testing858.jpg,Outside,1.0,9.051141e-33,4.194237e-31,1.0
testing859.jpg,Outside,1.0,5.2555426e-29,1.9818423e-26,1.0
testing860.jpg,Outside,1.0,5.1977345e-32,1.6494707e-29,1.0
testing861.jpg,Nanodomain,1.0,0.0,1.0,0.0
testing862.jpg,Nanodomain,1.0,0.0,1.0,0.0
testing863.jpg,Nanodomain,1.0,0.0,1.0,0.0
testing864.jpg,Nanodomain,1.0,0.0,1.0,0.0
testing865.jpg,Nanodomain,1.0,0.0,1.0,0.0
testing866.jpg,Nanodomain,1.0,0.0,1.0,0.0
testing867.jpg,Nanodomain,1.0,0.0,1.0,0.0
testing868.jpg,Nanodomain,1.0,0.0,1.0,0.0
testing869.jpg,Nanodomain,1.0,0.0,1.0,0.0
testing870.jpg,Nanodomain,1.0,0.0,1.0,0.0
testing871.jpg,Nanodomain,1.0,0.0,1.0,0.0
testing872.jpg,Nanodomain,1.0,0.0,1.0,0.0
testing873.jpg,Nanodomain,1.0,0.0,1.0,0.0
testing874.jpg,Nanodomain,1.0,0.0,1.0,0.0
testing875.jpg,Nanodomain,1.0,4.1723057e-26,1.0,0.0
testing876.jpg,Nanodomain,1.0,1.7507222e-37,1.0,0.0
testing877.jpg,Nanodomain,1.0,1.1383811e-32,1.0,0.0
testing878.jpg,Nanodomain,1.0,1.6627989e-24,1.0,0.0
testing879.jpg,Nanodomain,1.0,0.0,1.0,0.0
testing880.jpg,Nanodomain,1.0,0.0,1.0,0.0
testing881.jpg,Nanodomain,1.0,0.0,1.0,0.0
testing882.jpg,Nanodomain,1.0,5.0564054e-36,1.0,0.0
testing883.jpg,Nanodomain,1.0,0.0,1.0,0.0
testing884.jpg,Nanodomain,1.0,5.359309e-26,1.0,0.0
testing885.jpg,Nanodomain,1.0,3.5564458e-28,1.0,0.0
testing886.jpg,Intermediate,1.0,1.0,7.401849e-34,1.4160321e-22
testing887.jpg,Outside,1.0,1.9267521e-27,2.714918e-27,1.0
testing888.jpg,Nanodomain,1.0,2.8510273e-31,1.0,0.0
testing889.jpg,Nanodomain,1.0,2.0787552e-38,1.0,0.0
testing890.jpg,Nanodomain,1.0,2.673999e-35,1.0,0.0
testing891.jpg,Outside,1.0,2.2084984e-37,3.794133e-34,1.0
testing892.jpg,Outside,1.0,8.468217e-34,3.672721e-32,1.0
testing893.jpg,Outside,1.0,1.0521663e-35,3.9330425e-34,1.0
testing894.jpg,Outside,1.0,3.312935e-29,6.311762e-30,1.0
testing895.jpg,Outside,1.0,2.7191123e-37,4.520864e-34,1.0
testing896.jpg,Outside,1.0,7.651364e-33,1.6847962e-30,1.0
testing897.jpg,Outside,1.0,1.9858137e-35,5.527643e-32,1.0
testing898.jpg,Intermediate,1.0,1.0,1.1253766e-16,9.205865e-23
testing899.jpg,Nanodomain,1.0,4.5440057e-23,1.0,0.0
testing900.jpg,Nanodomain,1.0,3.4840215e-24,1.0,0.0
testing901.jpg,Nanodomain,1.0,1.7496632e-34,1.0,0.0
testing902.jpg,Nanodomain,1.0,3.2083122e-22,1.0,0.0
testing903.jpg,Nanodomain,1.0,6.8254107e-26,1.0,0.0
testing904.jpg,Nanodomain,1.0,6.449704e-12,1.0,1.2331475e-34
testing905.jpg,Nanodomain,1.0,1.06543695e-30,1.0,0.0
testing906.jpg,Nanodomain,1.0,1.0095842e-19,1.0,0.0
testing907.jpg,Nanodomain,1.0,1.0799588e-31,1.0,0.0
testing908.jpg,Outside,0.97490996,0.025089975,6.4514106e-16,0.97490996
testing909.jpg,Outside,0.9989434,0.001056644,1.2920958e-18,0.9989434
testing910.jpg,Outside,1.0,9.860615e-13,5.28978e-20,1.0
testing911.jpg,Outside,1.0,2.8548927e-11,8.836708e-20,1.0
testing912.jpg,Outside,0.83766544,0.1623345,1.3696335e-16,0.83766544
testing913.jpg,Outside,1.0,1.4381668e-22,6.543708e-26,1.0
testing914.jpg,Outside,1.0,1.8457131e-22,4.4333964e-23,1.0
testing915.jpg,Outside,1.0,1.3146851e-16,7.7922126e-20,1.0
testing916.jpg,Outside,0.99999785,2.1966396e-06,1.1220418e-19,0.99999785
testing917.jpg,Outside,1.0,6.283346e-29,9.552913e-25,1.0
testing918.jpg,Outside,1.0,4.868424e-32,3.4972354e-29,1.0
testing919.jpg,Outside,1.0,5.5932225e-34,1.4015701e-30,1.0
testing920.jpg,Outside,1.0,9.301092e-25,1.0261125e-27,1.0
testing921.jpg,Outside,0.9999975,2.4495837e-06,3.8350856e-19,0.9999975
testing922.jpg,Outside,1.0,1.3638529e-31,9.3623006e-29,1.0
testing923.jpg,Intermediate,1.0,1.0,2.5648838e-16,1.0816536e-23
testing924.jpg,Nanodomain,0.99999857,1.3967707e-06,0.99999857,3.763667e-27
testing925.jpg,Intermediate,1.0,1.0,0.0,1.8832402e-26
testing926.jpg,Nanodomain,1.0,3.89421e-20,1.0,0.0
testing927.jpg,Nanodomain,1.0,3.6449713e-26,1.0,0.0
testing928.jpg,Nanodomain,1.0,1.7667054e-19,1.0,0.0
testing929.jpg,Nanodomain,1.0,1.1369963e-25,1.0,0.0
testing930.jpg,Nanodomain,1.0,1.5501974e-13,1.0,1.1515402e-33
testing931.jpg,Nanodomain,1.0,1.1354998e-12,1.0,3.9620324e-33
testing932.jpg,Nanodomain,1.0,0.0,1.0,0.0
testing933.jpg,Nanodomain,1.0,2.219889e-33,1.0,0.0
testing934.jpg,Nanodomain,1.0,0.0,1.0,0.0
testing935.jpg,Nanodomain,1.0,6.8208574e-33,1.0,0.0
testing936.jpg,Nanodomain,1.0,5.94211e-34,1.0,0.0
testing937.jpg,Nanodomain,1.0,8.95739e-36,1.0,0.0
testing938.jpg,Intermediate,1.0,1.0,2.3507221e-27,1.0158859e-25
testing939.jpg,Intermediate,1.0,1.0,2.3444678e-30,8.338819e-31
testing940.jpg,Intermediate,1.0,1.0,2.2797134e-25,1.3253019e-09
testing941.jpg,Outside,1.0,7.5746296e-35,8.2764153e-32,1.0
testing942.jpg,Outside,1.0,2.8624966e-20,2.178302e-22,1.0
testing943.jpg,Nanodomain,1.0,0.0,1.0,0.0
testing944.jpg,Nanodomain,1.0,0.0,1.0,0.0
testing945.jpg,Nanodomain,1.0,0.0,1.0,0.0
testing946.jpg,Nanodomain,1.0,0.0,1.0,0.0
testing947.jpg,Nanodomain,1.0,0.0,1.0,0.0
testing948.jpg,Nanodomain,1.0,0.0,1.0,0.0
testing949.jpg,Nanodomain,1.0,6.5064657e-35,1.0,0.0
testing950.jpg,Outside,1.0,8.982431e-15,1.7907598e-18,1.0
testing951.jpg,Outside,1.0,2.555853e-28,3.1972976e-26,1.0
testing952.jpg,Outside,1.0,4.833121e-16,9.0511266e-21,1.0
testing953.jpg,Outside,1.0,1.3688995e-22,1.7431841e-23,1.0
testing954.jpg,Outside,1.0,2.7194713e-25,3.12763e-27,1.0
testing955.jpg,Outside,1.0,1.5239077e-19,6.478133e-20,1.0
testing956.jpg,Nanodomain,1.0,2.766593e-37,1.0,0.0
testing957.jpg,Nanodomain,1.0,0.0,1.0,0.0
testing958.jpg,Nanodomain,1.0,0.0,1.0,0.0
testing959.jpg,Nanodomain,1.0,0.0,1.0,0.0
testing960.jpg,Nanodomain,1.0,5.7354935e-37,1.0,0.0
testing961.jpg,Nanodomain,1.0,3.0879989e-34,1.0,0.0
testing962.jpg,Nanodomain,1.0,6.9043074e-35,1.0,0.0
testing963.jpg,Nanodomain,1.0,0.0,1.0,0.0
testing964.jpg,Nanodomain,1.0,1.1408045e-36,1.0,0.0
testing965.jpg,Nanodomain,1.0,7.637093e-36,1.0,0.0
testing966.jpg,Nanodomain,1.0,3.1758126e-22,1.0,0.0
testing967.jpg,Nanodomain,1.0,8.8963645e-29,1.0,0.0
testing968.jpg,Outside,1.0,1.1719556e-27,5.762434e-26,1.0
testing969.jpg,Outside,1.0,6.277452e-29,6.6716443e-28,1.0
testing970.jpg,Outside,1.0,1.0524858e-23,8.555273e-25,1.0
testing971.jpg,Nanodomain,1.0,4.5172094e-34,1.0,0.0
testing972.jpg,Nanodomain,1.0,1.4147247e-38,1.0,0.0
testing973.jpg,Nanodomain,1.0,0.0,1.0,0.0
testing974.jpg,Nanodomain,1.0,0.0,1.0,0.0
testing975.jpg,Intermediate,0.9999713,0.9999713,2.876664e-05,1.0618553e-24
testing976.jpg,Intermediate,1.0,1.0,8.048407e-26,8.3294165e-29
testing977.jpg,Nanodomain,1.0,5.4216207e-31,1.0,0.0
testing978.jpg,Nanodomain,1.0,0.0,1.0,0.0
testing979.jpg,Nanodomain,1.0,5.5740772e-14,1.0,1.2784929e-37
testing980.jpg,Nanodomain,1.0,1.2486969e-20,1.0,0.0
testing981.jpg,Nanodomain,1.0,9.135704e-12,1.0,1.7906616e-36
testing982.jpg,Outside,1.0,4.059257e-32,6.1265836e-30,1.0
testing983.jpg,Outside,1.0,2.9025633e-29,3.7285615e-27,1.0
testing984.jpg,Outside,1.0,3.7251003e-23,4.0744637e-23,1.0
testing985.jpg,Outside,1.0,2.0849513e-29,4.0804577e-28,1.0
testing986.jpg,Outside,1.0,2.0552489e-32,2.6212386e-28,1.0
testing987.jpg,Outside,1.0,1.4737476e-25,3.3827507e-22,1.0
testing988.jpg,Outside,1.0,3.1142912e-30,3.800578e-27,1.0
testing989.jpg,Outside,1.0,3.33786e-30,2.1765863e-26,1.0
testing990.jpg,Nanodomain,1.0,0.0,1.0,0.0
testing991.jpg,Nanodomain,1.0,0.0,1.0,0.0
testing992.jpg,Nanodomain,1.0,0.0,1.0,0.0
testing993.jpg,Nanodomain,1.0,0.0,1.0,0.0
testing994.jpg,Nanodomain,1.0,0.0,1.0,0.0
testing995.jpg,Nanodomain,1.0,0.0,1.0,0.0
testing996.jpg,Nanodomain,1.0,0.0,1.0,0.0
testing997.jpg,Nanodomain,1.0,0.0,1.0,0.0
testing998.jpg,Nanodomain,1.0,0.0,1.0,0.0
testing999.jpg,Nanodomain,1.0,0.0,1.0,0.0
testing1000.jpg,Nanodomain,1.0,0.0,1.0,0.0
testing1001.jpg,Nanodomain,1.0,2.5109984e-31,1.0,0.0
testing1002.jpg,Nanodomain,1.0,5.4067754e-37,1.0,0.0
testing1003.jpg,Nanodomain,1.0,1.5675263e-12,1.0,2.2592703e-35
testing1004.jpg,Intermediate,1.0,1.0,1.9969539e-24,4.9633882e-23
testing1005.jpg,Intermediate,1.0,1.0,3.9518392e-20,1.8109576e-17
testing1006.jpg,Intermediate,1.0,1.0,0.0,7.999861e-33
testing1007.jpg,Nanodomain,1.0,4.0833222e-13,1.0,0.0
testing1008.jpg,Nanodomain,1.0,0.0,1.0,0.0
testing1009.jpg,Nanodomain,1.0,0.0,1.0,0.0
testing1010.jpg,Nanodomain,1.0,0.0,1.0,0.0
testing1011.jpg,Nanodomain,1.0,0.0,1.0,0.0
testing1012.jpg,Nanodomain,1.0,2.9094713e-28,1.0,0.0
testing1013.jpg,Nanodomain,1.0,2.788339e-26,1.0,0.0
testing1014.jpg,Nanodomain,1.0,4.569048e-25,1.0,0.0
testing1015.jpg,Nanodomain,1.0,1.1190244e-15,1.0,4.0779355e-36
testing1016.jpg,Nanodomain,1.0,5.445939e-22,1.0,0.0
testing1017.jpg,Nanodomain,1.0,2.7246355e-30,1.0,0.0
testing1018.jpg,Nanodomain,1.0,5.439294e-30,1.0,0.0
testing1019.jpg,Outside,1.0,3.9661745e-26,2.498312e-22,1.0
testing1020.jpg,Intermediate,1.0,1.0,2.620502e-18,9.350179e-26
testing1021.jpg,Nanodomain,1.0,1.1128836e-19,1.0,0.0
testing1022.jpg,Outside,1.0,1.1465558e-34,5.438044e-32,1.0
testing1023.jpg,Nanodomain,1.0,0.0,1.0,0.0
testing1024.jpg,Nanodomain,1.0,0.0,1.0,0.0
testing1025.jpg,Outside,1.0,1.8985296e-36,2.445568e-34,1.0
testing1026.jpg,Nanodomain,1.0,4.5030915e-12,1.0,2.2956786e-29
testing1027.jpg,Nanodomain,1.0,0.0,1.0,0.0
testing1028.jpg,Nanodomain,1.0,2.7194338e-22,1.0,0.0
testing1029.jpg,Nanodomain,1.0,5.247565e-38,1.0,0.0
testing1030.jpg,Nanodomain,1.0,5.0259196e-23,1.0,0.0
testing1031.jpg,Outside,1.0,2.2896378e-08,6.0937827e-17,1.0
testing1032.jpg,Nanodomain,1.0,3.230491e-15,1.0,2.0914747e-37
testing1033.jpg,Outside,1.0,3.4839772e-34,3.956918e-30,1.0
testing1034.jpg,Nanodomain,1.0,0.0,1.0,0.0
testing1035.jpg,Intermediate,1.0,1.0,7.3167e-35,1.3480793e-27
testing1036.jpg,Nanodomain,1.0,0.0,1.0,0.0
testing1037.jpg,Nanodomain,1.0,0.0,1.0,0.0
testing1038.jpg,Intermediate,0.9227683,0.9227683,5.1465897e-16,0.07723171
testing1039.jpg,Outside,1.0,3.0430077e-30,3.9236267e-29,1.0
testing1040.jpg,Outside,1.0,4.6054844e-31,2.5243917e-27,1.0
testing1041.jpg,Outside,1.0,1.0498082e-10,3.801079e-23,1.0
testing1042.jpg,Outside,1.0,3.543059e-25,9.9896926e-26,1.0
testing1043.jpg,Intermediate,0.78652465,0.78652465,1.0333766e-18,0.21347532
testing1044.jpg,Intermediate,1.0,1.0,5.7274393e-25,4.7429542e-14
testing1045.jpg,Outside,1.0,4.26319e-34,4.4123416e-30,1.0
testing1046.jpg,Outside,0.9999995,5.328185e-07,6.1269856e-20,0.9999995
testing1047.jpg,Outside,1.0,1.5469706e-22,6.610916e-21,1.0
testing1048.jpg,Outside,1.0,2.702928e-29,2.2595702e-29,1.0
testing1049.jpg,Intermediate,1.0,1.0,5.1301342e-15,2.9314687e-24
testing1050.jpg,Intermediate,1.0,1.0,2.6872477e-23,6.22703e-11
testing1051.jpg,Nanodomain,1.0,8.0285034e-19,1.0,5.516378e-38
testing1052.jpg,Nanodomain,1.0,2.6817535e-08,1.0,4.215217e-31
testing1053.jpg,Nanodomain,1.0,4.590858e-15,1.0,1.585738e-34
testing1054.jpg,Nanodomain,1.0,2.7616768e-16,1.0,1.13016e-32
testing1055.jpg,Nanodomain,1.0,2.9519774e-12,1.0,5.3033705e-30
testing1056.jpg,Intermediate,1.0,1.0,1.427112e-28,1.0437219e-23
testing1057.jpg,Outside,1.0,2.6280722e-09,1.1353051e-19,1.0
testing1058.jpg,Nanodomain,1.0,1.9607396e-13,1.0,8.547415e-32
testing1059.jpg,Nanodomain,0.8719721,0.12802793,0.8719721,4.830322e-21
testing1060.jpg,Nanodomain,1.0,1.853274e-17,1.0,1.1640989e-37
testing1061.jpg,Nanodomain,1.0,8.536542e-37,1.0,0.0
testing1062.jpg,Nanodomain,1.0,4.6447388e-32,1.0,0.0
testing1063.jpg,Nanodomain,1.0,1.8115049e-38,1.0,0.0
testing1064.jpg,Nanodomain,1.0,2.2651724e-28,1.0,0.0
testing1065.jpg,Nanodomain,1.0,2.0352618e-23,1.0,0.0
testing1066.jpg,Nanodomain,1.0,2.171214e-25,1.0,0.0
testing1067.jpg,Intermediate,1.0,1.0,3.6759748e-16,9.94267e-25
testing1068.jpg,Nanodomain,0.9999913,8.753089e-06,0.9999913,4.743972e-25
testing1069.jpg,Nanodomain,1.0,5.6794508e-15,1.0,3.272808e-33
testing1070.jpg,Nanodomain,1.0,0.0,1.0,0.0
testing1071.jpg,Nanodomain,1.0,0.0,1.0,0.0
testing1072.jpg,Nanodomain,1.0,0.0,1.0,0.0
testing1073.jpg,Nanodomain,1.0,0.0,1.0,0.0
testing1074.jpg,Nanodomain,1.0,0.0,1.0,0.0
testing1075.jpg,Nanodomain,1.0,0.0,1.0,0.0
testing1076.jpg,Nanodomain,1.0,0.0,1.0,0.0
testing1077.jpg,Nanodomain,1.0,0.0,1.0,0.0
testing1078.jpg,Nanodomain,1.0,0.0,1.0,0.0
testing1079.jpg,Nanodomain,1.0,6.544445e-37,1.0,0.0
testing1080.jpg,Outside,1.0,3.1838803e-29,3.464668e-26,1.0
testing1081.jpg,Outside,1.0,1.0338312e-23,8.3600206e-26,1.0
testing1082.jpg,Intermediate,0.9999355,0.9999355,1.2599086e-19,6.4458436e-05
testing1083.jpg,Outside,1.0,5.6269716e-19,4.120246e-22,1.0
testing1084.jpg,Outside,1.0,5.2098e-26,1.6145533e-28,1.0
testing1085.jpg,Outside,1.0,6.49222e-17,3.0326554e-25,1.0
testing1086.jpg,Outside,0.6273474,0.3726526,5.9789276e-18,0.6273474
testing1087.jpg,Intermediate,1.0,1.0,1.4216227e-30,3.9468458e-16
testing1088.jpg,Nanodomain,1.0,9.5971116e-17,1.0,0.0
testing1089.jpg,Nanodomain,1.0,3.1908367e-28,1.0,0.0
testing1090.jpg,Nanodomain,1.0,4.672382e-13,1.0,1.6120759e-32
testing1091.jpg,Nanodomain,1.0,2.743093e-16,1.0,0.0
testing1092.jpg,Nanodomain,1.0,1.13707465e-17,1.0,5.969894e-35
testing1093.jpg,Nanodomain,1.0,7.6464774e-14,1.0,1.1483966e-30
testing1094.jpg,Nanodomain,1.0,5.0859026e-15,1.0,5.9401097e-36
testing1095.jpg,Nanodomain,0.9974017,0.0025982587,0.9974017,6.603593e-25
testing1096.jpg,Outside,1.0,1.1441515e-36,3.1187478e-31,1.0
testing1097.jpg,Outside,1.0,8.0702575e-28,6.694005e-27,1.0
testing1098.jpg,Nanodomain,1.0,3.3207842e-34,1.0,0.0
testing1099.jpg,Nanodomain,1.0,1.0846442e-32,1.0,0.0
testing1100.jpg,Nanodomain,1.0,1.7532307e-27,1.0,0.0
testing1101.jpg,Nanodomain,1.0,1.2522743e-28,1.0,0.0
testing1102.jpg,Nanodomain,1.0,2.8148947e-20,1.0,0.0
testing1103.jpg,Nanodomain,1.0,6.546777e-34,1.0,0.0
testing1104.jpg,Nanodomain,1.0,1.804533e-37,1.0,0.0
testing1105.jpg,Nanodomain,1.0,8.678752e-29,1.0,0.0
testing1106.jpg,Nanodomain,1.0,1.312139e-25,1.0,0.0
testing1107.jpg,Nanodomain,1.0,4.740166e-15,1.0,5.5007673e-37
testing1108.jpg,Nanodomain,1.0,1.31798504e-11,1.0,1.3446738e-35
testing1109.jpg,Nanodomain,1.0,4.9944447e-22,1.0,0.0
testing1110.jpg,Outside,1.0,9.123779e-30,3.2969634e-28,1.0
testing1111.jpg,Outside,1.0,4.9186484e-28,2.1878314e-27,1.0
testing1112.jpg,Outside,1.0,3.783714e-33,3.454183e-30,1.0
testing1113.jpg,Outside,1.0,2.632617e-32,3.1286755e-30,1.0
testing1114.jpg,Outside,1.0,6.4127395e-25,2.902093e-25,1.0
testing1115.jpg,Outside,1.0,9.6806974e-30,1.5796931e-28,1.0
testing1116.jpg,Outside,1.0,6.736192e-35,5.6149965e-30,1.0
testing1117.jpg,Intermediate,1.0,1.0,3.8750204e-27,2.3974383e-08
testing1118.jpg,Outside,1.0,1.6158069e-32,1.1030428e-29,1.0
testing1119.jpg,Nanodomain,1.0,0.0,1.0,0.0
testing1120.jpg,Nanodomain,1.0,2.5379594e-26,1.0,0.0
testing1121.jpg,Nanodomain,1.0,0.0,1.0,0.0
testing1122.jpg,Intermediate,1.0,1.0,1.5616875e-29,5.25371e-17
testing1123.jpg,Nanodomain,1.0,1.7453436e-34,1.0,0.0
testing1124.jpg,Nanodomain,1.0,3.3211782e-33,1.0,0.0
testing1125.jpg,Nanodomain,1.0,4.185442e-33,1.0,0.0
testing1126.jpg,Nanodomain,1.0,0.0,1.0,0.0
testing1127.jpg,Nanodomain,1.0,0.0,1.0,0.0
testing1128.jpg,Nanodomain,1.0,2.7807278e-30,1.0,0.0
testing1129.jpg,Nanodomain,1.0,2.458787e-33,1.0,0.0
testing1130.jpg,Intermediate,1.0,1.0,4.531356e-29,4.44723e-18
testing1131.jpg,Nanodomain,1.0,0.0,1.0,0.0
testing1132.jpg,Nanodomain,1.0,2.2261353e-21,1.0,0.0
testing1133.jpg,Nanodomain,1.0,2.5695863e-22,1.0,0.0
testing1134.jpg,Nanodomain,1.0,5.412292e-27,1.0,0.0
testing1135.jpg,Nanodomain,1.0,9.8266815e-18,1.0,0.0
testing1136.jpg,Nanodomain,1.0,1.7644927e-23,1.0,0.0
testing1137.jpg,Nanodomain,1.0,2.154708e-21,1.0,0.0
testing1138.jpg,Nanodomain,1.0,2.7663515e-36,1.0,0.0
testing1139.jpg,Nanodomain,1.0,6.1785465e-30,1.0,0.0
testing1140.jpg,Nanodomain,1.0,3.0789677e-25,1.0,0.0
testing1141.jpg,Nanodomain,1.0,3.778282e-30,1.0,0.0
testing1142.jpg,Intermediate,1.0,1.0,1.08845744e-32,1.042887e-21
testing1143.jpg,Outside,1.0,1.7379498e-33,2.9921851e-31,1.0
testing1144.jpg,Outside,1.0,1.0328549e-28,4.6618195e-30,1.0
testing1145.jpg,Outside,1.0,9.114011e-36,1.4818594e-33,1.0
testing1146.jpg,Outside,1.0,3.8885635e-30,4.383538e-29,1.0
testing1147.jpg,Outside,1.0,1.9942899e-31,5.4872034e-31,1.0
testing1148.jpg,Intermediate,1.0,1.0,1.3170648e-23,1.8705872e-09
testing1149.jpg,Intermediate,1.0,1.0,2.8392054e-18,1.5354471e-15
testing1150.jpg,Intermediate,1.0,1.0,3.5616593e-28,1.8535318e-21
testing1151.jpg,Outside,0.9997321,0.00026788117,8.8127874e-15,0.9997321
testing1152.jpg,Nanodomain,1.0,0.0,1.0,0.0
testing1153.jpg,Outside,1.0,9.483415e-33,5.2265017e-33,1.0
testing1154.jpg,Outside,1.0,3.222486e-33,4.75304e-30,1.0
testing1155.jpg,Nanodomain,1.0,0.0,1.0,0.0
testing1156.jpg,Nanodomain,1.0,0.0,1.0,0.0
testing1157.jpg,Nanodomain,1.0,0.0,1.0,0.0
testing1158.jpg,Nanodomain,1.0,0.0,1.0,0.0
testing1159.jpg,Intermediate,1.0,1.0,1.0064347e-27,2.64396e-24
testing1160.jpg,Outside,1.0,1.5591573e-37,3.1830405e-30,1.0
testing1161.jpg,Outside,1.0,1.0216603e-34,2.5773705e-30,1.0
testing1162.jpg,Nanodomain,1.0,0.0,1.0,0.0
testing1163.jpg,Nanodomain,1.0,4.2312727e-34,1.0,0.0
testing1164.jpg,Nanodomain,0.9999999,7.8784744e-08,0.9999999,3.1178807e-30
testing1165.jpg,Nanodomain,1.0,1.3081283e-21,1.0,0.0
testing1166.jpg,Nanodomain,1.0,4.0389082e-35,1.0,0.0
testing1167.jpg,Intermediate,1.0,1.0,0.0,3.3293688e-28
testing1168.jpg,Outside,1.0,7.420319e-24,6.0283062e-24,1.0
testing1169.jpg,Outside,1.0,3.673008e-21,2.9130294e-25,1.0
testing1170.jpg,Outside,1.0,9.665074e-18,1.2979237e-21,1.0
testing1171.jpg,Outside,1.0,1.0456302e-24,3.876484e-27,1.0
testing1172.jpg,Outside,1.0,4.6734004e-27,2.5075768e-27,1.0
testing1173.jpg,Outside,1.0,1.2207696e-31,6.007011e-29,1.0
testing1174.jpg,Outside,1.0,1.7667733e-26,1.7421328e-24,1.0
testing1175.jpg,Outside,1.0,2.2437806e-31,9.797137e-28,1.0
testing1176.jpg,Outside,1.0,5.368476e-26,1.5497369e-27,1.0
testing1177.jpg,Outside,0.9996666,0.00033341575,3.0343175e-17,0.9996666
testing1178.jpg,Outside,0.9999962,3.7689067e-06,2.6587043e-18,0.9999962
testing1179.jpg,Outside,1.0,3.574698e-21,2.7431383e-21,1.0
testing1180.jpg,Intermediate,1.0,1.0,1.1310752e-23,5.8502305e-12
testing1181.jpg,Intermediate,1.0,1.0,1.77853e-29,4.7489734e-18
testing1182.jpg,Intermediate,1.0,1.0,2.9924271e-37,1.6187979e-26
testing1183.jpg,Intermediate,1.0,1.0,1.31030956e-23,1.4066937e-26
testing1184.jpg,Nanodomain,0.99374336,0.0062566325,0.99374336,4.9600516e-23
testing1185.jpg,Intermediate,1.0,1.0,2.0074697e-18,4.7536824e-27
testing1186.jpg,Nanodomain,1.0,0.0,1.0,0.0
testing1187.jpg,Intermediate,1.0,1.0,3.1317118e-28,7.973702e-15
testing1188.jpg,Intermediate,1.0,1.0,8.743551e-29,3.2976962e-26
testing1189.jpg,Nanodomain,1.0,5.114665e-20,1.0,5.7240845e-37
testing1190.jpg,Nanodomain,1.0,2.6191104e-20,1.0,0.0
testing1191.jpg,Nanodomain,1.0,5.97718e-22,1.0,0.0
testing1192.jpg,Nanodomain,1.0,1.5262716e-24,1.0,0.0
testing1193.jpg,Nanodomain,1.0,4.570966e-25,1.0,0.0
testing1194.jpg,Intermediate,1.0,1.0,1.2567393e-13,8.353506e-21
testing1195.jpg,Intermediate,1.0,1.0,2.0233203e-20,2.4216003e-25
testing1196.jpg,Intermediate,0.62342095,0.62342095,0.376579,2.6929366e-22
testing1197.jpg,Nanodomain,1.0,0.0,1.0,0.0
testing1198.jpg,Nanodomain,1.0,0.0,1.0,0.0
testing1199.jpg,Nanodomain,1.0,0.0,1.0,0.0
testing1200.jpg,Nanodomain,1.0,0.0,1.0,0.0
testing1201.jpg,Nanodomain,1.0,0.0,1.0,0.0
testing1202.jpg,Nanodomain,1.0,0.0,1.0,0.0
testing1203.jpg,Nanodomain,1.0,0.0,1.0,0.0
testing1204.jpg,Nanodomain,1.0,0.0,1.0,0.0
testing1205.jpg,Nanodomain,1.0,1.3949472e-35,1.0,0.0
testing1206.jpg,Nanodomain,1.0,0.0,1.0,0.0
testing1207.jpg,Nanodomain,1.0,7.89996e-35,1.0,0.0
testing1208.jpg,Nanodomain,1.0,4.227833e-28,1.0,0.0
testing1209.jpg,Outside,1.0,1.06004695e-19,1.05145045e-23,1.0
testing1210.jpg,Outside,1.0,1.9906906e-20,2.900213e-24,1.0
testing1211.jpg,Outside,1.0,7.42258e-25,1.4151112e-26,1.0
testing1212.jpg,Outside,1.0,2.3980729e-09,7.800561e-22,1.0
testing1213.jpg,Outside,1.0,6.957871e-21,4.0195663e-23,1.0
testing1214.jpg,Outside,0.99999833,1.6321618e-06,8.8899795e-20,0.99999833
testing1215.jpg,Nanodomain,1.0,3.5614773e-31,1.0,0.0
testing1216.jpg,Nanodomain,1.0,8.893553e-28,1.0,0.0
testing1217.jpg,Nanodomain,1.0,1.8303919e-23,1.0,0.0
testing1218.jpg,Nanodomain,1.0,0.0,1.0,0.0
testing1219.jpg,Nanodomain,1.0,0.0,1.0,0.0
testing1220.jpg,Nanodomain,1.0,1.7534825e-22,1.0,0.0
testing1221.jpg,Nanodomain,1.0,7.2346136e-17,1.0,1.2483839e-33
testing1222.jpg,Nanodomain,1.0,0.0,1.0,0.0
testing1223.jpg,Nanodomain,1.0,2.0518742e-08,1.0,1.1708876e-27
testing1224.jpg,Outside,1.0,2.97379e-28,7.6820954e-27,1.0
testing1225.jpg,Outside,1.0,2.9328594e-29,3.670871e-25,1.0
testing1226.jpg,Outside,1.0,7.953307e-33,6.23487e-31,1.0
testing1227.jpg,Outside,1.0,3.4564566e-26,6.5632606e-25,1.0
testing1228.jpg,Nanodomain,1.0,0.0,1.0,0.0
testing1229.jpg,Outside,1.0,3.3329056e-33,2.5131916e-32,1.0
testing1230.jpg,Nanodomain,1.0,2.9261468e-19,1.0,0.0
testing1231.jpg,Nanodomain,1.0,1.6052407e-16,1.0,0.0
testing1232.jpg,Nanodomain,1.0,3.4566397e-12,1.0,2.533323e-36
testing1233.jpg,Nanodomain,1.0,1.5944115e-12,1.0,1.3361813e-34
testing1234.jpg,Nanodomain,1.0,2.2153305e-17,1.0,0.0
testing1235.jpg,Nanodomain,0.99999976,2.2015438e-07,0.99999976,1.6007581e-31
testing1236.jpg,Outside,1.0,1.0125411e-29,6.773783e-29,1.0
testing1237.jpg,Outside,1.0,6.700078e-29,1.4926441e-26,1.0
testing1238.jpg,Outside,1.0,1.7754853e-30,2.473895e-27,1.0
testing1239.jpg,Outside,1.0,7.0311015e-24,5.4868676e-24,1.0
testing1240.jpg,Outside,1.0,3.1537746e-33,7.626569e-32,1.0
testing1241.jpg,Outside,1.0,7.4919568e-34,1.6359408e-30,1.0
testing1242.jpg,Outside,1.0,9.12917e-31,7.910417e-29,1.0
testing1243.jpg,Outside,1.0,1.8727557e-30,4.8090726e-28,1.0
testing1244.jpg,Outside,1.0,9.94162e-30,2.0522758e-28,1.0
testing1245.jpg,Nanodomain,1.0,0.0,1.0,0.0
testing1246.jpg,Nanodomain,1.0,6.385893e-38,1.0,0.0
testing1247.jpg,Nanodomain,1.0,0.0,1.0,0.0
testing1248.jpg,Nanodomain,1.0,1.8682547e-36,1.0,0.0
testing1249.jpg,Nanodomain,1.0,1.9569945e-37,1.0,0.0
testing1250.jpg,Nanodomain,1.0,8.0128996e-19,1.0,0.0
testing1251.jpg,Nanodomain,1.0,0.0,1.0,0.0
testing1252.jpg,Nanodomain,1.0,5.9442547e-37,1.0,0.0
testing1253.jpg,Nanodomain,1.0,0.0,1.0,0.0
testing1254.jpg,Nanodomain,1.0,0.0,1.0,0.0
testing1255.jpg,Nanodomain,1.0,6.194068e-17,1.0,0.0
testing1256.jpg,Nanodomain,1.0,8.2418827e-25,1.0,0.0
testing1257.jpg,Nanodomain,1.0,1.667646e-16,1.0,3.5014505e-38
testing1258.jpg,Intermediate,1.0,1.0,2.796328e-26,2.8465273e-13
testing1259.jpg,Intermediate,1.0,1.0,5.4023714e-19,5.757434e-08
testing1260.jpg,Intermediate,0.99999976,0.99999976,5.035317e-25,2.1505326e-07
testing1261.jpg,Intermediate,1.0,1.0,2.0027755e-23,2.2514576e-28
testing1262.jpg,Nanodomain,1.0,3.846456e-16,1.0,1.5528298e-37
testing1263.jpg,Nanodomain,1.0,2.5208128e-19,1.0,0.0
testing1264.jpg,Nanodomain,0.99999976,2.8064076e-07,0.99999976,1.4459423e-33
testing1265.jpg,Nanodomain,1.0,1.26655185e-14,1.0,4.4567796e-38
testing1266.jpg,Nanodomain,1.0,1.25279355e-23,1.0,0.0
testing1267.jpg,Nanodomain,0.99999964,3.375373e-07,0.99999964,3.414815e-28
testing1268.jpg,Nanodomain,1.0,1.1175809e-18,1.0,0.0
testing1269.jpg,Nanodomain,0.9999999,8.15246e-08,0.9999999,9.90474e-32
testing1270.jpg,Outside,1.0,1.7290416e-34,1.6216679e-31,1.0
testing1271.jpg,Outside,1.0,1.9196949e-34,2.4102997e-34,1.0
testing1272.jpg,Outside,1.0,5.8198354e-31,7.482482e-32,1.0
testing1273.jpg,Outside,1.0,1.2258281e-31,2.8697952e-31,1.0
testing1274.jpg,Outside,1.0,3.765005e-36,1.2805065e-33,1.0
testing1275.jpg,Outside,1.0,6.881093e-34,1.0680856e-31,1.0
testing1276.jpg,Outside,1.0,1.2043979e-34,1.7238141e-32,1.0
testing1277.jpg,Outside,1.0,8.8604466e-33,7.675167e-31,1.0
testing1278.jpg,Outside,1.0,3.3788149e-31,1.3735552e-29,1.0
testing1279.jpg,Nanodomain,1.0,0.0,1.0,0.0
testing1280.jpg,Intermediate,1.0,1.0,4.9712558e-29,2.028436e-13
testing1281.jpg,Nanodomain,1.0,0.0,1.0,0.0
testing1282.jpg,Nanodomain,1.0,0.0,1.0,0.0
testing1283.jpg,Nanodomain,1.0,0.0,1.0,0.0
testing1284.jpg,Nanodomain,1.0,0.0,1.0,0.0
testing1285.jpg,Nanodomain,1.0,0.0,1.0,0.0
testing1286.jpg,Nanodomain,1.0,0.0,1.0,0.0
testing1287.jpg,Nanodomain,1.0,0.0,1.0,0.0
testing1288.jpg,Outside,1.0,8.931234e-33,9.684069e-28,1.0
testing1289.jpg,Outside,1.0,1.6869313e-30,1.5602303e-27,1.0
testing1290.jpg,Nanodomain,1.0,5.943464e-36,1.0,0.0
testing1291.jpg,Nanodomain,1.0,1.5696049e-24,1.0,0.0
testing1292.jpg,Nanodomain,1.0,0.0,1.0,0.0
testing1293.jpg,Nanodomain,1.0,1.3144711e-36,1.0,0.0
testing1294.jpg,Nanodomain,1.0,4.5272494e-19,1.0,0.0
testing1295.jpg,Intermediate,1.0,1.0,2.505226e-26,1.05535295e-22
testing1296.jpg,Intermediate,1.0,1.0,9.738449e-21,5.3293633e-25
testing1297.jpg,Intermediate,1.0,1.0,2.519472e-30,2.7938665e-25
testing1298.jpg,Outside,1.0,1.2763096e-30,1.4463504e-26,1.0
testing1299.jpg,Outside,1.0,3.228667e-23,6.763233e-26,1.0
testing1300.jpg,Outside,1.0,3.2203266e-12,1.0350232e-15,1.0
testing1301.jpg,Outside,1.0,6.2248895e-12,7.189021e-19,1.0
testing1302.jpg,Outside,1.0,1.629712e-15,1.8365126e-22,1.0
testing1303.jpg,Outside,1.0,6.4289103e-31,1.1430394e-28,1.0
testing1304.jpg,Outside,1.0,2.7242424e-21,1.3912887e-23,1.0
testing1305.jpg,Intermediate,1.0,1.0,2.2634418e-23,3.4474586e-21
testing1306.jpg,Intermediate,1.0,1.0,9.674272e-23,1.4694687e-19
testing1307.jpg,Intermediate,1.0,1.0,3.1251448e-30,8.993313e-27
testing1308.jpg,Intermediate,0.9980172,0.9980172,0.001982835,1.0346754e-21
testing1309.jpg,Intermediate,1.0,1.0,3.8321694e-12,2.0696323e-23
testing1310.jpg,Outside,0.99996614,3.3826236e-05,8.6458314e-17,0.99996614
testing1311.jpg,Intermediate,1.0,1.0,4.5918376e-38,2.3537767e-24
testing1312.jpg,Nanodomain,0.98737645,0.012623613,0.98737645,4.407525e-23
testing1313.jpg,Outside,1.0,1.2921921e-30,2.5292778e-28,1.0
testing1314.jpg,Outside,1.0,5.6895127e-30,1.4174376e-29,1.0
testing1315.jpg,Outside,1.0,1.9135674e-27,2.035983e-24,1.0
testing1316.jpg,Intermediate,1.0,1.0,3.2109267e-33,5.3243674e-24
testing1317.jpg,Intermediate,1.0,1.0,1.001346e-33,2.097878e-27
testing1318.jpg,Intermediate,1.0,1.0,8.065032e-34,4.2376545e-26
testing1319.jpg,Intermediate,1.0,1.0,7.437835e-31,5.247397e-26
testing1320.jpg,Nanodomain,1.0,3.334273e-14,1.0,9.818016e-35
testing1321.jpg,Nanodomain,0.9999994,6.113631e-07,0.9999994,1.620625e-27
testing1322.jpg,Intermediate,1.0,1.0,6.420337e-22,2.1682908e-26
testing1323.jpg,Intermediate,1.0,1.0,1.7435788e-28,8.876606e-28
testing1324.jpg,Outside,1.0,1.0116054e-13,1.8975648e-23,1.0
testing1325.jpg,Nanodomain,1.0,0.0,1.0,0.0
testing1326.jpg,Nanodomain,1.0,0.0,1.0,0.0
testing1327.jpg,Nanodomain,1.0,0.0,1.0,0.0
testing1328.jpg,Nanodomain,1.0,0.0,1.0,0.0
testing1329.jpg,Nanodomain,1.0,0.0,1.0,0.0
testing1330.jpg,Nanodomain,1.0,0.0,1.0,0.0
testing1331.jpg,Nanodomain,1.0,7.934242e-34,1.0,0.0
testing1332.jpg,Nanodomain,1.0,0.0,1.0,0.0
testing1333.jpg,Nanodomain,1.0,0.0,1.0,0.0
testing1334.jpg,Nanodomain,1.0,2.2495302e-32,1.0,0.0
testing1335.jpg,Nanodomain,1.0,1.827036e-31,1.0,0.0
testing1336.jpg,Nanodomain,1.0,4.4973285e-36,1.0,0.0
testing1337.jpg,Nanodomain,1.0,2.2213537e-26,1.0,0.0
testing1338.jpg,Nanodomain,1.0,7.2088874e-31,1.0,0.0
testing1339.jpg,Outside,1.0,1.4238929e-28,1.0281108e-27,1.0
testing1340.jpg,Outside,1.0,5.6210814e-23,2.1688226e-24,1.0
testing1341.jpg,Outside,1.0,7.666427e-10,7.040993e-20,1.0
testing1342.jpg,Nanodomain,1.0,3.4051418e-11,1.0,3.0664164e-31
testing1343.jpg,Outside,1.0,1.1761375e-29,1.8616582e-30,1.0
testing1344.jpg,Nanodomain,1.0,2.0174567e-11,1.0,2.8893259e-31
testing1345.jpg,Nanodomain,1.0,0.0,1.0,0.0
testing1346.jpg,Nanodomain,1.0,0.0,1.0,0.0
testing1347.jpg,Nanodomain,1.0,0.0,1.0,0.0
testing1348.jpg,Nanodomain,1.0,0.0,1.0,0.0
testing1349.jpg,Nanodomain,1.0,4.954073e-34,1.0,0.0
testing1350.jpg,Intermediate,0.9999999,0.9999999,8.0967496e-08,6.995274e-25
testing1351.jpg,Nanodomain,1.0,5.0681723e-11,1.0,1.4002113e-32
testing1352.jpg,Intermediate,1.0,1.0,2.3254128e-25,6.139075e-23
testing1353.jpg,Intermediate,1.0,1.0,2.2839489e-13,1.4839097e-22
testing1354.jpg,Outside,1.0,1.5273976e-29,8.459037e-29,1.0
testing1355.jpg,Outside,1.0,1.7252141e-26,1.3190388e-26,1.0
testing1356.jpg,Outside,1.0,8.306036e-28,3.5342235e-29,1.0
testing1357.jpg,Outside,1.0,9.7968436e-27,3.660005e-26,1.0
testing1358.jpg,Outside,1.0,7.326253e-27,1.1197222e-27,1.0
testing1359.jpg,Nanodomain,1.0,0.0,1.0,0.0
testing1360.jpg,Outside,1.0,3.9882304e-28,6.583185e-28,1.0
testing1361.jpg,Outside,1.0,1.6289177e-21,9.3495517e-23,1.0
testing1362.jpg,Outside,1.0,6.2371805e-30,8.178226e-29,1.0
testing1363.jpg,Outside,1.0,2.2907053e-33,7.3662524e-32,1.0
testing1364.jpg,Intermediate,1.0,1.0,3.8338392e-33,4.3354344e-26
testing1365.jpg,Outside,1.0,4.9436458e-29,8.771889e-27,1.0
testing1366.jpg,Outside,1.0,8.362595e-28,1.3691981e-28,1.0
testing1367.jpg,Outside,1.0,1.732469e-33,6.905691e-31,1.0
testing1368.jpg,Outside,1.0,9.009704e-32,5.6937e-31,1.0
testing1369.jpg,Outside,1.0,7.3381255e-31,2.3419048e-28,1.0
testing1370.jpg,Outside,1.0,1.1064586e-25,8.67062e-27,1.0
testing1371.jpg,Outside,1.0,4.662831e-31,2.6888685e-30,1.0
testing1372.jpg,Outside,1.0,3.8649276e-32,8.352162e-30,1.0
testing1373.jpg,Outside,1.0,3.7101415e-29,6.679618e-27,1.0
testing1374.jpg,Nanodomain,1.0,2.183668e-37,1.0,0.0
testing1375.jpg,Nanodomain,0.9991001,0.00089993683,0.9991001,8.134429e-26
testing1376.jpg,Nanodomain,1.0,8.0477906e-19,1.0,0.0
testing1377.jpg,Nanodomain,1.0,7.306212e-35,1.0,0.0
testing1378.jpg,Nanodomain,1.0,3.6814647e-22,1.0,0.0
testing1379.jpg,Nanodomain,1.0,1.9687596e-09,1.0,5.6386205e-33
testing1380.jpg,Nanodomain,1.0,7.5069154e-20,1.0,0.0
testing1381.jpg,Nanodomain,0.9999994,5.423199e-07,0.9999994,3.1465416e-31
testing1382.jpg,Nanodomain,1.0,2.2234359e-29,1.0,0.0
testing1383.jpg,Nanodomain,1.0,7.037887e-10,1.0,1.06101494e-32
testing1384.jpg,Nanodomain,1.0,1.04063175e-10,1.0,3.6877588e-31
testing1385.jpg,Nanodomain,1.0,0.0,1.0,0.0
testing1386.jpg,Nanodomain,1.0,5.6761653e-09,1.0,2.0376815e-27
testing1387.jpg,Nanodomain,1.0,1.6010712e-37,1.0,0.0
testing1388.jpg,Nanodomain,1.0,0.0,1.0,0.0
testing1389.jpg,Nanodomain,1.0,0.0,1.0,0.0
testing1390.jpg,Nanodomain,1.0,2.2552725e-22,1.0,0.0
testing1391.jpg,Nanodomain,1.0,3.825136e-24,1.0,0.0
testing1392.jpg,Nanodomain,0.9999666,3.3415745e-05,0.9999666,4.4801822e-33
testing1393.jpg,Nanodomain,1.0,1.3622818e-17,1.0,0.0
testing1394.jpg,Nanodomain,1.0,4.3849768e-10,1.0,5.341833e-35
testing1395.jpg,Nanodomain,1.0,8.722382e-25,1.0,0.0
testing1396.jpg,Nanodomain,0.99978334,0.00021663366,0.99978334,1.4784923e-29
testing1397.jpg,Nanodomain,0.99999726,2.700005e-06,0.99999726,9.7541093e-29
testing1398.jpg,Outside,1.0,3.6906586e-38,4.478311e-35,1.0
testing1399.jpg,Outside,1.0,7.922818e-32,7.720061e-32,1.0
testing1400.jpg,Outside,1.0,4.0519552e-32,5.8573355e-33,1.0
testing1401.jpg,Outside,1.0,8.5864156e-29,1.0086321e-29,1.0
testing1402.jpg,Outside,1.0,2.666014e-35,3.135623e-34,1.0
testing1403.jpg,Outside,1.0,7.034338e-34,1.037378e-32,1.0
testing1404.jpg,Outside,1.0,1.1591442e-23,7.195769e-27,1.0
testing1405.jpg,Intermediate,1.0,1.0,2.4171632e-31,1.5528879e-16
testing1406.jpg,Outside,0.999902,9.801199e-05,2.0813181e-18,0.999902
testing1407.jpg,Outside,1.0,1.3539307e-24,9.851123e-24,1.0
testing1408.jpg,Outside,1.0,2.6794314e-20,1.8857294e-24,1.0
testing1409.jpg,Nanodomain,1.0,0.0,1.0,0.0
testing1410.jpg,Nanodomain,1.0,0.0,1.0,0.0
testing1411.jpg,Nanodomain,1.0,0.0,1.0,0.0
testing1412.jpg,Nanodomain,1.0,0.0,1.0,0.0
testing1413.jpg,Nanodomain,1.0,0.0,1.0,0.0
testing1414.jpg,Nanodomain,1.0,0.0,1.0,0.0
testing1415.jpg,Nanodomain,1.0,0.0,1.0,0.0
testing1416.jpg,Nanodomain,1.0,0.0,1.0,0.0
testing1417.jpg,Nanodomain,1.0,0.0,1.0,0.0
testing1418.jpg,Nanodomain,1.0,2.2211063e-35,1.0,0.0
testing1419.jpg,Nanodomain,1.0,5.7053797e-37,1.0,0.0
testing1420.jpg,Nanodomain,1.0,0.0,1.0,0.0
testing1421.jpg,Nanodomain,1.0,4.249314e-24,1.0,0.0
testing1422.jpg,Nanodomain,1.0,7.944293e-20,1.0,0.0
testing1423.jpg,Nanodomain,1.0,3.878763e-19,1.0,4.7138744e-38
testing1424.jpg,Intermediate,1.0,1.0,3.6052132e-19,4.0953403e-25
testing1425.jpg,Intermediate,0.95066196,0.95066196,0.049338028,5.829675e-20
testing1426.jpg,Intermediate,1.0,1.0,1.8434165e-10,1.8926722e-21
testing1427.jpg,Intermediate,1.0,1.0,2.792295e-21,8.114438e-19
testing1428.jpg,Outside,1.0,1.0967898e-31,1.0863774e-28,1.0
testing1429.jpg,Outside,1.0,1.4467905e-28,4.5324622e-29,1.0
testing1430.jpg,Nanodomain,1.0,0.0,1.0,0.0
testing1431.jpg,Outside,0.9999752,2.475301e-05,5.6586925e-18,0.9999752
testing1432.jpg,Intermediate,1.0,1.0,2.3436421e-25,6.8368577e-09
testing1433.jpg,Outside,0.99994564,5.438378e-05,2.863427e-17,0.99994564
testing1434.jpg,Intermediate,1.0,1.0,8.13629e-34,1.3117349e-23
testing1435.jpg,Outside,1.0,7.125966e-11,1.5982161e-21,1.0
testing1436.jpg,Intermediate,1.0,1.0,8.912577e-27,1.9056292e-25
testing1437.jpg,Intermediate,1.0,1.0,1.3885233e-35,2.5939305e-23
testing1438.jpg,Intermediate,0.9998317,0.9998317,1.8513615e-21,0.00016828504
testing1439.jpg,Outside,0.9999999,8.470251e-08,1.4243982e-20,0.9999999
testing1440.jpg,Intermediate,1.0,1.0,6.542669e-38,4.2948297e-24
testing1441.jpg,Outside,1.0,2.929078e-23,6.951516e-25,1.0
testing1442.jpg,Outside,1.0,1.7941332e-08,2.549484e-21,1.0
testing1443.jpg,Outside,1.0,6.141341e-10,1.4224465e-16,1.0
testing1444.jpg,Intermediate,0.99966764,0.99966764,1.479017e-19,0.00033239854
testing1445.jpg,Outside,1.0,3.4904575e-33,2.3909167e-31,1.0
testing1446.jpg,Intermediate,1.0,1.0,1.3547884e-24,3.8120632e-27
testing1447.jpg,Intermediate,1.0,1.0,6.129277e-36,2.0249811e-27
testing1448.jpg,Intermediate,1.0,1.0,7.336918e-32,6.181069e-15
testing1449.jpg,Intermediate,1.0,1.0,6.8522e-27,4.3202584e-09
testing1450.jpg,Outside,1.0,5.250104e-32,3.9099233e-30,1.0
testing1451.jpg,Intermediate,0.999808,0.999808,2.8661956e-21,0.00019200989
testing1452.jpg,Nanodomain,1.0,1.3188623e-34,1.0,0.0
testing1453.jpg,Nanodomain,1.0,7.5180024e-36,1.0,0.0
testing1454.jpg,Nanodomain,1.0,0.0,1.0,0.0
testing1455.jpg,Nanodomain,1.0,0.0,1.0,0.0
testing1456.jpg,Nanodomain,1.0,0.0,1.0,0.0
testing1457.jpg,Nanodomain,1.0,0.0,1.0,0.0
testing1458.jpg,Nanodomain,1.0,1.0656777e-36,1.0,0.0
testing1459.jpg,Intermediate,1.0,1.0,1.7886989e-32,1.2962414e-21
testing1460.jpg,Nanodomain,1.0,1.0971403e-33,1.0,0.0
testing1461.jpg,Nanodomain,1.0,1.9683422e-32,1.0,0.0
testing1462.jpg,Nanodomain,1.0,1.1793582e-30,1.0,0.0
testing1463.jpg,Nanodomain,1.0,5.7054477e-36,1.0,0.0
testing1464.jpg,Nanodomain,1.0,5.571701e-31,1.0,0.0
testing1465.jpg,Nanodomain,1.0,7.753468e-25,1.0,0.0
testing1466.jpg,Outside,1.0,6.444202e-25,2.3130797e-25,1.0
testing1467.jpg,Outside,1.0,1.8807869e-09,6.046879e-21,1.0
testing1468.jpg,Outside,1.0,8.51223e-27,1.2050684e-27,1.0
testing1469.jpg,Outside,1.0,1.5846217e-16,1.5385382e-21,1.0
testing1470.jpg,Outside,1.0,3.0074443e-09,3.6522897e-20,1.0
testing1471.jpg,Outside,1.0,4.6110877e-18,3.7943547e-24,1.0
testing1472.jpg,Outside,1.0,1.5027057e-25,2.5781626e-26,1.0
testing1473.jpg,Nanodomain,1.0,0.0,1.0,0.0
testing1474.jpg,Nanodomain,1.0,0.0,1.0,0.0
testing1475.jpg,Nanodomain,1.0,0.0,1.0,0.0
testing1476.jpg,Nanodomain,1.0,0.0,1.0,0.0
testing1477.jpg,Nanodomain,1.0,0.0,1.0,0.0
testing1478.jpg,Nanodomain,1.0,0.0,1.0,0.0
testing1479.jpg,Nanodomain,1.0,0.0,1.0,0.0
testing1480.jpg,Nanodomain,1.0,7.731598e-36,1.0,0.0
testing1481.jpg,Nanodomain,1.0,2.330868e-08,1.0,2.5604956e-30
testing1482.jpg,Outside,1.0,5.1843144e-11,3.169358e-17,1.0
testing1483.jpg,Outside,1.0,4.0629216e-28,4.3892843e-26,1.0
testing1484.jpg,Nanodomain,1.0,0.0,1.0,0.0
testing1485.jpg,Nanodomain,1.0,0.0,1.0,0.0
testing1486.jpg,Nanodomain,1.0,0.0,1.0,0.0
testing1487.jpg,Nanodomain,1.0,0.0,1.0,0.0
testing1488.jpg,Nanodomain,1.0,0.0,1.0,0.0
testing1489.jpg,Nanodomain,1.0,0.0,1.0,0.0
testing1490.jpg,Nanodomain,1.0,0.0,1.0,0.0
testing1491.jpg,Nanodomain,1.0,0.0,1.0,0.0
testing1492.jpg,Outside,1.0,1.8678184e-30,1.6598548e-28,1.0
testing1493.jpg,Outside,1.0,4.2591733e-20,6.7894226e-25,1.0
testing1494.jpg,Outside,1.0,3.1400684e-31,3.61085e-30,1.0
testing1495.jpg,Outside,1.0,3.60102e-27,1.7435197e-27,1.0
testing1496.jpg,Outside,0.99999976,1.8943251e-07,2.8222066e-19,0.99999976
testing1497.jpg,Outside,1.0,1.9537209e-36,4.3440917e-34,1.0
testing1498.jpg,Outside,1.0,1.2466025e-28,1.0992425e-27,1.0
testing1499.jpg,Outside,1.0,1.6666022e-32,4.3527258e-30,1.0
testing1500.jpg,Outside,1.0,4.0481183e-27,8.223479e-25,1.0
testing1501.jpg,Outside,1.0,7.7321444e-32,5.678349e-29,1.0
testing1502.jpg,Outside,1.0,1.4222432e-27,1.7795098e-26,1.0
testing1503.jpg,Nanodomain,1.0,1.3441059e-18,1.0,0.0
testing1504.jpg,Nanodomain,1.0,1.2267954e-25,1.0,0.0
testing1505.jpg,Nanodomain,1.0,4.1487584e-16,1.0,8.9571076e-38
testing1506.jpg,Nanodomain,1.0,8.1273006e-25,1.0,0.0
testing1507.jpg,Nanodomain,1.0,3.020442e-24,1.0,0.0
testing1508.jpg,Nanodomain,1.0,8.507562e-33,1.0,0.0
testing1509.jpg,Nanodomain,1.0,8.966957e-15,1.0,0.0
testing1510.jpg,Nanodomain,1.0,1.5854372e-17,1.0,0.0
testing1511.jpg,Nanodomain,1.0,0.0,1.0,0.0
testing1512.jpg,Nanodomain,1.0,0.0,1.0,0.0
testing1513.jpg,Nanodomain,1.0,0.0,1.0,0.0
testing1514.jpg,Intermediate,1.0,1.0,9.733695e-21,2.7545176e-27
testing1515.jpg,Nanodomain,0.9992694,0.00073052384,0.9992694,1.4987308e-23
testing1516.jpg,Nanodomain,1.0,0.0,1.0,0.0
testing1517.jpg,Nanodomain,1.0,0.0,1.0,0.0
testing1518.jpg,Nanodomain,1.0,4.838308e-22,1.0,0.0
testing1519.jpg,Nanodomain,1.0,2.822989e-37,1.0,0.0
testing1520.jpg,Nanodomain,1.0,1.0067825e-15,1.0,0.0
testing1521.jpg,Nanodomain,0.99999976,2.9244373e-07,0.99999976,2.2844293e-34
testing1522.jpg,Nanodomain,1.0,0.0,1.0,0.0
testing1523.jpg,Nanodomain,1.0,0.0,1.0,0.0
testing1524.jpg,Nanodomain,1.0,0.0,1.0,0.0
testing1525.jpg,Nanodomain,1.0,0.0,1.0,0.0
testing1526.jpg,Nanodomain,1.0,0.0,1.0,0.0
testing1527.jpg,Nanodomain,1.0,0.0,1.0,0.0
testing1528.jpg,Nanodomain,1.0,0.0,1.0,0.0
testing1529.jpg,Nanodomain,1.0,0.0,1.0,0.0
testing1530.jpg,Outside,1.0,3.8295126e-33,7.708551e-33,1.0
testing1531.jpg,Outside,1.0,1.5002046e-30,2.0990355e-30,1.0
testing1532.jpg,Outside,1.0,4.270929e-31,1.9285885e-29,1.0
testing1533.jpg,Outside,1.0,5.3594616e-15,7.579225e-20,1.0
testing1534.jpg,Outside,1.0,8.526097e-29,2.79482e-29,1.0
testing1535.jpg,Outside,1.0,7.952231e-29,3.3223401e-28,1.0
testing1536.jpg,Intermediate,0.5715667,0.5715667,3.4403327e-20,0.4284333
testing1537.jpg,Nanodomain,1.0,0.0,1.0,0.0
testing1538.jpg,Nanodomain,1.0,0.0,1.0,0.0
testing1539.jpg,Nanodomain,1.0,0.0,1.0,0.0
testing1540.jpg,Nanodomain,1.0,0.0,1.0,0.0
testing1541.jpg,Nanodomain,1.0,0.0,1.0,0.0
testing1542.jpg,Nanodomain,1.0,0.0,1.0,0.0
testing1543.jpg,Nanodomain,1.0,0.0,1.0,0.0
testing1544.jpg,Nanodomain,1.0,0.0,1.0,0.0
testing1545.jpg,Nanodomain,1.0,0.0,1.0,0.0
testing1546.jpg,Outside,1.0,5.964525e-19,2.2507605e-22,1.0
testing1547.jpg,Outside,0.99999917,8.38635e-07,1.5307514e-20,0.99999917
testing1548.jpg,Nanodomain,1.0,0.0,1.0,0.0
testing1549.jpg,Nanodomain,1.0,2.3821952e-16,1.0,1.06169295e-36
testing1550.jpg,Nanodomain,1.0,0.0,1.0,0.0
testing1551.jpg,Nanodomain,1.0,0.0,1.0,0.0
testing1552.jpg,Nanodomain,0.99998045,1.9564824e-05,0.99998045,5.3869645e-23
testing1553.jpg,Intermediate,1.0,1.0,3.305419e-17,7.8966976e-22
testing1554.jpg,Outside,1.0,1.2173702e-16,1.8844731e-22,1.0
testing1555.jpg,Outside,1.0,3.9922238e-14,1.9622582e-21,1.0
testing1556.jpg,Outside,1.0,1.0057862e-19,1.5314997e-21,1.0
testing1557.jpg,Nanodomain,1.0,0.0,1.0,0.0
testing1558.jpg,Nanodomain,1.0,0.0,1.0,0.0
testing1559.jpg,Nanodomain,1.0,0.0,1.0,0.0
testing1560.jpg,Nanodomain,1.0,0.0,1.0,0.0
testing1561.jpg,Nanodomain,1.0,0.0,1.0,0.0
testing1562.jpg,Nanodomain,1.0,0.0,1.0,0.0
testing1563.jpg,Outside,1.0,2.2850219e-27,5.1624533e-28,1.0
testing1564.jpg,Intermediate,1.0,1.0,2.7133828e-29,1.3775039e-25
testing1565.jpg,Outside,1.0,2.479017e-18,1.680725e-24,1.0
testing1566.jpg,Outside,1.0,6.405475e-26,2.1085108e-25,1.0
testing1567.jpg,Outside,1.0,1.7028621e-15,2.6610833e-22,1.0
testing1568.jpg,Intermediate,1.0,1.0,4.6283404e-33,1.4086492e-17
testing1569.jpg,Outside,1.0,1.4880659e-28,3.2157033e-28,1.0
testing1570.jpg,Outside,1.0,1.2181844e-14,6.21633e-21,1.0
testing1571.jpg,Outside,1.0,3.9463097e-28,1.7899936e-27,1.0
testing1572.jpg,Outside,1.0,1.280209e-25,7.164446e-24,1.0
testing1573.jpg,Outside,1.0,7.063995e-35,4.034091e-34,1.0
testing1574.jpg,Outside,1.0,7.1603145e-33,4.855907e-31,1.0
testing1575.jpg,Nanodomain,0.9999589,4.1086005e-05,0.9999589,3.7942493e-28
testing1576.jpg,Outside,1.0,4.8806025e-25,1.3286193e-25,1.0
testing1577.jpg,Outside,1.0,6.4500357e-16,5.0906643e-20,1.0
testing1578.jpg,Outside,0.9999999,7.385517e-08,7.5648433e-19,0.9999999
testing1579.jpg,Nanodomain,1.0,3.1361668e-38,1.0,0.0
testing1580.jpg,Nanodomain,1.0,0.0,1.0,0.0
testing1581.jpg,Nanodomain,1.0,0.0,1.0,0.0
testing1582.jpg,Nanodomain,1.0,9.532183e-36,1.0,0.0
testing1583.jpg,Nanodomain,1.0,0.0,1.0,0.0
testing1584.jpg,Nanodomain,1.0,0.0,1.0,0.0
testing1585.jpg,Nanodomain,1.0,8.085406e-31,1.0,0.0
testing1586.jpg,Nanodomain,1.0,0.0,1.0,0.0
testing1587.jpg,Nanodomain,1.0,4.432742e-36,1.0,0.0
testing1588.jpg,Nanodomain,1.0,2.5296368e-34,1.0,0.0
testing1589.jpg,Nanodomain,1.0,3.6396625e-34,1.0,0.0
testing1590.jpg,Nanodomain,1.0,1.9620775e-37,1.0,0.0
testing1591.jpg,Nanodomain,1.0,4.014031e-10,1.0,2.5330575e-32
testing1592.jpg,Nanodomain,1.0,2.9257236e-11,1.0,1.5061962e-31
testing1593.jpg,Nanodomain,1.0,8.070291e-20,1.0,1.3720832e-37
testing1594.jpg,Nanodomain,1.0,6.362757e-19,1.0,6.1919025e-37
testing1595.jpg,Outside,1.0,2.1495222e-26,6.8418855e-26,1.0
testing1596.jpg,Outside,1.0,1.3223791e-26,5.206777e-27,1.0
testing1597.jpg,Outside,1.0,1.2019941e-13,7.7818926e-23,1.0
testing1598.jpg,Outside,1.0,2.2625891e-29,5.3774477e-28,1.0
testing1599.jpg,Outside,1.0,6.3413354e-27,2.4550012e-25,1.0
testing1600.jpg,Outside,1.0,1.21097314e-17,2.6208452e-23,1.0
testing1601.jpg,Outside,1.0,9.191921e-33,3.8763305e-30,1.0
testing1602.jpg,Nanodomain,1.0,0.0,1.0,0.0
testing1603.jpg,Nanodomain,1.0,0.0,1.0,0.0
testing1604.jpg,Nanodomain,1.0,0.0,1.0,0.0
testing1605.jpg,Nanodomain,1.0,0.0,1.0,0.0
testing1606.jpg,Nanodomain,1.0,0.0,1.0,0.0
testing1607.jpg,Nanodomain,1.0,1.3256772e-26,1.0,0.0
testing1608.jpg,Nanodomain,1.0,2.0866266e-25,1.0,0.0
testing1609.jpg,Outside,1.0,2.5542435e-29,5.0008373e-27,1.0
testing1610.jpg,Nanodomain,1.0,0.0,1.0,0.0
testing1611.jpg,Nanodomain,1.0,0.0,1.0,0.0
testing1612.jpg,Nanodomain,1.0,0.0,1.0,0.0
testing1613.jpg,Nanodomain,1.0,0.0,1.0,0.0
testing1614.jpg,Nanodomain,1.0,0.0,1.0,0.0
testing1615.jpg,Nanodomain,1.0,0.0,1.0,0.0
testing1616.jpg,Nanodomain,1.0,0.0,1.0,0.0
testing1617.jpg,Nanodomain,1.0,0.0,1.0,0.0
testing1618.jpg,Nanodomain,1.0,0.0,1.0,0.0
testing1619.jpg,Nanodomain,1.0,0.0,1.0,0.0
testing1620.jpg,Nanodomain,1.0,0.0,1.0,0.0
testing1621.jpg,Nanodomain,1.0,0.0,1.0,0.0
testing1622.jpg,Outside,1.0,9.0411726e-32,6.170108e-32,1.0
testing1623.jpg,Outside,1.0,3.948534e-30,5.087127e-29,1.0
testing1624.jpg,Outside,1.0,6.1626813e-30,2.7222162e-29,1.0
testing1625.jpg,Outside,1.0,1.863422e-28,1.25766615e-26,1.0
testing1626.jpg,Outside,1.0,3.4652493e-26,2.7497423e-26,1.0
testing1627.jpg,Outside,1.0,1.1621108e-30,1.5012874e-29,1.0
testing1628.jpg,Outside,1.0,4.930973e-28,6.319285e-28,1.0
testing1629.jpg,Outside,1.0,3.041844e-32,1.21333594e-32,1.0
testing1630.jpg,Outside,1.0,3.2460045e-31,1.1837675e-28,1.0
testing1631.jpg,Outside,1.0,2.7930353e-25,7.27998e-27,1.0
testing1632.jpg,Outside,1.0,1.361948e-19,1.3956688e-23,1.0
testing1633.jpg,Outside,1.0,6.922971e-30,2.3784216e-28,1.0
testing1634.jpg,Intermediate,1.0,1.0,3.2998328e-35,1.6977248e-23
testing1635.jpg,Nanodomain,0.99999976,1.8765475e-07,0.99999976,1.2247767e-30
testing1636.jpg,Nanodomain,1.0,8.5520756e-14,1.0,3.8218237e-32
testing1637.jpg,Intermediate,1.0,1.0,8.745395e-27,4.7855823e-25
testing1638.jpg,Nanodomain,1.0,0.0,1.0,0.0
testing1639.jpg,Nanodomain,1.0,0.0,1.0,0.0
testing1640.jpg,Nanodomain,1.0,0.0,1.0,0.0
testing1641.jpg,Nanodomain,1.0,0.0,1.0,0.0
testing1642.jpg,Nanodomain,1.0,0.0,1.0,0.0
testing1643.jpg,Nanodomain,1.0,8.474199e-33,1.0,0.0
testing1644.jpg,Nanodomain,1.0,0.0,1.0,0.0
testing1645.jpg,Nanodomain,1.0,0.0,1.0,0.0
testing1646.jpg,Nanodomain,1.0,0.0,1.0,0.0
testing1647.jpg,Nanodomain,1.0,1.6606278e-35,1.0,0.0
testing1648.jpg,Nanodomain,1.0,1.637849e-18,1.0,0.0
testing1649.jpg,Nanodomain,1.0,0.0,1.0,0.0
testing1650.jpg,Nanodomain,1.0,0.0,1.0,0.0
testing1651.jpg,Nanodomain,1.0,0.0,1.0,0.0
testing1652.jpg,Nanodomain,1.0,0.0,1.0,0.0
testing1653.jpg,Nanodomain,1.0,0.0,1.0,0.0
testing1654.jpg,Nanodomain,1.0,0.0,1.0,0.0
testing1655.jpg,Nanodomain,1.0,0.0,1.0,0.0
testing1656.jpg,Nanodomain,1.0,0.0,1.0,0.0
testing1657.jpg,Nanodomain,1.0,0.0,1.0,0.0
testing1658.jpg,Nanodomain,1.0,0.0,1.0,0.0
testing1659.jpg,Outside,1.0,6.6094455e-31,7.970175e-30,1.0
testing1660.jpg,Outside,1.0,1.0379174e-30,1.491632e-32,1.0
testing1661.jpg,Outside,1.0,7.190314e-33,4.8708066e-30,1.0
testing1662.jpg,Outside,1.0,2.8883658e-13,1.06689844e-20,1.0
testing1663.jpg,Outside,1.0,1.8718493e-14,2.3997112e-20,1.0
testing1664.jpg,Outside,1.0,6.6737906e-33,3.4259016e-31,1.0
testing1665.jpg,Nanodomain,1.0,0.0,1.0,0.0
testing1666.jpg,Nanodomain,1.0,0.0,1.0,0.0
testing1667.jpg,Nanodomain,1.0,0.0,1.0,0.0
testing1668.jpg,Nanodomain,1.0,0.0,1.0,0.0
testing1669.jpg,Nanodomain,1.0,0.0,1.0,0.0
testing1670.jpg,Nanodomain,1.0,0.0,1.0,0.0
testing1671.jpg,Nanodomain,1.0,0.0,1.0,0.0
testing1672.jpg,Nanodomain,1.0,0.0,1.0,0.0
testing1673.jpg,Nanodomain,1.0,0.0,1.0,0.0
testing1674.jpg,Nanodomain,1.0,0.0,1.0,0.0
testing1675.jpg,Outside,1.0,2.135411e-23,8.882624e-23,1.0
testing1676.jpg,Outside,1.0,3.4985312e-13,1.5252337e-19,1.0
testing1677.jpg,Nanodomain,1.0,1.1937073e-21,1.0,0.0
testing1678.jpg,Intermediate,0.53560495,0.53560495,0.4643951,2.2796287e-24
testing1679.jpg,Intermediate,1.0,1.0,3.152441e-32,4.034846e-26
testing1680.jpg,Intermediate,1.0,1.0,6.4955884e-32,4.2511902e-26
testing1681.jpg,Intermediate,1.0,1.0,4.6651113e-22,4.4983704e-23
testing1682.jpg,Intermediate,0.5390235,0.5390235,9.442198e-17,0.46097648
testing1683.jpg,Outside,1.0,6.8741515e-16,3.725443e-22,1.0
testing1684.jpg,Outside,1.0,1.7332298e-10,9.248655e-18,1.0
testing1685.jpg,Intermediate,1.0,1.0,5.0670187e-31,7.907368e-22
testing1686.jpg,Nanodomain,1.0,0.0,1.0,0.0
testing1687.jpg,Nanodomain,1.0,0.0,1.0,0.0
testing1688.jpg,Nanodomain,1.0,0.0,1.0,0.0
testing1689.jpg,Nanodomain,1.0,0.0,1.0,0.0
testing1690.jpg,Nanodomain,1.0,0.0,1.0,0.0
testing1691.jpg,Nanodomain,1.0,0.0,1.0,0.0
testing1692.jpg,Outside,1.0,1.9035596e-24,1.4465176e-24,1.0
testing1693.jpg,Outside,1.0,2.0211552e-25,1.1295293e-27,1.0
testing1694.jpg,Outside,1.0,4.1010685e-22,1.5858687e-22,1.0
testing1695.jpg,Outside,1.0,5.7737386e-28,5.4679073e-27,1.0
testing1696.jpg,Outside,1.0,4.1781907e-30,1.1111319e-26,1.0
testing1697.jpg,Outside,1.0,8.3794516e-29,2.0031822e-29,1.0
testing1698.jpg,Outside,1.0,3.781528e-14,7.919991e-21,1.0
testing1699.jpg,Outside,0.99973935,0.00026067832,1.1656702e-15,0.99973935
testing1700.jpg,Outside,1.0,4.1274596e-18,2.0776613e-23,1.0
testing1701.jpg,Outside,1.0,1.2985694e-18,1.0543389e-22,1.0
testing1702.jpg,Outside,1.0,1.3063219e-23,1.8353062e-24,1.0
testing1703.jpg,Outside,1.0,1.7706848e-28,6.0160982e-27,1.0
testing1704.jpg,Intermediate,0.9999989,0.9999989,1.0983225e-06,6.891294e-22
testing1705.jpg,Outside,0.972815,0.027184991,2.895315e-17,0.972815
testing1706.jpg,Intermediate,1.0,1.0,1.7309738e-28,2.188258e-19
testing1707.jpg,Nanodomain,1.0,2.0368073e-23,1.0,0.0
testing1708.jpg,Nanodomain,1.0,1.7751389e-31,1.0,0.0
testing1709.jpg,Nanodomain,1.0,9.741466e-27,1.0,0.0
testing1710.jpg,Nanodomain,1.0,2.3771836e-24,1.0,0.0
testing1711.jpg,Nanodomain,1.0,1.257338e-14,1.0,1.2609979e-37
testing1712.jpg,Nanodomain,1.0,7.6458955e-36,1.0,0.0
testing1713.jpg,Nanodomain,1.0,1.716612e-21,1.0,0.0
testing1714.jpg,Nanodomain,1.0,1.5422153e-30,1.0,0.0
testing1715.jpg,Nanodomain,1.0,1.4208659e-27,1.0,0.0
testing1716.jpg,Nanodomain,1.0,1.9631374e-14,1.0,3.555234e-38
testing1717.jpg,Nanodomain,1.0,3.242699e-13,1.0,1.2255784e-34
testing1718.jpg,Nanodomain,1.0,2.7169093e-18,1.0,8.369934e-36
testing1719.jpg,Nanodomain,1.0,5.2759014e-10,1.0,3.1167085e-27
testing1720.jpg,Nanodomain,0.5586705,0.44132945,0.5586705,1.02846975e-23
testing1721.jpg,Nanodomain,0.99999464,5.3623667e-06,0.99999464,1.0556465e-27
testing1722.jpg,Nanodomain,1.0,1.818643e-16,1.0,8.0232823e-38
testing1723.jpg,Nanodomain,1.0,3.8957402e-20,1.0,4.7513894e-38
testing1724.jpg,Outside,1.0,2.0055452e-21,3.351502e-21,1.0
testing1725.jpg,Intermediate,1.0,1.0,5.965834e-30,2.710087e-26
testing1726.jpg,Intermediate,1.0,1.0,8.24789e-25,2.957866e-24
testing1727.jpg,Intermediate,1.0,1.0,4.3678718e-33,5.143484e-28
testing1728.jpg,Outside,1.0,6.916782e-11,9.382923e-23,1.0
testing1729.jpg,Outside,1.0,2.416012e-15,7.0498976e-25,1.0
testing1730.jpg,Outside,1.0,1.4708756e-35,1.2260659e-32,1.0
testing1731.jpg,Nanodomain,1.0,0.0,1.0,0.0
testing1732.jpg,Nanodomain,1.0,0.0,1.0,0.0
testing1733.jpg,Nanodomain,1.0,0.0,1.0,0.0
testing1734.jpg,Nanodomain,1.0,0.0,1.0,0.0
testing1735.jpg,Nanodomain,1.0,0.0,1.0,0.0
testing1736.jpg,Nanodomain,1.0,0.0,1.0,0.0
testing1737.jpg,Intermediate,1.0,1.0,2.483677e-08,5.493339e-24
testing1738.jpg,Nanodomain,1.0,7.370802e-18,1.0,7.667543e-35
testing1739.jpg,Nanodomain,0.9999852,1.4755324e-05,0.9999852,1.5332575e-24
testing1740.jpg,Nanodomain,1.0,0.0,1.0,0.0
testing1741.jpg,Nanodomain,1.0,0.0,1.0,0.0
testing1742.jpg,Nanodomain,1.0,0.0,1.0,0.0
testing1743.jpg,Nanodomain,1.0,0.0,1.0,0.0
testing1744.jpg,Nanodomain,1.0,0.0,1.0,0.0
testing1745.jpg,Nanodomain,1.0,0.0,1.0,0.0
testing1746.jpg,Nanodomain,1.0,0.0,1.0,0.0
testing1747.jpg,Nanodomain,1.0,0.0,1.0,0.0
testing1748.jpg,Nanodomain,1.0,0.0,1.0,0.0
testing1749.jpg,Nanodomain,1.0,0.0,1.0,0.0
testing1750.jpg,Nanodomain,1.0,0.0,1.0,0.0
testing1751.jpg,Nanodomain,1.0,0.0,1.0,0.0
testing1752.jpg,Nanodomain,1.0,0.0,1.0,0.0
testing1753.jpg,Nanodomain,1.0,0.0,1.0,0.0
testing1754.jpg,Outside,1.0,6.5821554e-28,7.0666645e-27,1.0
testing1755.jpg,Outside,1.0,5.7849763e-30,4.8226833e-29,1.0
testing1756.jpg,Outside,1.0,5.451812e-33,2.4182986e-30,1.0
testing1757.jpg,Outside,1.0,1.4192823e-37,5.728246e-33,1.0
testing1758.jpg,Outside,1.0,2.2008014e-31,1.96533e-28,1.0
testing1759.jpg,Outside,1.0,7.201812e-34,1.135286e-30,1.0
testing1760.jpg,Nanodomain,1.0,5.7038726e-24,1.0,0.0
testing1761.jpg,Nanodomain,0.99998474,1.5253798e-05,0.99998474,6.490502e-27
testing1762.jpg,Nanodomain,1.0,2.8061735e-12,1.0,3.0788212e-36
testing1763.jpg,Nanodomain,1.0,5.243067e-14,1.0,1.1761788e-35
testing1764.jpg,Nanodomain,0.9999887,1.1360023e-05,0.9999887,7.911992e-28
testing1765.jpg,Intermediate,0.9999541,0.9999541,4.5897734e-05,2.1762397e-24
testing1766.jpg,Nanodomain,1.0,0.0,1.0,0.0
testing1767.jpg,Nanodomain,1.0,0.0,1.0,0.0
testing1768.jpg,Nanodomain,1.0,0.0,1.0,0.0
testing1769.jpg,Nanodomain,1.0,0.0,1.0,0.0
testing1770.jpg,Nanodomain,1.0,0.0,1.0,0.0
testing1771.jpg,Nanodomain,1.0,0.0,1.0,0.0
testing1772.jpg,Nanodomain,0.9999993,6.946127e-07,0.9999993,1.867546e-23
testing1773.jpg,Nanodomain,1.0,0.0,1.0,0.0
testing1774.jpg,Nanodomain,1.0,0.0,1.0,0.0
testing1775.jpg,Outside,1.0,9.589545e-30,1.0583653e-28,1.0
testing1776.jpg,Outside,1.0,1.1640287e-28,8.122023e-27,1.0
testing1777.jpg,Nanodomain,1.0,0.0,1.0,0.0
testing1778.jpg,Nanodomain,1.0,0.0,1.0,0.0
testing1779.jpg,Nanodomain,1.0,0.0,1.0,0.0
testing1780.jpg,Nanodomain,1.0,0.0,1.0,0.0
testing1781.jpg,Nanodomain,1.0,0.0,1.0,0.0
testing1782.jpg,Nanodomain,1.0,0.0,1.0,0.0
testing1783.jpg,Nanodomain,1.0,0.0,1.0,0.0
testing1784.jpg,Nanodomain,1.0,0.0,1.0,0.0
testing1785.jpg,Nanodomain,1.0,0.0,1.0,0.0
testing1786.jpg,Nanodomain,1.0,0.0,1.0,0.0
testing1787.jpg,Outside,1.0,4.8391645e-34,9.871095e-32,1.0
testing1788.jpg,Outside,1.0,0.0,1.7098535e-37,1.0
testing1789.jpg,Outside,1.0,5.6471695e-32,3.514246e-29,1.0
testing1790.jpg,Outside,1.0,4.72312e-33,1.3636077e-32,1.0
testing1791.jpg,Outside,1.0,4.329976e-28,9.695348e-27,1.0
testing1792.jpg,Outside,1.0,5.136731e-31,3.3887574e-29,1.0
testing1793.jpg,Nanodomain,1.0,4.1849866e-37,1.0,0.0
testing1794.jpg,Nanodomain,1.0,4.11606e-33,1.0,0.0
testing1795.jpg,Nanodomain,1.0,0.0,1.0,0.0
testing1796.jpg,Nanodomain,1.0,0.0,1.0,0.0
testing1797.jpg,Nanodomain,1.0,0.0,1.0,0.0
testing1798.jpg,Nanodomain,1.0,0.0,1.0,0.0
testing1799.jpg,Nanodomain,1.0,0.0,1.0,0.0
testing1800.jpg,Nanodomain,1.0,0.0,1.0,0.0
testing1801.jpg,Outside,1.0,5.0067305e-29,2.0892049e-27,1.0
testing1802.jpg,Outside,1.0,6.962714e-33,1.2189693e-30,1.0
testing1803.jpg,Outside,1.0,2.4520486e-36,2.9954972e-31,1.0
testing1804.jpg,Outside,1.0,9.773775e-27,9.690028e-26,1.0
testing1805.jpg,Intermediate,1.0,1.0,4.0409763e-26,6.32321e-22
testing1806.jpg,Outside,1.0,3.189336e-23,5.236884e-24,1.0
testing1807.jpg,Intermediate,1.0,1.0,7.385837e-24,1.28159195e-17
testing1808.jpg,Outside,1.0,5.0319183e-18,2.046826e-21,1.0
testing1809.jpg,Outside,1.0,1.5079699e-27,6.391559e-27,1.0
testing1810.jpg,Nanodomain,1.0,0.0,1.0,0.0
testing1811.jpg,Nanodomain,1.0,0.0,1.0,0.0
testing1812.jpg,Nanodomain,1.0,0.0,1.0,0.0
testing1813.jpg,Nanodomain,1.0,0.0,1.0,0.0
testing1814.jpg,Nanodomain,1.0,0.0,1.0,0.0
testing1815.jpg,Nanodomain,1.0,0.0,1.0,0.0
testing1816.jpg,Nanodomain,1.0,0.0,1.0,0.0
testing1817.jpg,Nanodomain,1.0,0.0,1.0,0.0
testing1818.jpg,Nanodomain,1.0,0.0,1.0,0.0
testing1819.jpg,Nanodomain,1.0,0.0,1.0,0.0
testing1820.jpg,Nanodomain,1.0,0.0,1.0,0.0
testing1821.jpg,Outside,1.0,1.75593e-17,2.6044347e-20,1.0
testing1822.jpg,Outside,1.0,5.39003e-08,9.084213e-17,1.0
testing1823.jpg,Intermediate,1.0,1.0,3.3546187e-31,5.319227e-18
testing1824.jpg,Outside,0.99999976,2.1751626e-07,6.2008046e-17,0.99999976
testing1825.jpg,Outside,0.99999917,7.9283234e-07,3.1284638e-19,0.99999917
testing1826.jpg,Outside,0.99997723,2.272699e-05,5.106881e-22,0.99997723
testing1827.jpg,Outside,1.0,1.2145891e-20,2.374647e-23,1.0
testing1828.jpg,Outside,0.83515304,0.16484693,2.5202208e-18,0.83515304
testing1829.jpg,Outside,1.0,9.740871e-12,2.3634548e-19,1.0
testing1830.jpg,Nanodomain,1.0,7.18418e-16,1.0,2.7279785e-34
testing1831.jpg,Nanodomain,1.0,5.5597437e-25,1.0,0.0
testing1832.jpg,Nanodomain,1.0,1.5525732e-17,1.0,1.8423552e-32
testing1833.jpg,Intermediate,0.99998415,0.99998415,1.5804218e-05,1.9936162e-19
testing1834.jpg,Outside,1.0,2.6791622e-15,6.8781106e-24,1.0
testing1835.jpg,Outside,1.0,2.0617031e-25,1.2010089e-24,1.0
testing1836.jpg,Nanodomain,1.0,1.9122309e-28,1.0,0.0
testing1837.jpg,Nanodomain,1.0,1.629856e-10,1.0,3.9665216e-34
testing1838.jpg,Nanodomain,1.0,1.113258e-25,1.0,0.0
testing1839.jpg,Nanodomain,1.0,2.8109552e-21,1.0,0.0
testing1840.jpg,Nanodomain,1.0,8.398738e-24,1.0,0.0
testing1841.jpg,Nanodomain,1.0,0.0,1.0,0.0
testing1842.jpg,Nanodomain,1.0,0.0,1.0,0.0
testing1843.jpg,Nanodomain,1.0,0.0,1.0,0.0
testing1844.jpg,Nanodomain,1.0,2.3794541e-22,1.0,0.0
testing1845.jpg,Nanodomain,1.0,2.533638e-24,1.0,0.0
testing1846.jpg,Nanodomain,1.0,1.4544946e-19,1.0,2.894578e-38
testing1847.jpg,Intermediate,0.99999905,0.99999905,1.0036485e-06,2.7465869e-24
testing1848.jpg,Nanodomain,1.0,5.855637e-11,1.0,3.0478637e-30
testing1849.jpg,Nanodomain,1.0,2.8300956e-10,1.0,2.5886908e-31
testing1850.jpg,Nanodomain,0.5389902,0.4610098,0.5389902,9.51781e-24
testing1851.jpg,Intermediate,0.99542385,0.99542385,0.004576153,3.3209155e-21
testing1852.jpg,Outside,0.9999999,8.599061e-08,4.7693738e-20,0.9999999
testing1853.jpg,Intermediate,0.9950547,0.9950547,4.864118e-20,0.0049453173
testing1854.jpg,Intermediate,1.0,1.0,6.092543e-27,1.6241746e-13
testing1855.jpg,Intermediate,1.0,1.0,1.5020402e-26,1.2823851e-12
testing1856.jpg,Outside,0.99988997,0.000109972265,2.591459e-16,0.99988997
testing1857.jpg,Intermediate,1.0,1.0,4.5820924e-30,3.715279e-16
testing1858.jpg,Intermediate,0.99999654,0.99999654,1.3883074e-19,3.4277537e-06
testing1859.jpg,Intermediate,1.0,1.0,6.6807754e-24,9.850135e-26
testing1860.jpg,Intermediate,1.0,1.0,3.3268973e-18,7.02446e-22
testing1861.jpg,Nanodomain,1.0,0.0,1.0,0.0
testing1862.jpg,Nanodomain,1.0,0.0,1.0,0.0
testing1863.jpg,Nanodomain,1.0,0.0,1.0,0.0
testing1864.jpg,Intermediate,1.0,1.0,2.993017e-32,1.5789e-18
testing1865.jpg,Nanodomain,1.0,0.0,1.0,0.0
testing1866.jpg,Nanodomain,1.0,5.1286145e-20,1.0,0.0
testing1867.jpg,Intermediate,1.0,1.0,1.676843e-18,1.9941828e-24
testing1868.jpg,Intermediate,1.0,1.0,1.2883135e-30,4.519621e-27
testing1869.jpg,Nanodomain,1.0,0.0,1.0,0.0
testing1870.jpg,Nanodomain,1.0,0.0,1.0,0.0
testing1871.jpg,Nanodomain,1.0,0.0,1.0,0.0
testing1872.jpg,Nanodomain,1.0,0.0,1.0,0.0
testing1873.jpg,Nanodomain,1.0,0.0,1.0,0.0
testing1874.jpg,Nanodomain,1.0,0.0,1.0,0.0
testing1875.jpg,Nanodomain,1.0,0.0,1.0,0.0
testing1876.jpg,Nanodomain,1.0,0.0,1.0,0.0
testing1877.jpg,Nanodomain,1.0,0.0,1.0,0.0
testing1878.jpg,Nanodomain,1.0,0.0,1.0,0.0
testing1879.jpg,Nanodomain,1.0,0.0,1.0,0.0
testing1880.jpg,Nanodomain,1.0,0.0,1.0,0.0
testing1881.jpg,Outside,1.0,2.7132352e-31,1.2201283e-29,1.0
testing1882.jpg,Outside,1.0,1.0034834e-26,1.8308281e-27,1.0
testing1883.jpg,Outside,1.0,1.07225665e-33,3.5709457e-31,1.0
testing1884.jpg,Outside,1.0,9.784483e-34,7.8015077e-31,1.0
testing1885.jpg,Outside,1.0,1.4221033e-33,3.6949724e-29,1.0
testing1886.jpg,Outside,1.0,8.178049e-34,2.308666e-30,1.0
testing1887.jpg,Outside,1.0,2.5919516e-31,4.4352436e-29,1.0
testing1888.jpg,Outside,1.0,1.002156e-33,9.355436e-31,1.0
testing1889.jpg,Nanodomain,1.0,9.44763e-26,1.0,0.0
testing1890.jpg,Nanodomain,1.0,4.019278e-14,1.0,2.0348301e-35
testing1891.jpg,Nanodomain,1.0,3.0442097e-11,1.0,6.9616977e-35
testing1892.jpg,Nanodomain,1.0,3.4928374e-28,1.0,0.0
testing1893.jpg,Nanodomain,1.0,0.0,1.0,0.0
testing1894.jpg,Nanodomain,1.0,0.0,1.0,0.0
testing1895.jpg,Nanodomain,1.0,0.0,1.0,0.0
testing1896.jpg,Nanodomain,1.0,0.0,1.0,0.0
testing1897.jpg,Nanodomain,1.0,0.0,1.0,0.0
testing1898.jpg,Nanodomain,1.0,0.0,1.0,0.0
testing1899.jpg,Nanodomain,1.0,0.0,1.0,0.0
testing1900.jpg,Nanodomain,1.0,4.5357897e-26,1.0,0.0
testing1901.jpg,Nanodomain,1.0,0.0,1.0,0.0
testing1902.jpg,Outside,1.0,1.7523256e-22,2.7495666e-24,1.0
testing1903.jpg,Nanodomain,1.0,0.0,1.0,0.0
testing1904.jpg,Nanodomain,1.0,0.0,1.0,0.0
testing1905.jpg,Nanodomain,1.0,0.0,1.0,0.0
testing1906.jpg,Nanodomain,1.0,0.0,1.0,0.0
testing1907.jpg,Nanodomain,1.0,0.0,1.0,0.0
testing1908.jpg,Nanodomain,1.0,0.0,1.0,0.0
testing1909.jpg,Nanodomain,1.0,0.0,1.0,0.0
testing1910.jpg,Nanodomain,1.0,0.0,1.0,0.0
testing1911.jpg,Nanodomain,1.0,0.0,1.0,0.0
testing1912.jpg,Nanodomain,1.0,0.0,1.0,0.0
testing1913.jpg,Nanodomain,1.0,0.0,1.0,0.0
testing1914.jpg,Nanodomain,1.0,0.0,1.0,0.0
testing1915.jpg,Nanodomain,1.0,0.0,1.0,0.0
testing1916.jpg,Outside,1.0,1.8982316e-37,6.2952053e-34,1.0
testing1917.jpg,Outside,1.0,3.8918543e-32,3.863041e-32,1.0
testing1918.jpg,Outside,1.0,9.565309e-33,5.680225e-32,1.0
testing1919.jpg,Outside,1.0,5.434715e-36,3.8631678e-35,1.0
testing1920.jpg,Outside,1.0,1.0480149e-30,2.9287197e-31,1.0
testing1921.jpg,Nanodomain,1.0,1.8655156e-33,1.0,0.0
testing1922.jpg,Nanodomain,1.0,1.0365887e-21,1.0,0.0
testing1923.jpg,Nanodomain,1.0,1.9438677e-24,1.0,0.0
testing1924.jpg,Nanodomain,1.0,1.980762e-18,1.0,0.0
testing1925.jpg,Intermediate,1.0,1.0,5.857239e-28,2.5461962e-23
testing1926.jpg,Outside,1.0,0.0,8.9177734e-36,1.0
testing1927.jpg,Outside,1.0,7.747413e-31,2.3964081e-28,1.0
testing1928.jpg,Outside,1.0,1.25809124e-29,2.7633462e-28,1.0
testing1929.jpg,Outside,1.0,1.2174902e-32,3.366812e-30,1.0
testing1930.jpg,Outside,1.0,2.602856e-27,1.6446362e-25,1.0
testing1931.jpg,Outside,1.0,6.8152985e-31,2.5688898e-30,1.0
testing1932.jpg,Outside,1.0,1.0418252e-29,1.0512479e-27,1.0
testing1933.jpg,Outside,1.0,1.9275441e-29,2.6305684e-25,1.0
testing1934.jpg,Intermediate,1.0,1.0,6.4986105e-25,5.0132105e-21
testing1935.jpg,Outside,1.0,7.6965e-19,1.1460856e-23,1.0
testing1936.jpg,Outside,1.0,3.7127948e-26,3.3586767e-24,1.0
testing1937.jpg,Outside,1.0,2.748421e-26,2.7009547e-25,1.0
testing1938.jpg,Nanodomain,1.0,0.0,1.0,0.0
testing1939.jpg,Nanodomain,1.0,0.0,1.0,0.0
testing1940.jpg,Nanodomain,1.0,0.0,1.0,0.0
testing1941.jpg,Intermediate,1.0,1.0,1.1228689e-22,5.1663023e-25
testing1942.jpg,Nanodomain,1.0,0.0,1.0,0.0
testing1943.jpg,Nanodomain,1.0,0.0,1.0,0.0
testing1944.jpg,Nanodomain,1.0,0.0,1.0,0.0
testing1945.jpg,Nanodomain,1.0,4.5397658e-36,1.0,0.0
testing1946.jpg,Nanodomain,1.0,0.0,1.0,0.0
testing1947.jpg,Nanodomain,1.0,0.0,1.0,0.0
testing1948.jpg,Outside,1.0,6.347699e-20,1.8819963e-20,1.0
testing1949.jpg,Outside,1.0,2.0957776e-24,1.254222e-25,1.0
testing1950.jpg,Outside,1.0,3.6184796e-20,2.1075719e-23,1.0
testing1951.jpg,Outside,1.0,4.3211786e-29,7.072429e-29,1.0
testing1952.jpg,Outside,1.0,8.1291674e-16,2.7581446e-20,1.0
testing1953.jpg,Outside,1.0,1.2364566e-15,1.2636993e-22,1.0
testing1954.jpg,Outside,1.0,5.388542e-26,3.1769352e-25,1.0
testing1955.jpg,Outside,1.0,1.8213179e-14,1.1954936e-21,1.0
testing1956.jpg,Outside,0.9999993,7.2045026e-07,3.9864398e-17,0.9999993
testing1957.jpg,Outside,0.9995814,0.00041855898,8.008113e-18,0.9995814
testing1958.jpg,Outside,0.9976901,0.002309929,7.8621706e-18,0.9976901
testing1959.jpg,Outside,1.0,7.470266e-12,1.384192e-20,1.0
testing1960.jpg,Outside,1.0,1.5706779e-23,2.2986954e-27,1.0
testing1961.jpg,Nanodomain,1.0,2.1241066e-11,1.0,5.8108534e-30
testing1962.jpg,Outside,1.0,1.5418534e-19,2.8661964e-23,1.0
testing1963.jpg,Outside,1.0,4.7817173e-31,7.7175735e-28,1.0
testing1964.jpg,Outside,1.0,1.2774894e-21,3.3355823e-22,1.0
testing1965.jpg,Nanodomain,1.0,3.172809e-30,1.0,0.0
testing1966.jpg,Nanodomain,1.0,0.0,1.0,0.0
testing1967.jpg,Nanodomain,1.0,0.0,1.0,0.0
testing1968.jpg,Nanodomain,1.0,0.0,1.0,0.0
testing1969.jpg,Nanodomain,1.0,0.0,1.0,0.0
testing1970.jpg,Nanodomain,1.0,0.0,1.0,0.0
testing1971.jpg,Nanodomain,1.0,0.0,1.0,0.0
testing1972.jpg,Nanodomain,1.0,0.0,1.0,0.0
testing1973.jpg,Nanodomain,1.0,0.0,1.0,0.0
testing1974.jpg,Intermediate,0.99412906,0.99412906,0.0058709574,1.3457588e-20
testing1975.jpg,Nanodomain,1.0,6.086952e-17,1.0,3.7851374e-36
testing1976.jpg,Intermediate,0.99695253,0.99695253,0.0030474046,4.901428e-23
testing1977.jpg,Nanodomain,1.0,2.214116e-15,1.0,1.0596317e-32
testing1978.jpg,Nanodomain,1.0,3.130384e-14,1.0,1.0136863e-34
testing1979.jpg,Outside,1.0,4.100055e-09,4.4461035e-21,1.0
testing1980.jpg,Outside,1.0,1.3157817e-27,2.3644269e-28,1.0
testing1981.jpg,Intermediate,0.6067108,0.6067108,2.2847434e-18,0.3932892
testing1982.jpg,Outside,0.99999714,2.882592e-06,6.435546e-22,0.99999714
testing1983.jpg,Outside,1.0,4.6151274e-10,1.1911059e-20,1.0
testing1984.jpg,Outside,1.0,7.2279505e-10,1.6510168e-17,1.0
testing1985.jpg,Intermediate,1.0,1.0,2.4401812e-27,4.661997e-15
testing1986.jpg,Intermediate,1.0,1.0,3.1612939e-31,6.3427743e-31
testing1987.jpg,Intermediate,1.0,1.0,8.267446e-34,1.2106425e-29
testing1988.jpg,Intermediate,1.0,1.0,1.0291992e-24,4.0725898e-20
testing1989.jpg,Nanodomain,1.0,1.9738683e-10,1.0,1.0373519e-29
testing1990.jpg,Nanodomain,1.0,8.316484e-24,1.0,0.0
testing1991.jpg,Nanodomain,0.9984242,0.0015758332,0.9984242,3.7088128e-25
testing1992.jpg,Intermediate,1.0,1.0,2.6548956e-24,9.585406e-24
testing1993.jpg,Outside,0.99999917,8.3487015e-07,3.4732063e-15,0.99999917
testing1994.jpg,Intermediate,0.95102423,0.95102423,1.6694027e-18,0.048975803
testing1995.jpg,Nanodomain,1.0,0.0,1.0,0.0
testing1996.jpg,Nanodomain,1.0,0.0,1.0,0.0
testing1997.jpg,Nanodomain,1.0,0.0,1.0,0.0
testing1998.jpg,Nanodomain,1.0,0.0,1.0,0.0
testing1999.jpg,Nanodomain,1.0,0.0,1.0,0.0
testing2000.jpg,Nanodomain,1.0,0.0,1.0,0.0
testing2001.jpg,Nanodomain,1.0,0.0,1.0,0.0
testing2002.jpg,Nanodomain,1.0,0.0,1.0,0.0
testing2003.jpg,Nanodomain,1.0,0.0,1.0,0.0
testing2004.jpg,Nanodomain,1.0,0.0,1.0,0.0
testing2005.jpg,Nanodomain,1.0,0.0,1.0,0.0
testing2006.jpg,Nanodomain,1.0,0.0,1.0,0.0
testing2007.jpg,Nanodomain,1.0,0.0,1.0,0.0
testing2008.jpg,Nanodomain,1.0,0.0,1.0,0.0
testing2009.jpg,Outside,1.0,4.4908816e-29,2.7310168e-28,1.0
testing2010.jpg,Outside,1.0,5.25485e-33,1.4334677e-29,1.0
testing2011.jpg,Outside,1.0,1.5136217e-37,9.253167e-34,1.0
testing2012.jpg,Outside,1.0,1.8759736e-37,1.8609381e-33,1.0
testing2013.jpg,Outside,1.0,1.2312118e-25,4.278839e-23,1.0
testing2014.jpg,Outside,1.0,4.330764e-30,3.120917e-29,1.0
testing2015.jpg,Outside,1.0,7.384491e-30,1.0221935e-28,1.0
testing2016.jpg,Outside,1.0,1.024671e-31,1.4002234e-30,1.0
testing2017.jpg,Outside,1.0,7.81446e-32,2.675538e-29,1.0
testing2018.jpg,Outside,1.0,1.1904515e-28,3.0495215e-26,1.0
testing2019.jpg,Outside,1.0,3.8063933e-36,2.70411e-32,1.0
testing2020.jpg,Outside,1.0,9.69023e-30,2.640873e-26,1.0
testing2021.jpg,Outside,1.0,2.0360585e-26,1.0905187e-25,1.0
testing2022.jpg,Nanodomain,1.0,0.0,1.0,0.0
testing2023.jpg,Nanodomain,1.0,0.0,1.0,0.0
testing2024.jpg,Nanodomain,1.0,0.0,1.0,0.0
testing2025.jpg,Nanodomain,1.0,0.0,1.0,0.0
testing2026.jpg,Nanodomain,1.0,0.0,1.0,0.0
testing2027.jpg,Nanodomain,1.0,0.0,1.0,0.0
testing2028.jpg,Nanodomain,1.0,0.0,1.0,0.0
testing2029.jpg,Outside,1.0,6.905977e-32,1.2221447e-30,1.0
testing2030.jpg,Nanodomain,1.0,0.0,1.0,0.0
testing2031.jpg,Nanodomain,1.0,0.0,1.0,0.0
testing2032.jpg,Nanodomain,1.0,0.0,1.0,0.0
testing2033.jpg,Nanodomain,1.0,0.0,1.0,0.0
testing2034.jpg,Nanodomain,1.0,0.0,1.0,0.0
testing2035.jpg,Nanodomain,1.0,0.0,1.0,0.0
testing2036.jpg,Nanodomain,1.0,0.0,1.0,0.0
testing2037.jpg,Nanodomain,1.0,0.0,1.0,0.0
testing2038.jpg,Nanodomain,1.0,0.0,1.0,0.0
testing2039.jpg,Nanodomain,1.0,0.0,1.0,0.0
testing2040.jpg,Nanodomain,1.0,0.0,1.0,0.0
testing2041.jpg,Nanodomain,1.0,0.0,1.0,0.0
testing2042.jpg,Nanodomain,1.0,0.0,1.0,0.0
testing2043.jpg,Nanodomain,1.0,0.0,1.0,0.0
testing2044.jpg,Intermediate,1.0,1.0,6.5907583e-25,9.505781e-14
testing2045.jpg,Outside,1.0,1.4693722e-28,4.9153752e-32,1.0
testing2046.jpg,Outside,1.0,2.5584282e-28,1.6324e-30,1.0
testing2047.jpg,Nanodomain,1.0,0.0,1.0,0.0
testing2048.jpg,Outside,1.0,5.2214684e-30,5.36554e-29,1.0
testing2049.jpg,Intermediate,1.0,1.0,2.1524167e-28,3.9729918e-17
testing2050.jpg,Outside,1.0,2.5284016e-19,6.418204e-23,1.0
testing2051.jpg,Outside,1.0,6.467417e-20,8.29282e-24,1.0
testing2052.jpg,Nanodomain,1.0,7.869315e-19,1.0,1.0059843e-37
testing2053.jpg,Outside,1.0,2.4783149e-20,2.1048342e-21,1.0
testing2054.jpg,Outside,0.9968207,0.003179254,4.6503958e-18,0.9968207
testing2055.jpg,Outside,1.0,6.563201e-28,4.5446055e-26,1.0
testing2056.jpg,Outside,1.0,3.4922216e-22,8.436855e-24,1.0
testing2057.jpg,Outside,1.0,2.3491875e-21,3.3017274e-24,1.0
testing2058.jpg,Outside,1.0,8.1761654e-22,1.3385406e-23,1.0
testing2059.jpg,Outside,1.0,1.0560203e-24,3.6571458e-25,1.0
testing2060.jpg,Outside,1.0,2.9012002e-30,2.270509e-29,1.0
testing2061.jpg,Outside,1.0,4.1996894e-27,1.3245558e-25,1.0
testing2062.jpg,Outside,1.0,3.2256525e-22,8.222775e-21,1.0
testing2063.jpg,Outside,1.0,1.9380166e-26,2.5698273e-25,1.0
testing2064.jpg,Outside,1.0,2.1720296e-29,3.3256368e-28,1.0
testing2065.jpg,Outside,1.0,3.149287e-20,2.7668884e-22,1.0
testing2066.jpg,Outside,1.0,1.9022737e-25,2.2816793e-25,1.0
testing2067.jpg,Outside,0.9999994,5.6486545e-07,1.0382558e-18,0.9999994
testing2068.jpg,Outside,1.0,4.6392538e-30,2.5322982e-29,1.0
testing2069.jpg,Nanodomain,1.0,0.0,1.0,0.0
testing2070.jpg,Nanodomain,1.0,0.0,1.0,0.0
testing2071.jpg,Nanodomain,1.0,0.0,1.0,0.0
testing2072.jpg,Nanodomain,1.0,0.0,1.0,0.0
testing2073.jpg,Nanodomain,1.0,0.0,1.0,0.0
testing2074.jpg,Nanodomain,1.0,0.0,1.0,0.0
testing2075.jpg,Nanodomain,1.0,3.634819e-27,1.0,0.0
testing2076.jpg,Nanodomain,1.0,1.4665868e-31,1.0,0.0
testing2077.jpg,Nanodomain,1.0,2.5137644e-34,1.0,0.0
testing2078.jpg,Nanodomain,1.0,7.90411e-30,1.0,0.0
testing2079.jpg,Outside,1.0,1.8095036e-29,3.960361e-30,1.0
testing2080.jpg,Intermediate,0.99662364,0.99662364,1.5540222e-16,0.003376404
testing2081.jpg,Outside,1.0,3.2386176e-14,5.8343325e-22,1.0
testing2082.jpg,Outside,1.0,6.37281e-20,7.280931e-25,1.0
testing2083.jpg,Outside,0.9993893,0.00061064586,1.0551371e-18,0.9993893
testing2084.jpg,Outside,0.59057975,0.40942022,2.93387e-17,0.59057975
testing2085.jpg,Intermediate,0.99136984,0.99136984,9.005041e-21,0.008630166
testing2086.jpg,Outside,1.0,4.487542e-14,3.4321604e-20,1.0
testing2087.jpg,Nanodomain,1.0,2.7062956e-11,1.0,1.8227695e-30
testing2088.jpg,Nanodomain,1.0,4.126752e-10,1.0,1.7504974e-27
testing2089.jpg,Outside,1.0,4.3887664e-18,9.799732e-25,1.0
testing2090.jpg,Outside,1.0,7.8845694e-29,3.2851998e-28,1.0
testing2091.jpg,Outside,1.0,1.9629753e-30,1.3793474e-28,1.0
testing2092.jpg,Outside,1.0,2.9650156e-25,1.0387682e-24,1.0
testing2093.jpg,Nanodomain,1.0,4.7277494e-12,1.0,4.206406e-35
testing2094.jpg,Nanodomain,1.0,0.0,1.0,0.0
testing2095.jpg,Nanodomain,1.0,0.0,1.0,0.0
testing2096.jpg,Nanodomain,1.0,0.0,1.0,0.0
testing2097.jpg,Nanodomain,1.0,0.0,1.0,0.0
testing2098.jpg,Nanodomain,1.0,0.0,1.0,0.0
testing2099.jpg,Nanodomain,1.0,0.0,1.0,0.0
testing2100.jpg,Nanodomain,1.0,0.0,1.0,0.0
testing2101.jpg,Nanodomain,1.0,0.0,1.0,0.0
testing2102.jpg,Nanodomain,1.0,3.0239406e-28,1.0,0.0
testing2103.jpg,Nanodomain,1.0,1.3227e-14,1.0,8.209172e-36
testing2104.jpg,Nanodomain,1.0,1.3686346e-20,1.0,1.7724407e-37
testing2105.jpg,Nanodomain,1.0,3.349963e-09,1.0,1.8798066e-29
testing2106.jpg,Outside,1.0,8.441522e-09,4.8122486e-20,1.0
testing2107.jpg,Outside,0.9999994,5.9112716e-07,1.8469605e-20,0.9999994
testing2108.jpg,Outside,0.99968183,0.00031821063,7.1114646e-19,0.99968183
testing2109.jpg,Outside,1.0,4.4804537e-32,2.7703229e-28,1.0
testing2110.jpg,Outside,1.0,7.516817e-16,3.9126845e-22,1.0
testing2111.jpg,Outside,1.0,4.899985e-25,1.8171992e-25,1.0
testing2112.jpg,Outside,1.0,5.286646e-30,4.668938e-30,1.0
testing2113.jpg,Outside,1.0,1.956665e-08,4.2632675e-21,1.0
testing2114.jpg,Intermediate,1.0,1.0,1.3552935e-26,1.3618839e-14
testing2115.jpg,Outside,0.99962616,0.00037379435,3.0038214e-20,0.99962616
testing2116.jpg,Intermediate,1.0,1.0,9.20261e-13,9.574557e-23
testing2117.jpg,Nanodomain,0.96714884,0.032851152,0.96714884,1.1956795e-20
testing2118.jpg,Nanodomain,1.0,1.1736442e-09,1.0,2.9659615e-28
testing2119.jpg,Intermediate,1.0,1.0,0.0,2.583716e-33
testing2120.jpg,Intermediate,0.99999905,0.99999905,1.3903909e-23,9.623492e-07
testing2121.jpg,Intermediate,1.0,1.0,3.0139344e-27,5.974873e-16
testing2122.jpg,Nanodomain,1.0,0.0,1.0,0.0
testing2123.jpg,Nanodomain,1.0,0.0,1.0,0.0
testing2124.jpg,Nanodomain,1.0,0.0,1.0,0.0
testing2125.jpg,Nanodomain,1.0,0.0,1.0,0.0
testing2126.jpg,Nanodomain,1.0,0.0,1.0,0.0
testing2127.jpg,Nanodomain,1.0,0.0,1.0,0.0
testing2128.jpg,Nanodomain,1.0,0.0,1.0,0.0
testing2129.jpg,Nanodomain,1.0,0.0,1.0,0.0
testing2130.jpg,Nanodomain,1.0,0.0,1.0,0.0
testing2131.jpg,Nanodomain,1.0,0.0,1.0,0.0
testing2132.jpg,Nanodomain,1.0,0.0,1.0,0.0
testing2133.jpg,Nanodomain,1.0,0.0,1.0,0.0
testing2134.jpg,Nanodomain,1.0,0.0,1.0,0.0
testing2135.jpg,Nanodomain,1.0,0.0,1.0,0.0
testing2136.jpg,Nanodomain,1.0,0.0,1.0,0.0
testing2137.jpg,Outside,1.0,1.6595526e-26,1.3863165e-27,1.0
testing2138.jpg,Outside,1.0,1.811362e-28,2.4655113e-26,1.0
testing2139.jpg,Outside,1.0,1.588317e-34,3.4257973e-31,1.0
testing2140.jpg,Outside,1.0,6.219116e-25,7.531486e-23,1.0
testing2141.jpg,Outside,1.0,1.6652875e-31,5.3252065e-29,1.0
testing2142.jpg,Outside,1.0,6.362105e-33,1.1616449e-31,1.0
testing2143.jpg,Outside,1.0,2.8300278e-31,5.615663e-29,1.0
testing2144.jpg,Outside,1.0,8.164397e-34,5.893806e-32,1.0
testing2145.jpg,Outside,1.0,1.0824816e-26,1.0896002e-24,1.0
testing2146.jpg,Outside,1.0,3.1055907e-33,1.9362908e-30,1.0
testing2147.jpg,Outside,1.0,1.1340837e-28,2.098152e-25,1.0
testing2148.jpg,Outside,1.0,2.397216e-33,1.0511059e-30,1.0
testing2149.jpg,Outside,1.0,2.9708778e-34,1.9802135e-30,1.0
testing2150.jpg,Nanodomain,1.0,0.0,1.0,0.0
testing2151.jpg,Nanodomain,1.0,0.0,1.0,0.0
testing2152.jpg,Nanodomain,1.0,0.0,1.0,0.0
testing2153.jpg,Nanodomain,1.0,0.0,1.0,0.0
testing2154.jpg,Nanodomain,1.0,0.0,1.0,0.0
testing2155.jpg,Nanodomain,1.0,0.0,1.0,0.0
testing2156.jpg,Intermediate,1.0,1.0,1.663433e-13,8.0708236e-25
testing2157.jpg,Nanodomain,0.7738033,0.22619669,0.7738033,3.1570146e-20
testing2158.jpg,Nanodomain,1.0,0.0,1.0,0.0
testing2159.jpg,Nanodomain,1.0,0.0,1.0,0.0
testing2160.jpg,Nanodomain,1.0,0.0,1.0,0.0
testing2161.jpg,Nanodomain,1.0,0.0,1.0,0.0
testing2162.jpg,Nanodomain,1.0,0.0,1.0,0.0
testing2163.jpg,Nanodomain,1.0,0.0,1.0,0.0
testing2164.jpg,Nanodomain,1.0,0.0,1.0,0.0
testing2165.jpg,Nanodomain,1.0,0.0,1.0,0.0
testing2166.jpg,Nanodomain,1.0,0.0,1.0,0.0
testing2167.jpg,Nanodomain,1.0,0.0,1.0,0.0
testing2168.jpg,Nanodomain,1.0,0.0,1.0,0.0
testing2169.jpg,Nanodomain,1.0,0.0,1.0,0.0
testing2170.jpg,Nanodomain,1.0,0.0,1.0,0.0
testing2171.jpg,Nanodomain,1.0,0.0,1.0,0.0
testing2172.jpg,Nanodomain,1.0,0.0,1.0,0.0
testing2173.jpg,Nanodomain,1.0,0.0,1.0,0.0
testing2174.jpg,Nanodomain,1.0,0.0,1.0,0.0
testing2175.jpg,Nanodomain,1.0,0.0,1.0,0.0
testing2176.jpg,Nanodomain,1.0,0.0,1.0,0.0
testing2177.jpg,Nanodomain,1.0,5.449637e-30,1.0,0.0
testing2178.jpg,Nanodomain,1.0,3.1994653e-21,1.0,0.0
testing2179.jpg,Nanodomain,1.0,3.2667175e-20,1.0,0.0
testing2180.jpg,Nanodomain,0.9825356,0.01746445,0.9825356,1.4651021e-23
testing2181.jpg,Nanodomain,0.99993014,6.985858e-05,0.99993014,1.5374442e-22
testing2182.jpg,Outside,1.0,5.215672e-31,1.34291e-28,1.0
testing2183.jpg,Outside,1.0,8.277207e-24,2.3351666e-23,1.0
testing2184.jpg,Outside,1.0,6.671799e-35,1.2696085e-30,1.0
testing2185.jpg,Outside,1.0,1.7037326e-23,1.3971025e-22,1.0
testing2186.jpg,Outside,1.0,1.5660918e-27,2.594413e-25,1.0
testing2187.jpg,Outside,1.0,3.2797293e-27,1.038997e-26,1.0
testing2188.jpg,Outside,1.0,9.216628e-28,1.8510258e-26,1.0
testing2189.jpg,Outside,1.0,3.719916e-31,8.0470126e-29,1.0
testing2190.jpg,Outside,1.0,1.8239705e-25,6.4108556e-25,1.0
testing2191.jpg,Outside,1.0,4.4387645e-29,1.0727627e-28,1.0
testing2192.jpg,Outside,1.0,1.8191278e-32,9.439289e-30,1.0
testing2193.jpg,Outside,1.0,1.971348e-32,2.7338937e-28,1.0
testing2194.jpg,Nanodomain,1.0,0.0,1.0,0.0
testing2195.jpg,Nanodomain,1.0,0.0,1.0,0.0
testing2196.jpg,Nanodomain,1.0,0.0,1.0,0.0
testing2197.jpg,Nanodomain,1.0,0.0,1.0,0.0
testing2198.jpg,Nanodomain,1.0,0.0,1.0,0.0
testing2199.jpg,Nanodomain,1.0,0.0,1.0,0.0
testing2200.jpg,Nanodomain,1.0,0.0,1.0,0.0
testing2201.jpg,Nanodomain,1.0,4.80835e-31,1.0,0.0
testing2202.jpg,Nanodomain,1.0,7.0009133e-31,1.0,0.0
testing2203.jpg,Nanodomain,1.0,8.3028245e-16,1.0,5.3509114e-34
testing2204.jpg,Outside,1.0,1.423655e-19,1.6565705e-22,1.0
testing2205.jpg,Outside,1.0,4.669622e-27,8.327297e-27,1.0
testing2206.jpg,Outside,1.0,1.4045958e-20,3.773139e-23,1.0
testing2207.jpg,Outside,1.0,9.853711e-25,2.1549737e-26,1.0
testing2208.jpg,Outside,1.0,1.8476662e-20,1.0315008e-20,1.0
testing2209.jpg,Outside,1.0,4.008971e-15,4.546282e-21,1.0
testing2210.jpg,Outside,1.0,4.4375753e-12,5.471591e-23,1.0
testing2211.jpg,Outside,0.9999999,1.7367367e-07,2.5615829e-20,0.9999999
testing2212.jpg,Outside,0.58086824,0.41913173,5.4812184e-18,0.58086824
testing2213.jpg,Outside,0.9992084,0.0007916455,1.20658e-18,0.9992084
testing2214.jpg,Outside,0.99320966,0.006790376,3.6220827e-20,0.99320966
testing2215.jpg,Outside,0.78688264,0.21311733,1.0927059e-18,0.78688264
testing2216.jpg,Outside,1.0,3.844187e-21,1.974745e-22,1.0
testing2217.jpg,Outside,1.0,3.4483347e-24,2.428152e-23,1.0
testing2218.jpg,Outside,1.0,8.1115064e-32,1.9338929e-29,1.0
testing2219.jpg,Outside,1.0,6.7014075e-29,1.6934274e-26,1.0
testing2220.jpg,Nanodomain,1.0,4.039511e-08,1.0,3.8775518e-33
testing2221.jpg,Nanodomain,0.99961877,0.00038123725,0.99961877,2.229103e-27
testing2222.jpg,Nanodomain,1.0,0.0,1.0,0.0
testing2223.jpg,Nanodomain,1.0,0.0,1.0,0.0
testing2224.jpg,Nanodomain,1.0,0.0,1.0,0.0
testing2225.jpg,Nanodomain,1.0,0.0,1.0,0.0
testing2226.jpg,Nanodomain,1.0,0.0,1.0,0.0
testing2227.jpg,Nanodomain,1.0,0.0,1.0,0.0
testing2228.jpg,Nanodomain,1.0,1.0543646e-34,1.0,0.0
testing2229.jpg,Nanodomain,1.0,2.6798737e-18,1.0,3.1846722e-35
testing2230.jpg,Nanodomain,1.0,4.7078926e-22,1.0,0.0
testing2231.jpg,Intermediate,1.0,1.0,1.1356953e-26,6.615265e-18
testing2232.jpg,Outside,1.0,6.7414324e-10,8.169466e-21,1.0
testing2233.jpg,Nanodomain,1.0,0.0,1.0,0.0
testing2234.jpg,Nanodomain,1.0,0.0,1.0,0.0
testing2235.jpg,Nanodomain,1.0,0.0,1.0,0.0
testing2236.jpg,Nanodomain,1.0,0.0,1.0,0.0
testing2237.jpg,Nanodomain,1.0,0.0,1.0,0.0
testing2238.jpg,Nanodomain,1.0,0.0,1.0,0.0
testing2239.jpg,Nanodomain,1.0,2.992219e-09,1.0,1.2356658e-28
testing2240.jpg,Outside,1.0,2.241058e-18,6.7076685e-23,1.0
testing2241.jpg,Intermediate,1.0,1.0,1.0508092e-30,2.2860775e-19
testing2242.jpg,Intermediate,1.0,1.0,3.05546e-26,6.7960035e-14
testing2243.jpg,Intermediate,1.0,1.0,4.4926933e-31,5.2292115e-19
testing2244.jpg,Intermediate,1.0,1.0,5.7902103e-22,8.7124474e-23
testing2245.jpg,Intermediate,1.0,1.0,8.26329e-25,4.7491947e-24
testing2246.jpg,Intermediate,1.0,1.0,3.0549014e-33,3.270654e-30
testing2247.jpg,Intermediate,1.0,1.0,6.1308795e-32,4.495014e-28
testing2248.jpg,Intermediate,1.0,1.0,2.8987805e-28,1.4804139e-24
testing2249.jpg,Intermediate,1.0,1.0,2.3824992e-35,2.8553416e-28
testing2250.jpg,Nanodomain,1.0,0.0,1.0,0.0
testing2251.jpg,Nanodomain,1.0,0.0,1.0,0.0
testing2252.jpg,Nanodomain,1.0,0.0,1.0,0.0
testing2253.jpg,Nanodomain,1.0,0.0,1.0,0.0
testing2254.jpg,Nanodomain,1.0,0.0,1.0,0.0
testing2255.jpg,Nanodomain,1.0,0.0,1.0,0.0
testing2256.jpg,Nanodomain,1.0,0.0,1.0,0.0
testing2257.jpg,Nanodomain,1.0,0.0,1.0,0.0
testing2258.jpg,Nanodomain,1.0,0.0,1.0,0.0
testing2259.jpg,Nanodomain,1.0,0.0,1.0,0.0
testing2260.jpg,Nanodomain,1.0,0.0,1.0,0.0
testing2261.jpg,Nanodomain,1.0,0.0,1.0,0.0
testing2262.jpg,Nanodomain,1.0,0.0,1.0,0.0
testing2263.jpg,Nanodomain,1.0,0.0,1.0,0.0
testing2264.jpg,Nanodomain,1.0,0.0,1.0,0.0
testing2265.jpg,Outside,1.0,6.913605e-29,1.4165465e-28,1.0
testing2266.jpg,Outside,1.0,1.4408363e-36,1.8907115e-34,1.0
testing2267.jpg,Outside,1.0,9.2917416e-30,3.7809263e-27,1.0
testing2268.jpg,Outside,1.0,7.2724e-35,3.0276409e-31,1.0
testing2269.jpg,Outside,1.0,1.8915585e-31,1.8367591e-28,1.0
testing2270.jpg,Outside,1.0,1.0924842e-32,6.6991512e-31,1.0
testing2271.jpg,Outside,1.0,7.6247504e-36,3.1049643e-32,1.0
testing2272.jpg,Outside,1.0,1.13026346e-32,1.7858724e-29,1.0
testing2273.jpg,Intermediate,1.0,1.0,8.135678e-32,4.540335e-22
testing2274.jpg,Outside,1.0,9.2580796e-33,1.2893713e-29,1.0
testing2275.jpg,Outside,1.0,1.2952166e-31,7.599394e-30,1.0
testing2276.jpg,Outside,1.0,8.0468466e-32,3.7038064e-29,1.0
testing2277.jpg,Outside,1.0,1.90233e-27,1.4118114e-26,1.0
testing2278.jpg,Nanodomain,1.0,0.0,1.0,0.0
testing2279.jpg,Nanodomain,1.0,0.0,1.0,0.0
testing2280.jpg,Nanodomain,1.0,0.0,1.0,0.0
testing2281.jpg,Nanodomain,1.0,0.0,1.0,0.0
testing2282.jpg,Nanodomain,1.0,0.0,1.0,0.0
testing2283.jpg,Nanodomain,0.9816491,0.018350884,0.9816491,7.84241e-23
testing2284.jpg,Nanodomain,1.0,0.0,1.0,0.0
testing2285.jpg,Intermediate,1.0,1.0,1.1357611e-32,1.1054823e-28
testing2286.jpg,Nanodomain,1.0,0.0,1.0,0.0
testing2287.jpg,Nanodomain,1.0,0.0,1.0,0.0
testing2288.jpg,Nanodomain,1.0,0.0,1.0,0.0
testing2289.jpg,Nanodomain,1.0,0.0,1.0,0.0
testing2290.jpg,Nanodomain,1.0,0.0,1.0,0.0
testing2291.jpg,Nanodomain,1.0,0.0,1.0,0.0
testing2292.jpg,Nanodomain,1.0,0.0,1.0,0.0
testing2293.jpg,Nanodomain,1.0,0.0,1.0,0.0
testing2294.jpg,Nanodomain,1.0,0.0,1.0,0.0
testing2295.jpg,Nanodomain,1.0,0.0,1.0,0.0
testing2296.jpg,Nanodomain,1.0,0.0,1.0,0.0
testing2297.jpg,Nanodomain,1.0,0.0,1.0,0.0
testing2298.jpg,Nanodomain,1.0,0.0,1.0,0.0
testing2299.jpg,Nanodomain,1.0,0.0,1.0,0.0
testing2300.jpg,Nanodomain,1.0,0.0,1.0,0.0
testing2301.jpg,Nanodomain,1.0,0.0,1.0,0.0
testing2302.jpg,Nanodomain,1.0,0.0,1.0,0.0
testing2303.jpg,Nanodomain,1.0,0.0,1.0,0.0
testing2304.jpg,Nanodomain,1.0,0.0,1.0,0.0
testing2305.jpg,Nanodomain,1.0,3.539309e-37,1.0,0.0
testing2306.jpg,Nanodomain,1.0,1.0576972e-17,1.0,7.107831e-37
testing2307.jpg,Nanodomain,1.0,1.9055395e-20,1.0,0.0
testing2308.jpg,Nanodomain,1.0,6.1854517e-09,1.0,1.4010751e-27
testing2309.jpg,Outside,1.0,1.0375982e-27,4.100401e-27,1.0
testing2310.jpg,Outside,1.0,2.1832505e-23,2.2019514e-24,1.0
testing2311.jpg,Outside,1.0,6.32213e-28,1.1437559e-26,1.0
testing2312.jpg,Outside,1.0,2.0914153e-33,9.7511077e-32,1.0
testing2313.jpg,Outside,1.0,3.221025e-32,5.3151e-29,1.0
testing2314.jpg,Outside,1.0,1.8834618e-27,1.9579472e-25,1.0
testing2315.jpg,Outside,1.0,5.822309e-28,7.479879e-26,1.0
testing2316.jpg,Outside,1.0,9.743758e-37,6.391637e-33,1.0
testing2317.jpg,Outside,1.0,1.2843722e-24,2.1763063e-24,1.0
testing2318.jpg,Outside,1.0,2.1008715e-21,6.6112153e-22,1.0
testing2319.jpg,Outside,1.0,1.9684489e-23,1.3216965e-21,1.0
testing2320.jpg,Outside,1.0,5.8236356e-30,1.8294796e-28,1.0
testing2321.jpg,Outside,1.0,1.2087305e-24,1.3697443e-24,1.0
testing2322.jpg,Outside,1.0,1.449445e-24,1.0017168e-25,1.0
testing2323.jpg,Outside,1.0,1.1915507e-21,9.701139e-23,1.0
testing2324.jpg,Nanodomain,1.0,1.1894021e-22,1.0,0.0
testing2325.jpg,Nanodomain,1.0,0.0,1.0,0.0
testing2326.jpg,Nanodomain,1.0,2.3711162e-31,1.0,0.0
testing2327.jpg,Nanodomain,1.0,0.0,1.0,0.0
testing2328.jpg,Nanodomain,1.0,0.0,1.0,0.0
testing2329.jpg,Nanodomain,1.0,3.6788423e-28,1.0,0.0
testing2330.jpg,Outside,0.99938285,0.0006170824,3.1727125e-16,0.99938285
testing2331.jpg,Nanodomain,1.0,6.5423744e-29,1.0,0.0
testing2332.jpg,Nanodomain,1.0,8.670183e-21,1.0,0.0
testing2333.jpg,Nanodomain,1.0,1.1921384e-19,1.0,0.0
testing2334.jpg,Outside,1.0,4.006791e-27,4.5303533e-29,1.0
testing2335.jpg,Outside,0.99406046,0.0059395037,1.2615717e-15,0.99406046
testing2336.jpg,Outside,1.0,1.201762e-29,8.92247e-28,1.0
testing2337.jpg,Outside,1.0,8.674368e-25,9.650819e-25,1.0
testing2338.jpg,Outside,1.0,8.702118e-23,3.596962e-24,1.0
testing2339.jpg,Outside,0.9999956,4.39509e-06,7.092094e-21,0.9999956
testing2340.jpg,Outside,1.0,1.442638e-09,1.1588773e-18,1.0
testing2341.jpg,Outside,1.0,2.5928206e-17,1.2769784e-20,1.0
testing2342.jpg,Outside,1.0,2.865084e-10,2.402775e-24,1.0
testing2343.jpg,Outside,0.9664573,0.033542637,1.541502e-18,0.9664573
testing2344.jpg,Outside,1.0,3.4297749e-22,8.288721e-21,1.0
testing2345.jpg,Outside,0.689927,0.310073,2.358397e-17,0.689927
testing2346.jpg,Outside,1.0,7.7134826e-13,5.790978e-24,1.0
testing2347.jpg,Outside,1.0,1.9958197e-16,2.7531561e-24,1.0
testing2348.jpg,Outside,1.0,4.2083386e-17,1.8327614e-22,1.0
testing2349.jpg,Outside,1.0,1.0224766e-31,2.2081516e-31,1.0
testing2350.jpg,Nanodomain,1.0,1.220767e-35,1.0,0.0
testing2351.jpg,Nanodomain,1.0,0.0,1.0,0.0
testing2352.jpg,Nanodomain,1.0,0.0,1.0,0.0
testing2353.jpg,Nanodomain,1.0,0.0,1.0,0.0
testing2354.jpg,Nanodomain,1.0,0.0,1.0,0.0
testing2355.jpg,Nanodomain,1.0,0.0,1.0,0.0
testing2356.jpg,Nanodomain,1.0,0.0,1.0,0.0
testing2357.jpg,Nanodomain,1.0,9.599754e-38,1.0,0.0
testing2358.jpg,Nanodomain,1.0,0.0,1.0,0.0
testing2359.jpg,Nanodomain,1.0,1.6322959e-09,1.0,4.2240747e-29
testing2360.jpg,Nanodomain,1.0,0.0,1.0,0.0
testing2361.jpg,Nanodomain,1.0,0.0,1.0,0.0
testing2362.jpg,Nanodomain,1.0,0.0,1.0,0.0
testing2363.jpg,Nanodomain,1.0,0.0,1.0,0.0
testing2364.jpg,Nanodomain,1.0,0.0,1.0,0.0
testing2365.jpg,Nanodomain,1.0,0.0,1.0,0.0
testing2366.jpg,Nanodomain,1.0,0.0,1.0,0.0
testing2367.jpg,Nanodomain,1.0,0.0,1.0,0.0
testing2368.jpg,Nanodomain,1.0,0.0,1.0,0.0
testing2369.jpg,Outside,1.0,6.764009e-33,3.3130723e-30,1.0
testing2370.jpg,Outside,1.0,1.9984896e-35,6.7987833e-31,1.0
testing2371.jpg,Outside,1.0,2.9453784e-17,2.2272605e-25,1.0
testing2372.jpg,Outside,1.0,1.8623866e-11,2.5478786e-22,1.0
testing2373.jpg,Intermediate,1.0,1.0,3.0776767e-32,4.3868713e-27
testing2374.jpg,Intermediate,0.9998772,0.9998772,0.0001227181,2.8115414e-22
testing2375.jpg,Intermediate,1.0,1.0,1.8542465e-28,5.960887e-26
testing2376.jpg,Intermediate,1.0,1.0,1.5499075e-28,1.2196038e-27
testing2377.jpg,Intermediate,1.0,1.0,0.0,6.437724e-30
testing2378.jpg,Nanodomain,1.0,0.0,1.0,0.0
testing2379.jpg,Nanodomain,1.0,0.0,1.0,0.0
testing2380.jpg,Nanodomain,1.0,0.0,1.0,0.0
testing2381.jpg,Nanodomain,1.0,0.0,1.0,0.0
testing2382.jpg,Nanodomain,1.0,0.0,1.0,0.0
testing2383.jpg,Nanodomain,1.0,0.0,1.0,0.0
testing2384.jpg,Nanodomain,1.0,0.0,1.0,0.0
testing2385.jpg,Nanodomain,1.0,0.0,1.0,0.0
testing2386.jpg,Nanodomain,1.0,0.0,1.0,0.0
testing2387.jpg,Nanodomain,1.0,0.0,1.0,0.0
testing2388.jpg,Nanodomain,1.0,0.0,1.0,0.0
testing2389.jpg,Nanodomain,1.0,0.0,1.0,0.0
testing2390.jpg,Nanodomain,1.0,0.0,1.0,0.0
testing2391.jpg,Nanodomain,1.0,0.0,1.0,0.0
testing2392.jpg,Outside,1.0,1.8038854e-30,2.4231455e-31,1.0
testing2393.jpg,Outside,1.0,1.9768557e-29,8.213903e-28,1.0
testing2394.jpg,Outside,1.0,1.2753752e-30,1.5212739e-30,1.0
testing2395.jpg,Outside,1.0,1.2459327e-27,3.4087236e-29,1.0
testing2396.jpg,Outside,1.0,2.1810964e-29,4.8283367e-28,1.0
testing2397.jpg,Outside,1.0,5.575042e-30,1.2660362e-27,1.0
testing2398.jpg,Outside,1.0,1.0643256e-27,7.587823e-26,1.0
testing2399.jpg,Outside,1.0,5.451615e-29,2.5773534e-28,1.0
testing2400.jpg,Outside,1.0,4.9183013e-32,9.536462e-31,1.0
testing2401.jpg,Outside,1.0,4.5486896e-30,3.849146e-29,1.0
testing2402.jpg,Outside,1.0,4.26227e-31,7.8200745e-30,1.0
testing2403.jpg,Outside,1.0,1.3001117e-32,5.60045e-30,1.0
testing2404.jpg,Outside,1.0,9.575614e-31,1.9778816e-29,1.0
testing2405.jpg,Outside,1.0,1.3949818e-31,2.3135879e-28,1.0
testing2406.jpg,Outside,1.0,2.461916e-30,4.382107e-26,1.0
testing2407.jpg,Outside,1.0,7.1584424e-37,6.3144944e-34,1.0
testing2408.jpg,Nanodomain,1.0,0.0,1.0,0.0
testing2409.jpg,Outside,1.0,1.6217578e-27,4.2881813e-25,1.0
testing2410.jpg,Outside,1.0,7.92093e-28,3.7519e-29,1.0
testing2411.jpg,Outside,1.0,2.82166e-33,5.7967727e-30,1.0
testing2412.jpg,Intermediate,1.0,1.0,9.6259695e-24,6.2454676e-22
testing2413.jpg,Nanodomain,1.0,0.0,1.0,0.0
testing2414.jpg,Nanodomain,1.0,0.0,1.0,0.0
testing2415.jpg,Nanodomain,1.0,0.0,1.0,0.0
testing2416.jpg,Nanodomain,1.0,0.0,1.0,0.0
testing2417.jpg,Nanodomain,1.0,0.0,1.0,0.0
testing2418.jpg,Nanodomain,1.0,0.0,1.0,0.0
testing2419.jpg,Nanodomain,1.0,0.0,1.0,0.0
testing2420.jpg,Nanodomain,1.0,0.0,1.0,0.0
testing2421.jpg,Nanodomain,1.0,0.0,1.0,0.0
testing2422.jpg,Nanodomain,1.0,0.0,1.0,0.0
testing2423.jpg,Nanodomain,1.0,0.0,1.0,0.0
testing2424.jpg,Nanodomain,1.0,0.0,1.0,0.0
testing2425.jpg,Nanodomain,1.0,0.0,1.0,0.0
testing2426.jpg,Nanodomain,1.0,0.0,1.0,0.0
testing2427.jpg,Nanodomain,1.0,0.0,1.0,0.0
testing2428.jpg,Nanodomain,1.0,0.0,1.0,0.0
testing2429.jpg,Nanodomain,1.0,0.0,1.0,0.0
testing2430.jpg,Nanodomain,1.0,0.0,1.0,0.0
testing2431.jpg,Nanodomain,1.0,0.0,1.0,0.0
testing2432.jpg,Nanodomain,1.0,0.0,1.0,0.0
testing2433.jpg,Nanodomain,1.0,3.4377915e-22,1.0,0.0
testing2434.jpg,Nanodomain,1.0,7.9536973e-19,1.0,1.8401742e-36
testing2435.jpg,Nanodomain,1.0,2.8085028e-12,1.0,6.237833e-27
testing2436.jpg,Nanodomain,1.0,7.989571e-10,1.0,1.12568266e-29
testing2437.jpg,Nanodomain,0.99982446,0.00017555934,0.99982446,1.075666e-24
testing2438.jpg,Intermediate,1.0,1.0,1.4817549e-14,2.149051e-22
testing2439.jpg,Outside,1.0,4.6070227e-12,8.300037e-16,1.0
testing2440.jpg,Nanodomain,1.0,0.0,1.0,0.0
testing2441.jpg,Nanodomain,1.0,0.0,1.0,0.0
testing2442.jpg,Nanodomain,1.0,0.0,1.0,0.0
testing2443.jpg,Nanodomain,1.0,7.728952e-34,1.0,0.0
testing2444.jpg,Nanodomain,1.0,1.4932588e-34,1.0,0.0
testing2445.jpg,Nanodomain,1.0,2.1663436e-30,1.0,0.0
testing2446.jpg,Nanodomain,1.0,4.7882005e-37,1.0,0.0
testing2447.jpg,Nanodomain,1.0,9.462052e-27,1.0,0.0
testing2448.jpg,Nanodomain,1.0,9.614485e-31,1.0,0.0
testing2449.jpg,Outside,1.0,2.3784039e-20,6.12139e-25,1.0
testing2450.jpg,Outside,1.0,9.8985986e-29,1.6737723e-29,1.0
testing2451.jpg,Outside,1.0,2.873263e-19,1.2070011e-19,1.0
testing2452.jpg,Nanodomain,1.0,6.0731784e-31,1.0,0.0
testing2453.jpg,Nanodomain,1.0,4.79709e-28,1.0,0.0
testing2454.jpg,Nanodomain,1.0,0.0,1.0,0.0
testing2455.jpg,Nanodomain,1.0,0.0,1.0,0.0
testing2456.jpg,Nanodomain,1.0,0.0,1.0,0.0
testing2457.jpg,Nanodomain,1.0,2.0132907e-25,1.0,0.0
testing2458.jpg,Nanodomain,1.0,1.0239481e-16,1.0,0.0
testing2459.jpg,Nanodomain,1.0,2.9154305e-25,1.0,0.0
testing2460.jpg,Nanodomain,1.0,6.2014003e-16,1.0,9.651308e-38
testing2461.jpg,Nanodomain,1.0,6.948465e-18,1.0,3.0440798e-35
testing2462.jpg,Nanodomain,1.0,1.2556036e-13,1.0,1.6391123e-32
testing2463.jpg,Outside,1.0,3.2808006e-30,3.810219e-26,1.0
testing2464.jpg,Outside,1.0,2.6740809e-20,1.5783443e-20,1.0
testing2465.jpg,Outside,1.0,3.839905e-15,3.3931228e-18,1.0
testing2466.jpg,Outside,1.0,9.3165704e-11,1.1795312e-19,1.0
testing2467.jpg,Outside,1.0,1.0506024e-12,3.5365676e-23,1.0
testing2468.jpg,Outside,0.9999559,4.413727e-05,1.609376e-16,0.9999559
testing2469.jpg,Outside,0.84071165,0.15928839,1.6207449e-20,0.84071165
testing2470.jpg,Outside,1.0,3.8744172e-18,1.3015338e-20,1.0
testing2471.jpg,Outside,1.0,3.9776815e-15,4.108365e-22,1.0
testing2472.jpg,Outside,1.0,1.7737854e-12,2.5003511e-23,1.0
testing2473.jpg,Outside,1.0,2.2843689e-19,1.346392e-22,1.0
testing2474.jpg,Outside,1.0,5.573198e-28,2.1779036e-29,1.0
testing2475.jpg,Outside,1.0,1.5003908e-26,1.0282598e-27,1.0
testing2476.jpg,Outside,0.9999937,6.273452e-06,3.622093e-18,0.9999937
testing2477.jpg,Outside,1.0,9.378307e-23,4.493628e-27,1.0
testing2478.jpg,Outside,1.0,4.0681363e-26,9.612052e-26,1.0
testing2479.jpg,Outside,1.0,1.9288342e-26,1.3217832e-27,1.0
testing2480.jpg,Outside,1.0,2.615925e-20,1.7083093e-21,1.0
testing2481.jpg,Outside,1.0,3.999713e-23,1.0064016e-24,1.0
testing2482.jpg,Outside,1.0,1.8462956e-24,7.92064e-25,1.0
testing2483.jpg,Nanodomain,1.0,0.0,1.0,0.0
testing2484.jpg,Nanodomain,1.0,0.0,1.0,0.0
testing2485.jpg,Nanodomain,1.0,0.0,1.0,0.0
testing2486.jpg,Nanodomain,1.0,0.0,1.0,0.0
testing2487.jpg,Nanodomain,1.0,0.0,1.0,0.0
testing2488.jpg,Nanodomain,1.0,0.0,1.0,0.0
testing2489.jpg,Nanodomain,1.0,0.0,1.0,0.0
testing2490.jpg,Nanodomain,1.0,0.0,1.0,0.0
testing2491.jpg,Nanodomain,1.0,0.0,1.0,0.0
testing2492.jpg,Nanodomain,1.0,0.0,1.0,0.0
testing2493.jpg,Nanodomain,1.0,0.0,1.0,0.0
testing2494.jpg,Nanodomain,1.0,0.0,1.0,0.0
testing2495.jpg,Nanodomain,1.0,0.0,1.0,0.0
testing2496.jpg,Nanodomain,1.0,0.0,1.0,0.0
testing2497.jpg,Outside,1.0,4.5238013e-32,1.6882278e-27,1.0
testing2498.jpg,Outside,1.0,1.3811737e-29,3.1685683e-27,1.0
testing2499.jpg,Intermediate,0.999997,0.999997,2.765326e-24,2.9584173e-06
testing2500.jpg,Intermediate,0.7998795,0.7998795,2.9338897e-19,0.20012057
testing2501.jpg,Intermediate,0.86855197,0.86855197,5.5826783e-21,0.13144802
testing2502.jpg,Outside,1.0,1.7491956e-27,3.346876e-29,1.0
testing2503.jpg,Outside,1.0,1.0880706e-11,8.963192e-23,1.0
testing2504.jpg,Intermediate,0.9999418,0.9999418,1.1127212e-19,5.813854e-05
testing2505.jpg,Intermediate,1.0,1.0,2.0205688e-33,1.3610556e-25
testing2506.jpg,Nanodomain,1.0,0.0,1.0,0.0
testing2507.jpg,Nanodomain,1.0,0.0,1.0,0.0
testing2508.jpg,Nanodomain,1.0,0.0,1.0,0.0
testing2509.jpg,Nanodomain,1.0,0.0,1.0,0.0
testing2510.jpg,Nanodomain,1.0,0.0,1.0,0.0
testing2511.jpg,Nanodomain,1.0,0.0,1.0,0.0
testing2512.jpg,Nanodomain,1.0,0.0,1.0,0.0
testing2513.jpg,Nanodomain,1.0,0.0,1.0,0.0
testing2514.jpg,Nanodomain,1.0,0.0,1.0,0.0
testing2515.jpg,Nanodomain,1.0,0.0,1.0,0.0
testing2516.jpg,Nanodomain,1.0,0.0,1.0,0.0
testing2517.jpg,Nanodomain,1.0,0.0,1.0,0.0
testing2518.jpg,Nanodomain,1.0,0.0,1.0,0.0
testing2519.jpg,Nanodomain,1.0,0.0,1.0,0.0
testing2520.jpg,Nanodomain,1.0,0.0,1.0,0.0
testing2521.jpg,Outside,1.0,4.3065053e-34,4.5684196e-33,1.0
testing2522.jpg,Outside,1.0,1.7678061e-32,8.104463e-30,1.0
testing2523.jpg,Outside,1.0,3.5485708e-29,1.5642803e-30,1.0
testing2524.jpg,Outside,1.0,4.56607e-32,2.4853066e-31,1.0
testing2525.jpg,Outside,1.0,4.0306404e-29,2.1517845e-28,1.0
testing2526.jpg,Outside,1.0,5.0791848e-26,5.6839767e-24,1.0
testing2527.jpg,Outside,1.0,2.5552323e-33,6.161217e-32,1.0
testing2528.jpg,Outside,1.0,3.081577e-32,9.207663e-29,1.0
testing2529.jpg,Outside,1.0,5.263826e-30,4.069716e-28,1.0
testing2530.jpg,Outside,1.0,0.0,1.1019939e-32,1.0
testing2531.jpg,Outside,1.0,4.5761536e-30,2.7776246e-28,1.0
testing2532.jpg,Outside,1.0,2.151311e-33,4.2047422e-33,1.0
testing2533.jpg,Outside,1.0,1.8701773e-31,1.8031366e-29,1.0
testing2534.jpg,Outside,1.0,5.769178e-29,2.0034746e-27,1.0
testing2535.jpg,Outside,1.0,2.9641016e-31,7.9108325e-31,1.0
testing2536.jpg,Outside,1.0,7.5122265e-32,1.1698908e-29,1.0
testing2537.jpg,Outside,1.0,4.16565e-30,1.634351e-29,1.0
testing2538.jpg,Outside,1.0,2.7284608e-09,6.8685087e-18,1.0
testing2539.jpg,Outside,1.0,1.3941825e-33,1.0102792e-31,1.0
testing2540.jpg,Outside,1.0,1.5402266e-32,5.965197e-30,1.0
testing2541.jpg,Outside,1.0,1.1333217e-37,2.9726918e-34,1.0
testing2542.jpg,Nanodomain,1.0,0.0,1.0,0.0
testing2543.jpg,Nanodomain,1.0,0.0,1.0,0.0
testing2544.jpg,Nanodomain,1.0,0.0,1.0,0.0
testing2545.jpg,Nanodomain,1.0,0.0,1.0,0.0
testing2546.jpg,Nanodomain,1.0,0.0,1.0,0.0
testing2547.jpg,Nanodomain,1.0,0.0,1.0,0.0
testing2548.jpg,Nanodomain,1.0,0.0,1.0,0.0
testing2549.jpg,Nanodomain,1.0,0.0,1.0,0.0
testing2550.jpg,Nanodomain,1.0,0.0,1.0,0.0
testing2551.jpg,Nanodomain,1.0,0.0,1.0,0.0
testing2552.jpg,Nanodomain,1.0,0.0,1.0,0.0
testing2553.jpg,Nanodomain,1.0,0.0,1.0,0.0
testing2554.jpg,Nanodomain,1.0,0.0,1.0,0.0
testing2555.jpg,Nanodomain,1.0,7.497764e-33,1.0,0.0
testing2556.jpg,Nanodomain,1.0,0.0,1.0,0.0
testing2557.jpg,Nanodomain,1.0,0.0,1.0,0.0
testing2558.jpg,Nanodomain,1.0,0.0,1.0,0.0
testing2559.jpg,Nanodomain,1.0,0.0,1.0,0.0
testing2560.jpg,Nanodomain,1.0,0.0,1.0,0.0
testing2561.jpg,Outside,1.0,0.0,6.167231e-34,1.0
testing2562.jpg,Outside,1.0,1.4525419e-09,1.8986031e-20,1.0
testing2563.jpg,Outside,1.0,2.4894384e-09,5.3613702e-20,1.0
testing2564.jpg,Outside,1.0,8.378212e-35,4.8473404e-30,1.0
testing2565.jpg,Outside,1.0,2.754695e-28,1.3411152e-25,1.0
testing2566.jpg,Outside,1.0,5.539784e-31,2.8142405e-27,1.0
testing2567.jpg,Outside,1.0,1.9952837e-34,9.921433e-29,1.0
testing2568.jpg,Nanodomain,1.0,0.0,1.0,0.0
testing2569.jpg,Nanodomain,1.0,0.0,1.0,0.0
testing2570.jpg,Nanodomain,1.0,2.3845668e-32,1.0,0.0
testing2571.jpg,Nanodomain,1.0,0.0,1.0,0.0
testing2572.jpg,Nanodomain,1.0,0.0,1.0,0.0
testing2573.jpg,Nanodomain,1.0,1.4573596e-35,1.0,0.0
testing2574.jpg,Nanodomain,1.0,1.2693334e-36,1.0,0.0
testing2575.jpg,Nanodomain,1.0,1.3094661e-29,1.0,0.0
testing2576.jpg,Nanodomain,1.0,7.617068e-38,1.0,0.0
testing2577.jpg,Nanodomain,1.0,7.3064836e-37,1.0,0.0
testing2578.jpg,Outside,1.0,3.0265556e-31,1.8461459e-26,1.0
testing2579.jpg,Outside,1.0,4.39206e-28,5.617493e-26,1.0
testing2580.jpg,Nanodomain,1.0,1.694176e-27,1.0,0.0
testing2581.jpg,Nanodomain,1.0,2.2619114e-33,1.0,0.0
testing2582.jpg,Nanodomain,1.0,4.7326224e-34,1.0,0.0
testing2583.jpg,Nanodomain,1.0,4.532165e-23,1.0,0.0
testing2584.jpg,Nanodomain,1.0,5.0060586e-23,1.0,0.0
testing2585.jpg,Nanodomain,1.0,1.3570325e-25,1.0,0.0
testing2586.jpg,Nanodomain,1.0,3.7944532e-18,1.0,0.0
testing2587.jpg,Nanodomain,1.0,8.244868e-18,1.0,2.4403922e-37
testing2588.jpg,Nanodomain,1.0,4.7803967e-19,1.0,0.0
testing2589.jpg,Nanodomain,0.99999726,2.7956767e-06,0.99999726,1.4735515e-26
testing2590.jpg,Outside,1.0,5.572457e-27,9.322639e-28,1.0
testing2591.jpg,Outside,1.0,7.7651205e-20,2.9632578e-21,1.0
testing2592.jpg,Outside,1.0,6.9409205e-24,8.882141e-25,1.0
testing2593.jpg,Outside,1.0,2.1431473e-23,7.824395e-24,1.0
testing2594.jpg,Outside,1.0,2.2055126e-27,5.083951e-27,1.0
testing2595.jpg,Outside,1.0,9.089839e-11,1.2156943e-17,1.0
testing2596.jpg,Outside,1.0,1.3443127e-23,3.422374e-24,1.0
testing2597.jpg,Outside,1.0,4.1765937e-24,2.5842563e-27,1.0
testing2598.jpg,Outside,1.0,7.3893744e-09,2.1276175e-19,1.0
testing2599.jpg,Outside,1.0,1.355227e-25,9.250801e-27,1.0
testing2600.jpg,Outside,1.0,2.7417183e-19,1.3002869e-22,1.0
testing2601.jpg,Outside,1.0,1.0874499e-23,4.4277323e-24,1.0
testing2602.jpg,Outside,1.0,4.70884e-24,1.6523395e-25,1.0
testing2603.jpg,Outside,0.9999864,1.3581311e-05,2.5219436e-18,0.9999864
testing2604.jpg,Outside,0.9999956,4.3608206e-06,2.3797935e-18,0.9999956
testing2605.jpg,Outside,1.0,3.791365e-14,6.7359834e-21,1.0
testing2606.jpg,Outside,1.0,4.1131302e-23,9.913282e-25,1.0
testing2607.jpg,Outside,1.0,1.7565411e-23,1.4784952e-24,1.0
testing2608.jpg,Outside,1.0,3.8896754e-08,1.24200995e-17,1.0
testing2609.jpg,Outside,1.0,3.9407775e-26,6.7483407e-25,1.0
testing2610.jpg,Outside,1.0,8.519595e-14,1.90512e-18,1.0
testing2611.jpg,Nanodomain,1.0,0.0,1.0,0.0
testing2612.jpg,Nanodomain,1.0,0.0,1.0,0.0
testing2613.jpg,Nanodomain,1.0,0.0,1.0,0.0
testing2614.jpg,Nanodomain,1.0,0.0,1.0,0.0
testing2615.jpg,Nanodomain,1.0,0.0,1.0,0.0
testing2616.jpg,Nanodomain,1.0,0.0,1.0,0.0
testing2617.jpg,Nanodomain,1.0,0.0,1.0,0.0
testing2618.jpg,Nanodomain,1.0,0.0,1.0,0.0
testing2619.jpg,Nanodomain,1.0,0.0,1.0,0.0
testing2620.jpg,Nanodomain,1.0,0.0,1.0,0.0
testing2621.jpg,Nanodomain,1.0,0.0,1.0,0.0
testing2622.jpg,Nanodomain,1.0,0.0,1.0,0.0
testing2623.jpg,Nanodomain,1.0,0.0,1.0,0.0
testing2624.jpg,Nanodomain,1.0,0.0,1.0,0.0
testing2625.jpg,Outside,1.0,8.9507646e-36,7.626012e-33,1.0
testing2626.jpg,Outside,1.0,1.4555118e-32,3.1596334e-29,1.0
testing2627.jpg,Outside,1.0,3.581013e-31,7.141967e-30,1.0
testing2628.jpg,Outside,1.0,4.0069525e-30,1.0072873e-27,1.0
testing2629.jpg,Outside,1.0,6.117137e-34,1.6795014e-31,1.0
testing2630.jpg,Outside,1.0,8.203152e-31,1.271999e-29,1.0
testing2631.jpg,Intermediate,0.9980241,0.9980241,2.198434e-21,0.0019758923
testing2632.jpg,Intermediate,1.0,1.0,3.4575724e-29,3.4801156e-17
testing2633.jpg,Outside,1.0,1.2653136e-32,1.1701447e-30,1.0
testing2634.jpg,Outside,1.0,2.656303e-32,9.675898e-30,1.0
testing2635.jpg,Intermediate,1.0,1.0,2.7192326e-25,2.862092e-13
testing2636.jpg,Intermediate,0.9999999,0.9999999,5.1440654e-23,1.7307792e-07
testing2637.jpg,Intermediate,1.0,1.0,6.3903674e-26,3.311124e-24
testing2638.jpg,Intermediate,1.0,1.0,5.892806e-28,3.3787366e-24
testing2639.jpg,Intermediate,1.0,1.0,2.3179141e-15,1.7858896e-25
testing2640.jpg,Intermediate,1.0,1.0,1.93959e-28,3.777915e-26
testing2641.jpg,Nanodomain,1.0,0.0,1.0,0.0
testing2642.jpg,Nanodomain,1.0,0.0,1.0,0.0
testing2643.jpg,Nanodomain,1.0,0.0,1.0,0.0
testing2644.jpg,Nanodomain,1.0,0.0,1.0,0.0
testing2645.jpg,Nanodomain,1.0,0.0,1.0,0.0
testing2646.jpg,Nanodomain,1.0,0.0,1.0,0.0
testing2647.jpg,Nanodomain,1.0,0.0,1.0,0.0
testing2648.jpg,Nanodomain,1.0,0.0,1.0,0.0
testing2649.jpg,Outside,1.0,2.527258e-31,3.6713517e-30,1.0
testing2650.jpg,Outside,1.0,2.3177156e-26,2.1489902e-25,1.0
testing2651.jpg,Outside,1.0,7.042584e-33,3.3669038e-29,1.0
testing2652.jpg,Outside,1.0,1.3108086e-32,1.1177579e-29,1.0
testing2653.jpg,Outside,1.0,2.3735187e-35,4.4414846e-32,1.0
testing2654.jpg,Outside,1.0,1.0538692e-28,1.0668091e-27,1.0
testing2655.jpg,Outside,1.0,4.1113335e-27,1.6673395e-25,1.0
testing2656.jpg,Outside,1.0,1.1787903e-32,1.0807547e-30,1.0
testing2657.jpg,Outside,1.0,7.5227795e-32,1.6165183e-29,1.0
testing2658.jpg,Outside,1.0,6.839035e-28,5.1044667e-29,1.0
testing2659.jpg,Outside,1.0,2.2957132e-22,1.9208859e-22,1.0
testing2660.jpg,Outside,1.0,1.4933692e-31,4.306913e-28,1.0
testing2661.jpg,Outside,1.0,3.4448995e-26,8.051881e-25,1.0
testing2662.jpg,Outside,1.0,5.8918918e-33,6.229286e-30,1.0
testing2663.jpg,Outside,1.0,6.688311e-35,5.3737454e-32,1.0
testing2664.jpg,Outside,1.0,2.3833974e-29,4.2263354e-27,1.0
testing2665.jpg,Outside,1.0,4.0654797e-28,2.5036604e-25,1.0
testing2666.jpg,Outside,1.0,2.554973e-30,5.1990486e-30,1.0
testing2667.jpg,Outside,1.0,5.438488e-29,3.8562337e-27,1.0
testing2668.jpg,Outside,1.0,1.3427782e-26,1.5584428e-23,1.0
testing2669.jpg,Outside,1.0,5.930825e-29,8.1549856e-29,1.0
testing2670.jpg,Nanodomain,1.0,0.0,1.0,0.0
testing2671.jpg,Nanodomain,1.0,0.0,1.0,0.0
testing2672.jpg,Nanodomain,1.0,0.0,1.0,0.0
testing2673.jpg,Nanodomain,1.0,0.0,1.0,0.0
testing2674.jpg,Nanodomain,1.0,0.0,1.0,0.0
testing2675.jpg,Nanodomain,1.0,0.0,1.0,0.0
testing2676.jpg,Nanodomain,1.0,0.0,1.0,0.0
testing2677.jpg,Nanodomain,1.0,0.0,1.0,0.0
testing2678.jpg,Nanodomain,1.0,0.0,1.0,0.0
testing2679.jpg,Nanodomain,1.0,0.0,1.0,0.0
testing2680.jpg,Nanodomain,1.0,0.0,1.0,0.0
testing2681.jpg,Nanodomain,1.0,0.0,1.0,0.0
testing2682.jpg,Nanodomain,1.0,0.0,1.0,0.0
testing2683.jpg,Nanodomain,1.0,0.0,1.0,0.0
testing2684.jpg,Nanodomain,1.0,0.0,1.0,0.0
testing2685.jpg,Nanodomain,1.0,5.302475e-32,1.0,0.0
testing2686.jpg,Nanodomain,1.0,0.0,1.0,0.0
testing2687.jpg,Nanodomain,1.0,7.4613824e-34,1.0,0.0
testing2688.jpg,Nanodomain,1.0,4.867389e-30,1.0,0.0
testing2689.jpg,Outside,1.0,1.1237951e-36,1.43966825e-33,1.0
testing2690.jpg,Outside,1.0,2.041394e-33,3.4419554e-27,1.0
testing2691.jpg,Outside,1.0,1.5392766e-30,4.0005594e-27,1.0
testing2692.jpg,Outside,1.0,1.3620287e-30,3.4543722e-27,1.0
testing2693.jpg,Outside,1.0,1.397959e-32,4.278793e-29,1.0
testing2694.jpg,Outside,1.0,6.47406e-34,9.49595e-31,1.0
testing2695.jpg,Nanodomain,1.0,0.0,1.0,0.0
testing2696.jpg,Nanodomain,1.0,0.0,1.0,0.0
testing2697.jpg,Nanodomain,1.0,4.7929254e-33,1.0,0.0
testing2698.jpg,Nanodomain,1.0,0.0,1.0,0.0
testing2699.jpg,Nanodomain,1.0,1.9453425e-33,1.0,0.0
testing2700.jpg,Nanodomain,1.0,9.2470446e-23,1.0,0.0
testing2701.jpg,Outside,1.0,1.9311067e-21,1.5844053e-22,1.0
testing2702.jpg,Nanodomain,1.0,3.8350973e-33,1.0,0.0
testing2703.jpg,Nanodomain,1.0,3.200442e-36,1.0,0.0
testing2704.jpg,Nanodomain,1.0,4.485727e-22,1.0,0.0
testing2705.jpg,Nanodomain,1.0,6.6663947e-23,1.0,0.0
testing2706.jpg,Outside,0.9999925,7.5140965e-06,2.7610424e-18,0.9999925
testing2707.jpg,Outside,1.0,1.0741773e-32,1.292237e-29,1.0
testing2708.jpg,Outside,1.0,1.20445515e-23,7.5388975e-24,1.0
testing2709.jpg,Outside,1.0,4.3454992e-27,3.2214525e-26,1.0
testing2710.jpg,Outside,1.0,5.054823e-14,1.412904e-20,1.0
testing2711.jpg,Nanodomain,1.0,1.3411429e-22,1.0,0.0
testing2712.jpg,Nanodomain,1.0,3.339622e-20,1.0,0.0
testing2713.jpg,Nanodomain,0.99999905,9.702143e-07,0.99999905,4.4327724e-28
testing2714.jpg,Nanodomain,1.0,3.2340765e-24,1.0,0.0
testing2715.jpg,Nanodomain,1.0,2.7718323e-22,1.0,0.0
testing2716.jpg,Nanodomain,1.0,1.7665878e-15,1.0,2.4326988e-35
testing2717.jpg,Outside,0.99475765,0.0052423445,1.4015152e-18,0.99475765
testing2718.jpg,Outside,1.0,1.0954569e-22,7.405812e-24,1.0
testing2719.jpg,Outside,1.0,7.659412e-21,2.3976615e-20,1.0
testing2720.jpg,Outside,1.0,2.7769252e-28,1.3546837e-26,1.0
testing2721.jpg,Outside,1.0,9.7325414e-14,5.821025e-19,1.0
testing2722.jpg,Outside,1.0,7.2499564e-22,5.235391e-22,1.0
testing2723.jpg,Outside,1.0,6.4100833e-22,5.2133066e-23,1.0
testing2724.jpg,Outside,1.0,5.2192845e-20,2.891201e-23,1.0
testing2725.jpg,Outside,1.0,7.284509e-19,1.6953868e-25,1.0
testing2726.jpg,Outside,1.0,6.0312503e-24,2.6617812e-24,1.0
testing2727.jpg,Outside,1.0,7.397358e-35,4.8470235e-31,1.0
testing2728.jpg,Outside,1.0,2.4124183e-24,3.110823e-23,1.0
testing2729.jpg,Outside,1.0,7.350651e-23,3.191761e-21,1.0
testing2730.jpg,Outside,1.0,3.286214e-21,8.953547e-25,1.0
testing2731.jpg,Outside,1.0,6.608104e-25,6.2978045e-25,1.0
testing2732.jpg,Outside,1.0,1.1196761e-33,1.9543913e-29,1.0
testing2733.jpg,Outside,1.0,5.371573e-32,4.0930206e-29,1.0
testing2734.jpg,Outside,1.0,2.1827204e-28,3.5972738e-26,1.0
testing2735.jpg,Outside,1.0,7.699011e-30,7.4141115e-27,1.0
testing2736.jpg,Outside,1.0,6.321297e-32,6.879428e-30,1.0
testing2737.jpg,Outside,1.0,6.6335575e-34,3.0338742e-30,1.0
testing2738.jpg,Outside,1.0,1.8385525e-37,6.433516e-33,1.0
testing2739.jpg,Outside,1.0,1.2386674e-28,1.645167e-28,1.0
testing2740.jpg,Nanodomain,1.0,0.0,1.0,0.0
testing2741.jpg,Nanodomain,1.0,0.0,1.0,0.0
testing2742.jpg,Nanodomain,1.0,0.0,1.0,0.0
testing2743.jpg,Nanodomain,1.0,0.0,1.0,0.0
testing2744.jpg,Nanodomain,1.0,0.0,1.0,0.0
testing2745.jpg,Nanodomain,1.0,0.0,1.0,0.0
testing2746.jpg,Nanodomain,1.0,0.0,1.0,0.0
testing2747.jpg,Nanodomain,1.0,0.0,1.0,0.0
testing2748.jpg,Nanodomain,1.0,0.0,1.0,0.0
testing2749.jpg,Nanodomain,1.0,0.0,1.0,0.0
testing2750.jpg,Nanodomain,1.0,0.0,1.0,0.0
testing2751.jpg,Nanodomain,1.0,0.0,1.0,0.0
testing2752.jpg,Outside,1.0,7.6082626e-32,3.8409615e-29,1.0
testing2753.jpg,Outside,1.0,5.5074555e-33,5.4378473e-28,1.0
testing2754.jpg,Outside,1.0,3.3394494e-24,3.4527346e-22,1.0
testing2755.jpg,Outside,1.0,1.6720052e-21,2.9461253e-21,1.0
testing2756.jpg,Outside,1.0,8.84819e-32,8.132529e-28,1.0
testing2757.jpg,Outside,1.0,2.8169212e-30,5.556494e-27,1.0
testing2758.jpg,Intermediate,0.9999875,0.9999875,6.005419e-23,1.24925655e-05
testing2759.jpg,Outside,1.0,3.8253955e-33,5.9833636e-29,1.0
testing2760.jpg,Outside,1.0,1.9797324e-09,6.65045e-21,1.0
testing2761.jpg,Intermediate,0.6803439,0.6803439,5.7479095e-19,0.31965604
testing2762.jpg,Outside,1.0,1.668183e-28,2.5558629e-28,1.0
testing2763.jpg,Outside,0.9992755,0.0007245019,9.100229e-19,0.9992755
testing2764.jpg,Nanodomain,1.0,0.0,1.0,0.0
testing2765.jpg,Nanodomain,1.0,0.0,1.0,0.0
testing2766.jpg,Nanodomain,1.0,0.0,1.0,0.0
testing2767.jpg,Nanodomain,1.0,0.0,1.0,0.0
testing2768.jpg,Nanodomain,1.0,0.0,1.0,0.0
testing2769.jpg,Nanodomain,1.0,0.0,1.0,0.0
testing2770.jpg,Nanodomain,1.0,0.0,1.0,0.0
testing2771.jpg,Nanodomain,1.0,0.0,1.0,0.0
testing2772.jpg,Nanodomain,1.0,0.0,1.0,0.0
testing2773.jpg,Nanodomain,1.0,0.0,1.0,0.0
testing2774.jpg,Nanodomain,1.0,0.0,1.0,0.0
testing2775.jpg,Nanodomain,1.0,0.0,1.0,0.0
testing2776.jpg,Nanodomain,1.0,0.0,1.0,0.0
testing2777.jpg,Outside,1.0,2.4620026e-36,3.339971e-32,1.0
testing2778.jpg,Outside,1.0,1.0135616e-36,2.3365526e-34,1.0
testing2779.jpg,Outside,1.0,2.6923119e-19,2.2548906e-25,1.0
testing2780.jpg,Outside,1.0,8.699938e-28,4.7681388e-27,1.0
testing2781.jpg,Outside,1.0,3.962403e-29,1.8770425e-27,1.0
testing2782.jpg,Outside,1.0,8.54422e-32,3.3518334e-29,1.0
testing2783.jpg,Outside,1.0,4.3777996e-32,1.3235826e-30,1.0
testing2784.jpg,Outside,1.0,1.1138287e-30,1.03412895e-27,1.0
testing2785.jpg,Outside,1.0,2.92544e-29,2.5313049e-28,1.0
testing2786.jpg,Outside,1.0,2.4300565e-34,3.425954e-31,1.0
testing2787.jpg,Outside,1.0,9.3421084e-29,2.5420761e-27,1.0
testing2788.jpg,Outside,1.0,2.2372018e-29,1.2040379e-29,1.0
testing2789.jpg,Outside,1.0,1.39234675e-36,4.025438e-33,1.0
testing2790.jpg,Outside,1.0,5.735842e-30,1.9577138e-27,1.0
testing2791.jpg,Outside,1.0,1.8131517e-29,2.1374908e-29,1.0
testing2792.jpg,Outside,1.0,2.0780026e-30,1.8245522e-28,1.0
testing2793.jpg,Outside,1.0,2.627142e-30,1.2263437e-29,1.0
testing2794.jpg,Outside,1.0,7.785231e-27,1.2206696e-27,1.0
testing2795.jpg,Outside,1.0,5.5483223e-33,1.2739401e-31,1.0
testing2796.jpg,Outside,1.0,8.672481e-25,1.6782913e-23,1.0
testing2797.jpg,Nanodomain,1.0,0.0,1.0,0.0
testing2798.jpg,Nanodomain,1.0,0.0,1.0,0.0
testing2799.jpg,Nanodomain,1.0,0.0,1.0,0.0
testing2800.jpg,Nanodomain,1.0,0.0,1.0,0.0
testing2801.jpg,Nanodomain,1.0,0.0,1.0,0.0
testing2802.jpg,Nanodomain,1.0,0.0,1.0,0.0
testing2803.jpg,Nanodomain,1.0,0.0,1.0,0.0
testing2804.jpg,Nanodomain,1.0,0.0,1.0,0.0
testing2805.jpg,Nanodomain,1.0,0.0,1.0,0.0
testing2806.jpg,Nanodomain,1.0,0.0,1.0,0.0
testing2807.jpg,Nanodomain,1.0,0.0,1.0,0.0
testing2808.jpg,Nanodomain,1.0,0.0,1.0,0.0
testing2809.jpg,Nanodomain,1.0,0.0,1.0,0.0
testing2810.jpg,Nanodomain,1.0,0.0,1.0,0.0
testing2811.jpg,Nanodomain,1.0,0.0,1.0,0.0
testing2812.jpg,Nanodomain,1.0,3.464192e-26,1.0,0.0
testing2813.jpg,Nanodomain,1.0,0.0,1.0,0.0
testing2814.jpg,Nanodomain,1.0,0.0,1.0,0.0
testing2815.jpg,Nanodomain,1.0,0.0,1.0,0.0
testing2816.jpg,Nanodomain,1.0,1.9425737e-36,1.0,0.0
testing2817.jpg,Outside,1.0,8.614153e-33,2.2832496e-30,1.0
testing2818.jpg,Outside,1.0,1.1780656e-26,1.611676e-25,1.0
testing2819.jpg,Outside,1.0,6.7920146e-32,4.9730983e-28,1.0
testing2820.jpg,Outside,1.0,3.875051e-34,2.2006432e-30,1.0
testing2821.jpg,Outside,1.0,1.4004356e-32,5.250132e-29,1.0
testing2822.jpg,Nanodomain,1.0,4.5947614e-24,1.0,0.0
testing2823.jpg,Nanodomain,1.0,1.9281933e-12,1.0,5.920853e-30
testing2824.jpg,Nanodomain,1.0,6.968918e-22,1.0,0.0
testing2825.jpg,Nanodomain,1.0,1.9746189e-35,1.0,0.0
testing2826.jpg,Nanodomain,1.0,3.1499304e-31,1.0,0.0
testing2827.jpg,Nanodomain,1.0,7.5542824e-36,1.0,0.0
testing2828.jpg,Nanodomain,1.0,3.224141e-36,1.0,0.0
testing2829.jpg,Nanodomain,1.0,2.453011e-22,1.0,0.0
testing2830.jpg,Nanodomain,1.0,8.0163376e-23,1.0,0.0
testing2831.jpg,Nanodomain,1.0,3.104707e-15,1.0,1.2771921e-36
testing2832.jpg,Nanodomain,1.0,0.0,1.0,0.0
testing2833.jpg,Nanodomain,1.0,3.7923425e-17,1.0,0.0
testing2834.jpg,Nanodomain,1.0,6.3076604e-18,1.0,0.0
testing2835.jpg,Nanodomain,1.0,5.956296e-11,1.0,3.8963737e-30
testing2836.jpg,Intermediate,1.0,1.0,7.737591e-35,3.1172176e-21
testing2837.jpg,Outside,1.0,1.6363244e-34,3.7244352e-29,1.0
testing2838.jpg,Outside,1.0,5.260323e-34,2.1187612e-30,1.0
testing2839.jpg,Outside,1.0,2.1651567e-35,2.8103832e-31,1.0
testing2840.jpg,Nanodomain,1.0,4.466791e-14,1.0,8.832534e-34
testing2841.jpg,Nanodomain,1.0,1.1790766e-12,1.0,1.3523238e-34
testing2842.jpg,Nanodomain,1.0,4.5912103e-14,1.0,1.0866724e-34
testing2843.jpg,Nanodomain,1.0,8.4232025e-13,1.0,1.6183485e-32
testing2844.jpg,Outside,1.0,1.2963132e-17,1.1647886e-20,1.0
testing2845.jpg,Outside,1.0,2.2092153e-29,1.6141547e-26,1.0
testing2846.jpg,Outside,1.0,8.566927e-34,1.3984176e-32,1.0
testing2847.jpg,Outside,1.0,2.5275138e-27,8.6329665e-26,1.0
testing2848.jpg,Outside,1.0,5.447244e-31,5.500457e-28,1.0
testing2849.jpg,Intermediate,1.0,1.0,2.255717e-32,1.4701236e-28
testing2850.jpg,Outside,1.0,5.659184e-16,3.1984526e-21,1.0
testing2851.jpg,Outside,0.9999864,1.354796e-05,1.1682956e-15,0.9999864
testing2852.jpg,Outside,1.0,5.443506e-23,1.3967706e-24,1.0
testing2853.jpg,Outside,1.0,1.1433614e-22,1.493119e-23,1.0
testing2854.jpg,Outside,1.0,4.129068e-17,1.6946135e-22,1.0
testing2855.jpg,Outside,1.0,2.6829115e-18,2.5989635e-22,1.0
testing2856.jpg,Outside,1.0,6.5380786e-23,6.3647043e-25,1.0
testing2857.jpg,Outside,1.0,1.2175018e-21,9.9418404e-24,1.0
testing2858.jpg,Outside,1.0,5.816654e-26,2.0287619e-27,1.0
testing2859.jpg,Outside,1.0,5.898619e-32,3.6998077e-30,1.0
testing2860.jpg,Outside,1.0,4.804569e-25,4.7321362e-26,1.0
testing2861.jpg,Outside,1.0,2.1342638e-22,7.255735e-23,1.0
testing2862.jpg,Outside,1.0,5.115695e-29,2.4874934e-27,1.0
testing2863.jpg,Outside,1.0,2.2488087e-25,4.356342e-25,1.0
testing2864.jpg,Outside,1.0,9.558273e-17,7.327793e-19,1.0
testing2865.jpg,Outside,1.0,1.24214835e-23,4.57966e-24,1.0
testing2866.jpg,Outside,1.0,2.473514e-11,1.0668308e-17,1.0
testing2867.jpg,Nanodomain,1.0,0.0,1.0,0.0
testing2868.jpg,Nanodomain,1.0,0.0,1.0,0.0
testing2869.jpg,Nanodomain,1.0,0.0,1.0,0.0
testing2870.jpg,Nanodomain,1.0,0.0,1.0,0.0
testing2871.jpg,Nanodomain,1.0,0.0,1.0,0.0
testing2872.jpg,Nanodomain,1.0,0.0,1.0,0.0
testing2873.jpg,Nanodomain,1.0,0.0,1.0,0.0
testing2874.jpg,Nanodomain,1.0,0.0,1.0,0.0
testing2875.jpg,Nanodomain,1.0,0.0,1.0,0.0
testing2876.jpg,Nanodomain,1.0,0.0,1.0,0.0
testing2877.jpg,Nanodomain,1.0,0.0,1.0,0.0
testing2878.jpg,Nanodomain,1.0,0.0,1.0,0.0
testing2879.jpg,Nanodomain,1.0,0.0,1.0,0.0
testing2880.jpg,Nanodomain,1.0,0.0,1.0,0.0
testing2881.jpg,Outside,1.0,4.100093e-32,6.842401e-28,1.0
testing2882.jpg,Outside,1.0,1.2542348e-35,1.5126335e-31,1.0
testing2883.jpg,Outside,1.0,6.370973e-32,9.4762025e-29,1.0
testing2884.jpg,Outside,1.0,1.6710456e-32,9.7044875e-27,1.0
testing2885.jpg,Outside,1.0,2.5256832e-34,4.0941272e-30,1.0
testing2886.jpg,Outside,1.0,4.578577e-24,4.9480114e-26,1.0
testing2887.jpg,Outside,1.0,2.378301e-30,2.4820619e-27,1.0
testing2888.jpg,Outside,1.0,1.0603212e-28,5.7242224e-27,1.0
testing2889.jpg,Outside,1.0,3.452312e-30,7.721634e-29,1.0
testing2890.jpg,Outside,1.0,3.7356437e-31,8.590683e-27,1.0
testing2891.jpg,Nanodomain,1.0,0.0,1.0,0.0
testing2892.jpg,Nanodomain,1.0,0.0,1.0,0.0
testing2893.jpg,Nanodomain,1.0,0.0,1.0,0.0
testing2894.jpg,Nanodomain,1.0,0.0,1.0,0.0
testing2895.jpg,Nanodomain,1.0,0.0,1.0,0.0
testing2896.jpg,Nanodomain,1.0,0.0,1.0,0.0
testing2897.jpg,Nanodomain,1.0,0.0,1.0,0.0
testing2898.jpg,Nanodomain,1.0,0.0,1.0,0.0
testing2899.jpg,Nanodomain,1.0,0.0,1.0,0.0
testing2900.jpg,Nanodomain,1.0,0.0,1.0,0.0
testing2901.jpg,Nanodomain,1.0,0.0,1.0,0.0
testing2902.jpg,Nanodomain,1.0,0.0,1.0,0.0
testing2903.jpg,Nanodomain,1.0,0.0,1.0,0.0
testing2904.jpg,Outside,1.0,3.6270536e-32,3.607864e-29,1.0
testing2905.jpg,Outside,1.0,2.1954878e-29,9.28431e-28,1.0
testing2906.jpg,Outside,1.0,2.3517051e-30,2.544072e-29,1.0
testing2907.jpg,Outside,1.0,6.2866637e-26,2.061649e-24,1.0
testing2908.jpg,Outside,1.0,2.5858877e-31,5.743681e-30,1.0
testing2909.jpg,Outside,1.0,1.4252764e-31,8.800744e-28,1.0
testing2910.jpg,Outside,1.0,1.6596325e-29,5.5984906e-28,1.0
testing2911.jpg,Outside,1.0,3.38176e-28,3.188283e-27,1.0
testing2912.jpg,Outside,1.0,2.5945295e-34,2.4853364e-30,1.0
testing2913.jpg,Outside,1.0,1.02974495e-32,6.2375612e-30,1.0
testing2914.jpg,Outside,1.0,6.878296e-31,2.672562e-27,1.0
testing2915.jpg,Outside,1.0,3.365066e-30,5.0053556e-29,1.0
testing2916.jpg,Outside,1.0,1.9002208e-33,1.9325276e-30,1.0
testing2917.jpg,Outside,1.0,1.2178804e-32,1.8475933e-30,1.0
testing2918.jpg,Outside,1.0,7.342439e-38,1.4464328e-34,1.0
testing2919.jpg,Outside,1.0,1.00734005e-29,2.1143317e-27,1.0
testing2920.jpg,Outside,1.0,1.665629e-33,4.701912e-31,1.0
testing2921.jpg,Outside,1.0,3.1490823e-28,6.572198e-27,1.0
testing2922.jpg,Outside,1.0,5.7190377e-31,2.3557918e-29,1.0
testing2923.jpg,Outside,1.0,6.4575394e-25,1.2025806e-25,1.0
testing2924.jpg,Nanodomain,1.0,0.0,1.0,0.0
testing2925.jpg,Nanodomain,1.0,0.0,1.0,0.0
testing2926.jpg,Nanodomain,1.0,0.0,1.0,0.0
testing2927.jpg,Nanodomain,1.0,0.0,1.0,0.0
testing2928.jpg,Nanodomain,1.0,0.0,1.0,0.0
testing2929.jpg,Nanodomain,1.0,0.0,1.0,0.0
testing2930.jpg,Nanodomain,1.0,0.0,1.0,0.0
testing2931.jpg,Nanodomain,1.0,0.0,1.0,0.0
testing2932.jpg,Nanodomain,1.0,0.0,1.0,0.0
testing2933.jpg,Nanodomain,1.0,0.0,1.0,0.0
testing2934.jpg,Nanodomain,1.0,0.0,1.0,0.0
testing2935.jpg,Nanodomain,1.0,0.0,1.0,0.0
testing2936.jpg,Nanodomain,1.0,0.0,1.0,0.0
testing2937.jpg,Nanodomain,1.0,0.0,1.0,0.0
testing2938.jpg,Nanodomain,1.0,0.0,1.0,0.0
testing2939.jpg,Nanodomain,1.0,2.720216e-19,1.0,0.0
testing2940.jpg,Nanodomain,1.0,0.0,1.0,0.0
testing2941.jpg,Nanodomain,1.0,0.0,1.0,0.0
testing2942.jpg,Nanodomain,1.0,1.8997858e-33,1.0,0.0
testing2943.jpg,Nanodomain,1.0,3.610343e-36,1.0,0.0
testing2944.jpg,Nanodomain,1.0,4.3664962e-30,1.0,0.0
testing2945.jpg,Nanodomain,1.0,0.0,1.0,0.0
testing2946.jpg,Outside,1.0,5.5376615e-12,1.7619613e-18,1.0
testing2947.jpg,Outside,1.0,4.0971463e-28,1.5285941e-27,1.0
testing2948.jpg,Outside,1.0,1.1540831e-31,1.900877e-29,1.0
testing2949.jpg,Outside,1.0,3.2865816e-26,3.2303529e-24,1.0
testing2950.jpg,Outside,1.0,2.6307093e-32,2.5347459e-27,1.0
testing2951.jpg,Outside,1.0,6.937822e-32,3.1761426e-28,1.0
testing2952.jpg,Nanodomain,1.0,1.3010043e-25,1.0,0.0
testing2953.jpg,Nanodomain,1.0,3.9033294e-26,1.0,0.0
testing2954.jpg,Nanodomain,1.0,5.7957277e-17,1.0,3.0601204e-37
testing2955.jpg,Nanodomain,1.0,6.597223e-25,1.0,0.0
testing2956.jpg,Nanodomain,1.0,4.875273e-13,1.0,4.070324e-34
testing2957.jpg,Nanodomain,1.0,1.1192905e-35,1.0,0.0
testing2958.jpg,Nanodomain,1.0,3.945871e-29,1.0,0.0
testing2959.jpg,Nanodomain,1.0,4.0484812e-23,1.0,0.0
testing2960.jpg,Nanodomain,1.0,1.1961677e-30,1.0,0.0
testing2961.jpg,Nanodomain,1.0,3.924238e-15,1.0,2.9036302e-34
testing2962.jpg,Nanodomain,1.0,6.7112857e-13,1.0,1.7679604e-33
testing2963.jpg,Outside,1.0,6.672087e-25,9.9038975e-27,1.0
testing2964.jpg,Outside,1.0,9.206441e-20,3.973569e-24,1.0
testing2965.jpg,Outside,1.0,6.492745e-23,6.610402e-24,1.0
testing2966.jpg,Outside,1.0,6.4064456e-28,6.320876e-28,1.0
testing2967.jpg,Outside,1.0,8.361892e-36,5.401926e-31,1.0
testing2968.jpg,Outside,1.0,1.8428069e-30,1.9547958e-27,1.0
testing2969.jpg,Outside,1.0,4.3934207e-34,4.3093077e-30,1.0
testing2970.jpg,Outside,1.0,5.93454e-28,1.2788312e-27,1.0
testing2971.jpg,Outside,1.0,1.35713475e-27,5.8863066e-30,1.0
testing2972.jpg,Outside,1.0,9.6361606e-21,2.511623e-22,1.0
testing2973.jpg,Outside,1.0,5.7112546e-16,1.2756263e-18,1.0
testing2974.jpg,Outside,1.0,2.9628265e-22,1.927358e-24,1.0
testing2975.jpg,Intermediate,0.6210354,0.6210354,0.3789646,1.9012818e-17
testing2976.jpg,Outside,1.0,4.753998e-24,8.8190484e-23,1.0
testing2977.jpg,Outside,1.0,1.7320945e-23,4.8326265e-22,1.0
testing2978.jpg,Intermediate,0.8127308,0.8127308,2.2789453e-20,0.18726924
testing2979.jpg,Outside,1.0,3.8399692e-27,3.3565057e-28,1.0
testing2980.jpg,Outside,1.0,5.934585e-28,1.4463064e-26,1.0
testing2981.jpg,Outside,0.999363,0.0006369978,5.076687e-18,0.999363
testing2982.jpg,Outside,1.0,8.021458e-20,7.771235e-25,1.0
testing2983.jpg,Outside,1.0,1.3087685e-19,1.059245e-22,1.0
testing2984.jpg,Outside,1.0,4.360873e-21,2.3566542e-22,1.0
testing2985.jpg,Outside,1.0,4.714557e-16,7.2637384e-23,1.0
testing2986.jpg,Outside,1.0,2.3348434e-25,9.49675e-23,1.0
testing2987.jpg,Outside,1.0,1.1202568e-26,6.96808e-26,1.0
testing2988.jpg,Outside,1.0,2.7768214e-34,1.0653115e-29,1.0
testing2989.jpg,Outside,1.0,2.132167e-27,8.8598355e-26,1.0
testing2990.jpg,Outside,1.0,4.043629e-26,1.5171472e-23,1.0
testing2991.jpg,Outside,1.0,2.9083378e-14,3.4431838e-23,1.0
testing2992.jpg,Outside,1.0,2.9669305e-23,3.0267197e-22,1.0
testing2993.jpg,Outside,1.0,4.0370744e-28,2.805107e-28,1.0
testing2994.jpg,Outside,1.0,2.1542778e-16,5.788377e-22,1.0
testing2995.jpg,Nanodomain,1.0,0.0,1.0,0.0
testing2996.jpg,Nanodomain,1.0,0.0,1.0,0.0
testing2997.jpg,Nanodomain,1.0,0.0,1.0,0.0
testing2998.jpg,Nanodomain,1.0,0.0,1.0,0.0
testing2999.jpg,Nanodomain,1.0,0.0,1.0,0.0
testing3000.jpg,Nanodomain,1.0,0.0,1.0,0.0
testing3001.jpg,Nanodomain,1.0,0.0,1.0,0.0
testing3002.jpg,Nanodomain,1.0,0.0,1.0,0.0
testing3003.jpg,Nanodomain,1.0,0.0,1.0,0.0
testing3004.jpg,Nanodomain,1.0,0.0,1.0,0.0
testing3005.jpg,Nanodomain,1.0,0.0,1.0,0.0
testing3006.jpg,Nanodomain,1.0,0.0,1.0,0.0
testing3007.jpg,Nanodomain,1.0,0.0,1.0,0.0
testing3008.jpg,Nanodomain,1.0,0.0,1.0,0.0
testing3009.jpg,Nanodomain,1.0,0.0,1.0,0.0
testing3010.jpg,Outside,1.0,2.4079021e-33,3.36828e-28,1.0
testing3011.jpg,Outside,1.0,2.104905e-30,1.11180184e-26,1.0
testing3012.jpg,Outside,1.0,3.021971e-34,3.1234045e-30,1.0
testing3013.jpg,Outside,1.0,5.0448286e-35,1.0736821e-31,1.0
testing3014.jpg,Outside,1.0,4.359368e-32,3.7202784e-27,1.0
testing3015.jpg,Outside,1.0,1.2609508e-28,2.768371e-26,1.0
testing3016.jpg,Outside,1.0,7.363604e-34,4.2454124e-30,1.0
testing3017.jpg,Outside,1.0,9.114934e-32,5.106336e-29,1.0
testing3018.jpg,Outside,1.0,2.578826e-30,1.7037874e-27,1.0
testing3019.jpg,Nanodomain,1.0,0.0,1.0,0.0
testing3020.jpg,Nanodomain,1.0,0.0,1.0,0.0
testing3021.jpg,Nanodomain,1.0,0.0,1.0,0.0
testing3022.jpg,Nanodomain,1.0,0.0,1.0,0.0
testing3023.jpg,Nanodomain,1.0,0.0,1.0,0.0
testing3024.jpg,Nanodomain,1.0,0.0,1.0,0.0
testing3025.jpg,Nanodomain,1.0,0.0,1.0,0.0
testing3026.jpg,Nanodomain,1.0,0.0,1.0,0.0
testing3027.jpg,Nanodomain,1.0,0.0,1.0,0.0
testing3028.jpg,Nanodomain,1.0,0.0,1.0,0.0
testing3029.jpg,Nanodomain,1.0,0.0,1.0,0.0
testing3030.jpg,Nanodomain,1.0,0.0,1.0,0.0
testing3031.jpg,Outside,1.0,5.210751e-27,1.170411e-25,1.0
testing3032.jpg,Outside,1.0,0.0,1.0995657e-34,1.0
testing3033.jpg,Outside,1.0,6.226904e-32,1.2312993e-28,1.0
testing3034.jpg,Outside,1.0,1.307534e-37,5.5061476e-35,1.0
testing3035.jpg,Outside,1.0,2.5472351e-31,1.9818459e-30,1.0
testing3036.jpg,Outside,1.0,7.4095955e-25,1.0409226e-23,1.0
testing3037.jpg,Outside,1.0,1.1224386e-33,8.31138e-31,1.0
testing3038.jpg,Outside,1.0,6.0649763e-33,3.896909e-30,1.0
testing3039.jpg,Outside,1.0,3.134321e-33,2.2108148e-31,1.0
testing3040.jpg,Outside,1.0,2.6199764e-30,2.125969e-28,1.0
testing3041.jpg,Outside,1.0,1.8948039e-28,4.9242106e-26,1.0
testing3042.jpg,Outside,1.0,1.0230204e-28,1.8181957e-27,1.0
testing3043.jpg,Outside,1.0,1.4855363e-28,2.7368557e-29,1.0
testing3044.jpg,Outside,1.0,1.8573822e-36,2.7579275e-32,1.0
testing3045.jpg,Outside,1.0,1.6720277e-32,1.14707056e-29,1.0
testing3046.jpg,Outside,1.0,4.661484e-29,8.173903e-26,1.0
testing3047.jpg,Outside,1.0,9.977757e-29,5.542286e-28,1.0
testing3048.jpg,Outside,1.0,7.851579e-30,1.0093644e-27,1.0
testing3049.jpg,Outside,1.0,2.0072495e-31,9.073258e-27,1.0
testing3050.jpg,Outside,1.0,1.9456265e-31,5.080844e-29,1.0
testing3051.jpg,Outside,1.0,1.8003223e-25,7.719886e-24,1.0
testing3052.jpg,Outside,1.0,4.4050527e-33,1.5571938e-32,1.0
testing3053.jpg,Nanodomain,1.0,0.0,1.0,0.0
testing3054.jpg,Nanodomain,1.0,0.0,1.0,0.0
testing3055.jpg,Nanodomain,1.0,0.0,1.0,0.0
testing3056.jpg,Nanodomain,1.0,0.0,1.0,0.0
testing3057.jpg,Nanodomain,1.0,0.0,1.0,0.0
testing3058.jpg,Nanodomain,1.0,0.0,1.0,0.0
testing3059.jpg,Nanodomain,1.0,0.0,1.0,0.0
testing3060.jpg,Nanodomain,1.0,0.0,1.0,0.0
testing3061.jpg,Nanodomain,1.0,0.0,1.0,0.0
testing3062.jpg,Nanodomain,1.0,0.0,1.0,0.0
testing3063.jpg,Nanodomain,1.0,0.0,1.0,0.0
testing3064.jpg,Nanodomain,1.0,0.0,1.0,0.0
testing3065.jpg,Nanodomain,1.0,0.0,1.0,0.0
testing3066.jpg,Nanodomain,1.0,0.0,1.0,0.0
testing3067.jpg,Nanodomain,1.0,3.7269837e-19,1.0,2.303818e-38
testing3068.jpg,Nanodomain,1.0,3.0330682e-35,1.0,0.0
testing3069.jpg,Nanodomain,1.0,2.8160683e-33,1.0,0.0
testing3070.jpg,Nanodomain,1.0,8.711209e-25,1.0,0.0
testing3071.jpg,Nanodomain,1.0,0.0,1.0,0.0
testing3072.jpg,Nanodomain,1.0,0.0,1.0,0.0
testing3073.jpg,Nanodomain,1.0,0.0,1.0,0.0
testing3074.jpg,Outside,1.0,3.1984327e-33,1.0618754e-28,1.0
testing3075.jpg,Outside,1.0,9.717136e-31,3.178812e-26,1.0
testing3076.jpg,Outside,1.0,1.8356847e-31,8.3387e-29,1.0
testing3077.jpg,Outside,1.0,1.0873738e-33,1.5795123e-28,1.0
testing3078.jpg,Outside,1.0,7.0466995e-32,5.086856e-29,1.0
testing3079.jpg,Nanodomain,1.0,2.5008058e-18,1.0,5.5854317e-37
testing3080.jpg,Nanodomain,0.9999919,8.080657e-06,0.9999919,7.8711023e-29
testing3081.jpg,Nanodomain,1.0,9.404036e-29,1.0,0.0
testing3082.jpg,Nanodomain,1.0,5.3404235e-14,1.0,1.116145e-33
testing3083.jpg,Nanodomain,1.0,5.013223e-16,1.0,7.205487e-36
testing3084.jpg,Nanodomain,1.0,7.064701e-11,1.0,7.858695e-34
testing3085.jpg,Nanodomain,1.0,6.765188e-09,1.0,3.4328987e-32
testing3086.jpg,Nanodomain,1.0,4.502816e-16,1.0,5.064458e-35
testing3087.jpg,Nanodomain,1.0,3.2829396e-16,1.0,1.7830078e-35
testing3088.jpg,Nanodomain,1.0,7.69694e-34,1.0,0.0
testing3089.jpg,Nanodomain,1.0,7.787805e-37,1.0,0.0
testing3090.jpg,Nanodomain,1.0,2.8516487e-30,1.0,0.0
testing3091.jpg,Nanodomain,1.0,5.7417065e-16,1.0,0.0
testing3092.jpg,Intermediate,1.0,1.0,3.30897e-36,1.4329723e-26
testing3093.jpg,Intermediate,1.0,1.0,6.753924e-34,2.0948367e-22
testing3094.jpg,Intermediate,1.0,1.0,2.1751339e-26,9.237999e-12
testing3095.jpg,Intermediate,0.99987364,0.99987364,9.327033e-23,0.0001263397
testing3096.jpg,Intermediate,0.7253786,0.7253786,5.752203e-15,0.27462143
testing3097.jpg,Outside,0.9591748,0.040825248,4.6245293e-20,0.9591748
testing3098.jpg,Intermediate,1.0,1.0,7.2235796e-33,3.5196876e-17
testing3099.jpg,Outside,1.0,3.850543e-13,4.1879475e-19,1.0
testing3100.jpg,Intermediate,0.99999964,0.99999964,7.702045e-20,3.14683e-07
testing3101.jpg,Outside,1.0,8.556948e-23,1.2219172e-21,1.0
testing3102.jpg,Outside,1.0,4.6498365e-09,1.2217659e-17,1.0
testing3103.jpg,Intermediate,0.9999993,0.9999993,1.0930178e-23,6.6557914e-07
testing3104.jpg,Outside,1.0,8.7071883e-10,5.7932463e-19,1.0
testing3105.jpg,Outside,1.0,3.4594216e-28,6.422354e-27,1.0
testing3106.jpg,Outside,1.0,2.3031174e-21,1.0828065e-21,1.0
testing3107.jpg,Outside,1.0,8.443573e-19,4.0735957e-22,1.0
testing3108.jpg,Intermediate,1.0,1.0,3.5038338e-28,8.0644516e-14
testing3109.jpg,Outside,1.0,1.2633019e-18,3.9685263e-23,1.0
testing3110.jpg,Outside,1.0,1.1288952e-21,9.194604e-22,1.0
testing3111.jpg,Outside,1.0,2.172161e-15,5.116028e-21,1.0
testing3112.jpg,Intermediate,1.0,1.0,1.0179952e-27,2.5851668e-13
testing3113.jpg,Intermediate,1.0,1.0,1.2595018e-31,9.189996e-25
testing3114.jpg,Intermediate,1.0,1.0,5.16958e-23,8.896932e-16
testing3115.jpg,Intermediate,1.0,1.0,8.600456e-34,2.9463951e-21
testing3116.jpg,Outside,1.0,2.4352906e-19,1.4724348e-22,1.0
testing3117.jpg,Outside,1.0,1.0736941e-24,4.327093e-25,1.0
testing3118.jpg,Outside,1.0,2.3880437e-25,2.8110233e-26,1.0
testing3119.jpg,Outside,1.0,8.808651e-25,1.235644e-25,1.0
testing3120.jpg,Outside,1.0,3.6662146e-23,5.368256e-24,1.0
testing3121.jpg,Outside,1.0,5.2317896e-25,1.5182557e-27,1.0
testing3122.jpg,Outside,1.0,4.2502044e-32,3.5106396e-30,1.0
testing3123.jpg,Nanodomain,1.0,0.0,1.0,0.0
testing3124.jpg,Nanodomain,1.0,0.0,1.0,0.0
testing3125.jpg,Nanodomain,1.0,0.0,1.0,0.0
testing3126.jpg,Nanodomain,1.0,0.0,1.0,0.0
testing3127.jpg,Nanodomain,1.0,0.0,1.0,0.0
testing3128.jpg,Nanodomain,1.0,0.0,1.0,0.0
testing3129.jpg,Nanodomain,1.0,0.0,1.0,0.0
testing3130.jpg,Nanodomain,1.0,0.0,1.0,0.0
testing3131.jpg,Nanodomain,1.0,0.0,1.0,0.0
testing3132.jpg,Nanodomain,1.0,0.0,1.0,0.0
testing3133.jpg,Nanodomain,1.0,0.0,1.0,0.0
testing3134.jpg,Nanodomain,1.0,0.0,1.0,0.0
testing3135.jpg,Nanodomain,1.0,0.0,1.0,0.0
testing3136.jpg,Nanodomain,1.0,0.0,1.0,0.0
testing3137.jpg,Intermediate,1.0,1.0,1.763655e-34,1.1499499e-20
testing3138.jpg,Outside,1.0,3.426055e-33,1.187304e-28,1.0
testing3139.jpg,Intermediate,0.99999654,0.99999654,2.4943597e-23,3.5134105e-06
testing3140.jpg,Outside,1.0,1.2792316e-34,1.6857733e-30,1.0
testing3141.jpg,Outside,1.0,4.9722386e-38,8.9225164e-33,1.0
testing3142.jpg,Outside,1.0,0.0,6.2633416e-36,1.0
testing3143.jpg,Outside,1.0,2.8693952e-35,1.1925593e-30,1.0
testing3144.jpg,Outside,1.0,3.5368515e-30,7.9417685e-30,1.0
testing3145.jpg,Outside,1.0,5.0654727e-31,6.483036e-25,1.0
testing3146.jpg,Outside,1.0,3.6522113e-32,2.7886566e-27,1.0
testing3147.jpg,Nanodomain,1.0,0.0,1.0,0.0
testing3148.jpg,Nanodomain,1.0,0.0,1.0,0.0
testing3149.jpg,Nanodomain,1.0,0.0,1.0,0.0
testing3150.jpg,Nanodomain,1.0,0.0,1.0,0.0
testing3151.jpg,Nanodomain,1.0,0.0,1.0,0.0
testing3152.jpg,Nanodomain,1.0,0.0,1.0,0.0
testing3153.jpg,Nanodomain,1.0,0.0,1.0,0.0
testing3154.jpg,Nanodomain,1.0,0.0,1.0,0.0
testing3155.jpg,Nanodomain,1.0,0.0,1.0,0.0
testing3156.jpg,Nanodomain,1.0,0.0,1.0,0.0
testing3157.jpg,Nanodomain,1.0,0.0,1.0,0.0
testing3158.jpg,Nanodomain,1.0,0.0,1.0,0.0
testing3159.jpg,Nanodomain,1.0,0.0,1.0,0.0
testing3160.jpg,Outside,1.0,1.5577301e-30,1.1556389e-30,1.0
testing3161.jpg,Outside,1.0,2.4689108e-32,4.851167e-31,1.0
testing3162.jpg,Outside,1.0,5.6278974e-18,2.4292825e-23,1.0
testing3163.jpg,Outside,1.0,3.8092938e-31,1.5129633e-30,1.0
testing3164.jpg,Outside,1.0,4.1569605e-33,1.4322467e-32,1.0
testing3165.jpg,Outside,1.0,6.939131e-36,1.4271886e-35,1.0
testing3166.jpg,Outside,1.0,3.0816815e-33,9.7659236e-32,1.0
testing3167.jpg,Outside,1.0,3.2101225e-38,4.7618662e-35,1.0
testing3168.jpg,Outside,1.0,9.560453e-34,5.4203155e-32,1.0
testing3169.jpg,Outside,1.0,2.164369e-23,1.8778608e-25,1.0
testing3170.jpg,Outside,1.0,7.401324e-31,2.1840103e-29,1.0
testing3171.jpg,Outside,1.0,1.5956162e-27,7.976058e-27,1.0
testing3172.jpg,Outside,1.0,1.460581e-29,3.12874e-27,1.0
testing3173.jpg,Outside,1.0,1.2616162e-33,9.9143855e-31,1.0
testing3174.jpg,Outside,1.0,7.463798e-35,3.0864607e-31,1.0
testing3175.jpg,Outside,1.0,6.279389e-30,5.814142e-28,1.0
testing3176.jpg,Outside,1.0,5.5420924e-37,8.219933e-33,1.0
testing3177.jpg,Outside,1.0,2.8383027e-28,1.4396348e-26,1.0
testing3178.jpg,Outside,1.0,2.011781e-30,2.4178584e-28,1.0
testing3179.jpg,Outside,1.0,1.2840578e-33,1.1258066e-30,1.0
testing3180.jpg,Outside,1.0,2.1223016e-25,8.7697525e-26,1.0
testing3181.jpg,Nanodomain,1.0,0.0,1.0,0.0
testing3182.jpg,Nanodomain,1.0,0.0,1.0,0.0
testing3183.jpg,Nanodomain,1.0,0.0,1.0,0.0
testing3184.jpg,Nanodomain,1.0,0.0,1.0,0.0
testing3185.jpg,Nanodomain,1.0,0.0,1.0,0.0
testing3186.jpg,Nanodomain,1.0,0.0,1.0,0.0
testing3187.jpg,Nanodomain,1.0,0.0,1.0,0.0
testing3188.jpg,Nanodomain,1.0,0.0,1.0,0.0
testing3189.jpg,Nanodomain,1.0,0.0,1.0,0.0
testing3190.jpg,Nanodomain,1.0,0.0,1.0,0.0
testing3191.jpg,Nanodomain,1.0,0.0,1.0,0.0
testing3192.jpg,Nanodomain,1.0,0.0,1.0,0.0
testing3193.jpg,Nanodomain,1.0,0.0,1.0,0.0
testing3194.jpg,Nanodomain,1.0,4.7922988e-35,1.0,0.0
testing3195.jpg,Nanodomain,1.0,6.3321837e-24,1.0,0.0
testing3196.jpg,Nanodomain,1.0,6.592711e-35,1.0,0.0
testing3197.jpg,Nanodomain,1.0,3.0711357e-30,1.0,0.0
testing3198.jpg,Nanodomain,1.0,0.0,1.0,0.0
testing3199.jpg,Nanodomain,1.0,0.0,1.0,0.0
testing3200.jpg,Nanodomain,1.0,1.873754e-32,1.0,0.0
testing3201.jpg,Nanodomain,1.0,0.0,1.0,0.0
testing3202.jpg,Intermediate,1.0,1.0,9.1986543e-26,4.104948e-23
testing3203.jpg,Intermediate,1.0,1.0,1.7000527e-29,1.3323516e-22
testing3204.jpg,Outside,1.0,2.1042034e-33,3.026954e-27,1.0
testing3205.jpg,Outside,1.0,8.751666e-35,5.9096156e-30,1.0
testing3206.jpg,Outside,1.0,3.032936e-38,1.5747683e-32,1.0
testing3207.jpg,Outside,1.0,1.5226177e-34,6.227053e-30,1.0
testing3208.jpg,Nanodomain,1.0,1.0683342e-16,1.0,9.264642e-35
testing3209.jpg,Nanodomain,1.0,1.3343616e-21,1.0,0.0
testing3210.jpg,Nanodomain,1.0,1.0182067e-16,1.0,1.0846125e-37
testing3211.jpg,Nanodomain,1.0,2.0055881e-09,1.0,1.2792495e-29
testing3212.jpg,Nanodomain,1.0,5.4762857e-13,1.0,5.545844e-34
testing3213.jpg,Nanodomain,1.0,1.9214018e-19,1.0,0.0
testing3214.jpg,Nanodomain,0.9998388,0.00016110185,0.9998388,3.1003462e-24
testing3215.jpg,Nanodomain,1.0,0.0,1.0,0.0
testing3216.jpg,Nanodomain,1.0,4.0724923e-22,1.0,0.0
testing3217.jpg,Nanodomain,1.0,3.8044144e-31,1.0,0.0
testing3218.jpg,Nanodomain,1.0,1.89205e-15,1.0,2.6004836e-35
testing3219.jpg,Nanodomain,0.9999999,1.07208464e-07,0.9999999,9.479321e-27
testing3220.jpg,Intermediate,1.0,1.0,7.0966224e-35,1.7597563e-20
testing3221.jpg,Outside,0.8567981,0.14320184,5.6130945e-20,0.8567981
testing3222.jpg,Intermediate,1.0,1.0,1.5456529e-25,1.34499295e-11
testing3223.jpg,Intermediate,0.9998871,0.9998871,9.202127e-22,0.00011288916
testing3224.jpg,Intermediate,0.96106935,0.96106935,4.8448037e-21,0.03893069
testing3225.jpg,Intermediate,1.0,1.0,1.416048e-30,3.8913048e-17
testing3226.jpg,Intermediate,0.99999964,0.99999964,6.521198e-20,4.0091498e-07
testing3227.jpg,Intermediate,1.0,1.0,1.78689e-19,2.1529577e-10
testing3228.jpg,Intermediate,0.99943846,0.99943846,1.4457839e-22,0.0005615682
testing3229.jpg,Outside,0.9989531,0.0010468333,2.3723755e-18,0.9989531
testing3230.jpg,Intermediate,0.9999994,0.9999994,6.0695475e-28,6.10979e-07
testing3231.jpg,Intermediate,1.0,1.0,3.519613e-21,8.376373e-09
testing3232.jpg,Intermediate,1.0,1.0,1.2939961e-32,3.4557554e-20
testing3233.jpg,Outside,0.9999887,1.1270113e-05,6.590292e-22,0.9999887
testing3234.jpg,Intermediate,1.0,1.0,1.0431745e-27,7.7248547e-19
testing3235.jpg,Intermediate,1.0,1.0,2.5712036e-30,1.6330017e-18
testing3236.jpg,Intermediate,1.0,1.0,1.747511e-24,5.214593e-18
testing3237.jpg,Outside,1.0,2.0104674e-24,4.5801644e-25,1.0
testing3238.jpg,Outside,1.0,4.5809203e-23,1.8815528e-26,1.0
testing3239.jpg,Outside,1.0,1.9593903e-24,1.4887553e-25,1.0
testing3240.jpg,Intermediate,1.0,1.0,7.0215235e-34,7.705477e-22
testing3241.jpg,Intermediate,1.0,1.0,1.1532236e-26,4.516996e-22
testing3242.jpg,Nanodomain,1.0,0.0,1.0,0.0
testing3243.jpg,Nanodomain,1.0,7.5097226e-35,1.0,0.0
testing3244.jpg,Nanodomain,1.0,1.6367131e-32,1.0,0.0
testing3245.jpg,Intermediate,0.5785027,0.5785027,0.4214973,2.593604e-19
testing3246.jpg,Nanodomain,1.0,1.9230542e-09,1.0,7.814953e-28
testing3247.jpg,Nanodomain,0.9994611,0.00053891254,0.9994611,1.0323082e-24
testing3248.jpg,Outside,1.0,2.5201372e-21,9.501482e-26,1.0
testing3249.jpg,Outside,1.0,1.934985e-29,2.0400136e-28,1.0
testing3250.jpg,Intermediate,1.0,1.0,8.344547e-31,2.3740742e-25
testing3251.jpg,Outside,1.0,1.2418818e-25,5.4058413e-24,1.0
testing3252.jpg,Intermediate,0.99773395,0.99773395,6.882451e-16,0.0022660831
testing3253.jpg,Nanodomain,1.0,0.0,1.0,0.0
testing3254.jpg,Nanodomain,1.0,0.0,1.0,0.0
testing3255.jpg,Nanodomain,1.0,0.0,1.0,0.0
testing3256.jpg,Nanodomain,1.0,0.0,1.0,0.0
testing3257.jpg,Nanodomain,1.0,0.0,1.0,0.0
testing3258.jpg,Nanodomain,1.0,0.0,1.0,0.0
testing3259.jpg,Nanodomain,1.0,0.0,1.0,0.0
testing3260.jpg,Nanodomain,1.0,0.0,1.0,0.0
testing3261.jpg,Nanodomain,1.0,0.0,1.0,0.0
testing3262.jpg,Nanodomain,1.0,0.0,1.0,0.0
testing3263.jpg,Nanodomain,1.0,0.0,1.0,0.0
testing3264.jpg,Nanodomain,1.0,0.0,1.0,0.0
testing3265.jpg,Outside,1.0,5.2577027e-31,2.2030814e-28,1.0
testing3266.jpg,Outside,1.0,2.963847e-35,7.246298e-32,1.0
testing3267.jpg,Outside,1.0,8.247932e-30,3.8708375e-28,1.0
testing3268.jpg,Outside,1.0,5.2184136e-33,1.7069653e-31,1.0
testing3269.jpg,Outside,1.0,1.3159161e-36,2.9198847e-31,1.0
testing3270.jpg,Intermediate,1.0,1.0,8.887063e-31,7.686533e-24
testing3271.jpg,Outside,1.0,1.5714881e-29,2.0024202e-27,1.0
testing3272.jpg,Outside,1.0,4.6103135e-18,4.2819335e-19,1.0
testing3273.jpg,Outside,1.0,1.2605528e-26,2.4753688e-26,1.0
testing3274.jpg,Outside,1.0,1.6079084e-29,2.237749e-28,1.0
testing3275.jpg,Outside,1.0,2.4293861e-29,3.7454525e-28,1.0
testing3276.jpg,Outside,1.0,7.7386696e-31,7.577485e-29,1.0
testing3277.jpg,Nanodomain,1.0,0.0,1.0,0.0
testing3278.jpg,Nanodomain,1.0,0.0,1.0,0.0
testing3279.jpg,Nanodomain,1.0,0.0,1.0,0.0
testing3280.jpg,Nanodomain,1.0,0.0,1.0,0.0
testing3281.jpg,Nanodomain,1.0,0.0,1.0,0.0
testing3282.jpg,Nanodomain,1.0,0.0,1.0,0.0
testing3283.jpg,Nanodomain,1.0,0.0,1.0,0.0
testing3284.jpg,Nanodomain,1.0,0.0,1.0,0.0
testing3285.jpg,Outside,1.0,6.316256e-33,3.500343e-30,1.0
testing3286.jpg,Outside,1.0,9.896949e-27,2.0039572e-26,1.0
testing3287.jpg,Outside,1.0,5.3140714e-27,1.359639e-25,1.0
testing3288.jpg,Outside,1.0,3.161642e-32,1.5072207e-29,1.0
testing3289.jpg,Outside,1.0,1.9815131e-30,7.90872e-31,1.0
testing3290.jpg,Outside,1.0,4.649383e-32,1.6164074e-29,1.0
testing3291.jpg,Outside,1.0,4.3167735e-32,8.3330945e-31,1.0
testing3292.jpg,Outside,1.0,2.1240445e-31,1.4468678e-28,1.0
testing3293.jpg,Outside,1.0,5.8194237e-35,7.4207254e-29,1.0
testing3294.jpg,Outside,1.0,1.783953e-28,1.1511446e-26,1.0
testing3295.jpg,Outside,1.0,5.2567157e-25,2.8454077e-25,1.0
testing3296.jpg,Outside,1.0,1.6284161e-34,6.268086e-32,1.0
testing3297.jpg,Outside,1.0,4.926514e-29,1.5051818e-28,1.0
testing3298.jpg,Outside,1.0,1.399606e-27,2.057999e-28,1.0
testing3299.jpg,Outside,1.0,4.328472e-36,5.323594e-32,1.0
testing3300.jpg,Outside,1.0,1.414937e-28,3.4082088e-26,1.0
testing3301.jpg,Outside,1.0,2.2530879e-30,3.4861267e-29,1.0
testing3302.jpg,Outside,1.0,1.5019044e-31,4.0867506e-28,1.0
testing3303.jpg,Outside,1.0,1.0507942e-28,7.118806e-26,1.0
testing3304.jpg,Outside,1.0,9.384372e-27,4.7026804e-25,1.0
testing3305.jpg,Outside,1.0,1.6021285e-29,5.937008e-28,1.0
testing3306.jpg,Outside,1.0,1.0065677e-37,1.2860242e-32,1.0
testing3307.jpg,Outside,1.0,1.4636089e-30,1.8505922e-29,1.0
testing3308.jpg,Outside,1.0,1.26423e-29,1.6724065e-29,1.0
testing3309.jpg,Nanodomain,1.0,0.0,1.0,0.0
testing3310.jpg,Nanodomain,1.0,0.0,1.0,0.0
testing3311.jpg,Nanodomain,1.0,0.0,1.0,0.0
testing3312.jpg,Nanodomain,1.0,0.0,1.0,0.0
testing3313.jpg,Nanodomain,1.0,0.0,1.0,0.0
testing3314.jpg,Nanodomain,1.0,0.0,1.0,0.0
testing3315.jpg,Nanodomain,1.0,0.0,1.0,0.0
testing3316.jpg,Nanodomain,1.0,0.0,1.0,0.0
testing3317.jpg,Nanodomain,1.0,0.0,1.0,0.0
testing3318.jpg,Nanodomain,1.0,0.0,1.0,0.0
testing3319.jpg,Nanodomain,1.0,0.0,1.0,0.0
testing3320.jpg,Nanodomain,1.0,0.0,1.0,0.0
testing3321.jpg,Nanodomain,1.0,0.0,1.0,0.0
testing3322.jpg,Nanodomain,1.0,3.0360474e-32,1.0,0.0
testing3323.jpg,Nanodomain,1.0,3.2795376e-22,1.0,0.0
testing3324.jpg,Nanodomain,0.99999976,1.801915e-07,0.99999976,3.618591e-34
testing3325.jpg,Nanodomain,1.0,8.8787357e-29,1.0,0.0
testing3326.jpg,Nanodomain,1.0,7.6894055e-17,1.0,1.9877283e-38
testing3327.jpg,Nanodomain,1.0,1.3144782e-33,1.0,0.0
testing3328.jpg,Nanodomain,1.0,5.0236325e-18,1.0,0.0
testing3329.jpg,Outside,1.0,5.32851e-25,4.7307897e-23,1.0
testing3330.jpg,Outside,1.0,5.127725e-31,3.279506e-26,1.0
testing3331.jpg,Outside,1.0,1.6404026e-30,2.750765e-30,1.0
testing3332.jpg,Outside,1.0,3.6015156e-34,7.0760217e-28,1.0
testing3333.jpg,Outside,1.0,1.2196578e-30,1.1354094e-26,1.0
testing3334.jpg,Outside,1.0,1.34803415e-33,7.5700154e-33,1.0
testing3335.jpg,Nanodomain,1.0,1.6769735e-15,1.0,3.7914256e-35
testing3336.jpg,Nanodomain,1.0,2.2063235e-13,1.0,5.5359817e-31
testing3337.jpg,Nanodomain,0.5734289,0.42657107,0.5734289,5.0493176e-20
testing3338.jpg,Nanodomain,1.0,2.8977736e-21,1.0,0.0
testing3339.jpg,Nanodomain,0.6534262,0.3465738,0.6534262,5.4953175e-21
testing3340.jpg,Intermediate,1.0,1.0,2.0339546e-11,3.2303072e-22
testing3341.jpg,Nanodomain,1.0,3.831003e-18,1.0,7.850118e-36
testing3342.jpg,Nanodomain,1.0,7.9533474e-23,1.0,0.0
testing3343.jpg,Nanodomain,1.0,0.0,1.0,0.0
testing3344.jpg,Nanodomain,1.0,0.0,1.0,0.0
testing3345.jpg,Nanodomain,1.0,6.3617995e-30,1.0,0.0
testing3346.jpg,Nanodomain,0.9999597,4.023192e-05,0.9999597,2.2799443e-24
testing3347.jpg,Nanodomain,1.0,3.4132832e-11,1.0,6.450654e-30
testing3348.jpg,Intermediate,1.0,1.0,4.7643736e-35,7.33742e-25
testing3349.jpg,Intermediate,0.99997306,0.99997306,2.0921128e-22,2.6948888e-05
testing3350.jpg,Outside,1.0,2.7784738e-08,7.147297e-18,1.0
testing3351.jpg,Intermediate,0.9994272,0.9994272,1.3343227e-24,0.00057281135
testing3352.jpg,Intermediate,1.0,1.0,2.7439762e-28,5.222038e-18
testing3353.jpg,Intermediate,0.99928373,0.99928373,1.3285141e-17,0.0007162795
testing3354.jpg,Intermediate,1.0,1.0,5.503703e-23,4.308988e-11
testing3355.jpg,Intermediate,0.9999989,0.9999989,5.1181207e-25,1.0518065e-06
testing3356.jpg,Outside,1.0,2.9169917e-15,4.3768344e-23,1.0
testing3357.jpg,Outside,0.9999994,5.6653136e-07,2.320518e-19,0.9999994
testing3358.jpg,Outside,0.9930951,0.0069049173,2.2556419e-20,0.9930951
testing3359.jpg,Intermediate,1.0,1.0,5.5283925e-28,8.07936e-13
testing3360.jpg,Outside,0.9973878,0.002612244,1.0014766e-19,0.9973878
testing3361.jpg,Intermediate,1.0,1.0,2.392825e-30,4.958391e-16
testing3362.jpg,Intermediate,1.0,1.0,1.8071422e-31,8.716703e-23
testing3363.jpg,Intermediate,0.9979842,0.9979842,1.3617922e-19,0.0020158112
testing3364.jpg,Intermediate,1.0,1.0,0.0,4.7639e-28
testing3365.jpg,Outside,0.99634886,0.003651158,1.1031023e-14,0.99634886
testing3366.jpg,Intermediate,1.0,1.0,1.1156819e-24,4.5882035e-12
testing3367.jpg,Outside,0.9999981,1.904921e-06,3.419947e-20,0.9999981
testing3368.jpg,Outside,0.9999839,1.6091248e-05,1.4289656e-17,0.9999839
testing3369.jpg,Nanodomain,1.0,3.7771753e-36,1.0,0.0
testing3370.jpg,Nanodomain,1.0,0.0,1.0,0.0
testing3371.jpg,Nanodomain,1.0,5.389301e-34,1.0,0.0
testing3372.jpg,Nanodomain,1.0,4.165248e-17,1.0,4.3711112e-38
testing3373.jpg,Nanodomain,1.0,7.701489e-35,1.0,0.0
testing3374.jpg,Outside,1.0,7.378167e-27,5.2628726e-26,1.0
testing3375.jpg,Nanodomain,1.0,1.9510647e-11,1.0,3.8603637e-30
testing3376.jpg,Intermediate,0.99998975,0.99998975,8.033529e-21,1.030336e-05
testing3377.jpg,Outside,1.0,6.4529527e-27,1.4640153e-24,1.0
testing3378.jpg,Outside,1.0,3.0559434e-30,2.370403e-30,1.0
testing3379.jpg,Outside,1.0,1.6233683e-18,1.6335155e-22,1.0
testing3380.jpg,Nanodomain,1.0,0.0,1.0,0.0
testing3381.jpg,Nanodomain,1.0,0.0,1.0,0.0
testing3382.jpg,Nanodomain,1.0,0.0,1.0,0.0
testing3383.jpg,Nanodomain,1.0,0.0,1.0,0.0
testing3384.jpg,Nanodomain,1.0,0.0,1.0,0.0
testing3385.jpg,Nanodomain,1.0,0.0,1.0,0.0
testing3386.jpg,Nanodomain,1.0,0.0,1.0,0.0
testing3387.jpg,Nanodomain,1.0,0.0,1.0,0.0
testing3388.jpg,Nanodomain,1.0,0.0,1.0,0.0
testing3389.jpg,Nanodomain,1.0,0.0,1.0,0.0
testing3390.jpg,Nanodomain,1.0,0.0,1.0,0.0
testing3391.jpg,Nanodomain,1.0,0.0,1.0,0.0
testing3392.jpg,Nanodomain,1.0,0.0,1.0,0.0
testing3393.jpg,Outside,1.0,2.5578201e-23,5.489188e-25,1.0
testing3394.jpg,Nanodomain,1.0,0.0,1.0,0.0
testing3395.jpg,Nanodomain,1.0,0.0,1.0,0.0
testing3396.jpg,Nanodomain,1.0,0.0,1.0,0.0
testing3397.jpg,Nanodomain,1.0,0.0,1.0,0.0
testing3398.jpg,Nanodomain,1.0,0.0,1.0,0.0
testing3399.jpg,Nanodomain,1.0,0.0,1.0,0.0
testing3400.jpg,Nanodomain,1.0,0.0,1.0,0.0
testing3401.jpg,Nanodomain,1.0,0.0,1.0,0.0
testing3402.jpg,Outside,1.0,3.991018e-34,7.4102515e-31,1.0
testing3403.jpg,Outside,1.0,2.0075447e-27,2.0395344e-25,1.0
testing3404.jpg,Outside,1.0,1.1606568e-24,6.2201066e-27,1.0
testing3405.jpg,Nanodomain,1.0,0.0,1.0,0.0
testing3406.jpg,Nanodomain,1.0,0.0,1.0,0.0
testing3407.jpg,Nanodomain,1.0,0.0,1.0,0.0
testing3408.jpg,Nanodomain,1.0,0.0,1.0,0.0
testing3409.jpg,Nanodomain,1.0,0.0,1.0,0.0
testing3410.jpg,Nanodomain,1.0,0.0,1.0,0.0
testing3411.jpg,Nanodomain,1.0,0.0,1.0,0.0
testing3412.jpg,Nanodomain,1.0,0.0,1.0,0.0
testing3413.jpg,Nanodomain,1.0,0.0,1.0,0.0
testing3414.jpg,Outside,1.0,3.6040558e-28,3.0477971e-28,1.0
testing3415.jpg,Outside,1.0,1.4145439e-27,1.3685939e-26,1.0
testing3416.jpg,Outside,1.0,7.690264e-30,3.1382857e-30,1.0
testing3417.jpg,Outside,1.0,3.5675765e-27,2.5150733e-23,1.0
testing3418.jpg,Outside,1.0,8.8716934e-29,9.502016e-28,1.0
testing3419.jpg,Outside,1.0,1.5152881e-26,8.8212514e-27,1.0
testing3420.jpg,Outside,1.0,0.0,1.1660901e-37,1.0
testing3421.jpg,Outside,1.0,3.418636e-35,1.4952275e-31,1.0
testing3422.jpg,Outside,1.0,1.0402763e-29,8.259491e-29,1.0
testing3423.jpg,Outside,1.0,2.4076898e-34,3.6891938e-31,1.0
testing3424.jpg,Outside,1.0,4.2260732e-29,1.2248395e-27,1.0
testing3425.jpg,Outside,1.0,4.011969e-30,1.0330047e-28,1.0
testing3426.jpg,Outside,1.0,1.5357523e-29,1.1689464e-27,1.0
testing3427.jpg,Outside,1.0,1.7713374e-31,6.351421e-30,1.0
testing3428.jpg,Outside,1.0,5.314232e-35,1.4507287e-31,1.0
testing3429.jpg,Outside,1.0,1.2729627e-25,6.3644973e-29,1.0
testing3430.jpg,Outside,1.0,7.235548e-33,3.3666068e-30,1.0
testing3431.jpg,Outside,1.0,1.2905917e-29,3.9180835e-26,1.0
testing3432.jpg,Outside,1.0,9.877476e-29,5.1234123e-28,1.0
testing3433.jpg,Outside,1.0,9.836869e-36,1.0324116e-32,1.0
testing3434.jpg,Outside,1.0,5.684083e-32,1.3337238e-31,1.0
testing3435.jpg,Outside,1.0,1.8202166e-33,5.883203e-32,1.0
testing3436.jpg,Outside,1.0,5.23499e-30,2.1107932e-28,1.0
testing3437.jpg,Outside,1.0,7.491412e-27,1.3906825e-25,1.0
testing3438.jpg,Outside,1.0,0.0,4.331771e-38,1.0
testing3439.jpg,Nanodomain,1.0,0.0,1.0,0.0
testing3440.jpg,Nanodomain,1.0,0.0,1.0,0.0
testing3441.jpg,Nanodomain,1.0,0.0,1.0,0.0
testing3442.jpg,Nanodomain,1.0,0.0,1.0,0.0
testing3443.jpg,Nanodomain,1.0,0.0,1.0,0.0
testing3444.jpg,Nanodomain,1.0,0.0,1.0,0.0
testing3445.jpg,Nanodomain,1.0,0.0,1.0,0.0
testing3446.jpg,Nanodomain,1.0,0.0,1.0,0.0
testing3447.jpg,Nanodomain,1.0,0.0,1.0,0.0
testing3448.jpg,Nanodomain,1.0,0.0,1.0,0.0
testing3449.jpg,Nanodomain,0.9999999,1.3882013e-07,0.9999999,3.3436198e-30
testing3450.jpg,Nanodomain,1.0,5.078645e-25,1.0,0.0
testing3451.jpg,Nanodomain,1.0,4.483009e-21,1.0,0.0
testing3452.jpg,Intermediate,0.9991316,0.9991316,0.00086839,3.716699e-24
testing3453.jpg,Nanodomain,0.99997354,2.6459109e-05,0.99997354,1.601831e-27
testing3454.jpg,Nanodomain,1.0,1.4492708e-09,1.0,2.6210532e-32
testing3455.jpg,Nanodomain,1.0,6.8839658e-31,1.0,0.0
testing3456.jpg,Nanodomain,1.0,4.423147e-21,1.0,0.0
testing3457.jpg,Outside,1.0,1.7662715e-37,3.630012e-34,1.0
testing3458.jpg,Outside,1.0,2.538973e-36,5.160496e-31,1.0
testing3459.jpg,Intermediate,0.534132,0.534132,1.9404994e-16,0.465868
testing3460.jpg,Outside,1.0,8.032335e-11,6.753553e-22,1.0
testing3461.jpg,Outside,1.0,1.49752075e-33,1.049152e-28,1.0
testing3462.jpg,Outside,1.0,1.9250257e-27,2.179055e-25,1.0
testing3463.jpg,Intermediate,1.0,1.0,8.0077024e-27,1.9198875e-13
testing3464.jpg,Intermediate,1.0,1.0,1.0344845e-26,8.105514e-15
testing3465.jpg,Intermediate,0.99999976,0.99999976,2.871297e-07,7.107562e-21
testing3466.jpg,Intermediate,1.0,1.0,1.09177226e-16,1.9330243e-27
testing3467.jpg,Nanodomain,0.99999213,7.881442e-06,0.99999213,3.533221e-24
testing3468.jpg,Intermediate,1.0,1.0,1.4375682e-08,4.1357232e-23
testing3469.jpg,Nanodomain,1.0,1.0238903e-11,1.0,5.617892e-29
testing3470.jpg,Nanodomain,0.9996917,0.00030829015,0.9996917,1.240412e-22
testing3471.jpg,Nanodomain,1.0,1.1964677e-17,1.0,3.4865228e-38
testing3472.jpg,Nanodomain,1.0,1.1156007e-17,1.0,5.6847715e-34
testing3473.jpg,Nanodomain,1.0,3.1519e-17,1.0,2.8128323e-36
testing3474.jpg,Nanodomain,1.0,1.6452009e-10,1.0,1.5857844e-29
testing3475.jpg,Intermediate,1.0,1.0,1.4755315e-09,1.9928845e-22
testing3476.jpg,Intermediate,1.0,1.0,0.0,1.3159359e-29
testing3477.jpg,Intermediate,1.0,1.0,0.0,4.3654724e-26
testing3478.jpg,Intermediate,1.0,1.0,1.3560811e-24,1.31415105e-20
testing3479.jpg,Outside,0.99385756,0.006142401,2.2530376e-20,0.99385756
testing3480.jpg,Intermediate,1.0,1.0,1.1737594e-26,2.4595266e-08
testing3481.jpg,Intermediate,0.99167424,0.99167424,5.876907e-17,0.008325741
testing3482.jpg,Outside,1.0,6.554682e-24,4.6615117e-25,1.0
testing3483.jpg,Intermediate,1.0,1.0,2.7471945e-26,5.0047286e-09
testing3484.jpg,Outside,0.99999344,6.5517993e-06,3.596138e-19,0.99999344
testing3485.jpg,Intermediate,1.0,1.0,8.2833116e-22,3.263558e-14
testing3486.jpg,Intermediate,1.0,1.0,5.585723e-32,2.0911574e-28
testing3487.jpg,Intermediate,1.0,1.0,2.4405088e-33,2.274382e-23
testing3488.jpg,Intermediate,1.0,1.0,3.439359e-33,4.214953e-19
testing3489.jpg,Intermediate,1.0,1.0,3.9012872e-35,1.3429568e-27
testing3490.jpg,Intermediate,1.0,1.0,2.4496383e-27,2.6991584e-13
testing3491.jpg,Intermediate,1.0,1.0,1.8918947e-34,4.43726e-28
testing3492.jpg,Intermediate,1.0,1.0,1.4296468e-34,6.4132024e-18
testing3493.jpg,Intermediate,1.0,1.0,1.3957484e-31,6.048063e-26
testing3494.jpg,Outside,1.0,2.286542e-32,5.3438596e-32,1.0
testing3495.jpg,Intermediate,1.0,1.0,1.9757853e-29,5.082996e-14
testing3496.jpg,Nanodomain,1.0,6.0292755e-38,1.0,0.0
testing3497.jpg,Nanodomain,1.0,2.5856748e-28,1.0,0.0
testing3498.jpg,Nanodomain,1.0,0.0,1.0,0.0
testing3499.jpg,Nanodomain,1.0,1.4362155e-29,1.0,0.0
testing3500.jpg,Nanodomain,1.0,5.095663e-33,1.0,0.0
testing3501.jpg,Nanodomain,1.0,2.1316887e-18,1.0,1.5966362e-38
testing3502.jpg,Intermediate,1.0,1.0,1.4978529e-17,5.4194693e-24
testing3503.jpg,Nanodomain,1.0,4.9685563e-17,1.0,2.7696277e-34
testing3504.jpg,Outside,0.994773,0.005227031,1.1572221e-17,0.994773
testing3505.jpg,Outside,1.0,6.660221e-22,3.3930624e-23,1.0
testing3506.jpg,Outside,1.0,3.5656435e-20,3.1133673e-21,1.0
testing3507.jpg,Outside,1.0,7.2018894e-28,9.460495e-28,1.0
testing3508.jpg,Outside,1.0,2.0588395e-20,4.721302e-25,1.0
testing3509.jpg,Outside,1.0,5.574014e-25,4.5348576e-25,1.0
testing3510.jpg,Nanodomain,1.0,0.0,1.0,0.0
testing3511.jpg,Nanodomain,1.0,0.0,1.0,0.0
testing3512.jpg,Nanodomain,1.0,0.0,1.0,0.0
testing3513.jpg,Nanodomain,1.0,0.0,1.0,0.0
testing3514.jpg,Nanodomain,1.0,0.0,1.0,0.0
testing3515.jpg,Nanodomain,1.0,0.0,1.0,0.0
testing3516.jpg,Nanodomain,1.0,0.0,1.0,0.0
testing3517.jpg,Nanodomain,1.0,0.0,1.0,0.0
testing3518.jpg,Intermediate,0.99980146,0.99980146,0.0001985288,3.7260165e-19
testing3519.jpg,Intermediate,0.99990463,0.99990463,9.535943e-05,1.4314423e-19
testing3520.jpg,Nanodomain,1.0,0.0,1.0,0.0
testing3521.jpg,Nanodomain,1.0,0.0,1.0,0.0
testing3522.jpg,Nanodomain,1.0,0.0,1.0,0.0
testing3523.jpg,Nanodomain,1.0,0.0,1.0,0.0
testing3524.jpg,Nanodomain,1.0,0.0,1.0,0.0
testing3525.jpg,Nanodomain,1.0,0.0,1.0,0.0
testing3526.jpg,Nanodomain,1.0,0.0,1.0,0.0
testing3527.jpg,Nanodomain,1.0,0.0,1.0,0.0
testing3528.jpg,Nanodomain,1.0,0.0,1.0,0.0
testing3529.jpg,Nanodomain,1.0,0.0,1.0,0.0
testing3530.jpg,Nanodomain,1.0,0.0,1.0,0.0
testing3531.jpg,Outside,1.0,0.0,4.6734346e-35,1.0
testing3532.jpg,Outside,1.0,1.5164039e-34,1.851686e-30,1.0
testing3533.jpg,Outside,1.0,1.164506e-32,1.5302436e-29,1.0
testing3534.jpg,Outside,1.0,2.0888433e-30,3.9923707e-28,1.0
testing3535.jpg,Nanodomain,1.0,0.0,1.0,0.0
testing3536.jpg,Nanodomain,1.0,0.0,1.0,0.0
testing3537.jpg,Nanodomain,1.0,0.0,1.0,0.0
testing3538.jpg,Nanodomain,1.0,0.0,1.0,0.0
testing3539.jpg,Outside,1.0,1.5723892e-27,1.4534966e-26,1.0
testing3540.jpg,Outside,1.0,2.6405881e-28,1.6281425e-27,1.0
testing3541.jpg,Outside,1.0,2.544112e-28,3.271545e-27,1.0
testing3542.jpg,Outside,1.0,1.2613192e-31,5.6930977e-29,1.0
testing3543.jpg,Outside,1.0,8.758068e-30,3.1214305e-28,1.0
testing3544.jpg,Outside,1.0,5.664929e-31,7.816436e-30,1.0
testing3545.jpg,Outside,1.0,1.6827391e-32,6.1481765e-28,1.0
testing3546.jpg,Outside,1.0,6.292249e-35,2.511628e-33,1.0
testing3547.jpg,Outside,1.0,1.6903274e-36,2.8790468e-33,1.0
testing3548.jpg,Outside,1.0,3.166246e-36,1.6367505e-32,1.0
testing3549.jpg,Outside,1.0,3.3951686e-33,1.0171469e-31,1.0
testing3550.jpg,Outside,1.0,2.1673355e-30,1.5349558e-29,1.0
testing3551.jpg,Outside,1.0,4.836876e-34,1.4500379e-30,1.0
testing3552.jpg,Outside,1.0,2.2244464e-28,2.9238042e-26,1.0
testing3553.jpg,Outside,1.0,3.044291e-26,2.6559665e-26,1.0
testing3554.jpg,Outside,1.0,2.394926e-37,9.594681e-35,1.0
testing3555.jpg,Outside,1.0,5.403846e-30,5.240453e-27,1.0
testing3556.jpg,Outside,1.0,1.8714558e-30,6.437337e-28,1.0
testing3557.jpg,Outside,1.0,3.9776304e-33,1.1916368e-29,1.0
testing3558.jpg,Outside,1.0,7.708172e-32,2.7466152e-28,1.0
testing3559.jpg,Outside,1.0,5.906629e-34,2.647069e-31,1.0
testing3560.jpg,Outside,1.0,4.0275223e-28,1.6041744e-25,1.0
testing3561.jpg,Outside,1.0,5.228911e-27,1.2685127e-25,1.0
testing3562.jpg,Outside,1.0,1.1819256e-37,5.537026e-35,1.0
testing3563.jpg,Outside,1.0,1.9712658e-24,4.0003496e-25,1.0
testing3564.jpg,Outside,1.0,7.3680663e-28,4.5724388e-29,1.0
testing3565.jpg,Outside,1.0,1.5296547e-21,6.464924e-28,1.0
testing3566.jpg,Outside,1.0,1.220429e-32,2.3163233e-30,1.0
testing3567.jpg,Nanodomain,1.0,0.0,1.0,0.0
testing3568.jpg,Nanodomain,1.0,0.0,1.0,0.0
testing3569.jpg,Nanodomain,1.0,0.0,1.0,0.0
testing3570.jpg,Nanodomain,1.0,0.0,1.0,0.0
testing3571.jpg,Nanodomain,1.0,0.0,1.0,0.0
testing3572.jpg,Nanodomain,1.0,0.0,1.0,0.0
testing3573.jpg,Nanodomain,1.0,0.0,1.0,0.0
testing3574.jpg,Nanodomain,1.0,0.0,1.0,0.0
testing3575.jpg,Nanodomain,1.0,0.0,1.0,0.0
testing3576.jpg,Intermediate,0.8370509,0.8370509,0.16294907,4.0325497e-23
testing3577.jpg,Nanodomain,0.9999341,6.588405e-05,0.9999341,1.9638537e-26
testing3578.jpg,Nanodomain,0.9985582,0.0014417968,0.9985582,2.4530731e-23
testing3579.jpg,Nanodomain,1.0,1.3129002e-17,1.0,5.0030876e-35
testing3580.jpg,Nanodomain,1.0,6.2754756e-18,1.0,0.0
testing3581.jpg,Nanodomain,0.9949345,0.005065571,0.9949345,1.8877902e-27
testing3582.jpg,Intermediate,0.99999964,0.99999964,3.890481e-07,7.4653396e-26
testing3583.jpg,Nanodomain,1.0,2.5112745e-10,1.0,1.0379638e-32
testing3584.jpg,Nanodomain,1.0,3.7722383e-20,1.0,0.0
testing3585.jpg,Outside,1.0,1.1592774e-37,5.4873835e-34,1.0
testing3586.jpg,Outside,1.0,5.2296877e-35,1.1463919e-30,1.0
testing3587.jpg,Outside,1.0,1.7442364e-29,5.680453e-28,1.0
testing3588.jpg,Outside,1.0,8.936705e-29,1.1135772e-24,1.0
testing3589.jpg,Outside,1.0,7.5207114e-25,9.214955e-25,1.0
testing3590.jpg,Outside,1.0,4.2743787e-26,4.0374194e-25,1.0
testing3591.jpg,Outside,1.0,3.6303997e-34,1.8818792e-30,1.0
testing3592.jpg,Outside,1.0,1.5646368e-32,1.5294099e-28,1.0
testing3593.jpg,Outside,1.0,3.5910932e-32,1.4627891e-29,1.0
testing3594.jpg,Outside,1.0,1.2488984e-33,3.6654746e-30,1.0
testing3595.jpg,Outside,1.0,2.7706992e-31,4.836616e-27,1.0
testing3596.jpg,Outside,1.0,6.418611e-33,6.326659e-30,1.0
testing3597.jpg,Outside,1.0,1.09645305e-35,5.7293444e-31,1.0
testing3598.jpg,Outside,1.0,1.7155467e-19,1.7261902e-24,1.0
testing3599.jpg,Outside,1.0,1.4693307e-16,1.9167712e-23,1.0
testing3600.jpg,Intermediate,0.99858344,0.99858344,0.0014165308,1.2867601e-20
testing3601.jpg,Nanodomain,1.0,8.4956483e-13,1.0,5.8919174e-32
testing3602.jpg,Intermediate,0.9232545,0.9232545,0.07674552,1.4779326e-20
testing3603.jpg,Intermediate,1.0,1.0,0.0,6.4191506e-33
testing3604.jpg,Intermediate,1.0,1.0,1.6665458e-31,4.3983587e-23
testing3605.jpg,Intermediate,1.0,1.0,0.0,8.71609e-26
testing3606.jpg,Intermediate,0.58703804,0.58703804,4.3003826e-18,0.41296193
testing3607.jpg,Intermediate,1.0,1.0,6.4220764e-37,1.7235999e-29
testing3608.jpg,Intermediate,1.0,1.0,9.627549e-24,9.668271e-13
testing3609.jpg,Outside,0.99885917,0.0011408878,7.744062e-17,0.99885917
testing3610.jpg,Outside,0.7876698,0.21233028,1.4329478e-18,0.7876698
testing3611.jpg,Intermediate,1.0,1.0,7.430802e-31,2.2329865e-17
testing3612.jpg,Outside,0.9999523,4.762875e-05,2.6749165e-17,0.9999523
testing3613.jpg,Intermediate,1.0,1.0,1.7451367e-27,1.975559e-14
testing3614.jpg,Intermediate,1.0,1.0,6.9907564e-28,5.6814893e-22
testing3615.jpg,Intermediate,0.99997914,0.99997914,3.99827e-24,2.0874522e-05
testing3616.jpg,Outside,1.0,2.9895615e-12,2.4883469e-20,1.0
testing3617.jpg,Intermediate,1.0,1.0,1.5528957e-36,6.932317e-25
testing3618.jpg,Outside,1.0,1.5773298e-09,2.2722552e-25,1.0
testing3619.jpg,Outside,0.9954986,0.004501362,4.5978447e-20,0.9954986
testing3620.jpg,Intermediate,1.0,1.0,5.2139844e-30,1.0593911e-21
testing3621.jpg,Outside,0.9999944,5.569632e-06,6.558407e-21,0.9999944
testing3622.jpg,Intermediate,1.0,1.0,3.3259133e-22,1.3976629e-21
testing3623.jpg,Intermediate,1.0,1.0,1.19033375e-35,7.4519613e-28
testing3624.jpg,Intermediate,1.0,1.0,1.848133e-26,3.518925e-08
testing3625.jpg,Intermediate,1.0,1.0,3.020501e-23,1.0900408e-09
testing3626.jpg,Intermediate,1.0,1.0,1.1755829e-34,1.8454555e-19
testing3627.jpg,Nanodomain,1.0,3.370677e-17,1.0,0.0
testing3628.jpg,Nanodomain,1.0,5.645278e-23,1.0,0.0
testing3629.jpg,Nanodomain,1.0,4.532357e-22,1.0,0.0
testing3630.jpg,Nanodomain,1.0,6.695447e-16,1.0,2.1886813e-36
testing3631.jpg,Nanodomain,0.99897975,0.0010202564,0.99897975,9.539277e-24
testing3632.jpg,Nanodomain,1.0,1.7231931e-13,1.0,4.815362e-31
testing3633.jpg,Nanodomain,1.0,0.0,1.0,0.0
testing3634.jpg,Nanodomain,1.0,0.0,1.0,0.0
testing3635.jpg,Nanodomain,1.0,0.0,1.0,0.0
testing3636.jpg,Nanodomain,1.0,0.0,1.0,0.0
testing3637.jpg,Nanodomain,1.0,0.0,1.0,0.0
testing3638.jpg,Nanodomain,1.0,0.0,1.0,0.0
testing3639.jpg,Nanodomain,1.0,0.0,1.0,0.0
testing3640.jpg,Nanodomain,1.0,0.0,1.0,0.0
testing3641.jpg,Nanodomain,1.0,0.0,1.0,0.0
testing3642.jpg,Nanodomain,1.0,0.0,1.0,0.0
testing3643.jpg,Nanodomain,1.0,0.0,1.0,0.0
testing3644.jpg,Nanodomain,1.0,0.0,1.0,0.0
testing3645.jpg,Nanodomain,1.0,0.0,1.0,0.0
testing3646.jpg,Nanodomain,1.0,0.0,1.0,0.0
testing3647.jpg,Nanodomain,0.93186516,0.06813491,0.93186516,5.740824e-20
testing3648.jpg,Outside,1.0,1.2085489e-27,3.6709658e-27,1.0
testing3649.jpg,Nanodomain,1.0,0.0,1.0,0.0
testing3650.jpg,Nanodomain,1.0,0.0,1.0,0.0
testing3651.jpg,Nanodomain,1.0,0.0,1.0,0.0
testing3652.jpg,Nanodomain,1.0,0.0,1.0,0.0
testing3653.jpg,Nanodomain,1.0,0.0,1.0,0.0
testing3654.jpg,Nanodomain,1.0,0.0,1.0,0.0
testing3655.jpg,Nanodomain,1.0,0.0,1.0,0.0
testing3656.jpg,Nanodomain,1.0,0.0,1.0,0.0
testing3657.jpg,Nanodomain,1.0,0.0,1.0,0.0
testing3658.jpg,Nanodomain,1.0,0.0,1.0,0.0
testing3659.jpg,Nanodomain,1.0,0.0,1.0,0.0
testing3660.jpg,Nanodomain,1.0,0.0,1.0,0.0
testing3661.jpg,Outside,1.0,4.561106e-33,1.2470822e-29,1.0
testing3662.jpg,Outside,1.0,8.2158304e-32,2.7684925e-30,1.0
testing3663.jpg,Outside,1.0,6.8711853e-32,1.3260849e-29,1.0
testing3664.jpg,Outside,1.0,9.065621e-25,5.41781e-26,1.0
testing3665.jpg,Outside,1.0,2.8460289e-31,6.805715e-30,1.0
testing3666.jpg,Outside,1.0,4.3491165e-26,3.2948794e-26,1.0
testing3667.jpg,Outside,1.0,4.3281737e-29,7.620702e-30,1.0
testing3668.jpg,Outside,1.0,1.3675294e-33,6.9218844e-31,1.0
testing3669.jpg,Outside,1.0,6.0714118e-33,7.73587e-30,1.0
testing3670.jpg,Outside,1.0,2.066223e-32,8.583095e-32,1.0
testing3671.jpg,Outside,1.0,1.2541141e-29,1.9804769e-31,1.0
testing3672.jpg,Outside,1.0,4.2255392e-30,7.2244446e-30,1.0
testing3673.jpg,Outside,1.0,1.9873032e-31,1.05521634e-29,1.0
testing3674.jpg,Outside,1.0,2.6659177e-31,2.1583094e-30,1.0
testing3675.jpg,Outside,1.0,8.854655e-36,3.015269e-34,1.0
testing3676.jpg,Outside,1.0,1.4410122e-36,1.5748509e-34,1.0
testing3677.jpg,Outside,1.0,2.8668656e-29,2.3923425e-29,1.0
testing3678.jpg,Outside,1.0,1.4202681e-37,4.0496813e-33,1.0
testing3679.jpg,Outside,1.0,8.9977516e-32,3.6772508e-31,1.0
testing3680.jpg,Outside,1.0,2.1360563e-29,1.3430535e-28,1.0
testing3681.jpg,Outside,1.0,7.030659e-35,4.5624486e-32,1.0
testing3682.jpg,Outside,1.0,1.27587405e-26,7.139428e-24,1.0
testing3683.jpg,Outside,1.0,7.360226e-36,5.4542015e-34,1.0
testing3684.jpg,Nanodomain,1.0,0.0,1.0,0.0
testing3685.jpg,Nanodomain,1.0,0.0,1.0,0.0
testing3686.jpg,Nanodomain,1.0,0.0,1.0,0.0
testing3687.jpg,Outside,1.0,5.179106e-26,7.8007415e-29,1.0
testing3688.jpg,Outside,1.0,7.1598156e-35,1.655537e-34,1.0
testing3689.jpg,Outside,1.0,3.7453505e-29,3.6141573e-30,1.0
testing3690.jpg,Outside,1.0,7.670437e-28,2.5530382e-27,1.0
testing3691.jpg,Outside,1.0,2.3963484e-32,2.0277054e-31,1.0
testing3692.jpg,Outside,1.0,7.801362e-30,1.402999e-29,1.0
testing3693.jpg,Outside,1.0,2.719743e-31,1.5602159e-30,1.0
testing3694.jpg,Outside,1.0,8.066453e-25,2.5330691e-23,1.0
testing3695.jpg,Outside,1.0,8.199174e-32,4.0343985e-34,1.0
testing3696.jpg,Nanodomain,1.0,0.0,1.0,0.0
testing3697.jpg,Nanodomain,1.0,0.0,1.0,0.0
testing3698.jpg,Nanodomain,1.0,0.0,1.0,0.0
testing3699.jpg,Nanodomain,1.0,0.0,1.0,0.0
testing3700.jpg,Nanodomain,1.0,0.0,1.0,0.0
testing3701.jpg,Nanodomain,1.0,0.0,1.0,0.0
testing3702.jpg,Nanodomain,1.0,0.0,1.0,0.0
testing3703.jpg,Outside,1.0,6.37936e-33,1.12666845e-33,1.0
testing3704.jpg,Nanodomain,1.0,5.5448484e-12,1.0,1.3692476e-32
testing3705.jpg,Intermediate,1.0,1.0,9.606493e-16,9.809703e-28
testing3706.jpg,Intermediate,1.0,1.0,8.36049e-28,2.3292408e-16
testing3707.jpg,Nanodomain,1.0,6.825638e-28,1.0,0.0
testing3708.jpg,Nanodomain,1.0,4.7763587e-23,1.0,0.0
testing3709.jpg,Nanodomain,0.998279,0.0017209795,0.998279,6.0883715e-27
testing3710.jpg,Nanodomain,0.9999999,1.6973678e-07,0.9999999,3.892738e-28
testing3711.jpg,Nanodomain,0.99959165,0.00040836865,0.99959165,3.3080973e-29
testing3712.jpg,Nanodomain,1.0,4.0229015e-20,1.0,0.0
testing3713.jpg,Outside,1.0,2.0194063e-32,2.3125798e-30,1.0
testing3714.jpg,Outside,1.0,8.636206e-31,2.8969455e-28,1.0
testing3715.jpg,Outside,1.0,4.3133773e-34,1.084455e-30,1.0
testing3716.jpg,Intermediate,1.0,1.0,2.1536587e-26,3.6058175e-12
testing3717.jpg,Outside,0.9999678,3.2175205e-05,4.7200936e-15,0.9999678
testing3718.jpg,Intermediate,1.0,1.0,6.255544e-25,2.4562002e-10
testing3719.jpg,Intermediate,0.9999993,0.9999993,4.2698165e-24,6.7989527e-07
testing3720.jpg,Intermediate,1.0,1.0,7.232188e-24,7.169463e-09
testing3721.jpg,Nanodomain,0.99978226,0.00021774862,0.99978226,5.015994e-24
testing3722.jpg,Nanodomain,1.0,2.15976e-14,1.0,1.180198e-33
testing3723.jpg,Intermediate,1.0,1.0,5.2573053e-22,4.6113347e-25
testing3724.jpg,Nanodomain,1.0,2.652572e-13,1.0,2.666435e-32
testing3725.jpg,Intermediate,0.97253495,0.97253495,0.027465107,3.0706418e-20
testing3726.jpg,Outside,0.9919253,0.008074707,2.0083698e-19,0.9919253
testing3727.jpg,Intermediate,0.9705593,0.9705593,1.3326869e-18,0.029440662
testing3728.jpg,Nanodomain,0.99999905,9.0771846e-07,0.99999905,1.4476994e-29
testing3729.jpg,Nanodomain,1.0,3.21735e-19,1.0,0.0
testing3730.jpg,Intermediate,0.6233095,0.6233095,1.9548896e-18,0.37669054
testing3731.jpg,Outside,0.9999629,3.7131427e-05,6.654626e-19,0.9999629
testing3732.jpg,Outside,1.0,2.1739824e-17,1.7783454e-23,1.0
testing3733.jpg,Intermediate,1.0,1.0,2.585133e-35,2.0550916e-25
testing3734.jpg,Intermediate,1.0,1.0,5.4539806e-31,2.5369276e-23
testing3735.jpg,Intermediate,1.0,1.0,2.3819123e-32,6.3544647e-18
testing3736.jpg,Outside,0.99922574,0.00077421486,3.4478524e-21,0.99922574
testing3737.jpg,Intermediate,0.9856916,0.9856916,3.003722e-18,0.014308461
testing3738.jpg,Intermediate,1.0,1.0,5.8933303e-33,6.9115314e-19
testing3739.jpg,Outside,1.0,9.295778e-16,9.928492e-18,1.0
testing3740.jpg,Outside,1.0,2.3514635e-11,3.1716772e-19,1.0
testing3741.jpg,Intermediate,1.0,1.0,5.4978166e-27,1.0726958e-23
testing3742.jpg,Intermediate,1.0,1.0,2.8124332e-30,1.1598379e-24
testing3743.jpg,Intermediate,1.0,1.0,0.0,4.6923643e-30
testing3744.jpg,Intermediate,0.9823715,0.9823715,2.7154397e-21,0.017628435
testing3745.jpg,Intermediate,0.99984574,0.99984574,6.8179515e-20,0.00015422626
testing3746.jpg,Intermediate,1.0,1.0,1.367963e-25,3.474864e-16
testing3747.jpg,Intermediate,1.0,1.0,2.8095077e-36,2.5308155e-18
testing3748.jpg,Outside,1.0,1.5663918e-18,3.9049886e-23,1.0
testing3749.jpg,Intermediate,0.924016,0.924016,3.8876914e-20,0.075983964
testing3750.jpg,Intermediate,1.0,1.0,6.245827e-29,2.7486308e-26
testing3751.jpg,Nanodomain,1.0,3.257704e-30,1.0,0.0
testing3752.jpg,Intermediate,1.0,1.0,1.3706303e-35,6.050708e-29
testing3753.jpg,Nanodomain,1.0,0.0,1.0,0.0
testing3754.jpg,Nanodomain,1.0,0.0,1.0,0.0
testing3755.jpg,Nanodomain,1.0,0.0,1.0,0.0
testing3756.jpg,Nanodomain,1.0,4.605093e-18,1.0,0.0
testing3757.jpg,Nanodomain,1.0,3.597853e-17,1.0,3.1122527e-35
testing3758.jpg,Nanodomain,1.0,5.7948505e-22,1.0,0.0
testing3759.jpg,Outside,1.0,3.1472933e-20,7.227696e-23,1.0
testing3760.jpg,Outside,1.0,1.784068e-10,8.9052675e-20,1.0
testing3761.jpg,Nanodomain,1.0,0.0,1.0,0.0
testing3762.jpg,Nanodomain,1.0,0.0,1.0,0.0
testing3763.jpg,Nanodomain,1.0,0.0,1.0,0.0
testing3764.jpg,Nanodomain,1.0,0.0,1.0,0.0
testing3765.jpg,Nanodomain,1.0,0.0,1.0,0.0
testing3766.jpg,Intermediate,0.9999944,0.9999944,5.5691057e-06,8.03841e-21
testing3767.jpg,Nanodomain,1.0,0.0,1.0,0.0
testing3768.jpg,Nanodomain,1.0,0.0,1.0,0.0
testing3769.jpg,Nanodomain,1.0,0.0,1.0,0.0
testing3770.jpg,Nanodomain,1.0,0.0,1.0,0.0
testing3771.jpg,Nanodomain,1.0,0.0,1.0,0.0
testing3772.jpg,Nanodomain,1.0,0.0,1.0,0.0
testing3773.jpg,Nanodomain,1.0,0.0,1.0,0.0
testing3774.jpg,Nanodomain,1.0,0.0,1.0,0.0
testing3775.jpg,Nanodomain,1.0,0.0,1.0,0.0
testing3776.jpg,Nanodomain,1.0,0.0,1.0,0.0
testing3777.jpg,Nanodomain,1.0,0.0,1.0,0.0
testing3778.jpg,Nanodomain,1.0,0.0,1.0,0.0
testing3779.jpg,Nanodomain,1.0,0.0,1.0,0.0
testing3780.jpg,Nanodomain,1.0,0.0,1.0,0.0
testing3781.jpg,Nanodomain,1.0,0.0,1.0,0.0
testing3782.jpg,Nanodomain,1.0,0.0,1.0,0.0
testing3783.jpg,Nanodomain,1.0,0.0,1.0,0.0
testing3784.jpg,Nanodomain,1.0,0.0,1.0,0.0
testing3785.jpg,Nanodomain,1.0,0.0,1.0,0.0
testing3786.jpg,Nanodomain,1.0,0.0,1.0,0.0
testing3787.jpg,Outside,1.0,5.4527746e-31,1.8495557e-28,1.0
testing3788.jpg,Outside,1.0,4.916543e-30,1.0987137e-28,1.0
testing3789.jpg,Outside,1.0,6.001207e-32,1.3218178e-28,1.0
testing3790.jpg,Outside,1.0,4.8843735e-29,1.8503665e-29,1.0
testing3791.jpg,Outside,1.0,3.9818333e-34,4.17733e-30,1.0
testing3792.jpg,Outside,1.0,6.046179e-31,2.151217e-29,1.0
testing3793.jpg,Outside,1.0,3.578602e-35,3.75098e-31,1.0
testing3794.jpg,Outside,1.0,4.1108857e-31,2.0628631e-29,1.0
testing3795.jpg,Outside,1.0,3.028213e-27,8.959183e-25,1.0
testing3796.jpg,Outside,1.0,6.59424e-29,8.627814e-30,1.0
testing3797.jpg,Outside,1.0,7.764676e-35,1.3873869e-32,1.0
testing3798.jpg,Outside,1.0,4.3327426e-32,1.7137842e-30,1.0
testing3799.jpg,Outside,1.0,6.663746e-32,5.248485e-31,1.0
testing3800.jpg,Outside,1.0,2.2505309e-35,1.4352424e-34,1.0
testing3801.jpg,Outside,1.0,1.509801e-26,1.8401615e-27,1.0
testing3802.jpg,Outside,1.0,1.3926512e-26,5.38533e-28,1.0
testing3803.jpg,Outside,1.0,1.2476776e-28,6.843135e-27,1.0
testing3804.jpg,Outside,1.0,2.6461948e-28,3.6008003e-27,1.0
testing3805.jpg,Outside,1.0,0.0,2.4080628e-37,1.0
testing3806.jpg,Outside,1.0,1.0816302e-28,2.9810004e-29,1.0
testing3807.jpg,Outside,1.0,2.1445104e-33,5.694916e-31,1.0
testing3808.jpg,Outside,1.0,1.5474381e-28,1.3508533e-28,1.0
testing3809.jpg,Outside,1.0,7.923475e-34,4.9988843e-30,1.0
testing3810.jpg,Outside,1.0,1.6695603e-33,1.5179861e-31,1.0
testing3811.jpg,Outside,1.0,5.071096e-32,2.786568e-30,1.0
testing3812.jpg,Nanodomain,1.0,0.0,1.0,0.0
testing3813.jpg,Nanodomain,1.0,0.0,1.0,0.0
testing3814.jpg,Nanodomain,1.0,0.0,1.0,0.0
testing3815.jpg,Outside,1.0,1.3859964e-31,2.6003044e-28,1.0
testing3816.jpg,Outside,1.0,1.3965505e-34,7.6854803e-31,1.0
testing3817.jpg,Outside,1.0,1.0631531e-34,7.0475065e-32,1.0
testing3818.jpg,Outside,1.0,3.817032e-31,1.0449889e-30,1.0
testing3819.jpg,Outside,1.0,1.8094154e-27,3.236517e-26,1.0
testing3820.jpg,Outside,1.0,2.7823711e-31,4.724175e-29,1.0
testing3821.jpg,Outside,1.0,2.6841252e-29,3.0414324e-28,1.0
testing3822.jpg,Outside,1.0,1.5889283e-35,2.0491942e-35,1.0
testing3823.jpg,Nanodomain,1.0,0.0,1.0,0.0
testing3824.jpg,Nanodomain,1.0,0.0,1.0,0.0
testing3825.jpg,Nanodomain,1.0,0.0,1.0,0.0
testing3826.jpg,Nanodomain,1.0,0.0,1.0,0.0
testing3827.jpg,Nanodomain,1.0,0.0,1.0,0.0
testing3828.jpg,Nanodomain,1.0,0.0,1.0,0.0
testing3829.jpg,Nanodomain,1.0,0.0,1.0,0.0
testing3830.jpg,Nanodomain,1.0,0.0,1.0,0.0
testing3831.jpg,Outside,1.0,1.1095881e-37,6.031976e-35,1.0
testing3832.jpg,Nanodomain,0.9999999,1.5347695e-07,0.9999999,5.381376e-32
testing3833.jpg,Nanodomain,1.0,1.0736026e-34,1.0,0.0
testing3834.jpg,Nanodomain,1.0,1.1452293e-30,1.0,0.0
testing3835.jpg,Nanodomain,1.0,5.524039e-17,1.0,5.651505e-38
testing3836.jpg,Nanodomain,0.99217826,0.007821738,0.99217826,1.0430082e-29
testing3837.jpg,Nanodomain,0.9998666,0.00013338821,0.9998666,1.5638585e-28
testing3838.jpg,Nanodomain,1.0,1.7461102e-33,1.0,0.0
testing3839.jpg,Intermediate,0.99999785,0.99999785,2.1094336e-06,4.937501e-25
testing3840.jpg,Intermediate,0.9999999,0.9999999,1.4142384e-07,1.2363754e-24
testing3841.jpg,Intermediate,1.0,1.0,8.094069e-18,9.059012e-19
testing3842.jpg,Intermediate,0.7215658,0.7215658,1.252348e-18,0.2784342
testing3843.jpg,Outside,1.0,2.100071e-09,4.9616143e-21,1.0
testing3844.jpg,Intermediate,0.9719439,0.9719439,3.6057e-17,0.028056031
testing3845.jpg,Intermediate,0.93754137,0.93754137,2.9759289e-18,0.06245869
testing3846.jpg,Outside,1.0,2.0435846e-32,2.7105276e-29,1.0
testing3847.jpg,Outside,1.0,2.3530063e-15,5.5599307e-19,1.0
testing3848.jpg,Intermediate,0.9999999,0.9999999,1.8775025e-25,1.2347954e-07
testing3849.jpg,Outside,1.0,1.777739e-11,5.1387982e-20,1.0
testing3850.jpg,Intermediate,0.9999374,0.9999374,6.256475e-05,4.1134105e-21
testing3851.jpg,Nanodomain,1.0,1.452116e-08,1.0,7.107271e-27
testing3852.jpg,Nanodomain,1.0,2.9692254e-18,1.0,8.76442e-37
testing3853.jpg,Nanodomain,1.0,3.2558578e-12,1.0,3.0619145e-32
testing3854.jpg,Nanodomain,1.0,1.7583317e-11,1.0,6.4156037e-32
testing3855.jpg,Nanodomain,1.0,0.0,1.0,0.0
testing3856.jpg,Nanodomain,1.0,1.0316859e-12,1.0,4.14789e-30
testing3857.jpg,Nanodomain,1.0,4.6199566e-20,1.0,3.2545995e-37
testing3858.jpg,Outside,1.0,3.285945e-17,9.450315e-22,1.0
testing3859.jpg,Intermediate,1.0,1.0,1.3698323e-25,1.1183168e-10
testing3860.jpg,Intermediate,1.0,1.0,6.1136502e-30,1.3160932e-19
testing3861.jpg,Intermediate,1.0,1.0,9.003197e-35,7.043656e-19
testing3862.jpg,Intermediate,0.9979074,0.9979074,3.8549972e-19,0.002092661
testing3863.jpg,Outside,0.99968255,0.00031741677,1.2660493e-20,0.99968255
testing3864.jpg,Outside,0.9948468,0.0051532197,3.1627353e-17,0.9948468
testing3865.jpg,Intermediate,1.0,1.0,2.4684053e-22,7.4505557e-09
testing3866.jpg,Intermediate,1.0,1.0,7.9909295e-32,3.743274e-17
testing3867.jpg,Intermediate,1.0,1.0,1.3460592e-28,1.5140067e-17
testing3868.jpg,Intermediate,1.0,1.0,7.0164435e-32,8.14755e-30
testing3869.jpg,Intermediate,1.0,1.0,3.2124534e-36,3.6285472e-25
testing3870.jpg,Intermediate,1.0,1.0,7.029401e-27,9.856249e-10
testing3871.jpg,Intermediate,1.0,1.0,2.6683624e-29,1.1865322e-13
testing3872.jpg,Intermediate,1.0,1.0,4.913939e-29,1.4870778e-14
testing3873.jpg,Intermediate,0.9999999,0.9999999,2.4067456e-25,6.290127e-08
testing3874.jpg,Outside,1.0,6.378147e-17,6.761051e-23,1.0
testing3875.jpg,Outside,1.0,4.428524e-25,3.2561947e-26,1.0
testing3876.jpg,Intermediate,1.0,1.0,6.514325e-24,1.7964103e-08
testing3877.jpg,Intermediate,1.0,1.0,9.977866e-30,8.5530947e-16
testing3878.jpg,Outside,0.99913317,0.00086689665,2.5268983e-16,0.99913317
testing3879.jpg,Intermediate,1.0,1.0,4.9603284e-28,3.91366e-27
testing3880.jpg,Nanodomain,1.0,2.486095e-30,1.0,0.0
testing3881.jpg,Nanodomain,1.0,1.5191518e-37,1.0,0.0
testing3882.jpg,Nanodomain,1.0,9.6908735e-27,1.0,0.0
testing3883.jpg,Nanodomain,1.0,2.6966423e-24,1.0,0.0
testing3884.jpg,Nanodomain,1.0,7.591262e-20,1.0,0.0
testing3885.jpg,Nanodomain,1.0,1.6532227e-17,1.0,4.0341177e-36
testing3886.jpg,Intermediate,1.0,1.0,1.9212997e-26,1.555091e-26
testing3887.jpg,Intermediate,1.0,1.0,5.382346e-38,1.4690491e-33
testing3888.jpg,Intermediate,1.0,1.0,5.4115303e-26,1.3624952e-24
testing3889.jpg,Nanodomain,1.0,0.0,1.0,0.0
testing3890.jpg,Nanodomain,1.0,0.0,1.0,0.0
testing3891.jpg,Nanodomain,1.0,0.0,1.0,0.0
testing3892.jpg,Nanodomain,1.0,0.0,1.0,0.0
testing3893.jpg,Nanodomain,1.0,0.0,1.0,0.0
testing3894.jpg,Nanodomain,1.0,0.0,1.0,0.0
testing3895.jpg,Nanodomain,1.0,0.0,1.0,0.0
testing3896.jpg,Nanodomain,1.0,0.0,1.0,0.0
testing3897.jpg,Nanodomain,1.0,0.0,1.0,0.0
testing3898.jpg,Nanodomain,1.0,0.0,1.0,0.0
testing3899.jpg,Nanodomain,1.0,0.0,1.0,0.0
testing3900.jpg,Nanodomain,1.0,0.0,1.0,0.0
testing3901.jpg,Nanodomain,1.0,0.0,1.0,0.0
testing3902.jpg,Nanodomain,1.0,0.0,1.0,0.0
testing3903.jpg,Intermediate,0.9999647,0.9999647,3.52616e-05,3.6713334e-23
testing3904.jpg,Nanodomain,1.0,0.0,1.0,0.0
testing3905.jpg,Nanodomain,1.0,0.0,1.0,0.0
testing3906.jpg,Nanodomain,1.0,0.0,1.0,0.0
testing3907.jpg,Nanodomain,1.0,0.0,1.0,0.0
testing3908.jpg,Nanodomain,1.0,0.0,1.0,0.0
testing3909.jpg,Nanodomain,1.0,0.0,1.0,0.0
testing3910.jpg,Nanodomain,1.0,0.0,1.0,0.0
testing3911.jpg,Nanodomain,1.0,0.0,1.0,0.0
testing3912.jpg,Nanodomain,1.0,0.0,1.0,0.0
testing3913.jpg,Nanodomain,1.0,0.0,1.0,0.0
testing3914.jpg,Outside,1.0,3.367374e-32,5.420758e-29,1.0
testing3915.jpg,Outside,1.0,8.948745e-37,8.436039e-34,1.0
testing3916.jpg,Outside,1.0,2.0684379e-33,1.2834518e-31,1.0
testing3917.jpg,Outside,1.0,1.6609315e-28,2.1640518e-26,1.0
testing3918.jpg,Outside,1.0,4.5926326e-35,1.221455e-30,1.0
testing3919.jpg,Outside,1.0,7.40602e-29,1.2468063e-29,1.0
testing3920.jpg,Outside,1.0,6.831898e-33,7.7191265e-30,1.0
testing3921.jpg,Outside,1.0,1.5000527e-34,5.9950947e-33,1.0
testing3922.jpg,Outside,1.0,2.3572864e-27,4.045939e-28,1.0
testing3923.jpg,Outside,1.0,4.6652553e-29,1.0115114e-27,1.0
testing3924.jpg,Outside,1.0,1.8262717e-36,5.3416525e-34,1.0
testing3925.jpg,Outside,1.0,2.9770557e-30,1.0979511e-28,1.0
testing3926.jpg,Outside,1.0,9.894351e-33,5.6770866e-31,1.0
testing3927.jpg,Outside,1.0,3.418703e-34,7.345488e-32,1.0
testing3928.jpg,Outside,1.0,1.2933841e-32,1.4904619e-30,1.0
testing3929.jpg,Outside,1.0,1.2970898e-32,1.3173451e-32,1.0
testing3930.jpg,Outside,1.0,9.361333e-37,2.848372e-33,1.0
testing3931.jpg,Outside,1.0,1.4294677e-33,3.6351465e-30,1.0
testing3932.jpg,Outside,1.0,1.4448145e-30,1.6978176e-28,1.0
testing3933.jpg,Outside,1.0,1.5643025e-32,7.6373744e-31,1.0
testing3934.jpg,Outside,1.0,1.2186773e-36,1.1807384e-33,1.0
testing3935.jpg,Outside,1.0,6.829717e-31,3.0202513e-28,1.0
testing3936.jpg,Outside,1.0,0.0,5.8524668e-33,1.0
testing3937.jpg,Outside,1.0,3.9492743e-29,2.9395926e-28,1.0
testing3938.jpg,Outside,1.0,2.6438343e-35,7.6626715e-32,1.0
testing3939.jpg,Nanodomain,1.0,0.0,1.0,0.0
testing3940.jpg,Nanodomain,1.0,0.0,1.0,0.0
testing3941.jpg,Nanodomain,1.0,0.0,1.0,0.0
testing3942.jpg,Nanodomain,1.0,0.0,1.0,0.0
testing3943.jpg,Outside,1.0,4.3053886e-34,1.2794922e-31,1.0
testing3944.jpg,Outside,1.0,1.1460584e-32,2.8218135e-31,1.0
testing3945.jpg,Outside,1.0,4.8945154e-31,6.492948e-29,1.0
testing3946.jpg,Outside,1.0,5.818345e-32,3.489677e-30,1.0
testing3947.jpg,Outside,1.0,3.0249165e-31,9.985547e-32,1.0
testing3948.jpg,Outside,1.0,5.3595324e-34,4.5985325e-31,1.0
testing3949.jpg,Outside,1.0,1.2748129e-27,4.4795984e-25,1.0
testing3950.jpg,Outside,1.0,2.4074431e-33,1.5289367e-29,1.0
testing3951.jpg,Nanodomain,1.0,0.0,1.0,0.0
testing3952.jpg,Nanodomain,1.0,0.0,1.0,0.0
testing3953.jpg,Nanodomain,1.0,0.0,1.0,0.0
testing3954.jpg,Nanodomain,1.0,0.0,1.0,0.0
testing3955.jpg,Nanodomain,1.0,0.0,1.0,0.0
testing3956.jpg,Nanodomain,1.0,0.0,1.0,0.0
testing3957.jpg,Outside,1.0,1.1890773e-34,2.5032956e-34,1.0
testing3958.jpg,Outside,1.0,1.0444106e-31,2.525237e-29,1.0
testing3959.jpg,Outside,1.0,7.0880397e-29,9.9525915e-29,1.0
testing3960.jpg,Outside,1.0,3.563019e-35,2.2608095e-31,1.0
testing3961.jpg,Outside,1.0,4.510861e-09,6.856685e-23,1.0
testing3962.jpg,Nanodomain,1.0,1.1050187e-09,1.0,8.7908696e-30
testing3963.jpg,Nanodomain,1.0,1.7516125e-20,1.0,0.0
testing3964.jpg,Nanodomain,0.99999774,2.2178976e-06,0.99999774,1.621134e-29
testing3965.jpg,Nanodomain,0.992434,0.0075659757,0.992434,3.962896e-25
testing3966.jpg,Nanodomain,1.0,1.1035116e-11,1.0,3.4278293e-35
testing3967.jpg,Nanodomain,1.0,1.170231e-20,1.0,0.0
testing3968.jpg,Nanodomain,1.0,1.5988747e-21,1.0,0.0
testing3969.jpg,Intermediate,0.99749017,0.99749017,2.4693109e-15,0.0025098408
testing3970.jpg,Outside,1.0,9.715018e-32,6.5175965e-27,1.0
testing3971.jpg,Outside,1.0,1.37709165e-36,1.3453173e-32,1.0
testing3972.jpg,Outside,1.0,7.2213053e-37,9.057526e-34,1.0
testing3973.jpg,Outside,1.0,6.20323e-36,1.9381892e-31,1.0
testing3974.jpg,Outside,1.0,1.6495315e-24,2.0975862e-23,1.0
testing3975.jpg,Intermediate,1.0,1.0,1.0090949e-27,1.9524168e-10
testing3976.jpg,Outside,1.0,1.0183101e-19,2.3905605e-24,1.0
testing3977.jpg,Outside,1.0,2.7121892e-24,1.4117152e-25,1.0
testing3978.jpg,Outside,1.0,4.298097e-14,2.5313607e-22,1.0
testing3979.jpg,Outside,1.0,2.7353618e-15,2.1437392e-20,1.0
testing3980.jpg,Outside,1.0,4.0525684e-08,1.3892657e-19,1.0
testing3981.jpg,Outside,0.9978676,0.0021323385,6.4850977e-18,0.9978676
testing3982.jpg,Outside,1.0,4.1700745e-09,2.7388735e-20,1.0
testing3983.jpg,Outside,0.96787006,0.032129936,5.485447e-16,0.96787006
testing3984.jpg,Intermediate,1.0,1.0,1.4139339e-35,3.26711e-24
testing3985.jpg,Intermediate,1.0,1.0,9.099111e-28,5.3991175e-26
testing3986.jpg,Intermediate,1.0,1.0,1.969295e-33,2.882032e-28
testing3987.jpg,Outside,1.0,3.5406632e-20,1.6868447e-26,1.0
testing3988.jpg,Intermediate,1.0,1.0,0.0,1.0759889e-34
testing3989.jpg,Intermediate,1.0,1.0,1.6199404e-34,2.8624386e-30
testing3990.jpg,Outside,1.0,1.1780474e-19,1.7646156e-21,1.0
testing3991.jpg,Outside,0.99999964,4.0033083e-07,9.133503e-20,0.99999964
testing3992.jpg,Intermediate,1.0,1.0,2.795798e-31,1.4189444e-25
testing3993.jpg,Intermediate,1.0,1.0,5.104284e-32,2.0188718e-20
testing3994.jpg,Intermediate,1.0,1.0,1.2525093e-34,1.008789e-23
testing3995.jpg,Intermediate,1.0,1.0,1.4275477e-28,2.7352074e-21
testing3996.jpg,Intermediate,1.0,1.0,1.7564156e-36,6.869054e-27
testing3997.jpg,Intermediate,1.0,1.0,1.9969477e-30,8.008428e-29
testing3998.jpg,Intermediate,1.0,1.0,0.0,8.797042e-30
testing3999.jpg,Intermediate,1.0,1.0,0.0,7.688555e-32
testing4000.jpg,Intermediate,1.0,1.0,4.3697285e-30,2.1769442e-18
testing4001.jpg,Intermediate,1.0,1.0,1.1917055e-28,1.8443819e-23
testing4002.jpg,Outside,1.0,4.4104865e-13,4.2249984e-19,1.0
testing4003.jpg,Outside,0.9951603,0.0048397616,4.7316854e-20,0.9951603
testing4004.jpg,Outside,1.0,1.1021801e-15,5.3103064e-18,1.0
testing4005.jpg,Intermediate,1.0,1.0,2.3294707e-32,3.6515753e-22
testing4006.jpg,Intermediate,1.0,1.0,6.691416e-30,8.7857534e-27
testing4007.jpg,Nanodomain,1.0,0.0,1.0,0.0
testing4008.jpg,Intermediate,1.0,1.0,2.1801236e-21,1.3376205e-25
testing4009.jpg,Intermediate,1.0,1.0,1.154273e-30,6.483211e-17
testing4010.jpg,Intermediate,0.99999964,0.99999964,1.4194952e-19,3.8656535e-07
testing4011.jpg,Intermediate,0.60006434,0.60006434,1.8496778e-20,0.3999357
testing4012.jpg,Outside,1.0,7.112967e-27,4.9883225e-26,1.0
testing4013.jpg,Outside,1.0,4.593008e-32,1.3641814e-30,1.0
testing4014.jpg,Outside,1.0,1.8364648e-28,3.266197e-26,1.0
testing4015.jpg,Intermediate,1.0,1.0,3.359302e-33,2.6188823e-26
testing4016.jpg,Intermediate,1.0,1.0,1.5872577e-33,3.0476709e-27
testing4017.jpg,Nanodomain,1.0,0.0,1.0,0.0
testing4018.jpg,Nanodomain,1.0,0.0,1.0,0.0
testing4019.jpg,Nanodomain,1.0,0.0,1.0,0.0
testing4020.jpg,Nanodomain,1.0,0.0,1.0,0.0
testing4021.jpg,Nanodomain,1.0,0.0,1.0,0.0
testing4022.jpg,Nanodomain,1.0,0.0,1.0,0.0
testing4023.jpg,Nanodomain,1.0,0.0,1.0,0.0
testing4024.jpg,Nanodomain,1.0,0.0,1.0,0.0
testing4025.jpg,Nanodomain,1.0,0.0,1.0,0.0
testing4026.jpg,Nanodomain,1.0,0.0,1.0,0.0
testing4027.jpg,Nanodomain,1.0,0.0,1.0,0.0
testing4028.jpg,Outside,1.0,6.760552e-33,1.5315183e-27,1.0
testing4029.jpg,Nanodomain,1.0,2.8113668e-33,1.0,0.0
testing4030.jpg,Nanodomain,1.0,0.0,1.0,0.0
testing4031.jpg,Nanodomain,1.0,0.0,1.0,0.0
testing4032.jpg,Nanodomain,1.0,0.0,1.0,0.0
testing4033.jpg,Nanodomain,1.0,0.0,1.0,0.0
testing4034.jpg,Nanodomain,1.0,0.0,1.0,0.0
testing4035.jpg,Nanodomain,1.0,0.0,1.0,0.0
testing4036.jpg,Nanodomain,1.0,0.0,1.0,0.0
testing4037.jpg,Nanodomain,1.0,0.0,1.0,0.0
testing4038.jpg,Nanodomain,1.0,0.0,1.0,0.0
testing4039.jpg,Nanodomain,1.0,0.0,1.0,0.0
testing4040.jpg,Nanodomain,1.0,0.0,1.0,0.0
testing4041.jpg,Nanodomain,1.0,0.0,1.0,0.0
testing4042.jpg,Outside,1.0,2.6642822e-30,2.6773681e-27,1.0
testing4043.jpg,Outside,1.0,3.7844232e-32,3.3197175e-28,1.0
testing4044.jpg,Outside,1.0,8.962027e-31,2.865129e-28,1.0
testing4045.jpg,Outside,1.0,4.556053e-30,9.4482425e-26,1.0
testing4046.jpg,Outside,1.0,4.9469172e-26,2.884885e-25,1.0
testing4047.jpg,Outside,1.0,1.9142015e-28,1.3604158e-27,1.0
testing4048.jpg,Outside,1.0,4.430722e-32,1.4424197e-29,1.0
testing4049.jpg,Outside,1.0,3.7385606e-34,1.739331e-31,1.0
testing4050.jpg,Outside,1.0,9.2395406e-29,5.4541227e-25,1.0
testing4051.jpg,Outside,1.0,1.9700635e-31,1.1566344e-32,1.0
testing4052.jpg,Outside,1.0,3.522396e-27,2.2602375e-26,1.0
testing4053.jpg,Intermediate,1.0,1.0,5.8773143e-36,6.7268094e-23
testing4054.jpg,Outside,1.0,9.762028e-29,6.655659e-27,1.0
testing4055.jpg,Outside,1.0,2.7099486e-29,7.619518e-28,1.0
testing4056.jpg,Outside,1.0,6.1552443e-34,1.2639889e-29,1.0
testing4057.jpg,Outside,1.0,2.0361145e-32,1.3423614e-29,1.0
testing4058.jpg,Outside,1.0,1.7253833e-28,1.0459244e-26,1.0
testing4059.jpg,Outside,1.0,2.623005e-31,1.917784e-27,1.0
testing4060.jpg,Outside,1.0,9.7355294e-33,3.3810987e-30,1.0
testing4061.jpg,Outside,1.0,5.1888817e-31,6.762946e-27,1.0
testing4062.jpg,Outside,1.0,2.53395e-37,2.0915838e-32,1.0
testing4063.jpg,Outside,1.0,3.9773613e-31,1.0523668e-28,1.0
testing4064.jpg,Outside,1.0,4.1355846e-29,8.56922e-25,1.0
testing4065.jpg,Outside,1.0,3.8763004e-30,7.019242e-28,1.0
testing4066.jpg,Nanodomain,1.0,0.0,1.0,0.0
testing4067.jpg,Nanodomain,1.0,0.0,1.0,0.0
testing4068.jpg,Nanodomain,1.0,0.0,1.0,0.0
testing4069.jpg,Nanodomain,1.0,0.0,1.0,0.0
testing4070.jpg,Nanodomain,1.0,0.0,1.0,0.0
testing4071.jpg,Outside,1.0,5.6493794e-35,1.5269219e-34,1.0
testing4072.jpg,Outside,1.0,3.6679362e-30,2.1696136e-27,1.0
testing4073.jpg,Outside,1.0,1.1938571e-29,5.9129787e-29,1.0
testing4074.jpg,Outside,1.0,4.3137722e-34,1.2297811e-31,1.0
testing4075.jpg,Outside,1.0,3.8482395e-27,1.0412621e-27,1.0
testing4076.jpg,Outside,1.0,1.4040484e-29,3.942995e-30,1.0
testing4077.jpg,Outside,1.0,1.5216039e-31,6.261783e-30,1.0
testing4078.jpg,Outside,1.0,1.2158647e-34,1.1199628e-32,1.0
testing4079.jpg,Outside,1.0,9.745051e-31,4.615353e-30,1.0
testing4080.jpg,Outside,1.0,9.587697e-34,6.439415e-31,1.0
testing4081.jpg,Outside,1.0,2.0363785e-32,2.6254789e-30,1.0
testing4082.jpg,Outside,1.0,3.4287406e-30,7.0530073e-28,1.0
testing4083.jpg,Outside,1.0,5.91537e-29,5.549189e-26,1.0
testing4084.jpg,Outside,1.0,7.4138455e-30,8.433997e-30,1.0
testing4085.jpg,Outside,1.0,2.7035258e-22,3.2193568e-23,1.0
testing4086.jpg,Outside,1.0,7.310625e-33,4.4563897e-30,1.0
testing4087.jpg,Intermediate,0.9999403,0.9999403,5.9662765e-05,1.436386e-23
testing4088.jpg,Nanodomain,1.0,2.7070639e-08,1.0,1.5471032e-26
testing4089.jpg,Nanodomain,0.9994326,0.00056734675,0.9994326,5.4537504e-26
testing4090.jpg,Intermediate,0.8185231,0.8185231,0.18147683,3.6529922e-22
testing4091.jpg,Intermediate,1.0,1.0,5.914205e-11,4.446576e-22
testing4092.jpg,Intermediate,1.0,1.0,2.807385e-22,2.3900293e-26
testing4093.jpg,Outside,0.9954822,0.0045177457,2.1208098e-20,0.9954822
testing4094.jpg,Nanodomain,1.0,1.2428716e-26,1.0,0.0
testing4095.jpg,Nanodomain,1.0,2.672923e-09,1.0,9.812003e-32
testing4096.jpg,Intermediate,1.0,1.0,5.841033e-23,4.982896e-21
testing4097.jpg,Outside,1.0,6.139036e-28,1.6926588e-26,1.0
testing4098.jpg,Outside,1.0,5.773815e-32,5.526814e-27,1.0
testing4099.jpg,Outside,1.0,4.1345567e-30,7.449805e-27,1.0
testing4100.jpg,Outside,1.0,3.5106017e-29,7.3008376e-27,1.0
testing4101.jpg,Outside,1.0,4.4815237e-35,1.1262791e-30,1.0
testing4102.jpg,Outside,1.0,7.7547965e-33,2.7706898e-30,1.0
testing4103.jpg,Outside,1.0,3.3472599e-21,4.115973e-22,1.0
testing4104.jpg,Outside,1.0,8.535062e-33,4.092538e-28,1.0
testing4105.jpg,Outside,1.0,0.0,4.5631797e-32,1.0
testing4106.jpg,Outside,1.0,1.7931831e-22,4.2324403e-24,1.0
testing4107.jpg,Outside,1.0,7.681492e-24,7.0463525e-24,1.0
testing4108.jpg,Outside,1.0,1.4362285e-11,5.469247e-18,1.0
testing4109.jpg,Outside,1.0,1.1031724e-08,3.7574886e-20,1.0
testing4110.jpg,Outside,1.0,2.1354717e-12,3.3568298e-18,1.0
testing4111.jpg,Outside,1.0,9.669812e-22,2.1808367e-23,1.0
testing4112.jpg,Intermediate,1.0,1.0,3.48291e-29,1.8140192e-26
testing4113.jpg,Outside,0.99986005,0.00013996588,2.9981975e-17,0.99986005
testing4114.jpg,Intermediate,1.0,1.0,0.0,9.484913e-30
testing4115.jpg,Intermediate,1.0,1.0,1.0755375e-34,7.188835e-25
testing4116.jpg,Intermediate,1.0,1.0,5.6697975e-37,4.4378545e-27
testing4117.jpg,Intermediate,1.0,1.0,4.5043532e-35,5.8217374e-26
testing4118.jpg,Intermediate,0.7636721,0.7636721,3.7471354e-19,0.23632789
testing4119.jpg,Intermediate,1.0,1.0,1.3583135e-30,6.738521e-23
testing4120.jpg,Intermediate,1.0,1.0,6.770292e-30,3.9748203e-20
testing4121.jpg,Intermediate,1.0,1.0,9.856127e-23,2.0221593e-16
testing4122.jpg,Intermediate,1.0,1.0,2.7223289e-30,4.5895693e-27
testing4123.jpg,Outside,1.0,6.0438716e-09,2.4502397e-17,1.0
testing4124.jpg,Intermediate,1.0,1.0,7.754087e-33,3.4833642e-20
testing4125.jpg,Intermediate,1.0,1.0,1.68516e-33,1.8221161e-30
testing4126.jpg,Intermediate,1.0,1.0,1.0711074e-34,1.6715773e-29
testing4127.jpg,Intermediate,1.0,1.0,2.2996755e-29,4.7605924e-21
testing4128.jpg,Intermediate,1.0,1.0,7.432957e-31,8.816308e-19
testing4129.jpg,Intermediate,1.0,1.0,4.429352e-25,1.3774782e-13
testing4130.jpg,Intermediate,1.0,1.0,8.1004875e-27,5.1396227e-12
testing4131.jpg,Outside,0.56309503,0.43690497,1.1537955e-18,0.56309503
testing4132.jpg,Intermediate,1.0,1.0,6.6289955e-29,1.0358108e-27
testing4133.jpg,Nanodomain,1.0,1.1529543e-35,1.0,0.0
testing4134.jpg,Nanodomain,1.0,3.2392023e-38,1.0,0.0
testing4135.jpg,Nanodomain,1.0,5.868832e-33,1.0,0.0
testing4136.jpg,Nanodomain,1.0,0.0,1.0,0.0
testing4137.jpg,Nanodomain,1.0,0.0,1.0,0.0
testing4138.jpg,Nanodomain,1.0,1.7355868e-23,1.0,0.0
testing4139.jpg,Nanodomain,1.0,8.025521e-22,1.0,0.0
testing4140.jpg,Outside,1.0,3.6166003e-29,2.8134702e-25,1.0
testing4141.jpg,Intermediate,0.99999964,0.99999964,3.928102e-07,2.5732611e-24
testing4142.jpg,Outside,1.0,3.8253333e-35,6.5231793e-31,1.0
testing4143.jpg,Nanodomain,1.0,0.0,1.0,0.0
testing4144.jpg,Intermediate,0.9938858,0.9938858,0.0061141285,3.792308e-22
testing4145.jpg,Nanodomain,1.0,5.3006357e-13,1.0,1.2053827e-32
testing4146.jpg,Nanodomain,1.0,0.0,1.0,0.0
testing4147.jpg,Nanodomain,1.0,0.0,1.0,0.0
testing4148.jpg,Nanodomain,1.0,0.0,1.0,0.0
testing4149.jpg,Nanodomain,1.0,0.0,1.0,0.0
testing4150.jpg,Nanodomain,1.0,0.0,1.0,0.0
testing4151.jpg,Nanodomain,1.0,0.0,1.0,0.0
testing4152.jpg,Nanodomain,1.0,0.0,1.0,0.0
testing4153.jpg,Nanodomain,1.0,0.0,1.0,0.0
testing4154.jpg,Nanodomain,1.0,0.0,1.0,0.0
testing4155.jpg,Nanodomain,1.0,0.0,1.0,0.0
testing4156.jpg,Nanodomain,1.0,9.870837e-31,1.0,0.0
testing4157.jpg,Outside,1.0,3.3927635e-31,3.1697984e-29,1.0
testing4158.jpg,Nanodomain,1.0,0.0,1.0,0.0
testing4159.jpg,Nanodomain,1.0,0.0,1.0,0.0
testing4160.jpg,Nanodomain,1.0,0.0,1.0,0.0
testing4161.jpg,Nanodomain,1.0,0.0,1.0,0.0
testing4162.jpg,Nanodomain,1.0,0.0,1.0,0.0
testing4163.jpg,Nanodomain,1.0,0.0,1.0,0.0
testing4164.jpg,Nanodomain,1.0,0.0,1.0,0.0
testing4165.jpg,Nanodomain,1.0,0.0,1.0,0.0
testing4166.jpg,Nanodomain,1.0,0.0,1.0,0.0
testing4167.jpg,Nanodomain,1.0,0.0,1.0,0.0
testing4168.jpg,Nanodomain,1.0,0.0,1.0,0.0
testing4169.jpg,Nanodomain,1.0,0.0,1.0,0.0
testing4170.jpg,Outside,1.0,2.1788321e-31,4.304285e-28,1.0
testing4171.jpg,Outside,1.0,1.009336e-30,9.663177e-29,1.0
testing4172.jpg,Outside,1.0,1.6588095e-29,9.442514e-26,1.0
testing4173.jpg,Outside,1.0,4.2978445e-32,2.7198404e-28,1.0
testing4174.jpg,Outside,1.0,1.6287444e-35,9.382107e-29,1.0
testing4175.jpg,Outside,1.0,7.448502e-26,2.1147627e-24,1.0
testing4176.jpg,Outside,1.0,3.1400654e-33,1.9476845e-30,1.0
testing4177.jpg,Outside,1.0,8.145464e-31,1.0699999e-28,1.0
testing4178.jpg,Outside,1.0,1.7829453e-29,3.298311e-27,1.0
testing4179.jpg,Outside,1.0,9.775838e-32,3.3089333e-28,1.0
testing4180.jpg,Outside,1.0,6.9968966e-27,2.3070004e-24,1.0
testing4181.jpg,Outside,1.0,3.5523673e-34,8.183148e-31,1.0
testing4182.jpg,Outside,1.0,2.880104e-31,1.0968758e-27,1.0
testing4183.jpg,Outside,1.0,2.464064e-33,1.5256092e-30,1.0
testing4184.jpg,Outside,1.0,1.717539e-32,2.4586043e-29,1.0
testing4185.jpg,Outside,1.0,1.3275895e-27,6.8166783e-23,1.0
testing4186.jpg,Outside,1.0,1.6382694e-31,1.8959608e-28,1.0
testing4187.jpg,Outside,1.0,1.1145172e-30,1.0648617e-27,1.0
testing4188.jpg,Outside,1.0,7.1615785e-31,1.8906327e-26,1.0
testing4189.jpg,Outside,1.0,2.8765073e-28,1.3643773e-25,1.0
testing4190.jpg,Outside,1.0,1.0709812e-33,2.0072066e-28,1.0
testing4191.jpg,Outside,1.0,3.0937058e-34,7.7495155e-30,1.0
testing4192.jpg,Outside,1.0,2.518374e-32,1.0791326e-28,1.0
testing4193.jpg,Nanodomain,1.0,0.0,1.0,0.0
testing4194.jpg,Nanodomain,1.0,0.0,1.0,0.0
testing4195.jpg,Nanodomain,1.0,0.0,1.0,0.0
testing4196.jpg,Nanodomain,1.0,0.0,1.0,0.0
testing4197.jpg,Nanodomain,1.0,0.0,1.0,0.0
testing4198.jpg,Nanodomain,1.0,0.0,1.0,0.0
testing4199.jpg,Outside,1.0,9.312566e-31,3.9349753e-28,1.0
testing4200.jpg,Outside,1.0,7.800028e-29,2.9401593e-24,1.0
testing4201.jpg,Outside,1.0,2.2650492e-30,1.2011675e-27,1.0
testing4202.jpg,Outside,1.0,7.125506e-29,1.450316e-28,1.0
testing4203.jpg,Outside,1.0,2.8868867e-34,4.766861e-29,1.0
testing4204.jpg,Outside,1.0,6.378046e-33,1.1919954e-30,1.0
testing4205.jpg,Outside,1.0,3.4201378e-34,1.7979224e-30,1.0
testing4206.jpg,Outside,1.0,4.357762e-29,4.4587796e-26,1.0
testing4207.jpg,Outside,1.0,1.1230306e-24,2.0495935e-27,1.0
testing4208.jpg,Outside,1.0,2.5343754e-37,1.08995326e-32,1.0
testing4209.jpg,Outside,1.0,1.4027346e-32,2.0629554e-31,1.0
testing4210.jpg,Outside,1.0,1.3682333e-34,4.3961265e-31,1.0
testing4211.jpg,Outside,1.0,5.290018e-29,3.9640267e-26,1.0
testing4212.jpg,Outside,1.0,1.2002764e-31,1.0673291e-29,1.0
testing4213.jpg,Outside,1.0,2.4640345e-34,3.9526334e-30,1.0
testing4214.jpg,Outside,1.0,2.1347975e-33,4.117073e-29,1.0
testing4215.jpg,Outside,1.0,9.5434404e-33,3.0427058e-30,1.0
testing4216.jpg,Outside,1.0,2.615703e-37,2.7679618e-32,1.0
testing4217.jpg,Outside,1.0,1.3032273e-36,7.756361e-34,1.0
testing4218.jpg,Nanodomain,1.0,1.6747985e-09,1.0,3.6061347e-34
testing4219.jpg,Nanodomain,0.75214154,0.24785851,0.75214154,1.4563374e-22
testing4220.jpg,Intermediate,0.99999917,0.99999917,7.923939e-07,6.2124544e-23
testing4221.jpg,Intermediate,0.9999546,0.9999546,4.5402674e-05,1.4147955e-23
testing4222.jpg,Nanodomain,1.0,0.0,1.0,0.0
testing4223.jpg,Nanodomain,1.0,3.4133398e-16,1.0,7.855784e-35
testing4224.jpg,Nanodomain,1.0,0.0,1.0,0.0
testing4225.jpg,Outside,1.0,1.9801078e-30,6.2750434e-26,1.0
testing4226.jpg,Outside,1.0,4.506091e-34,9.6619247e-29,1.0
testing4227.jpg,Intermediate,1.0,1.0,2.343377e-30,2.1276208e-16
testing4228.jpg,Outside,0.99999654,3.5060468e-06,2.0852081e-20,0.99999654
testing4229.jpg,Outside,1.0,8.8381e-33,3.137198e-29,1.0
testing4230.jpg,Outside,1.0,5.695161e-14,1.5173297e-19,1.0
testing4231.jpg,Outside,1.0,6.334782e-20,4.116081e-23,1.0
testing4232.jpg,Outside,1.0,2.705664e-35,4.150373e-31,1.0
testing4233.jpg,Outside,1.0,1.9440305e-32,8.137673e-30,1.0
testing4234.jpg,Outside,1.0,1.3533408e-26,2.4991433e-28,1.0
testing4235.jpg,Intermediate,0.99999976,0.99999976,2.3585017e-07,2.4328268e-21
testing4236.jpg,Outside,1.0,9.8803274e-24,7.958976e-27,1.0
testing4237.jpg,Outside,1.0,3.524634e-31,1.1195464e-28,1.0
testing4238.jpg,Nanodomain,1.0,2.5395662e-19,1.0,1.2032944e-36
testing4239.jpg,Outside,1.0,6.2997263e-25,8.527035e-23,1.0
testing4240.jpg,Outside,0.999102,0.00089801935,1.602446e-18,0.999102
testing4241.jpg,Intermediate,1.0,1.0,3.4797307e-32,8.6223673e-19
testing4242.jpg,Outside,1.0,3.2259075e-09,1.7681541e-20,1.0
testing4243.jpg,Intermediate,0.9993081,0.9993081,6.013697e-21,0.0006919361
testing4244.jpg,Outside,0.757342,0.24265805,5.0699758e-21,0.757342
testing4245.jpg,Outside,0.99999976,2.8093157e-07,2.6656403e-14,0.99999976
testing4246.jpg,Outside,0.9105493,0.0894508,1.7296061e-16,0.9105493
testing4247.jpg,Outside,1.0,6.4874973e-15,5.6040105e-18,1.0
testing4248.jpg,Intermediate,1.0,1.0,1.32518575e-20,2.6292655e-09
testing4249.jpg,Intermediate,1.0,1.0,2.0526455e-34,6.703569e-25
testing4250.jpg,Outside,1.0,3.5792404e-22,4.9366878e-23,1.0
testing4251.jpg,Outside,1.0,8.874568e-22,1.9500332e-23,1.0
testing4252.jpg,Intermediate,0.984641,0.984641,8.6308455e-18,0.015358966
testing4253.jpg,Intermediate,1.0,1.0,5.351022e-31,1.8385244e-22
testing4254.jpg,Intermediate,1.0,1.0,5.7601736e-25,6.731163e-26
testing4255.jpg,Intermediate,1.0,1.0,4.6480505e-33,1.1774968e-23
testing4256.jpg,Intermediate,1.0,1.0,3.4893736e-36,1.252516e-31
testing4257.jpg,Intermediate,1.0,1.0,2.018711e-34,6.1740167e-32
testing4258.jpg,Intermediate,1.0,1.0,1.066242e-30,3.5636517e-31
testing4259.jpg,Intermediate,1.0,1.0,8.60595e-31,3.3980611e-16
testing4260.jpg,Outside,1.0,1.0002861e-15,1.22854254e-17,1.0
testing4261.jpg,Outside,0.97633445,0.023665573,3.1410465e-16,0.97633445
testing4262.jpg,Intermediate,1.0,1.0,2.638057e-31,9.477409e-26
testing4263.jpg,Intermediate,1.0,1.0,3.2273182e-27,7.217376e-27
testing4264.jpg,Intermediate,1.0,1.0,1.0180796e-29,4.7433232e-26
testing4265.jpg,Nanodomain,1.0,1.6366214e-22,1.0,0.0
testing4266.jpg,Nanodomain,1.0,5.3003976e-15,1.0,3.783508e-35
testing4267.jpg,Intermediate,0.9997408,0.9997408,2.1677168e-22,0.0002591711
testing4268.jpg,Outside,1.0,2.1848258e-15,3.8309935e-23,1.0
testing4269.jpg,Nanodomain,1.0,0.0,1.0,0.0
testing4270.jpg,Nanodomain,1.0,0.0,1.0,0.0
testing4271.jpg,Nanodomain,1.0,0.0,1.0,0.0
testing4272.jpg,Nanodomain,1.0,0.0,1.0,0.0
testing4273.jpg,Nanodomain,1.0,0.0,1.0,0.0
testing4274.jpg,Nanodomain,1.0,0.0,1.0,0.0
testing4275.jpg,Nanodomain,1.0,0.0,1.0,0.0
testing4276.jpg,Nanodomain,1.0,0.0,1.0,0.0
testing4277.jpg,Nanodomain,1.0,0.0,1.0,0.0
testing4278.jpg,Nanodomain,1.0,0.0,1.0,0.0
testing4279.jpg,Nanodomain,1.0,5.7668914e-36,1.0,0.0
testing4280.jpg,Nanodomain,1.0,0.0,1.0,0.0
testing4281.jpg,Nanodomain,1.0,0.0,1.0,0.0
testing4282.jpg,Nanodomain,1.0,1.6909666e-35,1.0,0.0
testing4283.jpg,Outside,1.0,1.7115948e-31,1.6926515e-27,1.0
testing4284.jpg,Outside,1.0,9.674615e-28,5.2888354e-26,1.0
testing4285.jpg,Nanodomain,1.0,0.0,1.0,0.0
testing4286.jpg,Nanodomain,1.0,0.0,1.0,0.0
testing4287.jpg,Nanodomain,1.0,0.0,1.0,0.0
testing4288.jpg,Nanodomain,1.0,0.0,1.0,0.0
testing4289.jpg,Nanodomain,1.0,0.0,1.0,0.0
testing4290.jpg,Nanodomain,1.0,0.0,1.0,0.0
testing4291.jpg,Nanodomain,1.0,0.0,1.0,0.0
testing4292.jpg,Nanodomain,1.0,0.0,1.0,0.0
testing4293.jpg,Nanodomain,1.0,0.0,1.0,0.0
testing4294.jpg,Nanodomain,1.0,0.0,1.0,0.0
testing4295.jpg,Nanodomain,1.0,0.0,1.0,0.0
testing4296.jpg,Nanodomain,1.0,0.0,1.0,0.0
testing4297.jpg,Nanodomain,1.0,0.0,1.0,0.0
testing4298.jpg,Outside,1.0,4.2794317e-28,2.4026465e-24,1.0
testing4299.jpg,Outside,1.0,8.227451e-28,7.2169985e-25,1.0
testing4300.jpg,Outside,1.0,5.354651e-33,1.6611653e-29,1.0
testing4301.jpg,Outside,1.0,2.617108e-31,6.665612e-29,1.0
testing4302.jpg,Outside,1.0,3.0534529e-28,6.236241e-26,1.0
testing4303.jpg,Outside,1.0,7.3856524e-36,1.2001664e-31,1.0
testing4304.jpg,Outside,1.0,1.18120415e-30,1.4594908e-27,1.0
testing4305.jpg,Outside,1.0,7.4618037e-28,8.726936e-26,1.0
testing4306.jpg,Outside,1.0,1.0382208e-33,6.2961247e-32,1.0
testing4307.jpg,Outside,1.0,4.6032212e-30,1.8232382e-27,1.0
testing4308.jpg,Outside,1.0,8.587585e-31,1.6977584e-29,1.0
testing4309.jpg,Outside,1.0,2.6806492e-34,5.626784e-32,1.0
testing4310.jpg,Outside,1.0,4.045605e-33,6.735978e-30,1.0
testing4311.jpg,Outside,1.0,1.2530688e-26,4.239821e-26,1.0
testing4312.jpg,Outside,1.0,1.6654667e-22,6.9391007e-22,1.0
testing4313.jpg,Outside,1.0,6.298149e-30,1.8264404e-27,1.0
testing4314.jpg,Outside,1.0,1.0873584e-31,1.7912631e-28,1.0
testing4315.jpg,Outside,1.0,4.036936e-28,2.5029526e-26,1.0
testing4316.jpg,Outside,1.0,2.0037631e-29,5.797332e-28,1.0
testing4317.jpg,Outside,1.0,3.8445762e-32,9.260501e-29,1.0
testing4318.jpg,Outside,1.0,3.0307412e-29,7.7873105e-27,1.0
testing4319.jpg,Outside,1.0,5.481746e-30,5.0499705e-27,1.0
testing4320.jpg,Nanodomain,1.0,0.0,1.0,0.0
testing4321.jpg,Nanodomain,1.0,0.0,1.0,0.0
testing4322.jpg,Nanodomain,1.0,0.0,1.0,0.0
testing4323.jpg,Nanodomain,1.0,0.0,1.0,0.0
testing4324.jpg,Nanodomain,1.0,0.0,1.0,0.0
testing4325.jpg,Nanodomain,1.0,0.0,1.0,0.0
testing4326.jpg,Nanodomain,1.0,0.0,1.0,0.0
testing4327.jpg,Nanodomain,1.0,0.0,1.0,0.0
testing4328.jpg,Nanodomain,0.99999917,8.4219596e-07,0.99999917,1.9718207e-24
testing4329.jpg,Outside,1.0,1.4835414e-30,1.3144077e-26,1.0
testing4330.jpg,Outside,1.0,9.947822e-34,1.001336e-30,1.0
testing4331.jpg,Outside,1.0,3.7134508e-31,2.0143545e-29,1.0
testing4332.jpg,Outside,1.0,4.5799457e-29,8.481955e-27,1.0
testing4333.jpg,Nanodomain,1.0,0.0,1.0,0.0
testing4334.jpg,Nanodomain,1.0,0.0,1.0,0.0
testing4335.jpg,Nanodomain,1.0,0.0,1.0,0.0
testing4336.jpg,Nanodomain,1.0,0.0,1.0,0.0
testing4337.jpg,Nanodomain,1.0,0.0,1.0,0.0
testing4338.jpg,Nanodomain,1.0,0.0,1.0,0.0
testing4339.jpg,Nanodomain,1.0,0.0,1.0,0.0
testing4340.jpg,Nanodomain,1.0,0.0,1.0,0.0
testing4341.jpg,Outside,1.0,1.0090071e-33,4.7794877e-33,1.0
testing4342.jpg,Outside,1.0,7.252848e-33,2.3687114e-31,1.0
testing4343.jpg,Outside,1.0,4.2367784e-35,6.191727e-33,1.0
testing4344.jpg,Outside,1.0,3.2538332e-35,2.7996493e-32,1.0
testing4345.jpg,Outside,1.0,7.976909e-27,1.3374092e-28,1.0
testing4346.jpg,Nanodomain,1.0,0.0,1.0,0.0
testing4347.jpg,Nanodomain,1.0,0.0,1.0,0.0
testing4348.jpg,Nanodomain,1.0,0.0,1.0,0.0
testing4349.jpg,Nanodomain,1.0,0.0,1.0,0.0
testing4350.jpg,Nanodomain,1.0,0.0,1.0,0.0
testing4351.jpg,Nanodomain,1.0,0.0,1.0,0.0
testing4352.jpg,Nanodomain,1.0,0.0,1.0,0.0
testing4353.jpg,Outside,1.0,4.8564415e-32,6.143367e-29,1.0
testing4354.jpg,Outside,1.0,1.1886445e-11,9.34813e-22,1.0
testing4355.jpg,Outside,1.0,2.2903471e-18,6.880052e-24,1.0
testing4356.jpg,Intermediate,0.98992795,0.98992795,1.32258635e-20,0.010072081
testing4357.jpg,Outside,1.0,8.957308e-24,1.4661071e-22,1.0
testing4358.jpg,Outside,1.0,1.4599887e-24,9.218405e-24,1.0
testing4359.jpg,Outside,1.0,5.0621066e-33,1.7644392e-30,1.0
testing4360.jpg,Outside,1.0,3.2168048e-37,3.4773985e-30,1.0
testing4361.jpg,Outside,1.0,1.9092325e-31,1.0743972e-27,1.0
testing4362.jpg,Outside,1.0,1.0947893e-28,1.0469307e-25,1.0
testing4363.jpg,Outside,1.0,2.0032693e-26,2.2779126e-26,1.0
testing4364.jpg,Outside,1.0,1.6676253e-33,4.785148e-31,1.0
testing4365.jpg,Outside,0.997758,0.0022420764,1.3622233e-16,0.997758
testing4366.jpg,Outside,1.0,2.4880665e-24,1.3302973e-26,1.0
testing4367.jpg,Intermediate,1.0,1.0,1.3473788e-29,8.174529e-18
testing4368.jpg,Outside,1.0,2.0301574e-14,1.2032623e-21,1.0
testing4369.jpg,Outside,1.0,1.4338487e-24,5.5385635e-29,1.0
testing4370.jpg,Outside,0.9999161,8.392607e-05,2.1690412e-21,0.9999161
testing4371.jpg,Outside,1.0,7.676891e-32,9.208466e-30,1.0
testing4372.jpg,Outside,1.0,8.215679e-31,6.0438793e-29,1.0
testing4373.jpg,Outside,1.0,9.753457e-31,6.54749e-30,1.0
testing4374.jpg,Outside,1.0,2.4941768e-24,1.01107255e-25,1.0
testing4375.jpg,Outside,0.999948,5.1972977e-05,1.7050014e-17,0.999948
testing4376.jpg,Outside,1.0,1.1123411e-25,3.0027569e-27,1.0
testing4377.jpg,Outside,1.0,4.0384356e-14,1.500766e-22,1.0
testing4378.jpg,Outside,1.0,1.2539378e-28,5.887051e-29,1.0
testing4379.jpg,Outside,0.9562362,0.0437638,2.1218002e-17,0.9562362
testing4380.jpg,Intermediate,1.0,1.0,1.8061893e-33,2.0612313e-25
testing4381.jpg,Intermediate,1.0,1.0,8.75032e-30,4.4140138e-20
testing4382.jpg,Intermediate,0.9999999,0.9999999,3.332105e-25,7.954181e-08
testing4383.jpg,Intermediate,1.0,1.0,2.346183e-32,3.0070477e-17
testing4384.jpg,Intermediate,0.9985795,0.9985795,8.906911e-20,0.0014204733
testing4385.jpg,Intermediate,1.0,1.0,4.7074088e-29,1.7190353e-15
testing4386.jpg,Intermediate,1.0,1.0,8.5073e-26,6.297111e-24
testing4387.jpg,Intermediate,0.9999863,0.9999863,2.3224623e-19,1.3671755e-05
testing4388.jpg,Intermediate,1.0,1.0,6.1483093e-23,3.0206277e-08
testing4389.jpg,Intermediate,1.0,1.0,1.3239933e-20,2.7143173e-12
testing4390.jpg,Outside,0.9999993,6.622222e-07,3.7131208e-17,0.9999993
testing4391.jpg,Outside,1.0,1.4015398e-20,1.0844015e-22,1.0
testing4392.jpg,Outside,1.0,5.299803e-18,4.5468066e-19,1.0
testing4393.jpg,Intermediate,1.0,1.0,2.2223527e-27,4.1095657e-25
testing4394.jpg,Outside,1.0,7.2780174e-17,3.5064097e-23,1.0
testing4395.jpg,Outside,0.99560577,0.0043942053,7.6406285e-15,0.99560577
testing4396.jpg,Outside,1.0,5.66613e-12,5.940116e-19,1.0
testing4397.jpg,Intermediate,0.62076706,0.62076706,8.617132e-20,0.37923288
testing4398.jpg,Nanodomain,1.0,0.0,1.0,0.0
testing4399.jpg,Nanodomain,1.0,0.0,1.0,0.0
testing4400.jpg,Nanodomain,1.0,0.0,1.0,0.0
testing4401.jpg,Nanodomain,1.0,0.0,1.0,0.0
testing4402.jpg,Nanodomain,1.0,0.0,1.0,0.0
testing4403.jpg,Nanodomain,1.0,0.0,1.0,0.0
testing4404.jpg,Nanodomain,1.0,0.0,1.0,0.0
testing4405.jpg,Nanodomain,1.0,0.0,1.0,0.0
testing4406.jpg,Nanodomain,1.0,0.0,1.0,0.0
testing4407.jpg,Nanodomain,1.0,0.0,1.0,0.0
testing4408.jpg,Nanodomain,1.0,1.2193934e-36,1.0,0.0
testing4409.jpg,Nanodomain,1.0,1.2132897e-32,1.0,0.0
testing4410.jpg,Outside,0.99994326,5.6753404e-05,9.347716e-20,0.99994326
testing4411.jpg,Nanodomain,1.0,5.9877735e-28,1.0,0.0
testing4412.jpg,Nanodomain,1.0,0.0,1.0,0.0
testing4413.jpg,Nanodomain,1.0,0.0,1.0,0.0
testing4414.jpg,Nanodomain,1.0,0.0,1.0,0.0
testing4415.jpg,Nanodomain,1.0,0.0,1.0,0.0
testing4416.jpg,Nanodomain,1.0,0.0,1.0,0.0
testing4417.jpg,Nanodomain,1.0,0.0,1.0,0.0
testing4418.jpg,Nanodomain,1.0,0.0,1.0,0.0
testing4419.jpg,Nanodomain,1.0,0.0,1.0,0.0
testing4420.jpg,Nanodomain,1.0,0.0,1.0,0.0
testing4421.jpg,Nanodomain,1.0,0.0,1.0,0.0
testing4422.jpg,Nanodomain,1.0,0.0,1.0,0.0
testing4423.jpg,Nanodomain,1.0,0.0,1.0,0.0
testing4424.jpg,Nanodomain,1.0,0.0,1.0,0.0
testing4425.jpg,Nanodomain,1.0,0.0,1.0,0.0
testing4426.jpg,Nanodomain,1.0,0.0,1.0,0.0
testing4427.jpg,Nanodomain,1.0,0.0,1.0,0.0
testing4428.jpg,Outside,1.0,4.2597213e-37,4.4501145e-33,1.0
testing4429.jpg,Outside,1.0,3.3579417e-27,1.6934597e-26,1.0
testing4430.jpg,Outside,1.0,5.268871e-29,2.0017338e-26,1.0
testing4431.jpg,Outside,1.0,4.3002115e-37,2.6339342e-31,1.0
testing4432.jpg,Outside,1.0,8.8372225e-33,5.7327737e-32,1.0
testing4433.jpg,Outside,1.0,7.174601e-29,2.6953953e-26,1.0
testing4434.jpg,Outside,1.0,6.927514e-30,1.4811953e-29,1.0
testing4435.jpg,Outside,1.0,1.1784548e-29,3.5750385e-29,1.0
testing4436.jpg,Outside,1.0,8.6305796e-30,3.0784916e-29,1.0
testing4437.jpg,Outside,1.0,2.1648615e-33,5.388302e-31,1.0
testing4438.jpg,Outside,1.0,1.1944314e-36,1.2016272e-32,1.0
testing4439.jpg,Outside,1.0,9.352165e-36,6.2070304e-32,1.0
testing4440.jpg,Outside,1.0,3.5689847e-31,6.596203e-29,1.0
testing4441.jpg,Outside,1.0,1.9853674e-27,2.2604345e-27,1.0
testing4442.jpg,Outside,1.0,9.37627e-30,1.5306289e-29,1.0
testing4443.jpg,Outside,1.0,1.7634797e-27,9.512876e-25,1.0
testing4444.jpg,Outside,1.0,1.4498608e-30,1.8809336e-28,1.0
testing4445.jpg,Outside,1.0,1.7505653e-33,1.6007303e-28,1.0
testing4446.jpg,Outside,1.0,4.4215954e-36,2.141803e-34,1.0
testing4447.jpg,Outside,1.0,1.3089853e-31,4.400541e-30,1.0
testing4448.jpg,Nanodomain,1.0,0.0,1.0,0.0
testing4449.jpg,Nanodomain,1.0,0.0,1.0,0.0
testing4450.jpg,Nanodomain,1.0,0.0,1.0,0.0
testing4451.jpg,Nanodomain,1.0,0.0,1.0,0.0
testing4452.jpg,Nanodomain,1.0,0.0,1.0,0.0
testing4453.jpg,Nanodomain,1.0,0.0,1.0,0.0
testing4454.jpg,Nanodomain,1.0,0.0,1.0,0.0
testing4455.jpg,Nanodomain,1.0,1.9141355e-21,1.0,0.0
testing4456.jpg,Nanodomain,1.0,3.646309e-32,1.0,0.0
testing4457.jpg,Outside,1.0,3.0990507e-30,1.0196654e-29,1.0
testing4458.jpg,Nanodomain,1.0,0.0,1.0,0.0
testing4459.jpg,Nanodomain,1.0,0.0,1.0,0.0
testing4460.jpg,Nanodomain,1.0,0.0,1.0,0.0
testing4461.jpg,Nanodomain,1.0,0.0,1.0,0.0
testing4462.jpg,Nanodomain,1.0,0.0,1.0,0.0
testing4463.jpg,Nanodomain,1.0,0.0,1.0,0.0
testing4464.jpg,Nanodomain,1.0,0.0,1.0,0.0
testing4465.jpg,Nanodomain,1.0,0.0,1.0,0.0
testing4466.jpg,Nanodomain,1.0,0.0,1.0,0.0
testing4467.jpg,Nanodomain,1.0,0.0,1.0,0.0
testing4468.jpg,Nanodomain,1.0,0.0,1.0,0.0
testing4469.jpg,Nanodomain,1.0,0.0,1.0,0.0
testing4470.jpg,Outside,1.0,2.3054493e-19,2.9150777e-23,1.0
testing4471.jpg,Intermediate,0.9993905,0.9993905,2.330929e-18,0.0006094809
testing4472.jpg,Nanodomain,1.0,0.0,1.0,0.0
testing4473.jpg,Nanodomain,1.0,0.0,1.0,0.0
testing4474.jpg,Intermediate,1.0,1.0,2.247403e-32,9.936039e-24
testing4475.jpg,Intermediate,1.0,1.0,7.361791e-38,2.2595087e-30
testing4476.jpg,Intermediate,1.0,1.0,8.387163e-28,6.1097754e-24
testing4477.jpg,Intermediate,1.0,1.0,5.592289e-32,1.0783772e-25
testing4478.jpg,Intermediate,1.0,1.0,2.2657532e-34,1.6686431e-26
testing4479.jpg,Intermediate,1.0,1.0,7.078798e-29,3.618392e-15
testing4480.jpg,Intermediate,1.0,1.0,8.318458e-30,1.3561619e-27
testing4481.jpg,Outside,1.0,5.057133e-38,4.138006e-33,1.0
testing4482.jpg,Outside,1.0,1.5443788e-34,1.1378054e-29,1.0
testing4483.jpg,Outside,1.0,2.7004463e-35,2.956716e-31,1.0
testing4484.jpg,Outside,1.0,1.6063565e-30,1.0512489e-25,1.0
testing4485.jpg,Outside,1.0,5.5642175e-26,2.3601515e-24,1.0
testing4486.jpg,Outside,1.0,3.708286e-30,5.931762e-26,1.0
testing4487.jpg,Outside,1.0,3.406265e-30,1.286607e-26,1.0
testing4488.jpg,Outside,1.0,2.0638459e-30,4.8784037e-26,1.0
testing4489.jpg,Intermediate,1.0,1.0,4.3725235e-18,1.6589133e-26
testing4490.jpg,Intermediate,1.0,1.0,7.1047783e-34,2.309786e-29
testing4491.jpg,Intermediate,1.0,1.0,3.2416174e-35,2.0552147e-27
testing4492.jpg,Intermediate,1.0,1.0,6.029445e-35,7.6504957e-31
testing4493.jpg,Intermediate,1.0,1.0,6.062822e-34,1.2600947e-28
testing4494.jpg,Intermediate,1.0,1.0,1.8735062e-22,7.331121e-26
testing4495.jpg,Intermediate,1.0,1.0,5.5034457e-25,3.296071e-20
testing4496.jpg,Intermediate,0.87455696,0.87455696,1.4563097e-18,0.12544301
testing4497.jpg,Intermediate,0.99995124,0.99995124,2.915685e-20,4.8708265e-05
testing4498.jpg,Outside,0.9999989,1.1173881e-06,2.7844448e-19,0.9999989
testing4499.jpg,Intermediate,1.0,1.0,4.3476337e-29,3.2458805e-16
testing4500.jpg,Intermediate,1.0,1.0,5.3915025e-26,4.9164077e-09
testing4501.jpg,Outside,0.9990313,0.0009687196,1.503611e-18,0.9990313
testing4502.jpg,Intermediate,1.0,1.0,1.859188e-23,1.099486e-19
testing4503.jpg,Outside,1.0,3.4676792e-28,1.1785955e-27,1.0
testing4504.jpg,Intermediate,1.0,1.0,8.2729497e-23,4.334559e-18
testing4505.jpg,Outside,1.0,1.3012129e-25,9.175424e-25,1.0
testing4506.jpg,Intermediate,1.0,1.0,2.5337225e-26,1.3356961e-13
testing4507.jpg,Intermediate,1.0,1.0,1.114685e-34,2.714925e-22
testing4508.jpg,Intermediate,1.0,1.0,8.9909373e-29,2.1949298e-11
testing4509.jpg,Intermediate,1.0,1.0,1.0170438e-28,2.0740534e-20
testing4510.jpg,Intermediate,1.0,1.0,8.498514e-25,1.1767272e-11
testing4511.jpg,Intermediate,1.0,1.0,5.4769456e-35,4.0747703e-25
testing4512.jpg,Outside,1.0,4.3773363e-30,1.6143932e-28,1.0
testing4513.jpg,Outside,1.0,1.4182053e-22,7.407585e-26,1.0
testing4514.jpg,Outside,0.63071114,0.36928883,2.0816346e-16,0.63071114
testing4515.jpg,Outside,0.88026625,0.11973373,1.5746635e-17,0.88026625
testing4516.jpg,Intermediate,1.0,1.0,2.300668e-28,9.181423e-15
testing4517.jpg,Intermediate,1.0,1.0,2.3776376e-31,6.769233e-15
testing4518.jpg,Outside,1.0,2.5262159e-17,1.4144063e-23,1.0
testing4519.jpg,Outside,0.94677943,0.053220525,1.2497876e-18,0.94677943
testing4520.jpg,Nanodomain,1.0,3.475878e-20,1.0,2.4650446e-38
testing4521.jpg,Outside,0.89144796,0.108552024,1.8733894e-21,0.89144796
testing4522.jpg,Intermediate,0.9896226,0.9896226,4.166029e-19,0.010377398
testing4523.jpg,Outside,1.0,2.2863593e-09,7.9221365e-21,1.0
testing4524.jpg,Intermediate,1.0,1.0,7.7949033e-31,3.73972e-17
testing4525.jpg,Nanodomain,1.0,0.0,1.0,0.0
testing4526.jpg,Nanodomain,1.0,0.0,1.0,0.0
testing4527.jpg,Nanodomain,1.0,0.0,1.0,0.0
testing4528.jpg,Nanodomain,1.0,0.0,1.0,0.0
testing4529.jpg,Nanodomain,1.0,0.0,1.0,0.0
testing4530.jpg,Nanodomain,1.0,0.0,1.0,0.0
testing4531.jpg,Nanodomain,1.0,0.0,1.0,0.0
testing4532.jpg,Nanodomain,1.0,0.0,1.0,0.0
testing4533.jpg,Nanodomain,1.0,0.0,1.0,0.0
testing4534.jpg,Nanodomain,1.0,0.0,1.0,0.0
testing4535.jpg,Nanodomain,1.0,1.2583187e-26,1.0,0.0
testing4536.jpg,Nanodomain,1.0,3.8082523e-36,1.0,0.0
testing4537.jpg,Intermediate,0.99972945,0.99972945,0.00027052997,3.4825644e-22
testing4538.jpg,Nanodomain,1.0,5.0136047e-24,1.0,0.0
testing4539.jpg,Outside,1.0,8.714344e-30,3.1143014e-31,1.0
testing4540.jpg,Outside,1.0,7.046985e-20,4.2031776e-22,1.0
testing4541.jpg,Nanodomain,1.0,0.0,1.0,0.0
testing4542.jpg,Nanodomain,1.0,0.0,1.0,0.0
testing4543.jpg,Nanodomain,1.0,0.0,1.0,0.0
testing4544.jpg,Nanodomain,1.0,0.0,1.0,0.0
testing4545.jpg,Nanodomain,1.0,0.0,1.0,0.0
testing4546.jpg,Nanodomain,1.0,0.0,1.0,0.0
testing4547.jpg,Nanodomain,1.0,0.0,1.0,0.0
testing4548.jpg,Nanodomain,1.0,0.0,1.0,0.0
testing4549.jpg,Nanodomain,1.0,0.0,1.0,0.0
testing4550.jpg,Nanodomain,1.0,0.0,1.0,0.0
testing4551.jpg,Nanodomain,1.0,0.0,1.0,0.0
testing4552.jpg,Nanodomain,1.0,0.0,1.0,0.0
testing4553.jpg,Nanodomain,1.0,0.0,1.0,0.0
testing4554.jpg,Nanodomain,1.0,0.0,1.0,0.0
testing4555.jpg,Nanodomain,1.0,0.0,1.0,0.0
testing4556.jpg,Outside,1.0,1.7326144e-33,2.8990415e-31,1.0
testing4557.jpg,Outside,1.0,2.986109e-30,2.3600834e-28,1.0
testing4558.jpg,Outside,1.0,2.6742352e-34,2.8657257e-31,1.0
testing4559.jpg,Outside,1.0,1.8118895e-33,2.9359585e-30,1.0
testing4560.jpg,Outside,1.0,2.955048e-38,1.5741626e-31,1.0
testing4561.jpg,Outside,1.0,4.762524e-26,5.9311343e-24,1.0
testing4562.jpg,Outside,1.0,7.1598544e-32,1.3136932e-30,1.0
testing4563.jpg,Outside,1.0,1.3945623e-30,8.262206e-28,1.0
testing4564.jpg,Outside,1.0,1.7157166e-27,3.1257113e-26,1.0
testing4565.jpg,Outside,1.0,3.421696e-31,1.7243438e-28,1.0
testing4566.jpg,Outside,1.0,5.2433724e-27,7.137569e-26,1.0
testing4567.jpg,Outside,1.0,2.3928902e-29,3.4404967e-28,1.0
testing4568.jpg,Outside,1.0,7.92102e-28,3.3544094e-26,1.0
testing4569.jpg,Outside,1.0,1.4097635e-30,3.18738e-29,1.0
testing4570.jpg,Outside,1.0,3.0859428e-31,2.1422907e-29,1.0
testing4571.jpg,Outside,1.0,4.1228348e-32,1.9273529e-29,1.0
testing4572.jpg,Outside,1.0,8.0786247e-38,2.6223307e-34,1.0
testing4573.jpg,Outside,1.0,2.7661037e-32,5.201747e-30,1.0
testing4574.jpg,Outside,1.0,1.0824773e-34,7.707122e-30,1.0
testing4575.jpg,Outside,1.0,4.3080258e-30,7.94805e-28,1.0
testing4576.jpg,Outside,1.0,5.7168375e-30,1.1343098e-26,1.0
testing4577.jpg,Nanodomain,1.0,0.0,1.0,0.0
testing4578.jpg,Nanodomain,1.0,0.0,1.0,0.0
testing4579.jpg,Nanodomain,1.0,0.0,1.0,0.0
testing4580.jpg,Nanodomain,1.0,0.0,1.0,0.0
testing4581.jpg,Nanodomain,1.0,0.0,1.0,0.0
testing4582.jpg,Nanodomain,1.0,0.0,1.0,0.0
testing4583.jpg,Nanodomain,1.0,0.0,1.0,0.0
testing4584.jpg,Nanodomain,1.0,4.703846e-10,1.0,1.1232601e-27
testing4585.jpg,Nanodomain,1.0,0.0,1.0,0.0
testing4586.jpg,Nanodomain,1.0,0.0,1.0,0.0
testing4587.jpg,Nanodomain,1.0,0.0,1.0,0.0
testing4588.jpg,Nanodomain,1.0,0.0,1.0,0.0
testing4589.jpg,Nanodomain,1.0,0.0,1.0,0.0
testing4590.jpg,Nanodomain,1.0,0.0,1.0,0.0
testing4591.jpg,Nanodomain,1.0,0.0,1.0,0.0
testing4592.jpg,Nanodomain,1.0,0.0,1.0,0.0
testing4593.jpg,Nanodomain,1.0,0.0,1.0,0.0
testing4594.jpg,Nanodomain,1.0,0.0,1.0,0.0
testing4595.jpg,Nanodomain,1.0,0.0,1.0,0.0
testing4596.jpg,Nanodomain,1.0,0.0,1.0,0.0
testing4597.jpg,Nanodomain,1.0,0.0,1.0,0.0
testing4598.jpg,Nanodomain,1.0,0.0,1.0,0.0
testing4599.jpg,Intermediate,1.0,1.0,1.5167225e-26,9.549682e-15
testing4600.jpg,Outside,1.0,2.7546873e-11,1.4691141e-21,1.0
testing4601.jpg,Intermediate,0.99999046,0.99999046,3.3932198e-18,9.533465e-06
testing4602.jpg,Intermediate,1.0,1.0,6.690257e-33,1.0803716e-22
testing4603.jpg,Nanodomain,1.0,0.0,1.0,0.0
testing4604.jpg,Nanodomain,1.0,0.0,1.0,0.0
testing4605.jpg,Nanodomain,1.0,0.0,1.0,0.0
testing4606.jpg,Nanodomain,1.0,0.0,1.0,0.0
testing4607.jpg,Nanodomain,1.0,0.0,1.0,0.0
testing4608.jpg,Nanodomain,1.0,0.0,1.0,0.0
testing4609.jpg,Outside,1.0,2.5305388e-38,1.7256753e-33,1.0
testing4610.jpg,Outside,1.0,1.3248396e-31,1.5316243e-26,1.0
testing4611.jpg,Outside,1.0,3.1170446e-25,1.1156315e-23,1.0
testing4612.jpg,Outside,1.0,1.082279e-34,5.803056e-30,1.0
testing4613.jpg,Outside,1.0,1.24244e-34,1.7083749e-28,1.0
testing4614.jpg,Outside,1.0,7.8082974e-38,3.2458667e-32,1.0
testing4615.jpg,Outside,1.0,6.017838e-36,2.0522582e-30,1.0
testing4616.jpg,Outside,1.0,1.990596e-31,1.2153675e-28,1.0
testing4617.jpg,Intermediate,1.0,1.0,5.789227e-26,9.337681e-16
testing4618.jpg,Intermediate,0.9977616,0.9977616,4.2116337e-20,0.0022383216
testing4619.jpg,Outside,1.0,8.081794e-17,2.1469768e-23,1.0
testing4620.jpg,Outside,1.0,5.3605005e-09,2.5310388e-17,1.0
testing4621.jpg,Intermediate,0.9999939,0.9999939,3.378668e-22,6.053512e-06
testing4622.jpg,Intermediate,1.0,1.0,1.7438887e-31,3.7787154e-22
testing4623.jpg,Intermediate,1.0,1.0,3.9448165e-22,5.483794e-08
testing4624.jpg,Intermediate,1.0,1.0,4.985858e-30,1.539531e-20
testing4625.jpg,Intermediate,1.0,1.0,5.129826e-28,1.4184834e-19
testing4626.jpg,Outside,1.0,6.5920944e-09,1.7442111e-20,1.0
testing4627.jpg,Intermediate,1.0,1.0,1.0618674e-28,7.9884015e-24
testing4628.jpg,Outside,1.0,5.3486245e-27,1.20280496e-26,1.0
testing4629.jpg,Outside,0.97919184,0.020808132,4.556964e-17,0.97919184
testing4630.jpg,Intermediate,1.0,1.0,9.6751596e-30,9.563341e-25
testing4631.jpg,Intermediate,1.0,1.0,1.14770085e-29,9.871246e-17
testing4632.jpg,Nanodomain,1.0,0.0,1.0,0.0
testing4633.jpg,Nanodomain,1.0,0.0,1.0,0.0
testing4634.jpg,Nanodomain,1.0,0.0,1.0,0.0
testing4635.jpg,Nanodomain,1.0,0.0,1.0,0.0
testing4636.jpg,Nanodomain,1.0,0.0,1.0,0.0
testing4637.jpg,Outside,0.99997103,2.8926797e-05,2.1152796e-19,0.99997103
testing4638.jpg,Nanodomain,1.0,0.0,1.0,0.0
testing4639.jpg,Intermediate,0.9999956,0.9999956,1.4836719e-21,4.4121234e-06
testing4640.jpg,Intermediate,1.0,1.0,0.0,1.0763794e-33
testing4641.jpg,Intermediate,1.0,1.0,1.02591806e-32,9.712148e-28
testing4642.jpg,Intermediate,1.0,1.0,5.216093e-30,4.8682902e-26
testing4643.jpg,Intermediate,1.0,1.0,9.3907437e-35,7.021307e-27
testing4644.jpg,Intermediate,1.0,1.0,3.110261e-26,2.4117442e-26
testing4645.jpg,Outside,1.0,1.5405299e-20,3.0811695e-22,1.0
testing4646.jpg,Outside,1.0,4.486546e-23,8.946684e-25,1.0
testing4647.jpg,Outside,1.0,3.5051668e-15,2.3362714e-23,1.0
testing4648.jpg,Nanodomain,1.0,7.163713e-15,1.0,1.4732821e-31
testing4649.jpg,Nanodomain,1.0,1.6804315e-15,1.0,9.771279e-34
testing4650.jpg,Intermediate,1.0,1.0,1.0545494e-27,1.0900503e-22
testing4651.jpg,Outside,1.0,3.7063808e-09,3.519189e-18,1.0
testing4652.jpg,Nanodomain,1.0,0.0,1.0,0.0
testing4653.jpg,Nanodomain,1.0,0.0,1.0,0.0
testing4654.jpg,Nanodomain,1.0,0.0,1.0,0.0
testing4655.jpg,Nanodomain,1.0,0.0,1.0,0.0
testing4656.jpg,Nanodomain,1.0,0.0,1.0,0.0
testing4657.jpg,Nanodomain,1.0,0.0,1.0,0.0
testing4658.jpg,Nanodomain,1.0,0.0,1.0,0.0
testing4659.jpg,Nanodomain,1.0,0.0,1.0,0.0
testing4660.jpg,Nanodomain,1.0,0.0,1.0,0.0
testing4661.jpg,Nanodomain,1.0,0.0,1.0,0.0
testing4662.jpg,Nanodomain,1.0,1.6800859e-37,1.0,0.0
testing4663.jpg,Nanodomain,1.0,0.0,1.0,0.0
testing4664.jpg,Nanodomain,1.0,2.2219759e-38,1.0,0.0
testing4665.jpg,Nanodomain,1.0,0.0,1.0,0.0
testing4666.jpg,Nanodomain,1.0,5.1119065e-38,1.0,0.0
testing4667.jpg,Outside,1.0,3.029427e-34,2.5440002e-32,1.0
testing4668.jpg,Outside,1.0,2.868735e-15,2.2273234e-22,1.0
testing4669.jpg,Nanodomain,1.0,0.0,1.0,0.0
testing4670.jpg,Nanodomain,1.0,0.0,1.0,0.0
testing4671.jpg,Nanodomain,1.0,0.0,1.0,0.0
testing4672.jpg,Nanodomain,1.0,0.0,1.0,0.0
testing4673.jpg,Nanodomain,1.0,0.0,1.0,0.0
testing4674.jpg,Nanodomain,1.0,0.0,1.0,0.0
testing4675.jpg,Nanodomain,1.0,0.0,1.0,0.0
testing4676.jpg,Nanodomain,1.0,0.0,1.0,0.0
testing4677.jpg,Nanodomain,1.0,0.0,1.0,0.0
testing4678.jpg,Nanodomain,1.0,0.0,1.0,0.0
testing4679.jpg,Nanodomain,1.0,0.0,1.0,0.0
testing4680.jpg,Nanodomain,1.0,0.0,1.0,0.0
testing4681.jpg,Nanodomain,1.0,0.0,1.0,0.0
testing4682.jpg,Nanodomain,1.0,0.0,1.0,0.0
testing4683.jpg,Nanodomain,1.0,0.0,1.0,0.0
testing4684.jpg,Outside,1.0,4.0458733e-30,9.239268e-27,1.0
testing4685.jpg,Outside,1.0,1.5016475e-30,4.1964956e-30,1.0
testing4686.jpg,Outside,1.0,1.1335723e-30,7.5871456e-29,1.0
testing4687.jpg,Outside,1.0,6.556374e-34,4.4405357e-32,1.0
testing4688.jpg,Outside,1.0,5.2564647e-29,3.4995894e-26,1.0
testing4689.jpg,Outside,1.0,1.2396332e-33,2.4346822e-30,1.0
testing4690.jpg,Outside,1.0,3.603153e-33,3.0157584e-30,1.0
testing4691.jpg,Outside,1.0,2.0392376e-26,3.212986e-25,1.0
testing4692.jpg,Outside,1.0,1.995714e-30,9.0890803e-29,1.0
testing4693.jpg,Outside,1.0,3.6825047e-29,7.0718934e-28,1.0
testing4694.jpg,Outside,1.0,1.7876e-33,7.834347e-30,1.0
testing4695.jpg,Outside,1.0,3.4312563e-28,8.885347e-28,1.0
testing4696.jpg,Outside,1.0,6.548804e-33,3.5835783e-33,1.0
testing4697.jpg,Outside,1.0,2.7462667e-15,4.1109968e-23,1.0
testing4698.jpg,Outside,0.9993125,0.0006874606,2.0116346e-21,0.9993125
testing4699.jpg,Outside,1.0,1.6997898e-33,1.0756135e-30,1.0
testing4700.jpg,Outside,1.0,2.108751e-26,3.295084e-24,1.0
testing4701.jpg,Outside,1.0,1.428343e-28,3.8783586e-29,1.0
testing4702.jpg,Outside,1.0,9.81144e-25,5.9896044e-27,1.0
testing4703.jpg,Outside,1.0,6.245964e-31,1.8277827e-30,1.0
testing4704.jpg,Outside,1.0,1.222639e-30,3.7121803e-29,1.0
testing4705.jpg,Outside,1.0,6.318711e-19,1.9606465e-24,1.0
testing4706.jpg,Intermediate,1.0,1.0,4.0409377e-30,5.7744555e-24
testing4707.jpg,Nanodomain,1.0,0.0,1.0,0.0
testing4708.jpg,Nanodomain,1.0,0.0,1.0,0.0
testing4709.jpg,Outside,1.0,3.0595546e-18,2.4879702e-25,1.0
testing4710.jpg,Outside,1.0,8.579258e-26,1.4169357e-28,1.0
testing4711.jpg,Intermediate,1.0,1.0,8.895978e-17,1.012596e-20
testing4712.jpg,Nanodomain,1.0,0.0,1.0,0.0
testing4713.jpg,Intermediate,1.0,1.0,6.105985e-29,4.626034e-23
testing4714.jpg,Nanodomain,1.0,0.0,1.0,0.0
testing4715.jpg,Nanodomain,1.0,0.0,1.0,0.0
testing4716.jpg,Nanodomain,1.0,0.0,1.0,0.0
testing4717.jpg,Nanodomain,1.0,0.0,1.0,0.0
testing4718.jpg,Nanodomain,1.0,0.0,1.0,0.0
testing4719.jpg,Nanodomain,1.0,0.0,1.0,0.0
testing4720.jpg,Nanodomain,1.0,0.0,1.0,0.0
testing4721.jpg,Nanodomain,1.0,0.0,1.0,0.0
testing4722.jpg,Nanodomain,1.0,0.0,1.0,0.0
testing4723.jpg,Nanodomain,1.0,0.0,1.0,0.0
testing4724.jpg,Nanodomain,1.0,0.0,1.0,0.0
testing4725.jpg,Nanodomain,1.0,0.0,1.0,0.0
testing4726.jpg,Nanodomain,1.0,0.0,1.0,0.0
testing4727.jpg,Intermediate,1.0,1.0,3.284873e-36,8.405428e-26
testing4728.jpg,Nanodomain,1.0,0.0,1.0,0.0
testing4729.jpg,Nanodomain,1.0,0.0,1.0,0.0
testing4730.jpg,Nanodomain,1.0,0.0,1.0,0.0
testing4731.jpg,Nanodomain,1.0,0.0,1.0,0.0
testing4732.jpg,Nanodomain,1.0,0.0,1.0,0.0
testing4733.jpg,Nanodomain,1.0,0.0,1.0,0.0
testing4734.jpg,Nanodomain,1.0,0.0,1.0,0.0
testing4735.jpg,Nanodomain,1.0,0.0,1.0,0.0
testing4736.jpg,Nanodomain,1.0,0.0,1.0,0.0
testing4737.jpg,Nanodomain,1.0,0.0,1.0,0.0
testing4738.jpg,Nanodomain,1.0,0.0,1.0,0.0
testing4739.jpg,Outside,1.0,2.2409925e-38,5.493188e-33,1.0
testing4740.jpg,Outside,1.0,6.1819086e-33,3.6814094e-29,1.0
testing4741.jpg,Outside,1.0,1.3597787e-33,8.265444e-30,1.0
testing4742.jpg,Outside,1.0,1.0837687e-37,2.4821043e-31,1.0
testing4743.jpg,Outside,1.0,1.274961e-31,3.5647877e-27,1.0
testing4744.jpg,Outside,1.0,5.7019644e-22,1.0176246e-23,1.0
testing4745.jpg,Outside,1.0,1.0053293e-09,1.5982179e-19,1.0
testing4746.jpg,Outside,1.0,3.7588985e-25,2.7466183e-26,1.0
testing4747.jpg,Outside,1.0,1.2692013e-23,5.1346925e-24,1.0
testing4748.jpg,Outside,0.9999968,3.1940344e-06,8.673084e-17,0.9999968
testing4749.jpg,Outside,1.0,1.1277945e-19,4.315083e-22,1.0
testing4750.jpg,Intermediate,1.0,1.0,2.1945543e-25,3.1974106e-24
testing4751.jpg,Intermediate,1.0,1.0,6.1618083e-31,1.4775832e-22
testing4752.jpg,Intermediate,1.0,1.0,3.136118e-31,6.4834763e-19
testing4753.jpg,Nanodomain,0.99999833,1.6438951e-06,0.99999833,9.5561716e-26
testing4754.jpg,Intermediate,1.0,1.0,1.577135e-27,4.98485e-15
testing4755.jpg,Outside,0.9772423,0.02275765,3.8001757e-20,0.9772423
testing4756.jpg,Outside,1.0,8.193327e-17,6.81731e-21,1.0
testing4757.jpg,Outside,1.0,5.276458e-35,1.0363619e-31,1.0
testing4758.jpg,Outside,1.0,1.2998753e-37,1.0984731e-31,1.0
testing4759.jpg,Nanodomain,1.0,0.0,1.0,0.0
testing4760.jpg,Nanodomain,1.0,0.0,1.0,0.0
testing4761.jpg,Nanodomain,1.0,0.0,1.0,0.0
testing4762.jpg,Nanodomain,1.0,0.0,1.0,0.0
testing4763.jpg,Nanodomain,1.0,0.0,1.0,0.0
testing4764.jpg,Nanodomain,1.0,0.0,1.0,0.0
testing4765.jpg,Nanodomain,1.0,0.0,1.0,0.0
testing4766.jpg,Nanodomain,1.0,0.0,1.0,0.0
testing4767.jpg,Intermediate,0.9999988,0.9999988,4.9647348e-20,1.1599844e-06
testing4768.jpg,Outside,0.99513596,0.004864009,8.517297e-18,0.99513596
testing4769.jpg,Outside,0.9836586,0.016341448,4.0115755e-19,0.9836586
testing4770.jpg,Outside,0.9997278,0.00027220053,9.273009e-20,0.9997278
testing4771.jpg,Intermediate,0.9781626,0.9781626,1.2243916e-19,0.021837449
testing4772.jpg,Outside,1.0,2.9212752e-25,1.932046e-25,1.0
testing4773.jpg,Outside,1.0,1.640446e-08,1.4631864e-20,1.0
testing4774.jpg,Outside,1.0,1.973935e-11,1.911498e-17,1.0
testing4775.jpg,Outside,1.0,1.7116877e-29,6.9789793e-28,1.0
testing4776.jpg,Intermediate,1.0,1.0,1.295548e-23,5.4072404e-18
testing4777.jpg,Nanodomain,1.0,4.8130783e-26,1.0,0.0
testing4778.jpg,Nanodomain,1.0,0.0,1.0,0.0
testing4779.jpg,Nanodomain,1.0,0.0,1.0,0.0
testing4780.jpg,Nanodomain,1.0,0.0,1.0,0.0
testing4781.jpg,Nanodomain,1.0,2.6951417e-31,1.0,0.0
testing4782.jpg,Outside,1.0,2.1555222e-28,6.8554906e-28,1.0
testing4783.jpg,Nanodomain,1.0,0.0,1.0,0.0
testing4784.jpg,Nanodomain,1.0,0.0,1.0,0.0
testing4785.jpg,Nanodomain,1.0,0.0,1.0,0.0
testing4786.jpg,Nanodomain,1.0,1.0297776e-37,1.0,0.0
testing4787.jpg,Nanodomain,1.0,0.0,1.0,0.0
testing4788.jpg,Nanodomain,1.0,1.9366331e-35,1.0,0.0
testing4789.jpg,Nanodomain,1.0,1.0946175e-29,1.0,0.0
testing4790.jpg,Nanodomain,1.0,1.5817473e-38,1.0,0.0
testing4791.jpg,Nanodomain,1.0,4.081843e-28,1.0,0.0
testing4792.jpg,Nanodomain,1.0,3.0162194e-22,1.0,0.0
testing4793.jpg,Nanodomain,1.0,2.6885048e-26,1.0,0.0
testing4794.jpg,Nanodomain,1.0,9.464182e-27,1.0,0.0
testing4795.jpg,Intermediate,0.9863913,0.9863913,0.013608694,1.10163345e-23
testing4796.jpg,Outside,1.0,4.714156e-33,3.1343755e-29,1.0
testing4797.jpg,Nanodomain,1.0,0.0,1.0,0.0
testing4798.jpg,Nanodomain,1.0,0.0,1.0,0.0
testing4799.jpg,Nanodomain,1.0,0.0,1.0,0.0
testing4800.jpg,Nanodomain,1.0,0.0,1.0,0.0
testing4801.jpg,Nanodomain,1.0,0.0,1.0,0.0
testing4802.jpg,Nanodomain,1.0,0.0,1.0,0.0
testing4803.jpg,Nanodomain,1.0,0.0,1.0,0.0
testing4804.jpg,Nanodomain,1.0,0.0,1.0,0.0
testing4805.jpg,Nanodomain,1.0,0.0,1.0,0.0
testing4806.jpg,Nanodomain,1.0,0.0,1.0,0.0
testing4807.jpg,Nanodomain,1.0,0.0,1.0,0.0
testing4808.jpg,Nanodomain,1.0,0.0,1.0,0.0
testing4809.jpg,Nanodomain,1.0,0.0,1.0,0.0
testing4810.jpg,Nanodomain,1.0,0.0,1.0,0.0
testing4811.jpg,Nanodomain,1.0,0.0,1.0,0.0
testing4812.jpg,Outside,1.0,4.6349986e-34,1.6678687e-31,1.0
testing4813.jpg,Outside,1.0,7.170904e-30,5.625593e-28,1.0
testing4814.jpg,Outside,1.0,5.514099e-33,2.7564372e-30,1.0
testing4815.jpg,Outside,1.0,4.694799e-30,1.5543177e-29,1.0
testing4816.jpg,Outside,1.0,2.7081945e-27,7.097416e-25,1.0
testing4817.jpg,Outside,1.0,8.097999e-31,7.004019e-29,1.0
testing4818.jpg,Outside,1.0,2.2792442e-32,1.090438e-28,1.0
testing4819.jpg,Outside,1.0,3.0799655e-33,5.776899e-32,1.0
testing4820.jpg,Outside,1.0,2.370731e-28,2.4895803e-28,1.0
testing4821.jpg,Outside,1.0,1.9128921e-31,7.244536e-30,1.0
testing4822.jpg,Outside,1.0,3.122636e-34,3.063083e-32,1.0
testing4823.jpg,Outside,1.0,6.4781465e-31,2.5030442e-29,1.0
testing4824.jpg,Outside,1.0,2.1669674e-34,1.0819039e-33,1.0
testing4825.jpg,Outside,1.0,1.4358977e-29,5.4487874e-29,1.0
testing4826.jpg,Outside,1.0,3.158549e-29,5.190906e-29,1.0
testing4827.jpg,Outside,1.0,0.0,5.0924653e-37,1.0
testing4828.jpg,Outside,1.0,5.265158e-35,2.3830028e-32,1.0
testing4829.jpg,Outside,1.0,9.7129335e-34,1.2775705e-31,1.0
testing4830.jpg,Outside,1.0,4.889835e-22,4.889843e-26,1.0
testing4831.jpg,Outside,1.0,4.739265e-29,5.374841e-29,1.0
testing4832.jpg,Outside,1.0,2.0237517e-36,1.7334854e-35,1.0
testing4833.jpg,Outside,1.0,1.07357106e-32,2.966487e-32,1.0
testing4834.jpg,Outside,1.0,7.804918e-34,2.0223995e-30,1.0
testing4835.jpg,Outside,1.0,6.005696e-32,3.8533732e-31,1.0
testing4836.jpg,Outside,1.0,3.8439182e-31,1.9590341e-29,1.0
testing4837.jpg,Outside,1.0,1.7445027e-29,7.904291e-30,1.0
testing4838.jpg,Outside,1.0,2.4173739e-32,3.2185855e-29,1.0
testing4839.jpg,Outside,1.0,2.7367995e-32,1.7473989e-30,1.0
testing4840.jpg,Nanodomain,1.0,0.0,1.0,0.0
testing4841.jpg,Nanodomain,1.0,0.0,1.0,0.0
testing4842.jpg,Nanodomain,1.0,0.0,1.0,0.0
testing4843.jpg,Nanodomain,1.0,0.0,1.0,0.0
testing4844.jpg,Nanodomain,1.0,0.0,1.0,0.0
testing4845.jpg,Nanodomain,1.0,0.0,1.0,0.0
testing4846.jpg,Nanodomain,1.0,0.0,1.0,0.0
testing4847.jpg,Nanodomain,1.0,0.0,1.0,0.0
testing4848.jpg,Nanodomain,1.0,0.0,1.0,0.0
testing4849.jpg,Nanodomain,1.0,0.0,1.0,0.0
testing4850.jpg,Nanodomain,1.0,0.0,1.0,0.0
testing4851.jpg,Nanodomain,1.0,0.0,1.0,0.0
testing4852.jpg,Nanodomain,1.0,0.0,1.0,0.0
testing4853.jpg,Nanodomain,1.0,0.0,1.0,0.0
testing4854.jpg,Nanodomain,1.0,0.0,1.0,0.0
testing4855.jpg,Intermediate,1.0,1.0,6.188326e-33,3.5793073e-30
testing4856.jpg,Nanodomain,1.0,0.0,1.0,0.0
testing4857.jpg,Intermediate,1.0,1.0,1.037748e-21,4.5464585e-27
testing4858.jpg,Nanodomain,1.0,0.0,1.0,0.0
testing4859.jpg,Nanodomain,1.0,0.0,1.0,0.0
testing4860.jpg,Nanodomain,1.0,2.8122615e-30,1.0,0.0
testing4861.jpg,Nanodomain,1.0,0.0,1.0,0.0
testing4862.jpg,Nanodomain,1.0,0.0,1.0,0.0
testing4863.jpg,Nanodomain,1.0,0.0,1.0,0.0
testing4864.jpg,Nanodomain,1.0,0.0,1.0,0.0
testing4865.jpg,Nanodomain,1.0,0.0,1.0,0.0
testing4866.jpg,Nanodomain,1.0,0.0,1.0,0.0
testing4867.jpg,Nanodomain,1.0,0.0,1.0,0.0
testing4868.jpg,Nanodomain,1.0,0.0,1.0,0.0
testing4869.jpg,Nanodomain,1.0,0.0,1.0,0.0
testing4870.jpg,Outside,1.0,1.3462842e-37,2.6549165e-31,1.0
testing4871.jpg,Outside,1.0,4.999969e-31,3.0159554e-29,1.0
testing4872.jpg,Outside,1.0,2.4109905e-33,4.433784e-31,1.0
testing4873.jpg,Intermediate,1.0,1.0,5.4153496e-34,2.7301705e-30
testing4874.jpg,Intermediate,1.0,1.0,1.6389965e-36,6.9592915e-32
testing4875.jpg,Outside,0.99995804,4.195397e-05,1.2059399e-16,0.99995804
testing4876.jpg,Intermediate,1.0,1.0,1.4202803e-35,7.7043254e-31
testing4877.jpg,Outside,1.0,1.15671565e-14,3.4193946e-19,1.0
testing4878.jpg,Intermediate,1.0,1.0,3.2477136e-31,1.7084009e-28
testing4879.jpg,Intermediate,1.0,1.0,7.9776135e-26,6.3051056e-27
testing4880.jpg,Intermediate,1.0,1.0,1.1263538e-27,1.0218881e-23
testing4881.jpg,Intermediate,0.99967146,0.99967146,0.00032850876,1.570314e-20
testing4882.jpg,Outside,1.0,1.8151341e-18,8.975377e-22,1.0
testing4883.jpg,Outside,1.0,1.6308568e-37,4.624513e-32,1.0
testing4884.jpg,Outside,1.0,7.615239e-30,4.603487e-29,1.0
testing4885.jpg,Intermediate,0.9999863,0.9999863,1.3726038e-05,5.5540824e-21
testing4886.jpg,Nanodomain,1.0,0.0,1.0,0.0
testing4887.jpg,Nanodomain,1.0,0.0,1.0,0.0
testing4888.jpg,Nanodomain,1.0,0.0,1.0,0.0
testing4889.jpg,Nanodomain,1.0,0.0,1.0,0.0
testing4890.jpg,Nanodomain,1.0,0.0,1.0,0.0
testing4891.jpg,Nanodomain,1.0,0.0,1.0,0.0
testing4892.jpg,Nanodomain,1.0,0.0,1.0,0.0
testing4893.jpg,Nanodomain,1.0,0.0,1.0,0.0
testing4894.jpg,Nanodomain,1.0,0.0,1.0,0.0
testing4895.jpg,Intermediate,1.0,1.0,1.4839428e-38,6.509898e-33
testing4896.jpg,Intermediate,1.0,1.0,4.1883394e-30,3.823948e-27
testing4897.jpg,Intermediate,1.0,1.0,3.0825012e-35,4.40814e-28
testing4898.jpg,Intermediate,1.0,1.0,3.1743933e-31,1.9088129e-28
testing4899.jpg,Intermediate,1.0,1.0,6.296803e-30,3.5643933e-27
testing4900.jpg,Outside,1.0,5.6783435e-31,3.6526648e-28,1.0
testing4901.jpg,Outside,1.0,1.5506681e-31,1.3175087e-28,1.0
testing4902.jpg,Intermediate,1.0,1.0,1.9910795e-26,7.001162e-21
testing4903.jpg,Nanodomain,1.0,2.7214276e-36,1.0,0.0
testing4904.jpg,Nanodomain,1.0,7.196838e-35,1.0,0.0
testing4905.jpg,Nanodomain,1.0,0.0,1.0,0.0
testing4906.jpg,Nanodomain,1.0,0.0,1.0,0.0
testing4907.jpg,Nanodomain,1.0,3.7643445e-36,1.0,0.0
testing4908.jpg,Nanodomain,1.0,2.2158712e-32,1.0,0.0
testing4909.jpg,Nanodomain,1.0,5.322886e-16,1.0,0.0
testing4910.jpg,Nanodomain,1.0,0.0,1.0,0.0
testing4911.jpg,Nanodomain,1.0,1.99543e-25,1.0,0.0
testing4912.jpg,Outside,1.0,3.6339167e-09,5.092512e-19,1.0
testing4913.jpg,Intermediate,1.0,1.0,4.59745e-29,5.752358e-17
testing4914.jpg,Nanodomain,1.0,2.283922e-36,1.0,0.0
testing4915.jpg,Nanodomain,1.0,0.0,1.0,0.0
testing4916.jpg,Nanodomain,1.0,0.0,1.0,0.0
testing4917.jpg,Nanodomain,1.0,0.0,1.0,0.0
testing4918.jpg,Nanodomain,1.0,0.0,1.0,0.0
testing4919.jpg,Nanodomain,1.0,0.0,1.0,0.0
testing4920.jpg,Nanodomain,1.0,0.0,1.0,0.0
testing4921.jpg,Nanodomain,1.0,0.0,1.0,0.0
testing4922.jpg,Outside,1.0,2.8589385e-28,1.2027355e-27,1.0
testing4923.jpg,Outside,1.0,4.6802034e-32,3.1703545e-29,1.0
testing4924.jpg,Outside,1.0,1.3055887e-32,8.090386e-28,1.0
testing4925.jpg,Nanodomain,1.0,0.0,1.0,0.0
testing4926.jpg,Nanodomain,1.0,0.0,1.0,0.0
testing4927.jpg,Nanodomain,1.0,0.0,1.0,0.0
testing4928.jpg,Nanodomain,1.0,0.0,1.0,0.0
testing4929.jpg,Nanodomain,1.0,0.0,1.0,0.0
testing4930.jpg,Nanodomain,1.0,0.0,1.0,0.0
testing4931.jpg,Nanodomain,1.0,0.0,1.0,0.0
testing4932.jpg,Nanodomain,1.0,0.0,1.0,0.0
testing4933.jpg,Nanodomain,1.0,0.0,1.0,0.0
testing4934.jpg,Nanodomain,1.0,0.0,1.0,0.0
testing4935.jpg,Nanodomain,1.0,0.0,1.0,0.0
testing4936.jpg,Nanodomain,1.0,0.0,1.0,0.0
testing4937.jpg,Nanodomain,1.0,0.0,1.0,0.0
testing4938.jpg,Nanodomain,1.0,0.0,1.0,0.0
testing4939.jpg,Outside,1.0,2.1362566e-32,1.6269116e-29,1.0
testing4940.jpg,Outside,1.0,1.670727e-32,3.341367e-28,1.0
testing4941.jpg,Outside,1.0,1.1309475e-35,1.7149409e-31,1.0
testing4942.jpg,Outside,1.0,5.087084e-31,1.9021974e-29,1.0
testing4943.jpg,Outside,1.0,2.0714157e-32,2.5862345e-30,1.0
testing4944.jpg,Outside,1.0,4.112558e-34,1.0491864e-31,1.0
testing4945.jpg,Outside,1.0,1.5152916e-29,5.178824e-28,1.0
testing4946.jpg,Outside,1.0,3.2712637e-31,7.6005796e-31,1.0
testing4947.jpg,Outside,1.0,2.2494907e-29,2.701663e-27,1.0
testing4948.jpg,Outside,1.0,8.910952e-33,1.8684965e-29,1.0
testing4949.jpg,Outside,1.0,1.1502971e-34,3.1342046e-31,1.0
testing4950.jpg,Outside,1.0,3.3089514e-32,6.1270982e-30,1.0
testing4951.jpg,Outside,1.0,1.8286983e-28,4.4179037e-28,1.0
testing4952.jpg,Outside,1.0,2.2953493e-26,2.0113334e-25,1.0
testing4953.jpg,Outside,1.0,6.8754996e-28,4.598467e-29,1.0
testing4954.jpg,Outside,1.0,8.571893e-27,9.852198e-27,1.0
testing4955.jpg,Outside,1.0,6.7171664e-31,2.203653e-28,1.0
testing4956.jpg,Outside,1.0,5.247997e-26,5.659543e-26,1.0
testing4957.jpg,Outside,1.0,1.5059514e-28,1.2000081e-28,1.0
testing4958.jpg,Outside,1.0,3.14487e-27,7.820824e-29,1.0
testing4959.jpg,Outside,1.0,7.0857833e-25,8.171338e-28,1.0
testing4960.jpg,Outside,1.0,5.2754303e-28,7.0575056e-27,1.0
testing4961.jpg,Outside,1.0,1.2388333e-27,1.0262221e-27,1.0
testing4962.jpg,Outside,1.0,3.100253e-25,6.539416e-26,1.0
testing4963.jpg,Outside,1.0,6.540678e-29,1.2417425e-28,1.0
testing4964.jpg,Outside,1.0,9.2223475e-31,2.5966738e-30,1.0
testing4965.jpg,Outside,1.0,1.7121916e-28,6.2111316e-31,1.0
testing4966.jpg,Outside,1.0,2.9908874e-29,2.682385e-29,1.0
testing4967.jpg,Outside,1.0,1.487912e-29,2.2679987e-29,1.0
testing4968.jpg,Nanodomain,1.0,0.0,1.0,0.0
testing4969.jpg,Nanodomain,1.0,0.0,1.0,0.0
testing4970.jpg,Nanodomain,1.0,0.0,1.0,0.0
testing4971.jpg,Nanodomain,1.0,0.0,1.0,0.0
testing4972.jpg,Nanodomain,1.0,0.0,1.0,0.0
testing4973.jpg,Nanodomain,1.0,0.0,1.0,0.0
testing4974.jpg,Nanodomain,1.0,0.0,1.0,0.0
testing4975.jpg,Nanodomain,1.0,0.0,1.0,0.0
testing4976.jpg,Nanodomain,1.0,0.0,1.0,0.0
testing4977.jpg,Nanodomain,1.0,0.0,1.0,0.0
testing4978.jpg,Nanodomain,1.0,0.0,1.0,0.0
testing4979.jpg,Nanodomain,1.0,0.0,1.0,0.0
testing4980.jpg,Nanodomain,1.0,0.0,1.0,0.0
testing4981.jpg,Nanodomain,1.0,0.0,1.0,0.0
testing4982.jpg,Nanodomain,1.0,0.0,1.0,0.0
testing4983.jpg,Nanodomain,1.0,0.0,1.0,0.0
testing4984.jpg,Nanodomain,1.0,0.0,1.0,0.0
testing4985.jpg,Nanodomain,1.0,0.0,1.0,0.0
testing4986.jpg,Nanodomain,1.0,0.0,1.0,0.0
testing4987.jpg,Nanodomain,1.0,0.0,1.0,0.0
testing4988.jpg,Nanodomain,1.0,0.0,1.0,0.0
testing4989.jpg,Nanodomain,1.0,0.0,1.0,0.0
testing4990.jpg,Nanodomain,1.0,0.0,1.0,0.0
testing4991.jpg,Nanodomain,1.0,0.0,1.0,0.0
testing4992.jpg,Nanodomain,1.0,0.0,1.0,0.0
testing4993.jpg,Nanodomain,1.0,0.0,1.0,0.0
testing4994.jpg,Nanodomain,1.0,0.0,1.0,0.0
testing4995.jpg,Nanodomain,1.0,0.0,1.0,0.0
testing4996.jpg,Nanodomain,1.0,0.0,1.0,0.0
testing4997.jpg,Nanodomain,1.0,0.0,1.0,0.0
testing4998.jpg,Outside,1.0,5.057954e-34,1.9677435e-30,1.0
testing4999.jpg,Outside,1.0,3.0618142e-29,9.762367e-28,1.0
testing5000.jpg,Outside,1.0,6.145144e-38,3.7812485e-32,1.0
testing5001.jpg,Outside,1.0,8.192975e-34,1.5857656e-30,1.0
testing5002.jpg,Outside,1.0,3.1198972e-34,1.8003794e-30,1.0
testing5003.jpg,Outside,1.0,0.0,1.0323801e-32,1.0
testing5004.jpg,Intermediate,1.0,1.0,1.0886688e-33,7.1304005e-29
testing5005.jpg,Intermediate,1.0,1.0,4.0495616e-31,8.4457565e-28
testing5006.jpg,Intermediate,1.0,1.0,5.7285253e-27,1.4032413e-27
testing5007.jpg,Intermediate,1.0,1.0,1.5155422e-19,7.7804893e-25
testing5008.jpg,Intermediate,1.0,1.0,6.1146826e-28,1.4402856e-15
testing5009.jpg,Outside,1.0,3.2009115e-10,1.2008843e-18,1.0
testing5010.jpg,Outside,1.0,5.570305e-10,4.384196e-19,1.0
testing5011.jpg,Intermediate,1.0,1.0,2.050416e-33,9.214238e-28
testing5012.jpg,Outside,1.0,6.596619e-25,1.2930934e-24,1.0
testing5013.jpg,Intermediate,1.0,1.0,1.1306336e-26,1.0990093e-24
testing5014.jpg,Nanodomain,1.0,0.0,1.0,0.0
testing5015.jpg,Nanodomain,1.0,0.0,1.0,0.0
testing5016.jpg,Nanodomain,1.0,0.0,1.0,0.0
testing5017.jpg,Nanodomain,1.0,0.0,1.0,0.0
testing5018.jpg,Nanodomain,1.0,0.0,1.0,0.0
testing5019.jpg,Nanodomain,1.0,0.0,1.0,0.0
testing5020.jpg,Nanodomain,1.0,0.0,1.0,0.0
testing5021.jpg,Nanodomain,1.0,0.0,1.0,0.0
testing5022.jpg,Nanodomain,1.0,0.0,1.0,0.0
testing5023.jpg,Nanodomain,1.0,0.0,1.0,0.0
testing5024.jpg,Intermediate,1.0,1.0,5.092354e-35,1.2981235e-26
testing5025.jpg,Intermediate,1.0,1.0,5.663516e-34,4.5030956e-29
testing5026.jpg,Intermediate,1.0,1.0,5.763373e-36,1.688711e-27
testing5027.jpg,Intermediate,1.0,1.0,2.424456e-33,3.119288e-28
testing5028.jpg,Outside,1.0,2.278145e-28,1.667814e-28,1.0
testing5029.jpg,Intermediate,1.0,1.0,1.415631e-24,5.419286e-08
testing5030.jpg,Outside,1.0,2.5619358e-27,2.3874596e-26,1.0
testing5031.jpg,Outside,1.0,8.550433e-28,1.8510671e-27,1.0
testing5032.jpg,Outside,1.0,1.7311808e-18,1.5102313e-21,1.0
testing5033.jpg,Outside,0.99980265,0.00019733737,1.786247e-16,0.99980265
testing5034.jpg,Outside,1.0,2.938727e-22,2.1135207e-24,1.0
testing5035.jpg,Outside,1.0,1.5803594e-24,2.4222023e-24,1.0
testing5036.jpg,Outside,1.0,1.4064547e-30,2.0004951e-28,1.0
testing5037.jpg,Nanodomain,1.0,0.0,1.0,0.0
testing5038.jpg,Nanodomain,1.0,0.0,1.0,0.0
testing5039.jpg,Nanodomain,1.0,0.0,1.0,0.0
testing5040.jpg,Nanodomain,1.0,0.0,1.0,0.0
testing5041.jpg,Nanodomain,1.0,0.0,1.0,0.0
testing5042.jpg,Nanodomain,1.0,0.0,1.0,0.0
testing5043.jpg,Nanodomain,1.0,0.0,1.0,0.0
testing5044.jpg,Nanodomain,1.0,0.0,1.0,0.0
testing5045.jpg,Nanodomain,1.0,0.0,1.0,0.0
testing5046.jpg,Nanodomain,1.0,0.0,1.0,0.0
testing5047.jpg,Nanodomain,1.0,0.0,1.0,0.0
testing5048.jpg,Nanodomain,1.0,0.0,1.0,0.0
testing5049.jpg,Nanodomain,1.0,0.0,1.0,0.0
testing5050.jpg,Nanodomain,1.0,0.0,1.0,0.0
testing5051.jpg,Outside,1.0,3.504241e-32,2.7476946e-28,1.0
testing5052.jpg,Outside,1.0,2.9273414e-34,1.1940381e-31,1.0
testing5053.jpg,Nanodomain,1.0,0.0,1.0,0.0
testing5054.jpg,Nanodomain,1.0,0.0,1.0,0.0
testing5055.jpg,Nanodomain,1.0,0.0,1.0,0.0
testing5056.jpg,Nanodomain,1.0,0.0,1.0,0.0
testing5057.jpg,Nanodomain,1.0,0.0,1.0,0.0
testing5058.jpg,Nanodomain,1.0,0.0,1.0,0.0
testing5059.jpg,Nanodomain,1.0,0.0,1.0,0.0
testing5060.jpg,Nanodomain,1.0,0.0,1.0,0.0
testing5061.jpg,Nanodomain,1.0,0.0,1.0,0.0
testing5062.jpg,Nanodomain,1.0,0.0,1.0,0.0
testing5063.jpg,Nanodomain,1.0,0.0,1.0,0.0
testing5064.jpg,Nanodomain,1.0,0.0,1.0,0.0
testing5065.jpg,Nanodomain,1.0,0.0,1.0,0.0
testing5066.jpg,Nanodomain,1.0,0.0,1.0,0.0
testing5067.jpg,Outside,1.0,3.701615e-30,2.074331e-27,1.0
testing5068.jpg,Outside,1.0,4.6396185e-33,1.2839295e-27,1.0
testing5069.jpg,Outside,1.0,5.1434537e-32,4.8569172e-27,1.0
testing5070.jpg,Outside,1.0,3.070386e-30,6.272934e-27,1.0
testing5071.jpg,Outside,1.0,1.0046671e-33,1.3702835e-30,1.0
testing5072.jpg,Outside,1.0,1.1588854e-27,3.142713e-26,1.0
testing5073.jpg,Outside,1.0,3.5095617e-34,7.4894826e-31,1.0
testing5074.jpg,Outside,1.0,2.365569e-31,2.4944654e-29,1.0
testing5075.jpg,Outside,1.0,1.6970074e-29,1.3195766e-27,1.0
testing5076.jpg,Outside,1.0,1.1946407e-29,1.3265763e-28,1.0
testing5077.jpg,Outside,1.0,1.2543438e-29,1.5289965e-27,1.0
testing5078.jpg,Outside,1.0,8.122193e-31,6.213914e-28,1.0
testing5079.jpg,Outside,1.0,1.3706227e-31,7.923672e-30,1.0
testing5080.jpg,Outside,1.0,4.6028653e-32,1.8998849e-28,1.0
testing5081.jpg,Outside,1.0,6.5029053e-31,7.526437e-29,1.0
testing5082.jpg,Outside,1.0,3.934907e-32,9.068954e-30,1.0
testing5083.jpg,Outside,1.0,8.052936e-30,2.3997486e-27,1.0
testing5084.jpg,Outside,1.0,3.1447163e-33,1.1596536e-29,1.0
testing5085.jpg,Outside,1.0,4.621575e-29,3.3684247e-26,1.0
testing5086.jpg,Outside,1.0,4.5773058e-30,4.541378e-28,1.0
testing5087.jpg,Outside,1.0,1.0224397e-27,1.4042387e-25,1.0
testing5088.jpg,Outside,1.0,2.139731e-32,7.664517e-31,1.0
testing5089.jpg,Outside,1.0,1.3321399e-27,5.2637366e-26,1.0
testing5090.jpg,Outside,1.0,3.9305477e-29,7.4147865e-28,1.0
testing5091.jpg,Outside,1.0,2.4317226e-29,9.2642916e-27,1.0
testing5092.jpg,Outside,1.0,2.5360992e-35,1.9241837e-32,1.0
testing5093.jpg,Outside,1.0,1.4503255e-30,2.891323e-30,1.0
testing5094.jpg,Outside,1.0,5.5543425e-31,3.3454065e-30,1.0
testing5095.jpg,Outside,1.0,1.5576365e-28,5.4615494e-27,1.0
testing5096.jpg,Nanodomain,1.0,0.0,1.0,0.0
testing5097.jpg,Nanodomain,1.0,0.0,1.0,0.0
testing5098.jpg,Nanodomain,1.0,0.0,1.0,0.0
testing5099.jpg,Nanodomain,1.0,0.0,1.0,0.0
testing5100.jpg,Nanodomain,1.0,0.0,1.0,0.0
testing5101.jpg,Nanodomain,1.0,0.0,1.0,0.0
testing5102.jpg,Nanodomain,1.0,0.0,1.0,0.0
testing5103.jpg,Nanodomain,1.0,0.0,1.0,0.0
testing5104.jpg,Nanodomain,1.0,0.0,1.0,0.0
testing5105.jpg,Nanodomain,1.0,0.0,1.0,0.0
testing5106.jpg,Nanodomain,1.0,0.0,1.0,0.0
testing5107.jpg,Nanodomain,1.0,0.0,1.0,0.0
testing5108.jpg,Nanodomain,1.0,0.0,1.0,0.0
testing5109.jpg,Nanodomain,1.0,0.0,1.0,0.0
testing5110.jpg,Nanodomain,1.0,0.0,1.0,0.0
testing5111.jpg,Nanodomain,1.0,0.0,1.0,0.0
testing5112.jpg,Nanodomain,1.0,0.0,1.0,0.0
testing5113.jpg,Nanodomain,1.0,0.0,1.0,0.0
testing5114.jpg,Nanodomain,1.0,0.0,1.0,0.0
testing5115.jpg,Nanodomain,1.0,0.0,1.0,0.0
testing5116.jpg,Nanodomain,1.0,0.0,1.0,0.0
testing5117.jpg,Nanodomain,1.0,0.0,1.0,0.0
testing5118.jpg,Nanodomain,1.0,0.0,1.0,0.0
testing5119.jpg,Nanodomain,1.0,0.0,1.0,0.0
testing5120.jpg,Nanodomain,1.0,0.0,1.0,0.0
testing5121.jpg,Nanodomain,1.0,0.0,1.0,0.0
testing5122.jpg,Nanodomain,1.0,0.0,1.0,0.0
testing5123.jpg,Nanodomain,1.0,0.0,1.0,0.0
testing5124.jpg,Nanodomain,1.0,0.0,1.0,0.0
testing5125.jpg,Nanodomain,1.0,0.0,1.0,0.0
testing5126.jpg,Nanodomain,1.0,0.0,1.0,0.0
testing5127.jpg,Outside,1.0,5.547445e-29,9.0232486e-26,1.0
testing5128.jpg,Outside,1.0,8.617767e-33,7.587088e-29,1.0
testing5129.jpg,Outside,1.0,2.0426112e-31,1.5302401e-26,1.0
testing5130.jpg,Outside,0.9967591,0.0032409164,3.3704005e-21,0.9967591
testing5131.jpg,Intermediate,1.0,1.0,2.899575e-29,1.9840475e-22
testing5132.jpg,Intermediate,0.9999999,0.9999999,5.601202e-21,1.6702782e-07
testing5133.jpg,Outside,0.9986658,0.0013341601,1.3628127e-16,0.9986658
testing5134.jpg,Intermediate,1.0,1.0,1.1372566e-25,8.764608e-25
testing5135.jpg,Intermediate,1.0,1.0,7.400484e-14,5.5320535e-24
testing5136.jpg,Intermediate,0.99135965,0.99135965,1.8852092e-20,0.00864028
testing5137.jpg,Intermediate,1.0,1.0,2.707059e-34,2.083347e-20
testing5138.jpg,Outside,1.0,2.4279895e-27,1.8947851e-25,1.0
testing5139.jpg,Intermediate,1.0,1.0,9.4118845e-24,2.341713e-24
testing5140.jpg,Intermediate,1.0,1.0,5.907973e-29,1.391392e-27
testing5141.jpg,Intermediate,1.0,1.0,8.587234e-14,6.1915898e-24
testing5142.jpg,Nanodomain,1.0,0.0,1.0,0.0
testing5143.jpg,Nanodomain,1.0,0.0,1.0,0.0
testing5144.jpg,Nanodomain,1.0,0.0,1.0,0.0
testing5145.jpg,Nanodomain,1.0,0.0,1.0,0.0
testing5146.jpg,Nanodomain,1.0,0.0,1.0,0.0
testing5147.jpg,Nanodomain,1.0,0.0,1.0,0.0
testing5148.jpg,Nanodomain,1.0,0.0,1.0,0.0
testing5149.jpg,Nanodomain,1.0,0.0,1.0,0.0
testing5150.jpg,Nanodomain,1.0,0.0,1.0,0.0
testing5151.jpg,Nanodomain,1.0,0.0,1.0,0.0
testing5152.jpg,Intermediate,1.0,1.0,8.581828e-22,1.0330619e-09
testing5153.jpg,Nanodomain,1.0,0.0,1.0,0.0
testing5154.jpg,Nanodomain,1.0,0.0,1.0,0.0
testing5155.jpg,Nanodomain,1.0,0.0,1.0,0.0
testing5156.jpg,Nanodomain,1.0,0.0,1.0,0.0
testing5157.jpg,Nanodomain,1.0,0.0,1.0,0.0
testing5158.jpg,Nanodomain,1.0,0.0,1.0,0.0
testing5159.jpg,Nanodomain,1.0,0.0,1.0,0.0
testing5160.jpg,Nanodomain,1.0,0.0,1.0,0.0
testing5161.jpg,Nanodomain,0.98721224,0.012787787,0.98721224,6.8981703e-22
testing5162.jpg,Outside,1.0,6.013726e-15,8.347263e-21,1.0
testing5163.jpg,Intermediate,0.9965604,0.9965604,5.3950946e-20,0.0034395368
testing5164.jpg,Nanodomain,1.0,0.0,1.0,0.0
testing5165.jpg,Nanodomain,1.0,0.0,1.0,0.0
testing5166.jpg,Nanodomain,1.0,0.0,1.0,0.0
testing5167.jpg,Nanodomain,1.0,0.0,1.0,0.0
testing5168.jpg,Nanodomain,1.0,0.0,1.0,0.0
testing5169.jpg,Nanodomain,1.0,0.0,1.0,0.0
testing5170.jpg,Nanodomain,1.0,0.0,1.0,0.0
testing5171.jpg,Nanodomain,1.0,0.0,1.0,0.0
testing5172.jpg,Nanodomain,1.0,0.0,1.0,0.0
testing5173.jpg,Nanodomain,1.0,0.0,1.0,0.0
testing5174.jpg,Nanodomain,1.0,0.0,1.0,0.0
testing5175.jpg,Nanodomain,1.0,0.0,1.0,0.0
testing5176.jpg,Nanodomain,1.0,0.0,1.0,0.0
testing5177.jpg,Nanodomain,1.0,0.0,1.0,0.0
testing5178.jpg,Outside,1.0,1.4399376e-25,7.124593e-26,1.0
testing5179.jpg,Outside,1.0,1.5315533e-27,4.5727027e-28,1.0
testing5180.jpg,Outside,1.0,4.5577308e-26,3.405259e-26,1.0
testing5181.jpg,Outside,1.0,1.3632017e-25,2.7247866e-26,1.0
testing5182.jpg,Outside,1.0,2.1142305e-24,3.795182e-23,1.0
testing5183.jpg,Intermediate,1.0,1.0,8.0737395e-35,3.740942e-27
testing5184.jpg,Intermediate,1.0,1.0,8.13675e-28,1.5087033e-16
testing5185.jpg,Nanodomain,1.0,0.0,1.0,0.0
testing5186.jpg,Nanodomain,1.0,0.0,1.0,0.0
testing5187.jpg,Intermediate,1.0,1.0,1.2585057e-34,1.1670984e-25
testing5188.jpg,Nanodomain,1.0,0.0,1.0,0.0
testing5189.jpg,Nanodomain,1.0,0.0,1.0,0.0
testing5190.jpg,Nanodomain,1.0,0.0,1.0,0.0
testing5191.jpg,Nanodomain,1.0,0.0,1.0,0.0
testing5192.jpg,Nanodomain,1.0,0.0,1.0,0.0
testing5193.jpg,Nanodomain,1.0,0.0,1.0,0.0
testing5194.jpg,Outside,1.0,2.2326588e-28,1.7293652e-26,1.0
testing5195.jpg,Outside,1.0,5.5045994e-33,2.9079146e-30,1.0
testing5196.jpg,Outside,1.0,3.107934e-35,1.9274601e-32,1.0
testing5197.jpg,Outside,1.0,2.0887593e-34,3.2193189e-31,1.0
testing5198.jpg,Outside,1.0,5.273681e-35,1.1720606e-31,1.0
testing5199.jpg,Outside,1.0,1.2216335e-35,4.3819767e-32,1.0
testing5200.jpg,Outside,1.0,9.9653364e-33,5.1604785e-30,1.0
testing5201.jpg,Outside,1.0,5.6444497e-34,9.023786e-29,1.0
testing5202.jpg,Outside,1.0,2.5659183e-33,9.014604e-28,1.0
testing5203.jpg,Outside,1.0,2.3087213e-28,6.0069485e-27,1.0
testing5204.jpg,Outside,1.0,1.8951655e-28,2.6446636e-26,1.0
testing5205.jpg,Outside,1.0,3.9365558e-26,7.25285e-25,1.0
testing5206.jpg,Outside,1.0,3.328154e-33,1.149203e-30,1.0
testing5207.jpg,Outside,1.0,1.8242775e-24,7.2934605e-27,1.0
testing5208.jpg,Outside,1.0,1.6547654e-28,1.6677448e-27,1.0
testing5209.jpg,Outside,1.0,1.7181364e-31,7.8501416e-30,1.0
testing5210.jpg,Outside,1.0,3.7434974e-27,6.15696e-26,1.0
testing5211.jpg,Outside,1.0,3.198398e-32,8.453415e-31,1.0
testing5212.jpg,Outside,1.0,6.288218e-35,3.804543e-32,1.0
testing5213.jpg,Outside,1.0,3.856184e-30,6.79278e-28,1.0
testing5214.jpg,Outside,1.0,4.062633e-25,1.2424314e-25,1.0
testing5215.jpg,Outside,1.0,0.0,7.820758e-38,1.0
testing5216.jpg,Outside,1.0,6.9080254e-34,5.9646964e-30,1.0
testing5217.jpg,Outside,1.0,9.736111e-28,2.5325711e-27,1.0
testing5218.jpg,Outside,1.0,8.441905e-25,1.9790028e-25,1.0
testing5219.jpg,Outside,1.0,3.9789654e-33,3.1862932e-32,1.0
testing5220.jpg,Outside,1.0,8.914798e-32,1.062539e-30,1.0
testing5221.jpg,Outside,1.0,1.7136177e-26,8.457432e-27,1.0
testing5222.jpg,Outside,1.0,2.3088281e-27,2.784819e-27,1.0
testing5223.jpg,Outside,1.0,3.166891e-33,1.0028039e-30,1.0
testing5224.jpg,Nanodomain,1.0,0.0,1.0,0.0
testing5225.jpg,Nanodomain,1.0,0.0,1.0,0.0
testing5226.jpg,Nanodomain,1.0,0.0,1.0,0.0
testing5227.jpg,Nanodomain,1.0,0.0,1.0,0.0
testing5228.jpg,Nanodomain,1.0,0.0,1.0,0.0
testing5229.jpg,Nanodomain,1.0,0.0,1.0,0.0
testing5230.jpg,Nanodomain,1.0,0.0,1.0,0.0
testing5231.jpg,Nanodomain,1.0,0.0,1.0,0.0
testing5232.jpg,Nanodomain,1.0,0.0,1.0,0.0
testing5233.jpg,Nanodomain,1.0,0.0,1.0,0.0
testing5234.jpg,Nanodomain,1.0,0.0,1.0,0.0
testing5235.jpg,Nanodomain,1.0,0.0,1.0,0.0
testing5236.jpg,Nanodomain,1.0,0.0,1.0,0.0
testing5237.jpg,Nanodomain,1.0,0.0,1.0,0.0
testing5238.jpg,Nanodomain,1.0,0.0,1.0,0.0
testing5239.jpg,Outside,0.9999521,4.7894744e-05,8.969224e-16,0.9999521
testing5240.jpg,Intermediate,1.0,1.0,1.480088e-22,7.9806006e-10
testing5241.jpg,Nanodomain,1.0,1.9649847e-21,1.0,0.0
testing5242.jpg,Nanodomain,1.0,0.0,1.0,0.0
testing5243.jpg,Nanodomain,1.0,0.0,1.0,0.0
testing5244.jpg,Nanodomain,1.0,0.0,1.0,0.0
testing5245.jpg,Nanodomain,1.0,0.0,1.0,0.0
testing5246.jpg,Nanodomain,1.0,0.0,1.0,0.0
testing5247.jpg,Nanodomain,1.0,0.0,1.0,0.0
testing5248.jpg,Nanodomain,1.0,0.0,1.0,0.0
testing5249.jpg,Nanodomain,1.0,0.0,1.0,0.0
testing5250.jpg,Nanodomain,1.0,0.0,1.0,0.0
testing5251.jpg,Nanodomain,1.0,0.0,1.0,0.0
testing5252.jpg,Nanodomain,1.0,0.0,1.0,0.0
testing5253.jpg,Nanodomain,1.0,0.0,1.0,0.0
testing5254.jpg,Nanodomain,1.0,0.0,1.0,0.0
testing5255.jpg,Nanodomain,1.0,0.0,1.0,0.0
testing5256.jpg,Outside,1.0,2.8704492e-33,7.630276e-29,1.0
testing5257.jpg,Outside,1.0,8.610839e-32,3.3864462e-28,1.0
testing5258.jpg,Outside,1.0,1.7824892e-37,2.1827755e-31,1.0
testing5259.jpg,Intermediate,1.0,1.0,5.6927863e-24,6.318668e-25
testing5260.jpg,Intermediate,1.0,1.0,4.926424e-35,2.538488e-29
testing5261.jpg,Outside,1.0,4.0905404e-28,7.243887e-26,1.0
testing5262.jpg,Outside,0.999998,2.027735e-06,7.2184267e-22,0.999998
testing5263.jpg,Outside,1.0,2.6570495e-27,9.600578e-27,1.0
testing5264.jpg,Outside,1.0,1.2653703e-34,1.5543347e-30,1.0
testing5265.jpg,Intermediate,1.0,1.0,2.4373858e-38,2.5605541e-30
testing5266.jpg,Outside,1.0,6.4778997e-31,6.231663e-30,1.0
testing5267.jpg,Intermediate,1.0,1.0,3.0186819e-15,5.4031997e-25
testing5268.jpg,Intermediate,1.0,1.0,4.182447e-38,1.103181e-30
testing5269.jpg,Nanodomain,1.0,5.6726003e-18,1.0,3.858955e-35
testing5270.jpg,Nanodomain,1.0,1.0553856e-21,1.0,0.0
testing5271.jpg,Nanodomain,1.0,3.597615e-12,1.0,3.8029278e-27
testing5272.jpg,Nanodomain,1.0,0.0,1.0,0.0
testing5273.jpg,Nanodomain,1.0,0.0,1.0,0.0
testing5274.jpg,Nanodomain,1.0,0.0,1.0,0.0
testing5275.jpg,Nanodomain,1.0,0.0,1.0,0.0
testing5276.jpg,Nanodomain,1.0,0.0,1.0,0.0
testing5277.jpg,Nanodomain,1.0,0.0,1.0,0.0
testing5278.jpg,Nanodomain,1.0,0.0,1.0,0.0
testing5279.jpg,Nanodomain,1.0,0.0,1.0,0.0
testing5280.jpg,Nanodomain,1.0,0.0,1.0,0.0
testing5281.jpg,Nanodomain,1.0,0.0,1.0,0.0
testing5282.jpg,Nanodomain,1.0,0.0,1.0,0.0
testing5283.jpg,Nanodomain,1.0,0.0,1.0,0.0
testing5284.jpg,Nanodomain,1.0,0.0,1.0,0.0
testing5285.jpg,Nanodomain,1.0,0.0,1.0,0.0
testing5286.jpg,Nanodomain,1.0,0.0,1.0,0.0
testing5287.jpg,Nanodomain,1.0,0.0,1.0,0.0
testing5288.jpg,Nanodomain,1.0,0.0,1.0,0.0
testing5289.jpg,Nanodomain,1.0,0.0,1.0,0.0
testing5290.jpg,Nanodomain,1.0,0.0,1.0,0.0
testing5291.jpg,Nanodomain,1.0,3.51066e-11,1.0,2.0055436e-30
testing5292.jpg,Outside,1.0,7.989182e-27,3.673529e-27,1.0
testing5293.jpg,Outside,1.0,2.8182876e-29,4.978185e-28,1.0
testing5294.jpg,Nanodomain,1.0,0.0,1.0,0.0
testing5295.jpg,Nanodomain,1.0,0.0,1.0,0.0
testing5296.jpg,Nanodomain,1.0,0.0,1.0,0.0
testing5297.jpg,Nanodomain,1.0,0.0,1.0,0.0
testing5298.jpg,Nanodomain,1.0,0.0,1.0,0.0
testing5299.jpg,Nanodomain,1.0,0.0,1.0,0.0
testing5300.jpg,Nanodomain,1.0,0.0,1.0,0.0
testing5301.jpg,Nanodomain,1.0,0.0,1.0,0.0
testing5302.jpg,Nanodomain,1.0,0.0,1.0,0.0
testing5303.jpg,Nanodomain,1.0,0.0,1.0,0.0
testing5304.jpg,Nanodomain,1.0,0.0,1.0,0.0
testing5305.jpg,Nanodomain,1.0,0.0,1.0,0.0
testing5306.jpg,Nanodomain,1.0,0.0,1.0,0.0
testing5307.jpg,Outside,1.0,7.605885e-09,9.3089033e-17,1.0
testing5308.jpg,Outside,1.0,8.110687e-28,8.0771794e-30,1.0
testing5309.jpg,Outside,1.0,2.5862682e-27,1.121047e-27,1.0
testing5310.jpg,Outside,1.0,8.438181e-15,2.4115148e-18,1.0
testing5311.jpg,Nanodomain,1.0,0.0,1.0,0.0
testing5312.jpg,Nanodomain,1.0,0.0,1.0,0.0
testing5313.jpg,Nanodomain,1.0,0.0,1.0,0.0
testing5314.jpg,Nanodomain,1.0,0.0,1.0,0.0
testing5315.jpg,Nanodomain,1.0,0.0,1.0,0.0
testing5316.jpg,Nanodomain,1.0,0.0,1.0,0.0
testing5317.jpg,Nanodomain,1.0,0.0,1.0,0.0
testing5318.jpg,Nanodomain,1.0,0.0,1.0,0.0
testing5319.jpg,Nanodomain,1.0,0.0,1.0,0.0
testing5320.jpg,Nanodomain,1.0,0.0,1.0,0.0
testing5321.jpg,Outside,1.0,3.55229e-32,8.63967e-30,1.0
testing5322.jpg,Outside,1.0,5.828602e-34,1.6108903e-31,1.0
testing5323.jpg,Outside,1.0,4.20214e-35,4.579796e-33,1.0
testing5324.jpg,Outside,1.0,6.0987567e-33,5.3999717e-30,1.0
testing5325.jpg,Outside,1.0,2.2219657e-32,1.6442564e-29,1.0
testing5326.jpg,Outside,1.0,7.101193e-29,8.469544e-26,1.0
testing5327.jpg,Outside,1.0,1.0101327e-31,4.3224645e-29,1.0
testing5328.jpg,Outside,1.0,6.700743e-29,4.4392427e-27,1.0
testing5329.jpg,Outside,1.0,3.7376803e-32,8.627419e-30,1.0
testing5330.jpg,Outside,1.0,8.663404e-29,3.6445402e-26,1.0
testing5331.jpg,Outside,1.0,4.7052495e-31,2.5912735e-28,1.0
testing5332.jpg,Outside,1.0,6.741502e-31,1.1415063e-27,1.0
testing5333.jpg,Outside,1.0,1.146698e-30,9.8188705e-29,1.0
testing5334.jpg,Outside,1.0,4.163193e-20,4.0862891e-25,1.0
testing5335.jpg,Outside,1.0,1.5338844e-22,1.9697462e-25,1.0
testing5336.jpg,Outside,1.0,3.3056508e-14,1.0570236e-17,1.0
testing5337.jpg,Outside,1.0,2.9497891e-30,1.49312e-29,1.0
testing5338.jpg,Outside,1.0,3.1378747e-25,9.1482936e-27,1.0
testing5339.jpg,Outside,1.0,2.614126e-30,1.5983193e-29,1.0
testing5340.jpg,Outside,1.0,6.873029e-37,1.4540722e-35,1.0
testing5341.jpg,Nanodomain,1.0,0.0,1.0,0.0
testing5342.jpg,Nanodomain,1.0,0.0,1.0,0.0
testing5343.jpg,Nanodomain,1.0,0.0,1.0,0.0
testing5344.jpg,Nanodomain,1.0,0.0,1.0,0.0
testing5345.jpg,Nanodomain,1.0,0.0,1.0,0.0
testing5346.jpg,Nanodomain,1.0,1.3812566e-31,1.0,0.0
testing5347.jpg,Intermediate,1.0,1.0,5.562118e-18,2.6412295e-23
testing5348.jpg,Outside,1.0,3.2174146e-17,7.516212e-24,1.0
testing5349.jpg,Outside,1.0,5.6607383e-31,8.9125925e-31,1.0
testing5350.jpg,Outside,1.0,1.7219476e-32,1.3042246e-32,1.0
testing5351.jpg,Outside,1.0,4.0398536e-25,3.2192504e-28,1.0
testing5352.jpg,Nanodomain,1.0,0.0,1.0,0.0
testing5353.jpg,Nanodomain,1.0,0.0,1.0,0.0
testing5354.jpg,Nanodomain,1.0,0.0,1.0,0.0
testing5355.jpg,Nanodomain,1.0,0.0,1.0,0.0
testing5356.jpg,Nanodomain,1.0,0.0,1.0,0.0
testing5357.jpg,Nanodomain,1.0,0.0,1.0,0.0
testing5358.jpg,Nanodomain,1.0,0.0,1.0,0.0
testing5359.jpg,Nanodomain,1.0,0.0,1.0,0.0
testing5360.jpg,Nanodomain,1.0,0.0,1.0,0.0
testing5361.jpg,Nanodomain,1.0,0.0,1.0,0.0
testing5362.jpg,Nanodomain,1.0,0.0,1.0,0.0
testing5363.jpg,Nanodomain,1.0,0.0,1.0,0.0
testing5364.jpg,Nanodomain,1.0,0.0,1.0,0.0
testing5365.jpg,Nanodomain,1.0,0.0,1.0,0.0
testing5366.jpg,Nanodomain,1.0,0.0,1.0,0.0
testing5367.jpg,Outside,1.0,2.552143e-34,3.2679926e-33,1.0
testing5368.jpg,Outside,1.0,2.4814415e-31,5.6836927e-32,1.0
testing5369.jpg,Nanodomain,1.0,0.0,1.0,0.0
testing5370.jpg,Nanodomain,1.0,0.0,1.0,0.0
testing5371.jpg,Nanodomain,1.0,0.0,1.0,0.0
testing5372.jpg,Nanodomain,1.0,0.0,1.0,0.0
testing5373.jpg,Nanodomain,1.0,0.0,1.0,0.0
testing5374.jpg,Nanodomain,1.0,0.0,1.0,0.0
testing5375.jpg,Nanodomain,1.0,0.0,1.0,0.0
testing5376.jpg,Nanodomain,1.0,0.0,1.0,0.0
testing5377.jpg,Nanodomain,1.0,0.0,1.0,0.0
testing5378.jpg,Nanodomain,1.0,0.0,1.0,0.0
testing5379.jpg,Nanodomain,1.0,0.0,1.0,0.0
testing5380.jpg,Nanodomain,1.0,0.0,1.0,0.0
testing5381.jpg,Nanodomain,1.0,0.0,1.0,0.0
testing5382.jpg,Nanodomain,1.0,0.0,1.0,0.0
testing5383.jpg,Outside,1.0,3.4774594e-33,6.807221e-30,1.0
testing5384.jpg,Outside,1.0,4.0470783e-22,1.2396597e-21,1.0
testing5385.jpg,Outside,1.0,4.13012e-26,8.5577505e-26,1.0
testing5386.jpg,Outside,1.0,3.631927e-32,5.9332436e-30,1.0
testing5387.jpg,Outside,1.0,7.094805e-36,3.788352e-32,1.0
testing5388.jpg,Outside,1.0,1.2394575e-34,4.042153e-31,1.0
testing5389.jpg,Outside,1.0,5.4350574e-32,1.3774755e-28,1.0
testing5390.jpg,Outside,1.0,4.5319e-33,2.5673224e-30,1.0
testing5391.jpg,Outside,1.0,1.4009806e-32,1.2822688e-29,1.0
testing5392.jpg,Outside,1.0,1.7887809e-32,2.3267655e-29,1.0
testing5393.jpg,Intermediate,1.0,1.0,2.5336727e-27,7.5084964e-26
testing5394.jpg,Intermediate,1.0,1.0,8.3830964e-29,4.6532295e-26
testing5395.jpg,Intermediate,1.0,1.0,4.0112786e-31,4.346373e-29
testing5396.jpg,Intermediate,1.0,1.0,3.8347335e-32,8.0901035e-29
testing5397.jpg,Intermediate,1.0,1.0,4.2065006e-21,2.332539e-24
testing5398.jpg,Nanodomain,1.0,5.2542246e-12,1.0,5.8065744e-31
testing5399.jpg,Nanodomain,1.0,9.286822e-10,1.0,1.503552e-28
testing5400.jpg,Nanodomain,1.0,3.434954e-14,1.0,1.04951824e-32
testing5401.jpg,Nanodomain,1.0,0.0,1.0,0.0
testing5402.jpg,Nanodomain,1.0,0.0,1.0,0.0
testing5403.jpg,Nanodomain,1.0,0.0,1.0,0.0
testing5404.jpg,Nanodomain,1.0,0.0,1.0,0.0
testing5405.jpg,Nanodomain,1.0,0.0,1.0,0.0
testing5406.jpg,Nanodomain,1.0,0.0,1.0,0.0
testing5407.jpg,Nanodomain,1.0,3.943e-35,1.0,0.0
testing5408.jpg,Nanodomain,1.0,0.0,1.0,0.0
testing5409.jpg,Nanodomain,1.0,0.0,1.0,0.0
testing5410.jpg,Nanodomain,1.0,0.0,1.0,0.0
testing5411.jpg,Nanodomain,1.0,0.0,1.0,0.0
testing5412.jpg,Nanodomain,1.0,0.0,1.0,0.0
testing5413.jpg,Nanodomain,1.0,0.0,1.0,0.0
testing5414.jpg,Nanodomain,1.0,0.0,1.0,0.0
testing5415.jpg,Nanodomain,1.0,0.0,1.0,0.0
testing5416.jpg,Nanodomain,1.0,0.0,1.0,0.0
testing5417.jpg,Nanodomain,1.0,0.0,1.0,0.0
testing5418.jpg,Nanodomain,1.0,0.0,1.0,0.0
testing5419.jpg,Nanodomain,1.0,0.0,1.0,0.0
testing5420.jpg,Outside,1.0,2.7842212e-29,2.354988e-25,1.0
testing5421.jpg,Outside,1.0,8.314814e-29,2.7031255e-28,1.0
testing5422.jpg,Nanodomain,1.0,0.0,1.0,0.0
testing5423.jpg,Nanodomain,1.0,0.0,1.0,0.0
testing5424.jpg,Nanodomain,1.0,0.0,1.0,0.0
testing5425.jpg,Nanodomain,1.0,0.0,1.0,0.0
testing5426.jpg,Nanodomain,1.0,0.0,1.0,0.0
testing5427.jpg,Nanodomain,1.0,0.0,1.0,0.0
testing5428.jpg,Nanodomain,1.0,0.0,1.0,0.0
testing5429.jpg,Nanodomain,1.0,0.0,1.0,0.0
testing5430.jpg,Nanodomain,1.0,0.0,1.0,0.0
testing5431.jpg,Nanodomain,1.0,0.0,1.0,0.0
testing5432.jpg,Nanodomain,1.0,0.0,1.0,0.0
testing5433.jpg,Nanodomain,1.0,0.0,1.0,0.0
testing5434.jpg,Nanodomain,1.0,0.0,1.0,0.0
testing5435.jpg,Nanodomain,1.0,0.0,1.0,0.0
testing5436.jpg,Outside,1.0,1.3648653e-27,6.0746214e-29,1.0
testing5437.jpg,Outside,1.0,1.6778363e-16,8.510679e-25,1.0
testing5438.jpg,Outside,1.0,2.622115e-12,3.9906985e-19,1.0
testing5439.jpg,Outside,1.0,1.3927674e-27,1.15268255e-26,1.0
testing5440.jpg,Intermediate,0.78999037,0.78999037,1.1172308e-16,0.21000966
testing5441.jpg,Intermediate,1.0,1.0,3.0725965e-25,2.1517772e-12
testing5442.jpg,Outside,0.92658055,0.073419474,2.6851196e-16,0.92658055
testing5443.jpg,Outside,1.0,9.04894e-31,2.6889097e-30,1.0
testing5444.jpg,Nanodomain,1.0,0.0,1.0,0.0
testing5445.jpg,Nanodomain,1.0,0.0,1.0,0.0
testing5446.jpg,Nanodomain,1.0,0.0,1.0,0.0
testing5447.jpg,Outside,1.0,4.225922e-32,2.6434995e-29,1.0
testing5448.jpg,Outside,1.0,6.582465e-33,3.2811618e-31,1.0
testing5449.jpg,Outside,1.0,1.5621642e-29,1.1406145e-26,1.0
testing5450.jpg,Outside,1.0,1.946921e-36,1.248856e-32,1.0
testing5451.jpg,Outside,1.0,1.9727362e-28,3.2969036e-26,1.0
testing5452.jpg,Outside,1.0,2.2721361e-38,6.82773e-33,1.0
testing5453.jpg,Outside,1.0,5.2855048e-27,1.8494951e-25,1.0
testing5454.jpg,Outside,1.0,3.5942533e-35,1.9125793e-30,1.0
testing5455.jpg,Outside,1.0,1.0344088e-35,1.2774036e-33,1.0
testing5456.jpg,Outside,1.0,9.626899e-29,1.3026525e-26,1.0
testing5457.jpg,Outside,1.0,7.861376e-31,5.2751e-31,1.0
testing5458.jpg,Outside,1.0,2.1065966e-33,1.713549e-30,1.0
testing5459.jpg,Outside,1.0,6.693341e-27,6.095176e-25,1.0
testing5460.jpg,Outside,1.0,4.6130956e-32,5.1417106e-31,1.0
testing5461.jpg,Outside,1.0,5.159714e-29,4.7461553e-30,1.0
testing5462.jpg,Outside,1.0,6.671332e-30,1.3168813e-27,1.0
testing5463.jpg,Outside,1.0,1.251401e-27,9.694751e-28,1.0
testing5464.jpg,Outside,1.0,3.57542e-29,8.335229e-30,1.0
testing5465.jpg,Outside,1.0,3.2856282e-34,8.067185e-34,1.0
testing5466.jpg,Outside,1.0,1.1805144e-31,1.6709509e-31,1.0
testing5467.jpg,Outside,1.0,2.9473401e-28,1.1565668e-27,1.0
testing5468.jpg,Outside,1.0,3.6076362e-33,2.9319838e-31,1.0
testing5469.jpg,Nanodomain,1.0,0.0,1.0,0.0
testing5470.jpg,Nanodomain,1.0,0.0,1.0,0.0
testing5471.jpg,Nanodomain,1.0,0.0,1.0,0.0
testing5472.jpg,Nanodomain,1.0,1.39815875e-36,1.0,0.0
testing5473.jpg,Nanodomain,1.0,1.5201584e-32,1.0,0.0
testing5474.jpg,Nanodomain,1.0,7.60804e-22,1.0,0.0
testing5475.jpg,Intermediate,1.0,1.0,4.358621e-09,1.147149e-22
testing5476.jpg,Intermediate,0.9999995,0.9999995,4.5275553e-07,2.5292083e-21
testing5477.jpg,Nanodomain,1.0,0.0,1.0,0.0
testing5478.jpg,Nanodomain,1.0,0.0,1.0,0.0
testing5479.jpg,Nanodomain,1.0,0.0,1.0,0.0
testing5480.jpg,Nanodomain,1.0,0.0,1.0,0.0
testing5481.jpg,Nanodomain,1.0,0.0,1.0,0.0
testing5482.jpg,Nanodomain,1.0,0.0,1.0,0.0
testing5483.jpg,Nanodomain,1.0,0.0,1.0,0.0
testing5484.jpg,Nanodomain,1.0,0.0,1.0,0.0
testing5485.jpg,Nanodomain,1.0,0.0,1.0,0.0
testing5486.jpg,Nanodomain,1.0,0.0,1.0,0.0
testing5487.jpg,Nanodomain,1.0,0.0,1.0,0.0
testing5488.jpg,Nanodomain,1.0,0.0,1.0,0.0
testing5489.jpg,Nanodomain,1.0,0.0,1.0,0.0
testing5490.jpg,Nanodomain,1.0,0.0,1.0,0.0
testing5491.jpg,Nanodomain,1.0,0.0,1.0,0.0
testing5492.jpg,Outside,1.0,1.0207618e-31,5.096034e-32,1.0
testing5493.jpg,Outside,1.0,2.7518109e-25,9.273838e-27,1.0
testing5494.jpg,Outside,1.0,1.3153994e-28,3.5521036e-30,1.0
testing5495.jpg,Outside,1.0,2.5827588e-34,1.457655e-34,1.0
testing5496.jpg,Outside,1.0,1.0701097e-36,4.5224117e-36,1.0
testing5497.jpg,Outside,1.0,4.413592e-28,2.6030137e-28,1.0
testing5498.jpg,Outside,1.0,3.5910145e-30,6.000984e-30,1.0
testing5499.jpg,Intermediate,1.0,1.0,3.828026e-24,7.3476084e-27
testing5500.jpg,Intermediate,1.0,1.0,2.3803518e-23,3.719269e-28
testing5501.jpg,Nanodomain,1.0,0.0,1.0,0.0
testing5502.jpg,Nanodomain,1.0,0.0,1.0,0.0
testing5503.jpg,Nanodomain,1.0,0.0,1.0,0.0
testing5504.jpg,Nanodomain,1.0,0.0,1.0,0.0
testing5505.jpg,Nanodomain,1.0,0.0,1.0,0.0
testing5506.jpg,Nanodomain,1.0,0.0,1.0,0.0
testing5507.jpg,Nanodomain,1.0,0.0,1.0,0.0
testing5508.jpg,Nanodomain,1.0,0.0,1.0,0.0
testing5509.jpg,Nanodomain,1.0,0.0,1.0,0.0
testing5510.jpg,Outside,1.0,2.318364e-31,8.235894e-29,1.0
testing5511.jpg,Outside,1.0,5.1462302e-36,2.66847e-32,1.0
testing5512.jpg,Outside,1.0,2.2170624e-33,5.3178755e-30,1.0
testing5513.jpg,Outside,1.0,3.4987376e-32,1.091915e-29,1.0
testing5514.jpg,Outside,1.0,3.6392055e-26,4.648171e-27,1.0
testing5515.jpg,Intermediate,1.0,1.0,2.3759043e-25,1.2593477e-09
testing5516.jpg,Intermediate,1.0,1.0,1.1966461e-24,2.3451711e-14
testing5517.jpg,Outside,1.0,2.362256e-34,2.6942782e-31,1.0
testing5518.jpg,Outside,1.0,1.2647069e-30,2.4639938e-29,1.0
testing5519.jpg,Outside,1.0,2.8193012e-27,4.190154e-26,1.0
testing5520.jpg,Outside,1.0,6.825404e-28,2.3381926e-27,1.0
testing5521.jpg,Nanodomain,1.0,8.424196e-36,1.0,0.0
testing5522.jpg,Nanodomain,1.0,0.0,1.0,0.0
testing5523.jpg,Nanodomain,1.0,7.118955e-30,1.0,0.0
testing5524.jpg,Nanodomain,1.0,0.0,1.0,0.0
testing5525.jpg,Intermediate,0.99902844,0.99902844,2.4316281e-17,0.0009715062
testing5526.jpg,Outside,0.9916232,0.008376794,5.4399854e-19,0.9916232
testing5527.jpg,Intermediate,1.0,1.0,7.2620054e-27,1.1523343e-20
testing5528.jpg,Nanodomain,1.0,5.652766e-12,1.0,4.5077508e-30
testing5529.jpg,Nanodomain,0.99918586,0.000814085,0.99918586,3.235923e-23
testing5530.jpg,Intermediate,1.0,1.0,4.8672446e-21,4.2448974e-21
testing5531.jpg,Intermediate,1.0,1.0,2.4406918e-28,4.1744285e-16
testing5532.jpg,Intermediate,1.0,1.0,2.0855745e-34,2.0721818e-25
testing5533.jpg,Outside,1.0,5.379383e-18,5.549313e-27,1.0
testing5534.jpg,Intermediate,1.0,1.0,6.033315e-26,1.8874163e-21
testing5535.jpg,Nanodomain,1.0,0.0,1.0,0.0
testing5536.jpg,Nanodomain,1.0,0.0,1.0,0.0
testing5537.jpg,Nanodomain,1.0,0.0,1.0,0.0
testing5538.jpg,Nanodomain,1.0,0.0,1.0,0.0
testing5539.jpg,Nanodomain,1.0,0.0,1.0,0.0
testing5540.jpg,Nanodomain,1.0,0.0,1.0,0.0
testing5541.jpg,Nanodomain,1.0,0.0,1.0,0.0
testing5542.jpg,Nanodomain,1.0,0.0,1.0,0.0
testing5543.jpg,Nanodomain,1.0,0.0,1.0,0.0
testing5544.jpg,Nanodomain,1.0,0.0,1.0,0.0
testing5545.jpg,Nanodomain,1.0,0.0,1.0,0.0
testing5546.jpg,Nanodomain,1.0,0.0,1.0,0.0
testing5547.jpg,Nanodomain,1.0,0.0,1.0,0.0
testing5548.jpg,Nanodomain,1.0,0.0,1.0,0.0
testing5549.jpg,Outside,1.0,3.2752136e-36,2.4859598e-32,1.0
testing5550.jpg,Outside,1.0,3.1086218e-35,3.2465494e-31,1.0
testing5551.jpg,Nanodomain,1.0,0.0,1.0,0.0
testing5552.jpg,Nanodomain,1.0,0.0,1.0,0.0
testing5553.jpg,Nanodomain,1.0,0.0,1.0,0.0
testing5554.jpg,Nanodomain,1.0,0.0,1.0,0.0
testing5555.jpg,Nanodomain,1.0,0.0,1.0,0.0
testing5556.jpg,Nanodomain,1.0,0.0,1.0,0.0
testing5557.jpg,Nanodomain,1.0,0.0,1.0,0.0
testing5558.jpg,Nanodomain,1.0,0.0,1.0,0.0
testing5559.jpg,Nanodomain,1.0,0.0,1.0,0.0
testing5560.jpg,Nanodomain,1.0,0.0,1.0,0.0
testing5561.jpg,Nanodomain,1.0,0.0,1.0,0.0
testing5562.jpg,Intermediate,1.0,1.0,0.0,3.6085597e-25
testing5563.jpg,Intermediate,1.0,1.0,1.0757157e-31,3.0598098e-19
testing5564.jpg,Outside,1.0,4.455292e-27,5.775217e-27,1.0
testing5565.jpg,Outside,1.0,4.2827494e-27,4.9341362e-27,1.0
testing5566.jpg,Outside,0.99941564,0.000584351,3.8655767e-15,0.99941564
testing5567.jpg,Outside,1.0,3.3665475e-27,1.4206491e-27,1.0
testing5568.jpg,Outside,1.0,1.6284919e-25,2.9060701e-25,1.0
testing5569.jpg,Outside,1.0,2.2555917e-29,1.5575483e-27,1.0
testing5570.jpg,Outside,1.0,1.4562153e-27,5.8710437e-27,1.0
testing5571.jpg,Outside,1.0,2.1168704e-23,2.9756794e-24,1.0
testing5572.jpg,Outside,1.0,1.198599e-28,1.6403184e-26,1.0
testing5573.jpg,Outside,1.0,1.720863e-26,1.5104289e-26,1.0
testing5574.jpg,Outside,1.0,1.2835792e-31,5.6260227e-28,1.0
testing5575.jpg,Nanodomain,1.0,0.0,1.0,0.0
testing5576.jpg,Nanodomain,1.0,0.0,1.0,0.0
testing5577.jpg,Outside,1.0,1.0285763e-37,2.2497336e-34,1.0
testing5578.jpg,Outside,1.0,3.6987036e-32,7.0046066e-29,1.0
testing5579.jpg,Outside,1.0,2.3587442e-34,4.393459e-32,1.0
testing5580.jpg,Outside,1.0,3.8860733e-37,5.6414604e-33,1.0
testing5581.jpg,Outside,1.0,4.7211436e-31,1.0406405e-31,1.0
testing5582.jpg,Outside,1.0,8.114593e-34,1.080849e-31,1.0
testing5583.jpg,Outside,1.0,6.350743e-30,4.989497e-28,1.0
testing5584.jpg,Outside,1.0,1.2994361e-34,2.6700587e-32,1.0
testing5585.jpg,Outside,1.0,5.9092495e-32,8.804965e-30,1.0
testing5586.jpg,Outside,1.0,5.568902e-29,2.3706845e-29,1.0
testing5587.jpg,Outside,1.0,3.6999972e-27,1.9815161e-27,1.0
testing5588.jpg,Outside,1.0,1.1230885e-35,2.4774584e-32,1.0
testing5589.jpg,Outside,1.0,4.152364e-33,7.6064965e-31,1.0
testing5590.jpg,Outside,1.0,4.239613e-25,5.8784617e-27,1.0
testing5591.jpg,Outside,1.0,1.01555836e-29,7.3470476e-27,1.0
testing5592.jpg,Outside,1.0,8.8691617e-35,1.4159864e-33,1.0
testing5593.jpg,Outside,1.0,4.8574357e-27,6.465886e-28,1.0
testing5594.jpg,Outside,1.0,3.523904e-33,1.9714833e-32,1.0
testing5595.jpg,Outside,1.0,1.9171876e-31,4.486992e-30,1.0
testing5596.jpg,Outside,1.0,3.3002566e-30,1.8951119e-31,1.0
testing5597.jpg,Outside,1.0,7.422567e-21,3.239179e-22,1.0
testing5598.jpg,Outside,1.0,5.236456e-27,6.6100064e-29,1.0
testing5599.jpg,Outside,1.0,2.3815275e-27,2.0075992e-26,1.0
testing5600.jpg,Outside,1.0,4.8895023e-28,2.7105303e-27,1.0
testing5601.jpg,Outside,1.0,2.4336504e-31,2.7889715e-30,1.0
testing5602.jpg,Outside,1.0,2.8746645e-28,4.4708873e-27,1.0
testing5603.jpg,Outside,1.0,6.5140933e-34,6.4021367e-31,1.0
testing5604.jpg,Outside,1.0,4.0293807e-36,2.002244e-35,1.0
testing5605.jpg,Outside,1.0,9.400624e-30,2.480111e-28,1.0
testing5606.jpg,Nanodomain,1.0,0.0,1.0,0.0
testing5607.jpg,Nanodomain,1.0,0.0,1.0,0.0
testing5608.jpg,Nanodomain,1.0,0.0,1.0,0.0
testing5609.jpg,Nanodomain,1.0,0.0,1.0,0.0
testing5610.jpg,Nanodomain,1.0,0.0,1.0,0.0
testing5611.jpg,Nanodomain,1.0,0.0,1.0,0.0
testing5612.jpg,Nanodomain,1.0,0.0,1.0,0.0
testing5613.jpg,Nanodomain,1.0,0.0,1.0,0.0
testing5614.jpg,Nanodomain,1.0,0.0,1.0,0.0
testing5615.jpg,Nanodomain,1.0,0.0,1.0,0.0
testing5616.jpg,Nanodomain,1.0,0.0,1.0,0.0
testing5617.jpg,Nanodomain,1.0,0.0,1.0,0.0
testing5618.jpg,Nanodomain,1.0,0.0,1.0,0.0
testing5619.jpg,Nanodomain,1.0,0.0,1.0,0.0
testing5620.jpg,Outside,1.0,8.966053e-33,8.442164e-32,1.0
testing5621.jpg,Outside,1.0,4.6738875e-32,5.3878083e-31,1.0
testing5622.jpg,Outside,1.0,1.3751581e-31,6.504472e-30,1.0
testing5623.jpg,Outside,1.0,5.6996735e-32,5.050616e-31,1.0
testing5624.jpg,Outside,1.0,1.7840868e-38,1.584558e-35,1.0
testing5625.jpg,Nanodomain,1.0,0.0,1.0,0.0
testing5626.jpg,Nanodomain,1.0,0.0,1.0,0.0
testing5627.jpg,Nanodomain,1.0,0.0,1.0,0.0
testing5628.jpg,Nanodomain,1.0,0.0,1.0,0.0
testing5629.jpg,Nanodomain,1.0,0.0,1.0,0.0
testing5630.jpg,Nanodomain,1.0,0.0,1.0,0.0
testing5631.jpg,Nanodomain,1.0,0.0,1.0,0.0
testing5632.jpg,Nanodomain,1.0,0.0,1.0,0.0
testing5633.jpg,Nanodomain,1.0,0.0,1.0,0.0
testing5634.jpg,Nanodomain,1.0,0.0,1.0,0.0
testing5635.jpg,Nanodomain,1.0,0.0,1.0,0.0
testing5636.jpg,Nanodomain,1.0,0.0,1.0,0.0
testing5637.jpg,Outside,1.0,1.5299736e-31,1.8609439e-27,1.0
testing5638.jpg,Outside,1.0,1.9932186e-30,7.41652e-26,1.0
testing5639.jpg,Outside,1.0,1.5066724e-32,1.3752074e-28,1.0
testing5640.jpg,Outside,1.0,2.3495865e-32,3.6419356e-29,1.0
testing5641.jpg,Outside,1.0,5.382032e-25,3.001556e-26,1.0
testing5642.jpg,Outside,0.86637604,0.13362397,3.11941e-19,0.86637604
testing5643.jpg,Outside,0.99893063,0.0010693886,2.1162107e-17,0.99893063
testing5644.jpg,Outside,1.0,9.409753e-19,2.9562884e-23,1.0
testing5645.jpg,Outside,0.9999907,9.276937e-06,1.4070022e-19,0.9999907
testing5646.jpg,Intermediate,1.0,1.0,1.751943e-24,1.4113881e-23
testing5647.jpg,Nanodomain,1.0,0.0,1.0,0.0
testing5648.jpg,Nanodomain,1.0,1.7274765e-37,1.0,0.0
testing5649.jpg,Nanodomain,1.0,0.0,1.0,0.0
testing5650.jpg,Nanodomain,1.0,0.0,1.0,0.0
testing5651.jpg,Nanodomain,1.0,0.0,1.0,0.0
testing5652.jpg,Nanodomain,1.0,0.0,1.0,0.0
testing5653.jpg,Nanodomain,1.0,6.8231766e-17,1.0,2.0040606e-37
testing5654.jpg,Nanodomain,1.0,1.1766276e-35,1.0,0.0
testing5655.jpg,Intermediate,1.0,1.0,7.87103e-33,1.0907938e-24
testing5656.jpg,Intermediate,1.0,1.0,1.4829206e-28,9.600685e-20
testing5657.jpg,Nanodomain,0.9999999,9.660552e-08,0.9999999,3.0985603e-26
testing5658.jpg,Nanodomain,1.0,0.0,1.0,0.0
testing5659.jpg,Nanodomain,1.0,7.845668e-11,1.0,2.1937534e-30
testing5660.jpg,Nanodomain,0.99999976,2.5862124e-07,0.99999976,8.747933e-26
testing5661.jpg,Nanodomain,1.0,0.0,1.0,0.0
testing5662.jpg,Nanodomain,1.0,0.0,1.0,0.0
testing5663.jpg,Nanodomain,1.0,0.0,1.0,0.0
testing5664.jpg,Nanodomain,1.0,0.0,1.0,0.0
testing5665.jpg,Nanodomain,1.0,0.0,1.0,0.0
testing5666.jpg,Nanodomain,1.0,0.0,1.0,0.0
testing5667.jpg,Nanodomain,1.0,0.0,1.0,0.0
testing5668.jpg,Nanodomain,1.0,0.0,1.0,0.0
testing5669.jpg,Nanodomain,1.0,0.0,1.0,0.0
testing5670.jpg,Nanodomain,1.0,0.0,1.0,0.0
testing5671.jpg,Nanodomain,1.0,0.0,1.0,0.0
testing5672.jpg,Nanodomain,1.0,0.0,1.0,0.0
testing5673.jpg,Nanodomain,1.0,0.0,1.0,0.0
testing5674.jpg,Nanodomain,1.0,0.0,1.0,0.0
testing5675.jpg,Nanodomain,1.0,0.0,1.0,0.0
testing5676.jpg,Nanodomain,1.0,0.0,1.0,0.0
testing5677.jpg,Outside,1.0,4.261364e-29,1.0792314e-28,1.0
testing5678.jpg,Outside,1.0,6.985197e-32,1.05432304e-29,1.0
testing5679.jpg,Outside,1.0,2.9937868e-29,3.1435044e-26,1.0
testing5680.jpg,Outside,1.0,4.37072e-34,2.7155665e-30,1.0
testing5681.jpg,Outside,1.0,2.6401348e-28,3.175964e-26,1.0
testing5682.jpg,Nanodomain,1.0,0.0,1.0,0.0
testing5683.jpg,Nanodomain,1.0,0.0,1.0,0.0
testing5684.jpg,Nanodomain,1.0,0.0,1.0,0.0
testing5685.jpg,Nanodomain,1.0,0.0,1.0,0.0
testing5686.jpg,Nanodomain,1.0,0.0,1.0,0.0
testing5687.jpg,Nanodomain,1.0,0.0,1.0,0.0
testing5688.jpg,Nanodomain,1.0,0.0,1.0,0.0
testing5689.jpg,Nanodomain,1.0,0.0,1.0,0.0
testing5690.jpg,Nanodomain,1.0,1.8018696e-31,1.0,0.0
testing5691.jpg,Nanodomain,1.0,1.6489876e-35,1.0,0.0
testing5692.jpg,Nanodomain,1.0,2.2368184e-21,1.0,0.0
testing5693.jpg,Nanodomain,1.0,2.9878587e-26,1.0,0.0
testing5694.jpg,Outside,1.0,1.8659193e-20,7.052241e-24,1.0
testing5695.jpg,Outside,1.0,4.6848143e-16,1.2303955e-24,1.0
testing5696.jpg,Outside,0.94957346,0.050426587,2.8972038e-18,0.94957346
testing5697.jpg,Outside,1.0,6.175387e-12,7.8484454e-20,1.0
testing5698.jpg,Nanodomain,1.0,0.0,1.0,0.0
testing5699.jpg,Outside,1.0,9.833744e-23,2.5705139e-25,1.0
testing5700.jpg,Outside,1.0,3.9043103e-27,9.744412e-25,1.0
testing5701.jpg,Nanodomain,1.0,0.0,1.0,0.0
testing5702.jpg,Nanodomain,1.0,0.0,1.0,0.0
testing5703.jpg,Nanodomain,1.0,0.0,1.0,0.0
testing5704.jpg,Nanodomain,1.0,0.0,1.0,0.0
testing5705.jpg,Nanodomain,1.0,0.0,1.0,0.0
testing5706.jpg,Nanodomain,1.0,0.0,1.0,0.0
testing5707.jpg,Outside,1.0,1.7261007e-36,3.8287072e-34,1.0
testing5708.jpg,Outside,1.0,3.070614e-34,7.970654e-32,1.0
testing5709.jpg,Outside,1.0,1.8552191e-32,9.8884845e-29,1.0
testing5710.jpg,Outside,1.0,0.0,4.39907e-35,1.0
testing5711.jpg,Outside,1.0,1.5272295e-28,7.098844e-27,1.0
testing5712.jpg,Outside,1.0,4.8006996e-34,5.0347703e-29,1.0
testing5713.jpg,Outside,1.0,7.748444e-32,2.4465354e-29,1.0
testing5714.jpg,Outside,1.0,1.466916e-25,3.309887e-24,1.0
testing5715.jpg,Outside,1.0,2.6326144e-34,3.8174106e-31,1.0
testing5716.jpg,Outside,1.0,5.5138532e-08,1.3410829e-20,1.0
testing5717.jpg,Outside,1.0,9.783797e-22,2.180195e-24,1.0
testing5718.jpg,Outside,1.0,6.266672e-33,1.3303047e-30,1.0
testing5719.jpg,Outside,1.0,1.5130094e-30,2.698089e-27,1.0
testing5720.jpg,Outside,1.0,2.9161128e-30,3.8067885e-27,1.0
testing5721.jpg,Outside,1.0,2.2141718e-33,4.5072545e-29,1.0
testing5722.jpg,Outside,1.0,1.17417e-28,7.935749e-28,1.0
testing5723.jpg,Outside,1.0,7.7080544e-32,2.1544855e-29,1.0
testing5724.jpg,Outside,1.0,6.696336e-25,7.052638e-26,1.0
testing5725.jpg,Outside,1.0,1.3579194e-23,1.1032602e-24,1.0
testing5726.jpg,Outside,1.0,4.9577167e-21,3.1628476e-25,1.0
testing5727.jpg,Outside,1.0,8.201954e-33,2.602743e-30,1.0
testing5728.jpg,Outside,1.0,5.240687e-29,3.2143404e-29,1.0
testing5729.jpg,Outside,1.0,4.7106924e-23,7.063168e-25,1.0
testing5730.jpg,Outside,1.0,3.348289e-24,3.10384e-24,1.0
testing5731.jpg,Outside,1.0,2.6911895e-10,2.7892013e-18,1.0
testing5732.jpg,Outside,1.0,1.1592695e-28,1.3502984e-26,1.0
testing5733.jpg,Outside,1.0,2.0117446e-28,1.2735873e-28,1.0
testing5734.jpg,Nanodomain,1.0,0.0,1.0,0.0
testing5735.jpg,Nanodomain,1.0,0.0,1.0,0.0
testing5736.jpg,Nanodomain,1.0,1.3376014e-23,1.0,0.0
testing5737.jpg,Nanodomain,1.0,0.0,1.0,0.0
testing5738.jpg,Nanodomain,1.0,0.0,1.0,0.0
testing5739.jpg,Nanodomain,1.0,0.0,1.0,0.0
testing5740.jpg,Nanodomain,1.0,0.0,1.0,0.0
testing5741.jpg,Nanodomain,1.0,0.0,1.0,0.0
testing5742.jpg,Nanodomain,1.0,0.0,1.0,0.0
testing5743.jpg,Nanodomain,1.0,0.0,1.0,0.0
testing5744.jpg,Nanodomain,1.0,0.0,1.0,0.0
testing5745.jpg,Nanodomain,1.0,0.0,1.0,0.0
testing5746.jpg,Nanodomain,1.0,0.0,1.0,0.0
testing5747.jpg,Nanodomain,1.0,0.0,1.0,0.0
testing5748.jpg,Outside,1.0,1.4512667e-37,1.6102375e-33,1.0
testing5749.jpg,Outside,1.0,2.0057733e-30,5.9280142e-31,1.0
testing5750.jpg,Outside,1.0,3.5761256e-31,6.318625e-31,1.0
testing5751.jpg,Outside,1.0,8.011536e-31,1.3773239e-27,1.0
testing5752.jpg,Outside,1.0,2.8941038e-30,4.448121e-29,1.0
testing5753.jpg,Nanodomain,1.0,0.0,1.0,0.0
testing5754.jpg,Nanodomain,1.0,0.0,1.0,0.0
testing5755.jpg,Nanodomain,1.0,0.0,1.0,0.0
testing5756.jpg,Nanodomain,1.0,0.0,1.0,0.0
testing5757.jpg,Nanodomain,1.0,0.0,1.0,0.0
testing5758.jpg,Nanodomain,1.0,0.0,1.0,0.0
testing5759.jpg,Nanodomain,1.0,0.0,1.0,0.0
testing5760.jpg,Nanodomain,1.0,0.0,1.0,0.0
testing5761.jpg,Outside,1.0,0.0,5.410902e-37,1.0
testing5762.jpg,Outside,1.0,5.671453e-33,1.832676e-31,1.0
testing5763.jpg,Outside,1.0,2.1667733e-30,9.807341e-29,1.0
testing5764.jpg,Outside,1.0,1.4086472e-35,4.3399407e-31,1.0
testing5765.jpg,Outside,1.0,1.6364845e-29,5.5872865e-29,1.0
testing5766.jpg,Outside,1.0,1.6879096e-30,1.806251e-26,1.0
testing5767.jpg,Outside,1.0,4.3064155e-30,1.560243e-26,1.0
testing5768.jpg,Outside,1.0,9.8444965e-27,5.507904e-23,1.0
testing5769.jpg,Outside,0.9973519,0.0026481738,2.0668585e-19,0.9973519
testing5770.jpg,Outside,1.0,3.384892e-23,6.5068494e-24,1.0
testing5771.jpg,Outside,1.0,1.6434328e-24,3.956915e-24,1.0
testing5772.jpg,Intermediate,0.9313279,0.9313279,9.922157e-21,0.068672165
testing5773.jpg,Outside,1.0,1.8592712e-25,1.4868789e-22,1.0
testing5774.jpg,Intermediate,1.0,1.0,1.6644585e-35,3.0120663e-31
testing5775.jpg,Nanodomain,1.0,0.0,1.0,0.0
testing5776.jpg,Nanodomain,1.0,0.0,1.0,0.0
testing5777.jpg,Nanodomain,1.0,0.0,1.0,0.0
testing5778.jpg,Nanodomain,1.0,1.7778438e-30,1.0,0.0
testing5779.jpg,Nanodomain,1.0,2.995367e-34,1.0,0.0
testing5780.jpg,Nanodomain,1.0,4.073812e-30,1.0,0.0
testing5781.jpg,Nanodomain,1.0,4.8497143e-35,1.0,0.0
testing5782.jpg,Outside,1.0,2.8029488e-19,7.505754e-24,1.0
testing5783.jpg,Intermediate,1.0,1.0,1.3611155e-21,8.686503e-10
testing5784.jpg,Nanodomain,0.9999865,1.3419232e-05,0.9999865,1.6925853e-25
testing5785.jpg,Nanodomain,1.0,1.1316792e-16,1.0,0.0
testing5786.jpg,Nanodomain,1.0,2.657683e-16,1.0,3.3446884e-32
testing5787.jpg,Nanodomain,1.0,5.2413084e-21,1.0,0.0
testing5788.jpg,Nanodomain,1.0,0.0,1.0,0.0
testing5789.jpg,Nanodomain,1.0,0.0,1.0,0.0
testing5790.jpg,Nanodomain,1.0,0.0,1.0,0.0
testing5791.jpg,Nanodomain,1.0,0.0,1.0,0.0
testing5792.jpg,Nanodomain,1.0,0.0,1.0,0.0
testing5793.jpg,Nanodomain,1.0,0.0,1.0,0.0
testing5794.jpg,Nanodomain,1.0,0.0,1.0,0.0
testing5795.jpg,Nanodomain,1.0,0.0,1.0,0.0
testing5796.jpg,Nanodomain,1.0,0.0,1.0,0.0
testing5797.jpg,Nanodomain,1.0,0.0,1.0,0.0
testing5798.jpg,Nanodomain,1.0,0.0,1.0,0.0
testing5799.jpg,Nanodomain,1.0,0.0,1.0,0.0
testing5800.jpg,Nanodomain,1.0,0.0,1.0,0.0
testing5801.jpg,Nanodomain,1.0,0.0,1.0,0.0
testing5802.jpg,Nanodomain,1.0,0.0,1.0,0.0
testing5803.jpg,Nanodomain,1.0,0.0,1.0,0.0
testing5804.jpg,Nanodomain,1.0,0.0,1.0,0.0
testing5805.jpg,Outside,1.0,2.1573485e-28,8.26738e-27,1.0
testing5806.jpg,Outside,1.0,1.7612768e-32,1.5507999e-29,1.0
testing5807.jpg,Outside,1.0,5.3785622e-33,2.6396186e-30,1.0
testing5808.jpg,Outside,1.0,5.261108e-33,6.1468777e-31,1.0
testing5809.jpg,Nanodomain,1.0,0.0,1.0,0.0
testing5810.jpg,Nanodomain,1.0,0.0,1.0,0.0
testing5811.jpg,Nanodomain,1.0,0.0,1.0,0.0
testing5812.jpg,Nanodomain,1.0,0.0,1.0,0.0
testing5813.jpg,Nanodomain,1.0,0.0,1.0,0.0
testing5814.jpg,Nanodomain,1.0,0.0,1.0,0.0
testing5815.jpg,Nanodomain,1.0,0.0,1.0,0.0
testing5816.jpg,Nanodomain,1.0,0.0,1.0,0.0
testing5817.jpg,Nanodomain,1.0,0.0,1.0,0.0
testing5818.jpg,Nanodomain,1.0,9.927806e-34,1.0,0.0
testing5819.jpg,Nanodomain,1.0,1.3700864e-13,1.0,6.6330866e-31
testing5820.jpg,Nanodomain,1.0,4.0320736e-35,1.0,0.0
testing5821.jpg,Outside,1.0,3.1360663e-26,1.1648567e-25,1.0
testing5822.jpg,Outside,1.0,1.2792618e-25,6.4015846e-28,1.0
testing5823.jpg,Outside,1.0,6.9250734e-18,2.2298108e-25,1.0
testing5824.jpg,Outside,1.0,2.2888004e-26,3.6727604e-26,1.0
testing5825.jpg,Nanodomain,1.0,0.0,1.0,0.0
testing5826.jpg,Nanodomain,1.0,0.0,1.0,0.0
testing5827.jpg,Nanodomain,1.0,0.0,1.0,0.0
testing5828.jpg,Nanodomain,1.0,0.0,1.0,0.0
testing5829.jpg,Nanodomain,1.0,0.0,1.0,0.0
testing5830.jpg,Nanodomain,1.0,0.0,1.0,0.0
testing5831.jpg,Nanodomain,1.0,0.0,1.0,0.0
testing5832.jpg,Nanodomain,1.0,0.0,1.0,0.0
testing5833.jpg,Nanodomain,1.0,0.0,1.0,0.0
testing5834.jpg,Nanodomain,1.0,0.0,1.0,0.0
testing5835.jpg,Nanodomain,1.0,0.0,1.0,0.0
testing5836.jpg,Outside,1.0,2.6110876e-29,1.5006018e-27,1.0
testing5837.jpg,Outside,1.0,2.8393208e-28,1.1637286e-25,1.0
testing5838.jpg,Outside,1.0,5.505831e-28,9.166913e-27,1.0
testing5839.jpg,Outside,1.0,1.10226065e-36,1.3737798e-30,1.0
testing5840.jpg,Outside,1.0,1.3847781e-35,1.0509491e-31,1.0
testing5841.jpg,Outside,1.0,5.69783e-38,9.4760796e-32,1.0
testing5842.jpg,Outside,1.0,1.9468545e-28,4.0200053e-26,1.0
testing5843.jpg,Outside,1.0,6.043807e-30,3.2661097e-26,1.0
testing5844.jpg,Outside,1.0,1.1707876e-30,1.2423814e-29,1.0
testing5845.jpg,Nanodomain,1.0,0.0,1.0,0.0
testing5846.jpg,Nanodomain,1.0,0.0,1.0,0.0
testing5847.jpg,Nanodomain,1.0,0.0,1.0,0.0
testing5848.jpg,Nanodomain,1.0,0.0,1.0,0.0
testing5849.jpg,Outside,1.0,6.3040347e-31,2.0417566e-29,1.0
testing5850.jpg,Outside,1.0,5.277521e-29,1.6258513e-28,1.0
testing5851.jpg,Outside,1.0,1.8291261e-33,2.5147454e-32,1.0
testing5852.jpg,Outside,1.0,1.3180486e-25,4.123001e-28,1.0
testing5853.jpg,Outside,1.0,1.3098957e-29,2.956619e-28,1.0
testing5854.jpg,Outside,1.0,2.3327236e-26,6.8625093e-26,1.0
testing5855.jpg,Outside,1.0,1.1210242e-37,6.0477353e-35,1.0
testing5856.jpg,Outside,1.0,1.1393777e-29,1.6593484e-28,1.0
testing5857.jpg,Outside,1.0,1.2165482e-24,2.8612776e-25,1.0
testing5858.jpg,Outside,1.0,2.842041e-28,1.2507562e-28,1.0
testing5859.jpg,Outside,1.0,3.81166e-25,1.9009869e-28,1.0
testing5860.jpg,Outside,1.0,3.9001682e-29,1.2188682e-28,1.0
testing5861.jpg,Outside,1.0,5.961927e-28,9.38494e-28,1.0
testing5862.jpg,Outside,1.0,3.9027806e-25,1.5692031e-25,1.0
testing5863.jpg,Nanodomain,1.0,0.0,1.0,0.0
testing5864.jpg,Nanodomain,1.0,0.0,1.0,0.0
testing5865.jpg,Nanodomain,1.0,0.0,1.0,0.0
testing5866.jpg,Nanodomain,1.0,0.0,1.0,0.0
testing5867.jpg,Nanodomain,1.0,0.0,1.0,0.0
testing5868.jpg,Nanodomain,1.0,0.0,1.0,0.0
testing5869.jpg,Nanodomain,1.0,0.0,1.0,0.0
testing5870.jpg,Nanodomain,1.0,0.0,1.0,0.0
testing5871.jpg,Nanodomain,1.0,0.0,1.0,0.0
testing5872.jpg,Nanodomain,1.0,0.0,1.0,0.0
testing5873.jpg,Nanodomain,1.0,0.0,1.0,0.0
testing5874.jpg,Nanodomain,1.0,0.0,1.0,0.0
testing5875.jpg,Outside,1.0,0.0,1.3379607e-35,1.0
testing5876.jpg,Outside,1.0,4.256124e-33,1.7317854e-29,1.0
testing5877.jpg,Outside,1.0,5.8915515e-34,3.3535805e-32,1.0
testing5878.jpg,Outside,1.0,8.6915145e-35,9.7268425e-33,1.0
testing5879.jpg,Outside,1.0,1.1172111e-31,1.1167643e-30,1.0
testing5880.jpg,Outside,1.0,4.3110605e-33,1.5782151e-31,1.0
testing5881.jpg,Outside,1.0,1.9619038e-31,2.3602869e-31,1.0
testing5882.jpg,Outside,1.0,1.8703467e-33,4.972899e-32,1.0
testing5883.jpg,Nanodomain,1.0,0.0,1.0,0.0
testing5884.jpg,Nanodomain,1.0,0.0,1.0,0.0
testing5885.jpg,Nanodomain,1.0,0.0,1.0,0.0
testing5886.jpg,Nanodomain,1.0,0.0,1.0,0.0
testing5887.jpg,Nanodomain,1.0,0.0,1.0,0.0
testing5888.jpg,Outside,1.0,4.0478804e-30,4.2754606e-31,1.0
testing5889.jpg,Nanodomain,1.0,0.0,1.0,0.0
testing5890.jpg,Nanodomain,1.0,0.0,1.0,0.0
testing5891.jpg,Nanodomain,1.0,0.0,1.0,0.0
testing5892.jpg,Nanodomain,1.0,0.0,1.0,0.0
testing5893.jpg,Nanodomain,1.0,0.0,1.0,0.0
testing5894.jpg,Nanodomain,1.0,0.0,1.0,0.0
testing5895.jpg,Outside,1.0,1.8326807e-11,8.019125e-22,1.0
testing5896.jpg,Outside,1.0,1.418622e-22,3.7921678e-25,1.0
testing5897.jpg,Outside,1.0,5.5175098e-17,7.1633326e-22,1.0
testing5898.jpg,Outside,1.0,6.4435056e-20,3.6509068e-22,1.0
testing5899.jpg,Outside,1.0,9.279212e-28,2.0739095e-29,1.0
testing5900.jpg,Outside,1.0,3.4822793e-25,8.1115586e-27,1.0
testing5901.jpg,Intermediate,1.0,1.0,3.911675e-27,4.341125e-12
testing5902.jpg,Nanodomain,1.0,1.1084637e-28,1.0,0.0
testing5903.jpg,Nanodomain,1.0,2.2854996e-21,1.0,0.0
testing5904.jpg,Nanodomain,1.0,6.5850016e-18,1.0,0.0
testing5905.jpg,Nanodomain,1.0,0.0,1.0,0.0
testing5906.jpg,Nanodomain,1.0,2.4838693e-36,1.0,0.0
testing5907.jpg,Nanodomain,1.0,2.7306376e-31,1.0,0.0
testing5908.jpg,Nanodomain,1.0,1.03281866e-22,1.0,0.0
testing5909.jpg,Nanodomain,1.0,1.9289642e-21,1.0,8.573905e-38
testing5910.jpg,Outside,1.0,7.977309e-26,8.513602e-25,1.0
testing5911.jpg,Outside,1.0,1.7859404e-29,9.5451345e-29,1.0
testing5912.jpg,Nanodomain,1.0,0.0,1.0,0.0
testing5913.jpg,Nanodomain,1.0,0.0,1.0,0.0
testing5914.jpg,Nanodomain,1.0,0.0,1.0,0.0
testing5915.jpg,Nanodomain,1.0,0.0,1.0,0.0
testing5916.jpg,Outside,1.0,7.1998326e-27,5.337682e-26,1.0
testing5917.jpg,Nanodomain,1.0,0.0,1.0,0.0
testing5918.jpg,Nanodomain,1.0,0.0,1.0,0.0
testing5919.jpg,Nanodomain,1.0,0.0,1.0,0.0
testing5920.jpg,Nanodomain,1.0,0.0,1.0,0.0
testing5921.jpg,Nanodomain,1.0,0.0,1.0,0.0
testing5922.jpg,Nanodomain,1.0,0.0,1.0,0.0
testing5923.jpg,Nanodomain,1.0,0.0,1.0,0.0
testing5924.jpg,Nanodomain,1.0,0.0,1.0,0.0
testing5925.jpg,Nanodomain,1.0,0.0,1.0,0.0
testing5926.jpg,Nanodomain,1.0,0.0,1.0,0.0
testing5927.jpg,Nanodomain,1.0,0.0,1.0,0.0
testing5928.jpg,Nanodomain,1.0,0.0,1.0,0.0
testing5929.jpg,Nanodomain,1.0,0.0,1.0,0.0
testing5930.jpg,Nanodomain,1.0,0.0,1.0,0.0
testing5931.jpg,Nanodomain,1.0,0.0,1.0,0.0
testing5932.jpg,Nanodomain,1.0,0.0,1.0,0.0
testing5933.jpg,Outside,1.0,1.4396836e-27,7.05175e-26,1.0
testing5934.jpg,Outside,1.0,8.994921e-28,1.3813438e-27,1.0
testing5935.jpg,Outside,1.0,5.876916e-34,4.250014e-30,1.0
testing5936.jpg,Outside,1.0,1.222413e-26,1.698767e-24,1.0
testing5937.jpg,Nanodomain,1.0,0.0,1.0,0.0
testing5938.jpg,Nanodomain,1.0,0.0,1.0,0.0
testing5939.jpg,Nanodomain,1.0,0.0,1.0,0.0
testing5940.jpg,Outside,1.0,1.10917315e-30,2.8771987e-28,1.0
testing5941.jpg,Outside,0.898728,0.10127192,2.2058622e-20,0.898728
testing5942.jpg,Nanodomain,1.0,0.0,1.0,0.0
testing5943.jpg,Nanodomain,1.0,8.02742e-37,1.0,0.0
testing5944.jpg,Nanodomain,1.0,3.4663537e-37,1.0,0.0
testing5945.jpg,Nanodomain,1.0,1.9937908e-28,1.0,0.0
testing5946.jpg,Nanodomain,1.0,3.3947724e-30,1.0,0.0
testing5947.jpg,Nanodomain,1.0,3.535632e-18,1.0,0.0
testing5948.jpg,Intermediate,1.0,1.0,1.7704534e-30,1.6623515e-28
testing5949.jpg,Intermediate,1.0,1.0,6.520332e-27,1.6555384e-25
testing5950.jpg,Nanodomain,1.0,0.0,1.0,0.0
testing5951.jpg,Nanodomain,1.0,0.0,1.0,0.0
testing5952.jpg,Nanodomain,1.0,0.0,1.0,0.0
testing5953.jpg,Nanodomain,1.0,0.0,1.0,0.0
testing5954.jpg,Nanodomain,1.0,0.0,1.0,0.0
testing5955.jpg,Nanodomain,1.0,0.0,1.0,0.0
testing5956.jpg,Nanodomain,1.0,0.0,1.0,0.0
testing5957.jpg,Nanodomain,1.0,0.0,1.0,0.0
testing5958.jpg,Nanodomain,1.0,0.0,1.0,0.0
testing5959.jpg,Nanodomain,1.0,0.0,1.0,0.0
testing5960.jpg,Nanodomain,1.0,0.0,1.0,0.0
testing5961.jpg,Nanodomain,1.0,0.0,1.0,0.0
testing5962.jpg,Nanodomain,1.0,0.0,1.0,0.0
testing5963.jpg,Nanodomain,1.0,0.0,1.0,0.0
testing5964.jpg,Outside,1.0,9.219624e-34,3.7118894e-33,1.0
testing5965.jpg,Outside,1.0,7.147503e-29,5.397941e-27,1.0
testing5966.jpg,Outside,1.0,1.7781872e-33,1.8390972e-32,1.0
testing5967.jpg,Outside,1.0,3.1142002e-35,4.9210947e-33,1.0
testing5968.jpg,Outside,1.0,3.2160116e-27,1.2565427e-28,1.0
testing5969.jpg,Outside,1.0,8.779371e-31,1.4037317e-30,1.0
testing5970.jpg,Outside,1.0,5.905714e-31,9.942379e-30,1.0
testing5971.jpg,Nanodomain,1.0,0.0,1.0,0.0
testing5972.jpg,Nanodomain,1.0,0.0,1.0,0.0
testing5973.jpg,Nanodomain,1.0,0.0,1.0,0.0
testing5974.jpg,Nanodomain,1.0,0.0,1.0,0.0
testing5975.jpg,Nanodomain,1.0,0.0,1.0,0.0
testing5976.jpg,Nanodomain,1.0,0.0,1.0,0.0
testing5977.jpg,Intermediate,0.9999641,0.9999641,3.5833677e-05,7.831434e-23
testing5978.jpg,Outside,1.0,6.1609278e-27,1.5844497e-27,1.0
testing5979.jpg,Outside,1.0,3.1140297e-30,2.2978451e-27,1.0
testing5980.jpg,Outside,1.0,2.459092e-29,1.0875466e-28,1.0
testing5981.jpg,Outside,1.0,3.266694e-27,4.1040627e-27,1.0
testing5982.jpg,Nanodomain,1.0,0.0,1.0,0.0
testing5983.jpg,Nanodomain,1.0,0.0,1.0,0.0
testing5984.jpg,Nanodomain,1.0,0.0,1.0,0.0
testing5985.jpg,Nanodomain,1.0,0.0,1.0,0.0
testing5986.jpg,Nanodomain,1.0,0.0,1.0,0.0
testing5987.jpg,Nanodomain,1.0,0.0,1.0,0.0
testing5988.jpg,Nanodomain,1.0,0.0,1.0,0.0
testing5989.jpg,Nanodomain,1.0,0.0,1.0,0.0
testing5990.jpg,Outside,1.0,2.7903485e-27,6.724608e-29,1.0
testing5991.jpg,Outside,1.0,6.3371295e-34,3.301059e-32,1.0
testing5992.jpg,Nanodomain,1.0,0.0,1.0,0.0
testing5993.jpg,Nanodomain,1.0,0.0,1.0,0.0
testing5994.jpg,Nanodomain,1.0,0.0,1.0,0.0
testing5995.jpg,Nanodomain,1.0,0.0,1.0,0.0
testing5996.jpg,Nanodomain,1.0,0.0,1.0,0.0
testing5997.jpg,Nanodomain,1.0,0.0,1.0,0.0
testing5998.jpg,Nanodomain,1.0,0.0,1.0,0.0
testing5999.jpg,Nanodomain,1.0,0.0,1.0,0.0
testing6000.jpg,Nanodomain,1.0,0.0,1.0,0.0
testing6001.jpg,Nanodomain,1.0,0.0,1.0,0.0
testing6002.jpg,Outside,1.0,1.905399e-30,7.1363634e-28,1.0
testing6003.jpg,Outside,1.0,5.674391e-35,1.6203322e-31,1.0
testing6004.jpg,Outside,0.99161315,0.008386795,4.5777403e-17,0.99161315
testing6005.jpg,Outside,1.0,2.841716e-09,6.89888e-21,1.0
testing6006.jpg,Outside,0.9999999,1.3236584e-07,6.6499743e-19,0.9999999
testing6007.jpg,Outside,1.0,6.9652498e-37,4.4275026e-36,1.0
testing6008.jpg,Outside,1.0,1.4438372e-33,6.007601e-31,1.0
testing6009.jpg,Outside,1.0,5.9609994e-34,6.076933e-31,1.0
testing6010.jpg,Outside,1.0,4.7484636e-34,2.1271652e-32,1.0
testing6011.jpg,Outside,1.0,1.4189619e-31,5.5601744e-30,1.0
testing6012.jpg,Outside,1.0,3.126651e-35,8.289271e-33,1.0
testing6013.jpg,Outside,1.0,3.1795254e-35,1.216636e-32,1.0
testing6014.jpg,Outside,1.0,2.0153803e-33,2.3153766e-31,1.0
testing6015.jpg,Outside,1.0,2.2936234e-35,2.9644576e-35,1.0
testing6016.jpg,Outside,1.0,1.2529585e-34,6.8107918e-34,1.0
testing6017.jpg,Nanodomain,1.0,0.0,1.0,0.0
testing6018.jpg,Nanodomain,1.0,0.0,1.0,0.0
testing6019.jpg,Nanodomain,1.0,0.0,1.0,0.0
testing6020.jpg,Nanodomain,1.0,0.0,1.0,0.0
testing6021.jpg,Nanodomain,1.0,0.0,1.0,0.0
testing6022.jpg,Nanodomain,1.0,0.0,1.0,0.0
testing6023.jpg,Intermediate,1.0,1.0,2.158208e-25,2.1044124e-25
testing6024.jpg,Outside,1.0,4.642778e-22,5.119247e-22,1.0
testing6025.jpg,Outside,1.0,1.9161996e-32,2.394432e-30,1.0
testing6026.jpg,Outside,1.0,1.2732888e-24,6.397346e-25,1.0
testing6027.jpg,Outside,1.0,4.797096e-33,3.7227714e-30,1.0
testing6028.jpg,Outside,1.0,8.0503724e-26,8.850436e-28,1.0
testing6029.jpg,Outside,1.0,3.4776741e-13,1.0583944e-19,1.0
testing6030.jpg,Nanodomain,1.0,0.0,1.0,0.0
testing6031.jpg,Nanodomain,1.0,9.1203806e-35,1.0,0.0
testing6032.jpg,Nanodomain,1.0,2.9397413e-26,1.0,0.0
testing6033.jpg,Nanodomain,1.0,5.6069413e-25,1.0,0.0
testing6034.jpg,Nanodomain,1.0,4.7052986e-18,1.0,0.0
testing6035.jpg,Nanodomain,1.0,3.0257827e-23,1.0,0.0
testing6036.jpg,Intermediate,0.6792537,0.6792537,0.3207463,2.4789391e-20
testing6037.jpg,Nanodomain,1.0,1.2411268e-28,1.0,0.0
testing6038.jpg,Outside,1.0,2.8129232e-25,2.4274456e-25,1.0
testing6039.jpg,Outside,1.0,1.2551342e-28,2.7242133e-27,1.0
testing6040.jpg,Nanodomain,1.0,0.0,1.0,0.0
testing6041.jpg,Nanodomain,1.0,0.0,1.0,0.0
testing6042.jpg,Nanodomain,1.0,0.0,1.0,0.0
testing6043.jpg,Nanodomain,1.0,0.0,1.0,0.0
testing6044.jpg,Nanodomain,1.0,2.44931e-28,1.0,0.0
testing6045.jpg,Nanodomain,1.0,0.0,1.0,0.0
testing6046.jpg,Nanodomain,1.0,0.0,1.0,0.0
testing6047.jpg,Nanodomain,1.0,0.0,1.0,0.0
testing6048.jpg,Nanodomain,1.0,0.0,1.0,0.0
testing6049.jpg,Nanodomain,1.0,0.0,1.0,0.0
testing6050.jpg,Nanodomain,1.0,0.0,1.0,0.0
testing6051.jpg,Nanodomain,1.0,0.0,1.0,0.0
testing6052.jpg,Nanodomain,1.0,0.0,1.0,0.0
testing6053.jpg,Nanodomain,1.0,0.0,1.0,0.0
testing6054.jpg,Nanodomain,1.0,0.0,1.0,0.0
testing6055.jpg,Nanodomain,1.0,0.0,1.0,0.0
testing6056.jpg,Nanodomain,1.0,0.0,1.0,0.0
testing6057.jpg,Nanodomain,1.0,0.0,1.0,0.0
testing6058.jpg,Nanodomain,1.0,0.0,1.0,0.0
testing6059.jpg,Nanodomain,1.0,0.0,1.0,0.0
testing6060.jpg,Outside,1.0,1.5527987e-24,8.921916e-23,1.0
testing6061.jpg,Outside,1.0,1.557584e-27,5.83476e-28,1.0
testing6062.jpg,Outside,1.0,1.0882121e-33,1.9274622e-30,1.0
testing6063.jpg,Outside,1.0,1.3746468e-27,1.0477288e-27,1.0
testing6064.jpg,Outside,1.0,3.9308903e-30,3.4512361e-28,1.0
testing6065.jpg,Outside,1.0,4.3644746e-33,2.4494115e-29,1.0
testing6066.jpg,Outside,1.0,2.9278514e-29,8.0302126e-28,1.0
testing6067.jpg,Outside,1.0,7.936922e-30,3.8976398e-29,1.0
testing6068.jpg,Intermediate,1.0,1.0,6.026323e-26,2.996045e-24
testing6069.jpg,Intermediate,1.0,1.0,1.7566572e-28,1.3128214e-15
testing6070.jpg,Intermediate,1.0,1.0,1.0139216e-28,8.631338e-22
testing6071.jpg,Intermediate,1.0,1.0,5.954181e-34,1.2483651e-25
testing6072.jpg,Intermediate,1.0,1.0,1.7139394e-32,1.722903e-29
testing6073.jpg,Outside,0.8876859,0.11231407,1.054753e-14,0.8876859
testing6074.jpg,Outside,1.0,6.6472856e-27,1.14223415e-26,1.0
testing6075.jpg,Nanodomain,1.0,0.0,1.0,0.0
testing6076.jpg,Nanodomain,1.0,0.0,1.0,0.0
testing6077.jpg,Nanodomain,1.0,0.0,1.0,0.0
testing6078.jpg,Nanodomain,1.0,0.0,1.0,0.0
testing6079.jpg,Nanodomain,1.0,0.0,1.0,0.0
testing6080.jpg,Nanodomain,1.0,0.0,1.0,0.0
testing6081.jpg,Nanodomain,1.0,0.0,1.0,0.0
testing6082.jpg,Nanodomain,1.0,0.0,1.0,0.0
testing6083.jpg,Nanodomain,1.0,0.0,1.0,0.0
testing6084.jpg,Nanodomain,1.0,0.0,1.0,0.0
testing6085.jpg,Nanodomain,1.0,0.0,1.0,0.0
testing6086.jpg,Nanodomain,1.0,0.0,1.0,0.0
testing6087.jpg,Nanodomain,1.0,0.0,1.0,0.0
testing6088.jpg,Nanodomain,1.0,0.0,1.0,0.0
testing6089.jpg,Nanodomain,1.0,0.0,1.0,0.0
testing6090.jpg,Nanodomain,1.0,0.0,1.0,0.0
testing6091.jpg,Nanodomain,1.0,0.0,1.0,0.0
testing6092.jpg,Outside,1.0,4.857463e-16,2.9798203e-20,1.0
testing6093.jpg,Outside,1.0,4.525059e-18,9.955769e-24,1.0
testing6094.jpg,Outside,0.99999964,3.1544587e-07,1.9037216e-21,0.99999964
testing6095.jpg,Outside,1.0,1.2993695e-22,1.6146605e-25,1.0
testing6096.jpg,Outside,1.0,7.4661144e-25,1.8186546e-26,1.0
testing6097.jpg,Outside,1.0,1.0245115e-22,5.307834e-26,1.0
testing6098.jpg,Intermediate,0.99985707,0.99985707,2.6470185e-20,0.00014296608
testing6099.jpg,Outside,1.0,2.4597806e-26,1.00478076e-28,1.0
testing6100.jpg,Nanodomain,1.0,0.0,1.0,0.0
testing6101.jpg,Nanodomain,1.0,0.0,1.0,0.0
testing6102.jpg,Nanodomain,1.0,0.0,1.0,0.0
testing6103.jpg,Nanodomain,1.0,0.0,1.0,0.0
testing6104.jpg,Nanodomain,1.0,0.0,1.0,0.0
testing6105.jpg,Nanodomain,1.0,6.795111e-21,1.0,0.0
testing6106.jpg,Nanodomain,1.0,2.133967e-18,1.0,4.486719e-37
testing6107.jpg,Outside,1.0,1.7617724e-34,6.2665765e-33,1.0
testing6108.jpg,Nanodomain,1.0,0.0,1.0,0.0
testing6109.jpg,Nanodomain,1.0,0.0,1.0,0.0
testing6110.jpg,Nanodomain,1.0,0.0,1.0,0.0
testing6111.jpg,Nanodomain,1.0,0.0,1.0,0.0
testing6112.jpg,Nanodomain,1.0,0.0,1.0,0.0
testing6113.jpg,Nanodomain,1.0,0.0,1.0,0.0
testing6114.jpg,Nanodomain,1.0,0.0,1.0,0.0
testing6115.jpg,Nanodomain,1.0,0.0,1.0,0.0
testing6116.jpg,Nanodomain,1.0,0.0,1.0,0.0
testing6117.jpg,Nanodomain,1.0,0.0,1.0,0.0
testing6118.jpg,Nanodomain,1.0,0.0,1.0,0.0
testing6119.jpg,Nanodomain,1.0,0.0,1.0,0.0
testing6120.jpg,Nanodomain,1.0,0.0,1.0,0.0
testing6121.jpg,Nanodomain,1.0,0.0,1.0,0.0
testing6122.jpg,Nanodomain,1.0,0.0,1.0,0.0
testing6123.jpg,Nanodomain,1.0,0.0,1.0,0.0
testing6124.jpg,Nanodomain,1.0,0.0,1.0,0.0
testing6125.jpg,Nanodomain,1.0,0.0,1.0,0.0
testing6126.jpg,Nanodomain,1.0,0.0,1.0,0.0
testing6127.jpg,Nanodomain,1.0,0.0,1.0,0.0
testing6128.jpg,Nanodomain,1.0,0.0,1.0,0.0
testing6129.jpg,Nanodomain,1.0,0.0,1.0,0.0
testing6130.jpg,Outside,1.0,2.5231904e-33,3.934821e-30,1.0
testing6131.jpg,Outside,1.0,5.399384e-34,1.5389999e-31,1.0
testing6132.jpg,Outside,1.0,0.0,2.6320721e-34,1.0
testing6133.jpg,Outside,1.0,2.0167713e-34,5.2678956e-33,1.0
testing6134.jpg,Outside,1.0,1.1395878e-34,1.928946e-32,1.0
testing6135.jpg,Outside,1.0,3.5095885e-34,1.5978283e-33,1.0
testing6136.jpg,Outside,1.0,1.4504712e-35,3.2601234e-33,1.0
testing6137.jpg,Outside,1.0,0.0,3.1833604e-35,1.0
testing6138.jpg,Outside,1.0,1.8913005e-29,3.04322e-28,1.0
testing6139.jpg,Outside,1.0,1.3937525e-32,1.0974967e-32,1.0
testing6140.jpg,Outside,1.0,4.806621e-33,7.62317e-31,1.0
testing6141.jpg,Outside,1.0,1.34619335e-27,2.195564e-28,1.0
testing6142.jpg,Outside,1.0,1.3592777e-30,3.7067623e-28,1.0
testing6143.jpg,Outside,1.0,1.943253e-31,4.9460604e-29,1.0
testing6144.jpg,Outside,1.0,1.1913422e-35,2.9881999e-34,1.0
testing6145.jpg,Nanodomain,1.0,0.0,1.0,0.0
testing6146.jpg,Nanodomain,1.0,0.0,1.0,0.0
testing6147.jpg,Nanodomain,1.0,0.0,1.0,0.0
testing6148.jpg,Nanodomain,1.0,0.0,1.0,0.0
testing6149.jpg,Nanodomain,1.0,0.0,1.0,0.0
testing6150.jpg,Nanodomain,1.0,0.0,1.0,0.0
testing6151.jpg,Nanodomain,1.0,0.0,1.0,0.0
testing6152.jpg,Nanodomain,1.0,0.0,1.0,0.0
testing6153.jpg,Nanodomain,1.0,0.0,1.0,0.0
testing6154.jpg,Outside,1.0,3.3025024e-20,2.5962347e-25,1.0
testing6155.jpg,Intermediate,1.0,1.0,4.390089e-18,4.5394515e-22
testing6156.jpg,Intermediate,1.0,1.0,5.7900473e-25,6.59906e-25
testing6157.jpg,Intermediate,1.0,1.0,3.3692973e-27,1.1091929e-25
testing6158.jpg,Nanodomain,1.0,4.807715e-13,1.0,1.5401948e-35
testing6159.jpg,Nanodomain,1.0,1.2292532e-20,1.0,0.0
testing6160.jpg,Nanodomain,1.0,1.392419e-24,1.0,0.0
testing6161.jpg,Intermediate,1.0,1.0,5.0758565e-25,2.8610974e-14
testing6162.jpg,Intermediate,1.0,1.0,2.5791272e-33,4.698097e-22
testing6163.jpg,Intermediate,1.0,1.0,2.0071291e-29,9.936292e-19
testing6164.jpg,Outside,1.0,4.1693315e-18,6.846969e-21,1.0
testing6165.jpg,Outside,1.0,3.067385e-25,7.9217885e-25,1.0
testing6166.jpg,Nanodomain,1.0,0.0,1.0,0.0
testing6167.jpg,Nanodomain,1.0,0.0,1.0,0.0
testing6168.jpg,Nanodomain,1.0,0.0,1.0,0.0
testing6169.jpg,Nanodomain,1.0,0.0,1.0,0.0
testing6170.jpg,Nanodomain,1.0,0.0,1.0,0.0
testing6171.jpg,Nanodomain,1.0,0.0,1.0,0.0
testing6172.jpg,Nanodomain,1.0,0.0,1.0,0.0
testing6173.jpg,Nanodomain,1.0,0.0,1.0,0.0
testing6174.jpg,Nanodomain,1.0,0.0,1.0,0.0
testing6175.jpg,Nanodomain,1.0,0.0,1.0,0.0
testing6176.jpg,Nanodomain,1.0,0.0,1.0,0.0
testing6177.jpg,Nanodomain,1.0,0.0,1.0,0.0
testing6178.jpg,Nanodomain,1.0,0.0,1.0,0.0
testing6179.jpg,Nanodomain,1.0,0.0,1.0,0.0
testing6180.jpg,Nanodomain,1.0,0.0,1.0,0.0
testing6181.jpg,Nanodomain,1.0,0.0,1.0,0.0
testing6182.jpg,Nanodomain,1.0,0.0,1.0,0.0
testing6183.jpg,Nanodomain,1.0,0.0,1.0,0.0
testing6184.jpg,Nanodomain,1.0,0.0,1.0,0.0
testing6185.jpg,Nanodomain,1.0,0.0,1.0,0.0
testing6186.jpg,Nanodomain,1.0,0.0,1.0,0.0
testing6187.jpg,Nanodomain,1.0,0.0,1.0,0.0
testing6188.jpg,Nanodomain,1.0,0.0,1.0,0.0
testing6189.jpg,Intermediate,1.0,1.0,8.1152204e-32,9.945077e-29
testing6190.jpg,Intermediate,1.0,1.0,2.406252e-31,2.8375854e-30
testing6191.jpg,Intermediate,1.0,1.0,3.718542e-30,9.918145e-28
testing6192.jpg,Outside,0.65914214,0.3408579,9.535195e-16,0.65914214
testing6193.jpg,Outside,1.0,5.869491e-11,1.3567313e-19,1.0
testing6194.jpg,Intermediate,1.0,1.0,7.354647e-27,3.2117193e-09
testing6195.jpg,Outside,1.0,8.333817e-18,1.2220099e-22,1.0
testing6196.jpg,Outside,1.0,8.5239855e-21,1.0462048e-24,1.0
testing6197.jpg,Nanodomain,1.0,2.1817719e-35,1.0,0.0
testing6198.jpg,Intermediate,1.0,1.0,8.492443e-35,1.1037968e-28
testing6199.jpg,Intermediate,1.0,1.0,1.398448e-27,4.8844615e-16
testing6200.jpg,Intermediate,1.0,1.0,5.5487797e-21,1.619409e-08
testing6201.jpg,Intermediate,1.0,1.0,3.2353787e-20,2.7485246e-08
testing6202.jpg,Intermediate,0.98090553,0.98090553,9.229309e-18,0.019094488
testing6203.jpg,Outside,1.0,1.0001783e-17,3.4050692e-23,1.0
testing6204.jpg,Intermediate,1.0,1.0,6.720109e-25,1.8130682e-22
testing6205.jpg,Nanodomain,1.0,0.0,1.0,0.0
testing6206.jpg,Nanodomain,1.0,0.0,1.0,0.0
testing6207.jpg,Nanodomain,1.0,0.0,1.0,0.0
testing6208.jpg,Nanodomain,1.0,0.0,1.0,0.0
testing6209.jpg,Nanodomain,1.0,0.0,1.0,0.0
testing6210.jpg,Nanodomain,1.0,0.0,1.0,0.0
testing6211.jpg,Nanodomain,1.0,0.0,1.0,0.0
testing6212.jpg,Nanodomain,1.0,0.0,1.0,0.0
testing6213.jpg,Nanodomain,1.0,0.0,1.0,0.0
testing6214.jpg,Nanodomain,1.0,0.0,1.0,0.0
testing6215.jpg,Nanodomain,1.0,0.0,1.0,0.0
testing6216.jpg,Nanodomain,1.0,0.0,1.0,0.0
testing6217.jpg,Nanodomain,1.0,0.0,1.0,0.0
testing6218.jpg,Nanodomain,1.0,0.0,1.0,0.0
testing6219.jpg,Nanodomain,1.0,0.0,1.0,0.0
testing6220.jpg,Intermediate,1.0,1.0,2.6111468e-22,4.2266216e-14
testing6221.jpg,Outside,1.0,8.7597764e-29,9.372511e-31,1.0
testing6222.jpg,Outside,1.0,1.591934e-32,4.530902e-31,1.0
testing6223.jpg,Nanodomain,1.0,0.0,1.0,0.0
testing6224.jpg,Nanodomain,1.0,0.0,1.0,0.0
testing6225.jpg,Nanodomain,1.0,0.0,1.0,0.0
testing6226.jpg,Nanodomain,1.0,0.0,1.0,0.0
testing6227.jpg,Nanodomain,1.0,0.0,1.0,0.0
testing6228.jpg,Nanodomain,1.0,0.0,1.0,0.0
testing6229.jpg,Nanodomain,1.0,0.0,1.0,0.0
testing6230.jpg,Nanodomain,1.0,0.0,1.0,0.0
testing6231.jpg,Nanodomain,1.0,0.0,1.0,0.0
testing6232.jpg,Nanodomain,1.0,0.0,1.0,0.0
testing6233.jpg,Outside,1.0,6.708847e-30,1.7992896e-28,1.0
testing6234.jpg,Outside,1.0,2.4277451e-30,1.8057858e-30,1.0
testing6235.jpg,Nanodomain,1.0,0.0,1.0,0.0
testing6236.jpg,Nanodomain,1.0,0.0,1.0,0.0
testing6237.jpg,Nanodomain,1.0,0.0,1.0,0.0
testing6238.jpg,Nanodomain,1.0,0.0,1.0,0.0
testing6239.jpg,Nanodomain,1.0,0.0,1.0,0.0
testing6240.jpg,Nanodomain,1.0,0.0,1.0,0.0
testing6241.jpg,Nanodomain,1.0,0.0,1.0,0.0
testing6242.jpg,Nanodomain,1.0,0.0,1.0,0.0
testing6243.jpg,Nanodomain,1.0,0.0,1.0,0.0
testing6244.jpg,Nanodomain,1.0,0.0,1.0,0.0
testing6245.jpg,Nanodomain,1.0,0.0,1.0,0.0
testing6246.jpg,Nanodomain,1.0,0.0,1.0,0.0
testing6247.jpg,Nanodomain,1.0,0.0,1.0,0.0
testing6248.jpg,Nanodomain,1.0,0.0,1.0,0.0
testing6249.jpg,Nanodomain,1.0,0.0,1.0,0.0
testing6250.jpg,Nanodomain,1.0,0.0,1.0,0.0
testing6251.jpg,Nanodomain,1.0,0.0,1.0,0.0
testing6252.jpg,Nanodomain,1.0,0.0,1.0,0.0
testing6253.jpg,Nanodomain,1.0,0.0,1.0,0.0
testing6254.jpg,Nanodomain,1.0,0.0,1.0,0.0
testing6255.jpg,Nanodomain,1.0,0.0,1.0,0.0
testing6256.jpg,Nanodomain,1.0,0.0,1.0,0.0
testing6257.jpg,Outside,1.0,1.796081e-27,2.0794798e-28,1.0
testing6258.jpg,Nanodomain,1.0,0.0,1.0,0.0
testing6259.jpg,Nanodomain,1.0,0.0,1.0,0.0
testing6260.jpg,Nanodomain,1.0,0.0,1.0,0.0
testing6261.jpg,Intermediate,0.93965274,0.93965274,5.739804e-14,0.060347207
testing6262.jpg,Outside,1.0,1.0208631e-31,5.118523e-30,1.0
testing6263.jpg,Outside,1.0,8.7708145e-13,7.9952615e-24,1.0
testing6264.jpg,Outside,1.0,4.5818918e-26,2.2420044e-28,1.0
testing6265.jpg,Outside,1.0,2.2047029e-29,1.241035e-31,1.0
testing6266.jpg,Outside,1.0,3.0147714e-21,2.244515e-25,1.0
testing6267.jpg,Outside,1.0,5.456431e-33,2.7627506e-32,1.0
testing6268.jpg,Outside,1.0,9.42118e-33,2.1998446e-31,1.0
testing6269.jpg,Nanodomain,1.0,2.2651955e-38,1.0,0.0
testing6270.jpg,Nanodomain,1.0,8.481895e-26,1.0,0.0
testing6271.jpg,Nanodomain,1.0,1.9929342e-33,1.0,0.0
testing6272.jpg,Nanodomain,1.0,8.752009e-33,1.0,0.0
testing6273.jpg,Nanodomain,1.0,0.0,1.0,0.0
testing6274.jpg,Nanodomain,1.0,0.0,1.0,0.0
testing6275.jpg,Nanodomain,1.0,0.0,1.0,0.0
testing6276.jpg,Nanodomain,1.0,0.0,1.0,0.0
testing6277.jpg,Nanodomain,1.0,0.0,1.0,0.0
testing6278.jpg,Nanodomain,1.0,0.0,1.0,0.0
testing6279.jpg,Nanodomain,1.0,0.0,1.0,0.0
testing6280.jpg,Nanodomain,1.0,0.0,1.0,0.0
testing6281.jpg,Nanodomain,1.0,0.0,1.0,0.0
testing6282.jpg,Outside,1.0,4.2985177e-24,2.9652433e-24,1.0
testing6283.jpg,Outside,1.0,1.5477396e-20,2.2009282e-23,1.0
testing6284.jpg,Outside,1.0,1.504162e-18,1.839695e-23,1.0
testing6285.jpg,Outside,1.0,1.04616935e-23,4.382212e-24,1.0
testing6286.jpg,Outside,1.0,1.0054699e-30,8.7493854e-30,1.0
testing6287.jpg,Outside,1.0,2.258794e-22,1.7876754e-25,1.0
testing6288.jpg,Outside,1.0,8.3110614e-24,5.297538e-26,1.0
testing6289.jpg,Outside,1.0,1.172001e-26,3.365047e-26,1.0
testing6290.jpg,Intermediate,0.9999981,0.9999981,9.911235e-22,1.9012057e-06
testing6291.jpg,Outside,1.0,2.2155618e-29,2.890696e-29,1.0
testing6292.jpg,Outside,1.0,4.0014008e-26,8.055832e-28,1.0
testing6293.jpg,Nanodomain,1.0,0.0,1.0,0.0
testing6294.jpg,Nanodomain,1.0,0.0,1.0,0.0
testing6295.jpg,Nanodomain,0.7898003,0.21019965,0.7898003,2.093924e-20
testing6296.jpg,Nanodomain,1.0,0.0,1.0,0.0
testing6297.jpg,Nanodomain,1.0,0.0,1.0,0.0
testing6298.jpg,Nanodomain,1.0,0.0,1.0,0.0
testing6299.jpg,Nanodomain,1.0,0.0,1.0,0.0
testing6300.jpg,Nanodomain,1.0,0.0,1.0,0.0
testing6301.jpg,Nanodomain,1.0,0.0,1.0,0.0
testing6302.jpg,Nanodomain,1.0,0.0,1.0,0.0
testing6303.jpg,Nanodomain,1.0,0.0,1.0,0.0
testing6304.jpg,Nanodomain,1.0,0.0,1.0,0.0
testing6305.jpg,Nanodomain,1.0,0.0,1.0,0.0
testing6306.jpg,Nanodomain,1.0,0.0,1.0,0.0
testing6307.jpg,Nanodomain,1.0,0.0,1.0,0.0
testing6308.jpg,Nanodomain,1.0,0.0,1.0,0.0
testing6309.jpg,Nanodomain,1.0,0.0,1.0,0.0
testing6310.jpg,Nanodomain,1.0,0.0,1.0,0.0
testing6311.jpg,Nanodomain,1.0,0.0,1.0,0.0
testing6312.jpg,Nanodomain,1.0,0.0,1.0,0.0
testing6313.jpg,Nanodomain,1.0,0.0,1.0,0.0
testing6314.jpg,Nanodomain,1.0,0.0,1.0,0.0
testing6315.jpg,Nanodomain,1.0,0.0,1.0,0.0
testing6316.jpg,Intermediate,1.0,1.0,4.840438e-19,3.465096e-08
testing6317.jpg,Intermediate,0.9978927,0.9978927,3.755427e-19,0.002107326
testing6318.jpg,Intermediate,1.0,1.0,8.0908894e-33,1.0447624e-29
testing6319.jpg,Intermediate,1.0,1.0,2.6110013e-19,2.3513459e-23
testing6320.jpg,Intermediate,1.0,1.0,6.4046283e-31,7.778252e-28
testing6321.jpg,Intermediate,1.0,1.0,8.949671e-36,6.989089e-32
testing6322.jpg,Intermediate,1.0,1.0,0.0,4.262693e-31
testing6323.jpg,Intermediate,1.0,1.0,1.3936322e-29,6.776957e-23
testing6324.jpg,Intermediate,1.0,1.0,0.0,1.00918834e-25
testing6325.jpg,Intermediate,1.0,1.0,4.8685824e-28,5.780751e-19
testing6326.jpg,Nanodomain,1.0,0.0,1.0,0.0
testing6327.jpg,Nanodomain,1.0,0.0,1.0,0.0
testing6328.jpg,Nanodomain,1.0,0.0,1.0,0.0
testing6329.jpg,Nanodomain,1.0,4.043536e-26,1.0,0.0
testing6330.jpg,Outside,1.0,3.5594813e-12,1.3455796e-16,1.0
testing6331.jpg,Nanodomain,1.0,0.0,1.0,0.0
testing6332.jpg,Nanodomain,1.0,0.0,1.0,0.0
testing6333.jpg,Nanodomain,1.0,0.0,1.0,0.0
testing6334.jpg,Nanodomain,1.0,0.0,1.0,0.0
testing6335.jpg,Nanodomain,1.0,0.0,1.0,0.0
testing6336.jpg,Nanodomain,1.0,0.0,1.0,0.0
testing6337.jpg,Nanodomain,1.0,0.0,1.0,0.0
testing6338.jpg,Nanodomain,1.0,0.0,1.0,0.0
testing6339.jpg,Nanodomain,1.0,0.0,1.0,0.0
testing6340.jpg,Nanodomain,1.0,0.0,1.0,0.0
testing6341.jpg,Nanodomain,1.0,0.0,1.0,0.0
testing6342.jpg,Nanodomain,1.0,0.0,1.0,0.0
testing6343.jpg,Nanodomain,1.0,0.0,1.0,0.0
testing6344.jpg,Nanodomain,1.0,0.0,1.0,0.0
testing6345.jpg,Nanodomain,1.0,0.0,1.0,0.0
testing6346.jpg,Nanodomain,1.0,0.0,1.0,0.0
testing6347.jpg,Nanodomain,1.0,0.0,1.0,0.0
testing6348.jpg,Nanodomain,1.0,0.0,1.0,0.0
testing6349.jpg,Nanodomain,1.0,0.0,1.0,0.0
testing6350.jpg,Nanodomain,1.0,0.0,1.0,0.0
testing6351.jpg,Nanodomain,1.0,0.0,1.0,0.0
testing6352.jpg,Nanodomain,1.0,0.0,1.0,0.0
testing6353.jpg,Nanodomain,1.0,0.0,1.0,0.0
testing6354.jpg,Nanodomain,1.0,0.0,1.0,0.0
testing6355.jpg,Nanodomain,1.0,0.0,1.0,0.0
testing6356.jpg,Nanodomain,1.0,0.0,1.0,0.0
testing6357.jpg,Nanodomain,1.0,0.0,1.0,0.0
testing6358.jpg,Nanodomain,1.0,0.0,1.0,0.0
testing6359.jpg,Nanodomain,1.0,0.0,1.0,0.0
testing6360.jpg,Nanodomain,1.0,0.0,1.0,0.0
testing6361.jpg,Outside,1.0,5.785174e-38,1.0496463e-32,1.0
testing6362.jpg,Outside,1.0,9.638229e-34,1.1912135e-30,1.0
testing6363.jpg,Nanodomain,1.0,0.0,1.0,0.0
testing6364.jpg,Nanodomain,1.0,0.0,1.0,0.0
testing6365.jpg,Nanodomain,1.0,0.0,1.0,0.0
testing6366.jpg,Nanodomain,1.0,0.0,1.0,0.0
testing6367.jpg,Nanodomain,1.0,0.0,1.0,0.0
testing6368.jpg,Nanodomain,1.0,0.0,1.0,0.0
testing6369.jpg,Nanodomain,1.0,0.0,1.0,0.0
testing6370.jpg,Nanodomain,1.0,0.0,1.0,0.0
testing6371.jpg,Nanodomain,1.0,0.0,1.0,0.0
testing6372.jpg,Nanodomain,1.0,0.0,1.0,0.0
testing6373.jpg,Nanodomain,1.0,0.0,1.0,0.0
testing6374.jpg,Nanodomain,1.0,0.0,1.0,0.0
testing6375.jpg,Nanodomain,1.0,0.0,1.0,0.0
testing6376.jpg,Nanodomain,1.0,0.0,1.0,0.0
testing6377.jpg,Nanodomain,1.0,0.0,1.0,0.0
testing6378.jpg,Nanodomain,1.0,0.0,1.0,0.0
testing6379.jpg,Nanodomain,1.0,0.0,1.0,0.0
testing6380.jpg,Nanodomain,1.0,0.0,1.0,0.0
testing6381.jpg,Nanodomain,1.0,0.0,1.0,0.0
testing6382.jpg,Nanodomain,1.0,0.0,1.0,0.0
testing6383.jpg,Nanodomain,1.0,0.0,1.0,0.0
testing6384.jpg,Nanodomain,1.0,0.0,1.0,0.0
testing6385.jpg,Nanodomain,1.0,0.0,1.0,0.0
testing6386.jpg,Nanodomain,1.0,0.0,1.0,0.0
testing6387.jpg,Nanodomain,1.0,0.0,1.0,0.0
testing6388.jpg,Nanodomain,1.0,0.0,1.0,0.0
testing6389.jpg,Nanodomain,1.0,0.0,1.0,0.0
testing6390.jpg,Intermediate,1.0,1.0,1.8809233e-24,2.8515753e-13
testing6391.jpg,Outside,1.0,3.9034742e-13,4.1514528e-22,1.0
testing6392.jpg,Outside,1.0,1.710526e-14,2.285242e-25,1.0
testing6393.jpg,Outside,1.0,9.978869e-35,3.6411068e-34,1.0
testing6394.jpg,Outside,1.0,5.5250985e-15,4.0017364e-26,1.0
testing6395.jpg,Nanodomain,1.0,8.4155236e-36,1.0,0.0
testing6396.jpg,Nanodomain,1.0,3.9176322e-35,1.0,0.0
testing6397.jpg,Nanodomain,1.0,2.9567048e-16,1.0,0.0
testing6398.jpg,Nanodomain,1.0,7.1173887e-35,1.0,0.0
testing6399.jpg,Nanodomain,1.0,1.1069444e-17,1.0,0.0
testing6400.jpg,Nanodomain,1.0,1.4089003e-34,1.0,0.0
testing6401.jpg,Nanodomain,1.0,0.0,1.0,0.0
testing6402.jpg,Nanodomain,1.0,0.0,1.0,0.0
testing6403.jpg,Nanodomain,1.0,0.0,1.0,0.0
testing6404.jpg,Nanodomain,1.0,0.0,1.0,0.0
testing6405.jpg,Nanodomain,1.0,0.0,1.0,0.0
testing6406.jpg,Nanodomain,1.0,0.0,1.0,0.0
testing6407.jpg,Nanodomain,1.0,0.0,1.0,0.0
testing6408.jpg,Nanodomain,1.0,0.0,1.0,0.0
testing6409.jpg,Nanodomain,1.0,0.0,1.0,0.0
testing6410.jpg,Outside,1.0,9.275158e-32,2.1877366e-30,1.0
testing6411.jpg,Outside,1.0,5.097507e-34,1.8573534e-29,1.0
testing6412.jpg,Outside,1.0,3.584262e-33,3.099929e-28,1.0
testing6413.jpg,Outside,1.0,8.304926e-36,1.3956312e-31,1.0
testing6414.jpg,Outside,1.0,1.2193787e-30,9.92935e-28,1.0
testing6415.jpg,Outside,1.0,1.8502498e-33,1.0640352e-31,1.0
testing6416.jpg,Outside,1.0,1.0194113e-24,1.3806572e-22,1.0
testing6417.jpg,Nanodomain,1.0,5.3787865e-26,1.0,0.0
testing6418.jpg,Nanodomain,1.0,1.4648125e-26,1.0,0.0
testing6419.jpg,Outside,1.0,7.06374e-31,1.8510885e-27,1.0
testing6420.jpg,Outside,1.0,9.283805e-30,6.1819884e-30,1.0
testing6421.jpg,Nanodomain,1.0,0.0,1.0,0.0
testing6422.jpg,Nanodomain,1.0,0.0,1.0,0.0
testing6423.jpg,Nanodomain,1.0,0.0,1.0,0.0
testing6424.jpg,Nanodomain,1.0,0.0,1.0,0.0
testing6425.jpg,Nanodomain,1.0,0.0,1.0,0.0
testing6426.jpg,Nanodomain,1.0,0.0,1.0,0.0
testing6427.jpg,Nanodomain,1.0,0.0,1.0,0.0
testing6428.jpg,Nanodomain,1.0,0.0,1.0,0.0
testing6429.jpg,Nanodomain,1.0,0.0,1.0,0.0
testing6430.jpg,Nanodomain,1.0,0.0,1.0,0.0
testing6431.jpg,Nanodomain,1.0,0.0,1.0,0.0
testing6432.jpg,Nanodomain,1.0,0.0,1.0,0.0
testing6433.jpg,Nanodomain,1.0,0.0,1.0,0.0
testing6434.jpg,Nanodomain,1.0,0.0,1.0,0.0
testing6435.jpg,Nanodomain,1.0,0.0,1.0,0.0
testing6436.jpg,Nanodomain,1.0,0.0,1.0,0.0
testing6437.jpg,Nanodomain,1.0,0.0,1.0,0.0
testing6438.jpg,Nanodomain,1.0,0.0,1.0,0.0
testing6439.jpg,Nanodomain,1.0,0.0,1.0,0.0
testing6440.jpg,Nanodomain,1.0,0.0,1.0,0.0
testing6441.jpg,Outside,1.0,1.4881463e-08,9.868929e-21,1.0
testing6442.jpg,Outside,1.0,1.671285e-13,1.4499283e-21,1.0
testing6443.jpg,Outside,1.0,2.6806704e-11,6.498574e-21,1.0
testing6444.jpg,Outside,0.9999634,3.6537615e-05,3.9793666e-18,0.9999634
testing6445.jpg,Intermediate,0.99999964,0.99999964,1.0090186e-25,3.3156923e-07
testing6446.jpg,Intermediate,1.0,1.0,5.020436e-32,6.0845023e-21
testing6447.jpg,Intermediate,1.0,1.0,4.737799e-37,3.6952908e-32
testing6448.jpg,Intermediate,1.0,1.0,8.67469e-27,5.19411e-16
testing6449.jpg,Outside,1.0,4.62602e-14,4.972772e-22,1.0
testing6450.jpg,Outside,1.0,1.000968e-18,2.8285498e-23,1.0
testing6451.jpg,Outside,1.0,4.785383e-13,1.3955478e-21,1.0
testing6452.jpg,Nanodomain,1.0,0.0,1.0,0.0
testing6453.jpg,Nanodomain,1.0,0.0,1.0,0.0
testing6454.jpg,Nanodomain,1.0,4.482984e-32,1.0,0.0
testing6455.jpg,Nanodomain,1.0,3.0582534e-37,1.0,0.0
testing6456.jpg,Nanodomain,1.0,1.9142417e-13,1.0,8.054754e-36
testing6457.jpg,Outside,1.0,3.0442044e-22,5.004929e-24,1.0
testing6458.jpg,Outside,1.0,2.2619497e-22,7.9775693e-22,1.0
testing6459.jpg,Nanodomain,1.0,0.0,1.0,0.0
testing6460.jpg,Nanodomain,1.0,0.0,1.0,0.0
testing6461.jpg,Nanodomain,1.0,0.0,1.0,0.0
testing6462.jpg,Nanodomain,1.0,0.0,1.0,0.0
testing6463.jpg,Nanodomain,1.0,0.0,1.0,0.0
testing6464.jpg,Nanodomain,1.0,0.0,1.0,0.0
testing6465.jpg,Nanodomain,1.0,0.0,1.0,0.0
testing6466.jpg,Nanodomain,1.0,0.0,1.0,0.0
testing6467.jpg,Nanodomain,1.0,0.0,1.0,0.0
testing6468.jpg,Nanodomain,1.0,0.0,1.0,0.0
testing6469.jpg,Nanodomain,1.0,0.0,1.0,0.0
testing6470.jpg,Nanodomain,1.0,0.0,1.0,0.0
testing6471.jpg,Nanodomain,1.0,0.0,1.0,0.0
testing6472.jpg,Nanodomain,1.0,0.0,1.0,0.0
testing6473.jpg,Nanodomain,1.0,0.0,1.0,0.0
testing6474.jpg,Nanodomain,1.0,0.0,1.0,0.0
testing6475.jpg,Nanodomain,1.0,0.0,1.0,0.0
testing6476.jpg,Nanodomain,1.0,0.0,1.0,0.0
testing6477.jpg,Nanodomain,1.0,0.0,1.0,0.0
testing6478.jpg,Nanodomain,1.0,0.0,1.0,0.0
testing6479.jpg,Nanodomain,1.0,0.0,1.0,0.0
testing6480.jpg,Nanodomain,1.0,0.0,1.0,0.0
testing6481.jpg,Nanodomain,1.0,0.0,1.0,0.0
testing6482.jpg,Nanodomain,1.0,0.0,1.0,0.0
testing6483.jpg,Nanodomain,1.0,0.0,1.0,0.0
testing6484.jpg,Nanodomain,1.0,0.0,1.0,0.0
testing6485.jpg,Nanodomain,1.0,0.0,1.0,0.0
testing6486.jpg,Nanodomain,1.0,0.0,1.0,0.0
testing6487.jpg,Nanodomain,1.0,0.0,1.0,0.0
testing6488.jpg,Nanodomain,1.0,0.0,1.0,0.0
testing6489.jpg,Outside,1.0,6.560908e-25,2.6835074e-24,1.0
testing6490.jpg,Nanodomain,1.0,0.0,1.0,0.0
testing6491.jpg,Nanodomain,1.0,0.0,1.0,0.0
testing6492.jpg,Nanodomain,1.0,0.0,1.0,0.0
testing6493.jpg,Nanodomain,1.0,0.0,1.0,0.0
testing6494.jpg,Nanodomain,1.0,0.0,1.0,0.0
testing6495.jpg,Nanodomain,1.0,0.0,1.0,0.0
testing6496.jpg,Nanodomain,1.0,0.0,1.0,0.0
testing6497.jpg,Nanodomain,1.0,0.0,1.0,0.0
testing6498.jpg,Nanodomain,1.0,0.0,1.0,0.0
testing6499.jpg,Nanodomain,1.0,0.0,1.0,0.0
testing6500.jpg,Nanodomain,1.0,0.0,1.0,0.0
testing6501.jpg,Nanodomain,1.0,0.0,1.0,0.0
testing6502.jpg,Nanodomain,1.0,0.0,1.0,0.0
testing6503.jpg,Nanodomain,1.0,0.0,1.0,0.0
testing6504.jpg,Nanodomain,1.0,0.0,1.0,0.0
testing6505.jpg,Nanodomain,1.0,0.0,1.0,0.0
testing6506.jpg,Nanodomain,1.0,0.0,1.0,0.0
testing6507.jpg,Nanodomain,1.0,0.0,1.0,0.0
testing6508.jpg,Nanodomain,1.0,0.0,1.0,0.0
testing6509.jpg,Nanodomain,1.0,0.0,1.0,0.0
testing6510.jpg,Nanodomain,1.0,0.0,1.0,0.0
testing6511.jpg,Nanodomain,1.0,0.0,1.0,0.0
testing6512.jpg,Nanodomain,1.0,0.0,1.0,0.0
testing6513.jpg,Nanodomain,1.0,0.0,1.0,0.0
testing6514.jpg,Nanodomain,1.0,0.0,1.0,0.0
testing6515.jpg,Nanodomain,1.0,0.0,1.0,0.0
testing6516.jpg,Nanodomain,1.0,0.0,1.0,0.0
testing6517.jpg,Outside,1.0,4.8417593e-30,1.6781015e-28,1.0
testing6518.jpg,Intermediate,1.0,1.0,1.4540878e-29,4.0563056e-22
testing6519.jpg,Outside,1.0,4.9414487e-33,4.849597e-30,1.0
testing6520.jpg,Outside,1.0,6.801771e-30,1.5821642e-30,1.0
testing6521.jpg,Nanodomain,1.0,5.8029764e-27,1.0,0.0
testing6522.jpg,Outside,1.0,2.4007636e-28,4.4879214e-28,1.0
testing6523.jpg,Outside,1.0,3.5618234e-35,7.5670456e-32,1.0
testing6524.jpg,Nanodomain,1.0,6.625681e-11,1.0,2.0109655e-32
testing6525.jpg,Nanodomain,1.0,2.054916e-13,1.0,4.39266e-37
testing6526.jpg,Nanodomain,1.0,4.2724085e-25,1.0,0.0
testing6527.jpg,Nanodomain,1.0,2.0760758e-24,1.0,0.0
testing6528.jpg,Nanodomain,1.0,3.8612735e-09,1.0,9.300517e-34
testing6529.jpg,Nanodomain,1.0,0.0,1.0,0.0
testing6530.jpg,Nanodomain,1.0,0.0,1.0,0.0
testing6531.jpg,Nanodomain,1.0,0.0,1.0,0.0
testing6532.jpg,Nanodomain,1.0,0.0,1.0,0.0
testing6533.jpg,Nanodomain,1.0,0.0,1.0,0.0
testing6534.jpg,Nanodomain,1.0,0.0,1.0,0.0
testing6535.jpg,Nanodomain,1.0,0.0,1.0,0.0
testing6536.jpg,Nanodomain,1.0,0.0,1.0,0.0
testing6537.jpg,Outside,1.0,5.7346914e-27,7.2326294e-24,1.0
testing6538.jpg,Outside,1.0,3.1112277e-30,3.1833943e-29,1.0
testing6539.jpg,Outside,1.0,1.6385163e-27,2.7826315e-27,1.0
testing6540.jpg,Outside,1.0,9.477142e-29,3.718161e-29,1.0
testing6541.jpg,Outside,1.0,8.460125e-31,5.3665225e-29,1.0
testing6542.jpg,Outside,1.0,7.3361667e-31,1.8111548e-28,1.0
testing6543.jpg,Outside,1.0,1.2454088e-29,2.0167381e-29,1.0
testing6544.jpg,Outside,1.0,2.6992689e-30,7.701923e-29,1.0
testing6545.jpg,Outside,1.0,5.410647e-32,1.7095475e-29,1.0
testing6546.jpg,Outside,1.0,5.9260182e-33,1.636096e-31,1.0
testing6547.jpg,Outside,1.0,2.6763696e-33,3.5522238e-31,1.0
testing6548.jpg,Outside,1.0,1.2881871e-28,1.8183077e-26,1.0
testing6549.jpg,Nanodomain,1.0,1.3458873e-09,1.0,4.696765e-32
testing6550.jpg,Nanodomain,1.0,3.4888086e-17,1.0,3.2004175e-36
testing6551.jpg,Outside,1.0,2.2418514e-27,1.710522e-26,1.0
testing6552.jpg,Outside,1.0,1.0760942e-29,1.9689704e-27,1.0
testing6553.jpg,Outside,1.0,6.4763885e-32,1.5989642e-31,1.0
testing6554.jpg,Outside,1.0,1.7284744e-19,2.9734682e-23,1.0
testing6555.jpg,Nanodomain,1.0,0.0,1.0,0.0
testing6556.jpg,Nanodomain,1.0,0.0,1.0,0.0
testing6557.jpg,Nanodomain,1.0,0.0,1.0,0.0
testing6558.jpg,Nanodomain,1.0,0.0,1.0,0.0
testing6559.jpg,Nanodomain,1.0,0.0,1.0,0.0
testing6560.jpg,Nanodomain,1.0,0.0,1.0,0.0
testing6561.jpg,Nanodomain,1.0,0.0,1.0,0.0
testing6562.jpg,Nanodomain,1.0,0.0,1.0,0.0
testing6563.jpg,Nanodomain,1.0,0.0,1.0,0.0
testing6564.jpg,Nanodomain,1.0,0.0,1.0,0.0
testing6565.jpg,Nanodomain,1.0,0.0,1.0,0.0
testing6566.jpg,Nanodomain,1.0,0.0,1.0,0.0
testing6567.jpg,Nanodomain,1.0,0.0,1.0,0.0
testing6568.jpg,Nanodomain,1.0,0.0,1.0,0.0
testing6569.jpg,Outside,0.9999988,1.231524e-06,3.5161977e-15,0.9999988
testing6570.jpg,Outside,0.9999908,9.149093e-06,7.211058e-21,0.9999908
testing6571.jpg,Intermediate,1.0,1.0,3.7906562e-29,8.900753e-27
testing6572.jpg,Intermediate,1.0,1.0,1.3720078e-25,4.0006375e-26
testing6573.jpg,Intermediate,1.0,1.0,4.2934987e-26,9.7455915e-27
testing6574.jpg,Intermediate,1.0,1.0,6.821994e-28,2.3467685e-14
testing6575.jpg,Intermediate,1.0,1.0,1.06327586e-32,1.0155139e-25
testing6576.jpg,Intermediate,1.0,1.0,9.1608376e-33,3.124443e-29
testing6577.jpg,Intermediate,1.0,1.0,0.0,1.1610055e-26
testing6578.jpg,Intermediate,1.0,1.0,3.9302607e-30,1.9756078e-18
testing6579.jpg,Intermediate,1.0,1.0,3.3042709e-25,1.0268439e-10
testing6580.jpg,Outside,1.0,2.2267983e-13,1.563385e-23,1.0
testing6581.jpg,Nanodomain,1.0,4.29872e-29,1.0,0.0
testing6582.jpg,Nanodomain,1.0,1.7029943e-20,1.0,0.0
testing6583.jpg,Nanodomain,1.0,1.2679337e-30,1.0,0.0
testing6584.jpg,Nanodomain,1.0,1.5570678e-26,1.0,0.0
testing6585.jpg,Nanodomain,1.0,0.0,1.0,0.0
testing6586.jpg,Nanodomain,1.0,0.0,1.0,0.0
testing6587.jpg,Nanodomain,1.0,0.0,1.0,0.0
testing6588.jpg,Nanodomain,1.0,0.0,1.0,0.0
testing6589.jpg,Nanodomain,1.0,0.0,1.0,0.0
testing6590.jpg,Nanodomain,1.0,0.0,1.0,0.0
testing6591.jpg,Nanodomain,1.0,0.0,1.0,0.0
testing6592.jpg,Nanodomain,1.0,0.0,1.0,0.0
testing6593.jpg,Nanodomain,1.0,0.0,1.0,0.0
testing6594.jpg,Nanodomain,1.0,0.0,1.0,0.0
testing6595.jpg,Nanodomain,1.0,0.0,1.0,0.0
testing6596.jpg,Nanodomain,1.0,0.0,1.0,0.0
testing6597.jpg,Nanodomain,1.0,0.0,1.0,0.0
testing6598.jpg,Nanodomain,1.0,0.0,1.0,0.0
testing6599.jpg,Nanodomain,1.0,0.0,1.0,0.0
testing6600.jpg,Nanodomain,1.0,0.0,1.0,0.0
testing6601.jpg,Nanodomain,1.0,0.0,1.0,0.0
testing6602.jpg,Nanodomain,1.0,6.308457e-17,1.0,5.060706e-37
testing6603.jpg,Nanodomain,1.0,0.0,1.0,0.0
testing6604.jpg,Outside,1.0,2.112729e-33,1.0903168e-29,1.0
testing6605.jpg,Nanodomain,1.0,0.0,1.0,0.0
testing6606.jpg,Nanodomain,1.0,0.0,1.0,0.0
testing6607.jpg,Nanodomain,1.0,0.0,1.0,0.0
testing6608.jpg,Nanodomain,1.0,0.0,1.0,0.0
testing6609.jpg,Nanodomain,1.0,0.0,1.0,0.0
testing6610.jpg,Nanodomain,1.0,0.0,1.0,0.0
testing6611.jpg,Nanodomain,1.0,0.0,1.0,0.0
testing6612.jpg,Nanodomain,1.0,0.0,1.0,0.0
testing6613.jpg,Nanodomain,1.0,0.0,1.0,0.0
testing6614.jpg,Nanodomain,1.0,0.0,1.0,0.0
testing6615.jpg,Nanodomain,1.0,0.0,1.0,0.0
testing6616.jpg,Nanodomain,1.0,0.0,1.0,0.0
testing6617.jpg,Outside,1.0,2.381777e-31,1.8630161e-29,1.0
testing6618.jpg,Nanodomain,1.0,0.0,1.0,0.0
testing6619.jpg,Nanodomain,1.0,0.0,1.0,0.0
testing6620.jpg,Nanodomain,1.0,0.0,1.0,0.0
testing6621.jpg,Nanodomain,1.0,0.0,1.0,0.0
testing6622.jpg,Nanodomain,1.0,0.0,1.0,0.0
testing6623.jpg,Nanodomain,1.0,0.0,1.0,0.0
testing6624.jpg,Nanodomain,1.0,0.0,1.0,0.0
testing6625.jpg,Nanodomain,1.0,0.0,1.0,0.0
testing6626.jpg,Nanodomain,1.0,0.0,1.0,0.0
testing6627.jpg,Nanodomain,1.0,0.0,1.0,0.0
testing6628.jpg,Nanodomain,1.0,0.0,1.0,0.0
testing6629.jpg,Nanodomain,1.0,0.0,1.0,0.0
testing6630.jpg,Nanodomain,1.0,0.0,1.0,0.0
testing6631.jpg,Nanodomain,1.0,0.0,1.0,0.0
testing6632.jpg,Nanodomain,1.0,0.0,1.0,0.0
testing6633.jpg,Nanodomain,1.0,0.0,1.0,0.0
testing6634.jpg,Nanodomain,1.0,0.0,1.0,0.0
testing6635.jpg,Nanodomain,1.0,0.0,1.0,0.0
testing6636.jpg,Nanodomain,1.0,0.0,1.0,0.0
testing6637.jpg,Nanodomain,1.0,0.0,1.0,0.0
testing6638.jpg,Nanodomain,1.0,0.0,1.0,0.0
testing6639.jpg,Nanodomain,1.0,0.0,1.0,0.0
testing6640.jpg,Nanodomain,1.0,0.0,1.0,0.0
testing6641.jpg,Nanodomain,1.0,0.0,1.0,0.0
testing6642.jpg,Nanodomain,1.0,0.0,1.0,0.0
testing6643.jpg,Nanodomain,1.0,0.0,1.0,0.0
testing6644.jpg,Nanodomain,1.0,0.0,1.0,0.0
testing6645.jpg,Outside,1.0,1.6239088e-31,7.1015653e-31,1.0
testing6646.jpg,Outside,1.0,3.6145673e-32,9.567581e-31,1.0
testing6647.jpg,Outside,1.0,5.4687256e-33,3.323804e-32,1.0
testing6648.jpg,Outside,1.0,1.276516e-27,4.9381685e-26,1.0
testing6649.jpg,Outside,1.0,2.6194792e-28,7.5137645e-27,1.0
testing6650.jpg,Nanodomain,0.99999976,1.979096e-07,0.99999976,1.9567865e-28
testing6651.jpg,Intermediate,1.0,1.0,2.4542314e-19,1.5951013e-24
testing6652.jpg,Intermediate,1.0,1.0,3.9940332e-27,3.2125448e-25
testing6653.jpg,Intermediate,1.0,1.0,3.6959964e-24,1.3340739e-25
testing6654.jpg,Intermediate,1.0,1.0,3.349468e-37,7.978404e-26
testing6655.jpg,Intermediate,1.0,1.0,3.13049e-30,3.570852e-30
testing6656.jpg,Intermediate,1.0,1.0,1.3833793e-27,1.2749016e-14
testing6657.jpg,Nanodomain,1.0,0.0,1.0,0.0
testing6658.jpg,Nanodomain,1.0,0.0,1.0,0.0
testing6659.jpg,Nanodomain,1.0,0.0,1.0,0.0
testing6660.jpg,Nanodomain,1.0,0.0,1.0,0.0
testing6661.jpg,Nanodomain,1.0,0.0,1.0,0.0
testing6662.jpg,Nanodomain,1.0,0.0,1.0,0.0
testing6663.jpg,Nanodomain,1.0,0.0,1.0,0.0
testing6664.jpg,Nanodomain,1.0,1.0912488e-29,1.0,0.0
testing6665.jpg,Outside,1.0,7.4004994e-25,6.410129e-23,1.0
testing6666.jpg,Outside,1.0,9.62475e-33,5.5490717e-30,1.0
testing6667.jpg,Outside,1.0,1.1714787e-25,9.353828e-24,1.0
testing6668.jpg,Outside,1.0,7.4331435e-34,2.1984713e-29,1.0
testing6669.jpg,Outside,1.0,2.5711755e-29,2.2185604e-25,1.0
testing6670.jpg,Outside,1.0,2.9447913e-34,5.7650804e-31,1.0
testing6671.jpg,Outside,1.0,0.0,1.5402233e-36,1.0
testing6672.jpg,Outside,1.0,1.5786517e-27,2.512828e-24,1.0
testing6673.jpg,Outside,1.0,5.34066e-17,1.081855e-17,1.0
testing6674.jpg,Outside,1.0,6.4760085e-35,4.328301e-31,1.0
testing6675.jpg,Outside,1.0,7.019384e-18,1.3708688e-23,1.0
testing6676.jpg,Outside,1.0,3.845652e-22,1.7919222e-25,1.0
testing6677.jpg,Outside,1.0,5.375902e-12,7.9352367e-20,1.0
testing6678.jpg,Outside,1.0,2.816139e-21,2.4166947e-22,1.0
testing6679.jpg,Outside,1.0,7.141149e-30,1.2424835e-25,1.0
testing6680.jpg,Outside,1.0,3.9002584e-21,4.9517575e-23,1.0
testing6681.jpg,Outside,0.9999963,3.7006937e-06,3.871708e-21,0.9999963
testing6682.jpg,Outside,1.0,2.072223e-16,8.412391e-18,1.0
testing6683.jpg,Nanodomain,1.0,0.0,1.0,0.0
testing6684.jpg,Nanodomain,1.0,0.0,1.0,0.0
testing6685.jpg,Nanodomain,1.0,0.0,1.0,0.0
testing6686.jpg,Nanodomain,1.0,0.0,1.0,0.0
testing6687.jpg,Nanodomain,1.0,0.0,1.0,0.0
testing6688.jpg,Nanodomain,1.0,0.0,1.0,0.0
testing6689.jpg,Nanodomain,1.0,0.0,1.0,0.0
testing6690.jpg,Nanodomain,1.0,0.0,1.0,0.0
testing6691.jpg,Nanodomain,1.0,0.0,1.0,0.0
testing6692.jpg,Nanodomain,1.0,0.0,1.0,0.0
testing6693.jpg,Nanodomain,1.0,0.0,1.0,0.0
testing6694.jpg,Nanodomain,1.0,0.0,1.0,0.0
testing6695.jpg,Nanodomain,1.0,0.0,1.0,0.0
testing6696.jpg,Nanodomain,1.0,0.0,1.0,0.0
testing6697.jpg,Nanodomain,1.0,0.0,1.0,0.0
testing6698.jpg,Intermediate,1.0,1.0,2.807466e-33,4.520143e-25
testing6699.jpg,Intermediate,0.9999957,0.9999957,3.2779368e-21,4.294924e-06
testing6700.jpg,Intermediate,1.0,1.0,5.8713775e-28,1.2551588e-12
testing6701.jpg,Intermediate,0.9999999,0.9999999,4.480384e-25,8.803049e-08
testing6702.jpg,Intermediate,1.0,1.0,6.0787675e-30,9.366599e-19
testing6703.jpg,Intermediate,1.0,1.0,1.7363594e-33,9.07986e-22
testing6704.jpg,Intermediate,1.0,1.0,2.5963937e-32,5.5322066e-22
testing6705.jpg,Intermediate,1.0,1.0,8.84073e-33,3.3719937e-29
testing6706.jpg,Intermediate,1.0,1.0,4.6047114e-31,8.951551e-28
testing6707.jpg,Intermediate,1.0,1.0,8.36718e-38,1.08902234e-32
testing6708.jpg,Intermediate,1.0,1.0,1.0185525e-31,2.9577472e-28
testing6709.jpg,Nanodomain,1.0,1.8589167e-25,1.0,0.0
testing6710.jpg,Nanodomain,1.0,1.1995297e-32,1.0,0.0
testing6711.jpg,Nanodomain,1.0,1.03950126e-32,1.0,0.0
testing6712.jpg,Nanodomain,1.0,2.853862e-27,1.0,0.0
testing6713.jpg,Outside,1.0,4.0030996e-09,5.94077e-20,1.0
testing6714.jpg,Nanodomain,1.0,0.0,1.0,0.0
testing6715.jpg,Nanodomain,1.0,0.0,1.0,0.0
testing6716.jpg,Nanodomain,1.0,0.0,1.0,0.0
testing6717.jpg,Nanodomain,1.0,0.0,1.0,0.0
testing6718.jpg,Nanodomain,1.0,0.0,1.0,0.0
testing6719.jpg,Nanodomain,1.0,0.0,1.0,0.0
testing6720.jpg,Nanodomain,1.0,0.0,1.0,0.0
testing6721.jpg,Nanodomain,1.0,0.0,1.0,0.0
testing6722.jpg,Nanodomain,1.0,0.0,1.0,0.0
testing6723.jpg,Nanodomain,1.0,0.0,1.0,0.0
testing6724.jpg,Nanodomain,1.0,0.0,1.0,0.0
testing6725.jpg,Nanodomain,1.0,0.0,1.0,0.0
testing6726.jpg,Nanodomain,1.0,0.0,1.0,0.0
testing6727.jpg,Nanodomain,1.0,0.0,1.0,0.0
testing6728.jpg,Nanodomain,1.0,0.0,1.0,0.0
testing6729.jpg,Nanodomain,1.0,4.927796e-20,1.0,0.0
testing6730.jpg,Nanodomain,0.99999666,3.3024933e-06,0.99999666,1.25673534e-20
testing6731.jpg,Outside,1.0,5.2744724e-25,1.2733735e-28,1.0
testing6732.jpg,Outside,1.0,2.8712247e-27,6.315236e-28,1.0
testing6733.jpg,Nanodomain,1.0,0.0,1.0,0.0
testing6734.jpg,Nanodomain,1.0,0.0,1.0,0.0
testing6735.jpg,Nanodomain,1.0,0.0,1.0,0.0
testing6736.jpg,Nanodomain,1.0,0.0,1.0,0.0
testing6737.jpg,Nanodomain,1.0,0.0,1.0,0.0
testing6738.jpg,Nanodomain,1.0,0.0,1.0,0.0
testing6739.jpg,Nanodomain,1.0,0.0,1.0,0.0
testing6740.jpg,Nanodomain,1.0,0.0,1.0,0.0
testing6741.jpg,Nanodomain,1.0,0.0,1.0,0.0
testing6742.jpg,Nanodomain,1.0,0.0,1.0,0.0
testing6743.jpg,Nanodomain,1.0,0.0,1.0,0.0
testing6744.jpg,Nanodomain,1.0,0.0,1.0,0.0
testing6745.jpg,Outside,1.0,4.228875e-31,4.411567e-30,1.0
testing6746.jpg,Nanodomain,1.0,0.0,1.0,0.0
testing6747.jpg,Nanodomain,1.0,0.0,1.0,0.0
testing6748.jpg,Nanodomain,1.0,0.0,1.0,0.0
testing6749.jpg,Nanodomain,1.0,0.0,1.0,0.0
testing6750.jpg,Nanodomain,1.0,0.0,1.0,0.0
testing6751.jpg,Nanodomain,1.0,0.0,1.0,0.0
testing6752.jpg,Nanodomain,1.0,0.0,1.0,0.0
testing6753.jpg,Nanodomain,1.0,0.0,1.0,0.0
testing6754.jpg,Nanodomain,1.0,0.0,1.0,0.0
testing6755.jpg,Nanodomain,1.0,0.0,1.0,0.0
testing6756.jpg,Nanodomain,1.0,0.0,1.0,0.0
testing6757.jpg,Nanodomain,1.0,0.0,1.0,0.0
testing6758.jpg,Nanodomain,1.0,0.0,1.0,0.0
testing6759.jpg,Nanodomain,1.0,0.0,1.0,0.0
testing6760.jpg,Nanodomain,1.0,0.0,1.0,0.0
testing6761.jpg,Nanodomain,1.0,0.0,1.0,0.0
testing6762.jpg,Nanodomain,1.0,0.0,1.0,0.0
testing6763.jpg,Nanodomain,1.0,0.0,1.0,0.0
testing6764.jpg,Nanodomain,1.0,0.0,1.0,0.0
testing6765.jpg,Nanodomain,1.0,0.0,1.0,0.0
testing6766.jpg,Nanodomain,1.0,0.0,1.0,0.0
testing6767.jpg,Nanodomain,1.0,0.0,1.0,0.0
testing6768.jpg,Nanodomain,1.0,0.0,1.0,0.0
testing6769.jpg,Nanodomain,1.0,0.0,1.0,0.0
testing6770.jpg,Nanodomain,1.0,0.0,1.0,0.0
testing6771.jpg,Nanodomain,1.0,0.0,1.0,0.0
testing6772.jpg,Nanodomain,1.0,0.0,1.0,0.0
testing6773.jpg,Outside,0.99999976,2.299284e-07,1.4505159e-19,0.99999976
testing6774.jpg,Intermediate,1.0,1.0,1.0321415e-29,9.005843e-27
testing6775.jpg,Intermediate,1.0,1.0,2.0492625e-22,2.7119012e-23
testing6776.jpg,Outside,1.0,1.0751283e-17,7.710244e-21,1.0
testing6777.jpg,Intermediate,1.0,1.0,9.813892e-21,2.3595359e-08
testing6778.jpg,Intermediate,1.0,1.0,1.7508036e-28,1.978683e-20
testing6779.jpg,Intermediate,1.0,1.0,4.7164487e-37,4.244973e-31
testing6780.jpg,Intermediate,1.0,1.0,1.1316512e-27,2.805181e-10
testing6781.jpg,Intermediate,1.0,1.0,4.4048612e-36,7.035152e-24
testing6782.jpg,Intermediate,1.0,1.0,3.7741046e-30,5.237643e-24
testing6783.jpg,Intermediate,1.0,1.0,7.647436e-30,3.0159484e-26
testing6784.jpg,Outside,1.0,1.5712636e-25,1.5483253e-26,1.0
testing6785.jpg,Nanodomain,1.0,0.0,1.0,0.0
testing6786.jpg,Nanodomain,1.0,0.0,1.0,0.0
testing6787.jpg,Nanodomain,1.0,0.0,1.0,0.0
testing6788.jpg,Nanodomain,1.0,0.0,1.0,0.0
testing6789.jpg,Nanodomain,1.0,0.0,1.0,0.0
testing6790.jpg,Nanodomain,1.0,0.0,1.0,0.0
testing6791.jpg,Nanodomain,1.0,0.0,1.0,0.0
testing6792.jpg,Nanodomain,1.0,0.0,1.0,0.0
testing6793.jpg,Nanodomain,1.0,1.4360265e-14,1.0,2.8971812e-33
testing6794.jpg,Nanodomain,1.0,0.0,1.0,0.0
testing6795.jpg,Nanodomain,1.0,0.0,1.0,0.0
testing6796.jpg,Outside,1.0,4.6292033e-34,2.1011756e-29,1.0
testing6797.jpg,Nanodomain,1.0,0.0,1.0,0.0
testing6798.jpg,Nanodomain,1.0,0.0,1.0,0.0
testing6799.jpg,Nanodomain,1.0,0.0,1.0,0.0
testing6800.jpg,Outside,1.0,3.0039658e-38,4.0260088e-32,1.0
testing6801.jpg,Outside,1.0,3.7013287e-32,2.2025915e-30,1.0
testing6802.jpg,Outside,1.0,1.859701e-28,1.0199299e-29,1.0
testing6803.jpg,Outside,1.0,1.4483179e-31,6.6608615e-28,1.0
testing6804.jpg,Outside,1.0,1.0776978e-34,4.7878658e-32,1.0
testing6805.jpg,Outside,1.0,9.128356e-34,1.380298e-31,1.0
testing6806.jpg,Intermediate,1.0,1.0,3.139528e-32,1.8044485e-24
testing6807.jpg,Outside,1.0,1.0415759e-27,2.3318718e-24,1.0
testing6808.jpg,Outside,1.0,5.967884e-37,5.018198e-31,1.0
testing6809.jpg,Outside,1.0,9.1308934e-35,1.4700484e-31,1.0
testing6810.jpg,Outside,1.0,8.042486e-18,2.888075e-20,1.0
testing6811.jpg,Nanodomain,1.0,0.0,1.0,0.0
testing6812.jpg,Nanodomain,1.0,0.0,1.0,0.0
testing6813.jpg,Nanodomain,1.0,0.0,1.0,0.0
testing6814.jpg,Nanodomain,1.0,0.0,1.0,0.0
testing6815.jpg,Nanodomain,1.0,0.0,1.0,0.0
testing6816.jpg,Nanodomain,1.0,0.0,1.0,0.0
testing6817.jpg,Nanodomain,1.0,0.0,1.0,0.0
testing6818.jpg,Nanodomain,1.0,0.0,1.0,0.0
testing6819.jpg,Nanodomain,1.0,0.0,1.0,0.0
testing6820.jpg,Nanodomain,1.0,0.0,1.0,0.0
testing6821.jpg,Nanodomain,1.0,0.0,1.0,0.0
testing6822.jpg,Nanodomain,1.0,0.0,1.0,0.0
testing6823.jpg,Nanodomain,1.0,0.0,1.0,0.0
testing6824.jpg,Nanodomain,1.0,0.0,1.0,0.0
testing6825.jpg,Outside,1.0,2.226535e-28,5.8981612e-27,1.0
testing6826.jpg,Intermediate,0.9999411,0.9999411,5.210835e-22,5.8841724e-05
testing6827.jpg,Intermediate,1.0,1.0,1.8492354e-31,1.3064082e-28
testing6828.jpg,Intermediate,1.0,1.0,1.9635066e-38,2.4057642e-32
testing6829.jpg,Intermediate,1.0,1.0,2.702192e-32,9.198294e-28
testing6830.jpg,Intermediate,1.0,1.0,1.7549066e-16,1.3559008e-23
testing6831.jpg,Intermediate,1.0,1.0,3.320888e-10,9.835405e-21
testing6832.jpg,Intermediate,1.0,1.0,3.8903827e-33,5.9134358e-27
testing6833.jpg,Intermediate,1.0,1.0,4.3785402e-37,1.5007312e-30
testing6834.jpg,Intermediate,1.0,1.0,1.3030683e-36,4.943594e-27
testing6835.jpg,Intermediate,1.0,1.0,1.4401578e-32,1.1337143e-31
testing6836.jpg,Nanodomain,1.0,0.0,1.0,0.0
testing6837.jpg,Nanodomain,1.0,0.0,1.0,0.0
testing6838.jpg,Nanodomain,1.0,1.1603139e-35,1.0,0.0
testing6839.jpg,Nanodomain,1.0,5.4910173e-15,1.0,0.0
testing6840.jpg,Intermediate,1.0,1.0,5.562568e-24,1.6862872e-12
testing6841.jpg,Nanodomain,1.0,0.0,1.0,0.0
testing6842.jpg,Nanodomain,1.0,0.0,1.0,0.0
testing6843.jpg,Nanodomain,1.0,0.0,1.0,0.0
testing6844.jpg,Nanodomain,1.0,0.0,1.0,0.0
testing6845.jpg,Nanodomain,1.0,0.0,1.0,0.0
testing6846.jpg,Nanodomain,1.0,0.0,1.0,0.0
testing6847.jpg,Nanodomain,1.0,0.0,1.0,0.0
testing6848.jpg,Nanodomain,1.0,0.0,1.0,0.0
testing6849.jpg,Nanodomain,1.0,0.0,1.0,0.0
testing6850.jpg,Nanodomain,1.0,0.0,1.0,0.0
testing6851.jpg,Nanodomain,1.0,0.0,1.0,0.0
testing6852.jpg,Nanodomain,1.0,0.0,1.0,0.0
testing6853.jpg,Nanodomain,1.0,0.0,1.0,0.0
testing6854.jpg,Nanodomain,1.0,0.0,1.0,0.0
testing6855.jpg,Nanodomain,1.0,0.0,1.0,0.0
testing6856.jpg,Nanodomain,1.0,4.3443443e-17,1.0,0.0
testing6857.jpg,Nanodomain,1.0,5.721843e-12,1.0,2.059581e-32
testing6858.jpg,Nanodomain,1.0,0.0,1.0,0.0
testing6859.jpg,Nanodomain,1.0,0.0,1.0,0.0
testing6860.jpg,Nanodomain,1.0,0.0,1.0,0.0
testing6861.jpg,Nanodomain,1.0,0.0,1.0,0.0
testing6862.jpg,Nanodomain,1.0,0.0,1.0,0.0
testing6863.jpg,Nanodomain,1.0,0.0,1.0,0.0
testing6864.jpg,Nanodomain,1.0,0.0,1.0,0.0
testing6865.jpg,Nanodomain,1.0,0.0,1.0,0.0
testing6866.jpg,Nanodomain,1.0,0.0,1.0,0.0
testing6867.jpg,Nanodomain,1.0,0.0,1.0,0.0
testing6868.jpg,Nanodomain,1.0,0.0,1.0,0.0
testing6869.jpg,Nanodomain,1.0,0.0,1.0,0.0
testing6870.jpg,Nanodomain,1.0,0.0,1.0,0.0
testing6871.jpg,Nanodomain,1.0,0.0,1.0,0.0
testing6872.jpg,Nanodomain,1.0,0.0,1.0,0.0
testing6873.jpg,Outside,1.0,1.03514904e-16,2.4237101e-23,1.0
testing6874.jpg,Nanodomain,1.0,0.0,1.0,0.0
testing6875.jpg,Nanodomain,1.0,0.0,1.0,0.0
testing6876.jpg,Nanodomain,1.0,0.0,1.0,0.0
testing6877.jpg,Nanodomain,1.0,0.0,1.0,0.0
testing6878.jpg,Nanodomain,1.0,0.0,1.0,0.0
testing6879.jpg,Nanodomain,1.0,0.0,1.0,0.0
testing6880.jpg,Nanodomain,1.0,0.0,1.0,0.0
testing6881.jpg,Nanodomain,1.0,0.0,1.0,0.0
testing6882.jpg,Nanodomain,1.0,0.0,1.0,0.0
testing6883.jpg,Nanodomain,1.0,0.0,1.0,0.0
testing6884.jpg,Nanodomain,1.0,0.0,1.0,0.0
testing6885.jpg,Nanodomain,1.0,0.0,1.0,0.0
testing6886.jpg,Nanodomain,1.0,0.0,1.0,0.0
testing6887.jpg,Nanodomain,1.0,0.0,1.0,0.0
testing6888.jpg,Nanodomain,1.0,0.0,1.0,0.0
testing6889.jpg,Nanodomain,1.0,0.0,1.0,0.0
testing6890.jpg,Nanodomain,1.0,0.0,1.0,0.0
testing6891.jpg,Nanodomain,1.0,0.0,1.0,0.0
testing6892.jpg,Nanodomain,1.0,0.0,1.0,0.0
testing6893.jpg,Nanodomain,1.0,0.0,1.0,0.0
testing6894.jpg,Nanodomain,1.0,0.0,1.0,0.0
testing6895.jpg,Nanodomain,1.0,0.0,1.0,0.0
testing6896.jpg,Nanodomain,1.0,0.0,1.0,0.0
testing6897.jpg,Nanodomain,1.0,0.0,1.0,0.0
testing6898.jpg,Nanodomain,1.0,0.0,1.0,0.0
testing6899.jpg,Nanodomain,1.0,0.0,1.0,0.0
testing6900.jpg,Nanodomain,1.0,0.0,1.0,0.0
testing6901.jpg,Outside,1.0,1.09032814e-16,3.7043244e-24,1.0
testing6902.jpg,Outside,1.0,5.761309e-20,2.4483728e-23,1.0
testing6903.jpg,Intermediate,1.0,1.0,9.966203e-27,2.3671414e-11
testing6904.jpg,Intermediate,1.0,1.0,1.4118102e-35,3.546714e-23
testing6905.jpg,Intermediate,1.0,1.0,8.847562e-29,2.3352884e-18
testing6906.jpg,Intermediate,1.0,1.0,4.1167727e-30,4.4077633e-16
testing6907.jpg,Intermediate,0.86505556,0.86505556,1.1976366e-19,0.1349445
testing6908.jpg,Intermediate,1.0,1.0,6.503876e-30,3.1524794e-23
testing6909.jpg,Intermediate,1.0,1.0,2.5161239e-27,5.9412416e-14
testing6910.jpg,Outside,1.0,2.1121371e-14,1.2255631e-21,1.0
testing6911.jpg,Outside,1.0,1.3051505e-13,1.980828e-20,1.0
testing6912.jpg,Intermediate,1.0,1.0,7.88915e-27,4.9168356e-18
testing6913.jpg,Nanodomain,1.0,0.0,1.0,0.0
testing6914.jpg,Nanodomain,1.0,0.0,1.0,0.0
testing6915.jpg,Nanodomain,1.0,0.0,1.0,0.0
testing6916.jpg,Nanodomain,1.0,0.0,1.0,0.0
testing6917.jpg,Nanodomain,1.0,0.0,1.0,0.0
testing6918.jpg,Nanodomain,1.0,0.0,1.0,0.0
testing6919.jpg,Nanodomain,1.0,0.0,1.0,0.0
testing6920.jpg,Nanodomain,1.0,4.49846e-29,1.0,0.0
testing6921.jpg,Outside,1.0,2.1963974e-32,9.627298e-30,1.0
testing6922.jpg,Outside,1.0,2.955463e-32,5.5015874e-29,1.0
testing6923.jpg,Outside,1.0,2.3228101e-29,1.4452365e-26,1.0
testing6924.jpg,Nanodomain,1.0,0.0,1.0,0.0
testing6925.jpg,Nanodomain,1.0,0.0,1.0,0.0
testing6926.jpg,Nanodomain,1.0,0.0,1.0,0.0
testing6927.jpg,Outside,1.0,2.9574673e-34,6.00565e-32,1.0
testing6928.jpg,Outside,1.0,1.7674051e-28,9.281129e-27,1.0
testing6929.jpg,Outside,1.0,1.1442477e-36,5.086751e-32,1.0
testing6930.jpg,Outside,1.0,8.3219405e-32,4.1198207e-30,1.0
testing6931.jpg,Outside,1.0,1.3006008e-35,8.367661e-30,1.0
testing6932.jpg,Outside,1.0,3.071698e-30,1.3431573e-26,1.0
testing6933.jpg,Outside,1.0,2.2219797e-27,9.537501e-27,1.0
testing6934.jpg,Outside,1.0,1.991161e-28,3.7005215e-26,1.0
testing6935.jpg,Outside,1.0,8.283987e-34,2.202054e-30,1.0
testing6936.jpg,Outside,1.0,3.4945376e-31,6.10687e-29,1.0
testing6937.jpg,Outside,1.0,1.0037477e-33,7.377758e-31,1.0
testing6938.jpg,Outside,1.0,1.6600072e-35,2.030647e-31,1.0
testing6939.jpg,Outside,1.0,2.8899305e-32,2.0399572e-30,1.0
testing6940.jpg,Nanodomain,1.0,0.0,1.0,0.0
testing6941.jpg,Nanodomain,1.0,0.0,1.0,0.0
testing6942.jpg,Nanodomain,1.0,0.0,1.0,0.0
testing6943.jpg,Nanodomain,1.0,0.0,1.0,0.0
testing6944.jpg,Nanodomain,1.0,0.0,1.0,0.0
testing6945.jpg,Nanodomain,1.0,0.0,1.0,0.0
testing6946.jpg,Nanodomain,1.0,0.0,1.0,0.0
testing6947.jpg,Nanodomain,1.0,0.0,1.0,0.0
testing6948.jpg,Nanodomain,1.0,0.0,1.0,0.0
testing6949.jpg,Nanodomain,1.0,0.0,1.0,0.0
testing6950.jpg,Nanodomain,1.0,0.0,1.0,0.0
testing6951.jpg,Nanodomain,1.0,0.0,1.0,0.0
testing6952.jpg,Nanodomain,1.0,0.0,1.0,0.0
testing6953.jpg,Outside,1.0,1.5111056e-08,1.2979207e-18,1.0
testing6954.jpg,Intermediate,1.0,1.0,2.031883e-27,7.5394654e-26
testing6955.jpg,Intermediate,1.0,1.0,2.7394826e-33,3.0652555e-18
testing6956.jpg,Intermediate,1.0,1.0,4.5918868e-32,3.2175888e-23
testing6957.jpg,Intermediate,1.0,1.0,2.4427686e-36,2.6493083e-26
testing6958.jpg,Intermediate,1.0,1.0,0.0,3.6534974e-30
testing6959.jpg,Intermediate,1.0,1.0,3.955767e-32,5.179557e-20
testing6960.jpg,Intermediate,1.0,1.0,3.3613574e-38,8.1301445e-27
testing6961.jpg,Intermediate,1.0,1.0,1.4826426e-29,3.2073225e-21
testing6962.jpg,Intermediate,1.0,1.0,2.2268805e-38,2.4048117e-23
testing6963.jpg,Intermediate,1.0,1.0,0.0,1.7097936e-31
testing6964.jpg,Nanodomain,1.0,0.0,1.0,0.0
testing6965.jpg,Nanodomain,1.0,1.9494234e-08,1.0,2.0229022e-29
testing6966.jpg,Nanodomain,1.0,3.590847e-13,1.0,4.936696e-35
testing6967.jpg,Nanodomain,1.0,3.527847e-32,1.0,0.0
testing6968.jpg,Intermediate,1.0,1.0,5.8348028e-21,9.510703e-09
testing6969.jpg,Nanodomain,1.0,0.0,1.0,0.0
testing6970.jpg,Nanodomain,1.0,0.0,1.0,0.0
testing6971.jpg,Nanodomain,1.0,0.0,1.0,0.0
testing6972.jpg,Nanodomain,1.0,0.0,1.0,0.0
testing6973.jpg,Nanodomain,1.0,0.0,1.0,0.0
testing6974.jpg,Nanodomain,1.0,0.0,1.0,0.0
testing6975.jpg,Nanodomain,1.0,0.0,1.0,0.0
testing6976.jpg,Nanodomain,1.0,0.0,1.0,0.0
testing6977.jpg,Nanodomain,1.0,0.0,1.0,0.0
testing6978.jpg,Nanodomain,1.0,0.0,1.0,0.0
testing6979.jpg,Nanodomain,1.0,0.0,1.0,0.0
testing6980.jpg,Nanodomain,1.0,0.0,1.0,0.0
testing6981.jpg,Nanodomain,1.0,0.0,1.0,0.0
testing6982.jpg,Nanodomain,1.0,0.0,1.0,0.0
testing6983.jpg,Nanodomain,1.0,0.0,1.0,0.0
testing6984.jpg,Nanodomain,1.0,4.265379e-30,1.0,0.0
testing6985.jpg,Nanodomain,1.0,0.0,1.0,0.0
testing6986.jpg,Outside,1.0,9.3809616e-29,2.4906265e-27,1.0
testing6987.jpg,Outside,1.0,2.9481242e-30,4.971614e-30,1.0
testing6988.jpg,Nanodomain,1.0,0.0,1.0,0.0
testing6989.jpg,Nanodomain,1.0,0.0,1.0,0.0
testing6990.jpg,Nanodomain,1.0,0.0,1.0,0.0
testing6991.jpg,Nanodomain,1.0,0.0,1.0,0.0
testing6992.jpg,Nanodomain,1.0,0.0,1.0,0.0
testing6993.jpg,Nanodomain,1.0,0.0,1.0,0.0
testing6994.jpg,Nanodomain,1.0,0.0,1.0,0.0
testing6995.jpg,Nanodomain,1.0,0.0,1.0,0.0
testing6996.jpg,Nanodomain,1.0,0.0,1.0,0.0
testing6997.jpg,Nanodomain,1.0,0.0,1.0,0.0
testing6998.jpg,Nanodomain,1.0,0.0,1.0,0.0
testing6999.jpg,Nanodomain,1.0,0.0,1.0,0.0
testing7000.jpg,Nanodomain,1.0,0.0,1.0,0.0
testing7001.jpg,Nanodomain,1.0,0.0,1.0,0.0
testing7002.jpg,Nanodomain,1.0,0.0,1.0,0.0
testing7003.jpg,Nanodomain,1.0,0.0,1.0,0.0
testing7004.jpg,Nanodomain,1.0,0.0,1.0,0.0
testing7005.jpg,Nanodomain,1.0,0.0,1.0,0.0
testing7006.jpg,Nanodomain,1.0,0.0,1.0,0.0
testing7007.jpg,Nanodomain,1.0,0.0,1.0,0.0
testing7008.jpg,Nanodomain,1.0,0.0,1.0,0.0
testing7009.jpg,Nanodomain,1.0,0.0,1.0,0.0
testing7010.jpg,Nanodomain,1.0,0.0,1.0,0.0
testing7011.jpg,Nanodomain,1.0,0.0,1.0,0.0
testing7012.jpg,Nanodomain,1.0,0.0,1.0,0.0
testing7013.jpg,Nanodomain,1.0,0.0,1.0,0.0
testing7014.jpg,Nanodomain,1.0,0.0,1.0,0.0
testing7015.jpg,Nanodomain,1.0,0.0,1.0,0.0
testing7016.jpg,Nanodomain,1.0,0.0,1.0,0.0
testing7017.jpg,Nanodomain,1.0,0.0,1.0,0.0
testing7018.jpg,Nanodomain,1.0,0.0,1.0,0.0
testing7019.jpg,Nanodomain,1.0,0.0,1.0,0.0
testing7020.jpg,Nanodomain,1.0,0.0,1.0,0.0
testing7021.jpg,Nanodomain,1.0,0.0,1.0,0.0
testing7022.jpg,Nanodomain,1.0,0.0,1.0,0.0
testing7023.jpg,Nanodomain,1.0,0.0,1.0,0.0
testing7024.jpg,Nanodomain,1.0,0.0,1.0,0.0
testing7025.jpg,Nanodomain,1.0,0.0,1.0,0.0
testing7026.jpg,Nanodomain,1.0,0.0,1.0,0.0
testing7027.jpg,Nanodomain,1.0,0.0,1.0,0.0
testing7028.jpg,Nanodomain,1.0,0.0,1.0,0.0
testing7029.jpg,Nanodomain,1.0,0.0,1.0,0.0
testing7030.jpg,Intermediate,1.0,1.0,3.6309345e-37,2.231634e-23
testing7031.jpg,Intermediate,1.0,1.0,3.0428685e-30,9.756548e-23
testing7032.jpg,Intermediate,0.99999905,0.99999905,3.0607594e-22,9.4856483e-07
testing7033.jpg,Intermediate,1.0,1.0,7.330851e-31,3.5270757e-27
testing7034.jpg,Nanodomain,0.9999654,3.4570665e-05,0.9999654,5.556911e-29
testing7035.jpg,Intermediate,0.92154604,0.92154604,0.07845397,9.620543e-24
testing7036.jpg,Intermediate,1.0,1.0,8.946729e-15,1.0334653e-29
testing7037.jpg,Intermediate,1.0,1.0,2.3978811e-20,4.1377324e-28
testing7038.jpg,Nanodomain,0.9999976,2.3998691e-06,0.9999976,5.177249e-29
testing7039.jpg,Nanodomain,1.0,1.061107e-19,1.0,0.0
testing7040.jpg,Nanodomain,0.99993765,6.228549e-05,0.99993765,5.598435e-30
testing7041.jpg,Nanodomain,1.0,0.0,1.0,0.0
testing7042.jpg,Nanodomain,1.0,0.0,1.0,0.0
testing7043.jpg,Nanodomain,1.0,0.0,1.0,0.0
testing7044.jpg,Nanodomain,1.0,0.0,1.0,0.0
testing7045.jpg,Nanodomain,1.0,0.0,1.0,0.0
testing7046.jpg,Nanodomain,1.0,0.0,1.0,0.0
testing7047.jpg,Nanodomain,1.0,0.0,1.0,0.0
testing7048.jpg,Nanodomain,1.0,0.0,1.0,0.0
testing7049.jpg,Nanodomain,1.0,0.0,1.0,0.0
testing7050.jpg,Outside,1.0,4.926761e-28,4.4372154e-25,1.0
testing7051.jpg,Outside,1.0,5.2038347e-36,5.65366e-31,1.0
testing7052.jpg,Nanodomain,1.0,0.0,1.0,0.0
testing7053.jpg,Nanodomain,1.0,0.0,1.0,0.0
testing7054.jpg,Outside,1.0,1.1458711e-31,8.624532e-28,1.0
testing7055.jpg,Outside,1.0,1.06958385e-35,2.0674143e-31,1.0
testing7056.jpg,Outside,1.0,6.29035e-36,6.346183e-32,1.0
testing7057.jpg,Outside,1.0,2.9320107e-28,2.7220942e-27,1.0
testing7058.jpg,Outside,1.0,1.1452543e-32,1.703694e-30,1.0
testing7059.jpg,Outside,1.0,4.506263e-34,6.560912e-31,1.0
testing7060.jpg,Intermediate,0.99999523,0.99999523,3.57493e-19,4.7780222e-06
testing7061.jpg,Outside,1.0,1.5126566e-31,3.0897625e-29,1.0
testing7062.jpg,Outside,1.0,3.225107e-32,9.119495e-31,1.0
testing7063.jpg,Outside,1.0,1.4435742e-31,1.8818442e-29,1.0
testing7064.jpg,Outside,1.0,2.9197293e-08,4.7392477e-21,1.0
testing7065.jpg,Outside,1.0,5.4723384e-17,1.2927564e-19,1.0
testing7066.jpg,Outside,1.0,1.439111e-29,3.0319566e-28,1.0
testing7067.jpg,Nanodomain,1.0,0.0,1.0,0.0
testing7068.jpg,Nanodomain,1.0,0.0,1.0,0.0
testing7069.jpg,Nanodomain,1.0,0.0,1.0,0.0
testing7070.jpg,Nanodomain,1.0,0.0,1.0,0.0
testing7071.jpg,Nanodomain,1.0,0.0,1.0,0.0
testing7072.jpg,Nanodomain,1.0,0.0,1.0,0.0
testing7073.jpg,Nanodomain,1.0,0.0,1.0,0.0
testing7074.jpg,Nanodomain,1.0,0.0,1.0,0.0
testing7075.jpg,Nanodomain,1.0,0.0,1.0,0.0
testing7076.jpg,Nanodomain,1.0,0.0,1.0,0.0
testing7077.jpg,Nanodomain,1.0,0.0,1.0,0.0
testing7078.jpg,Nanodomain,1.0,0.0,1.0,0.0
testing7079.jpg,Nanodomain,1.0,0.0,1.0,0.0
testing7080.jpg,Nanodomain,1.0,0.0,1.0,0.0
testing7081.jpg,Intermediate,0.97656417,0.97656417,6.313545e-17,0.023435872
testing7082.jpg,Outside,0.9975721,0.0024278646,6.810081e-20,0.9975721
testing7083.jpg,Outside,1.0,1.9331884e-14,2.523877e-23,1.0
testing7084.jpg,Intermediate,1.0,1.0,1.769271e-31,2.7746117e-24
testing7085.jpg,Intermediate,1.0,1.0,2.7635423e-31,3.110234e-28
testing7086.jpg,Intermediate,0.99999964,0.99999964,5.8621024e-23,3.2707192e-07
testing7087.jpg,Intermediate,1.0,1.0,7.681677e-29,9.656513e-13
testing7088.jpg,Intermediate,1.0,1.0,7.899374e-31,1.6628843e-28
testing7089.jpg,Intermediate,0.8627248,0.8627248,4.2928114e-18,0.1372752
testing7090.jpg,Intermediate,1.0,1.0,1.2200979e-33,6.99748e-28
testing7091.jpg,Intermediate,1.0,1.0,1.1808324e-34,2.7818523e-30
testing7092.jpg,Nanodomain,1.0,7.7450684e-26,1.0,0.0
testing7093.jpg,Nanodomain,1.0,1.6129943e-15,1.0,0.0
testing7094.jpg,Nanodomain,1.0,3.2633626e-23,1.0,0.0
testing7095.jpg,Nanodomain,1.0,5.802492e-26,1.0,0.0
testing7096.jpg,Outside,1.0,1.9839546e-24,8.14477e-26,1.0
testing7097.jpg,Outside,1.0,3.8301664e-20,1.1463835e-22,1.0
testing7098.jpg,Nanodomain,1.0,0.0,1.0,0.0
testing7099.jpg,Nanodomain,1.0,0.0,1.0,0.0
testing7100.jpg,Nanodomain,1.0,0.0,1.0,0.0
testing7101.jpg,Nanodomain,1.0,0.0,1.0,0.0
testing7102.jpg,Nanodomain,1.0,0.0,1.0,0.0
testing7103.jpg,Nanodomain,1.0,0.0,1.0,0.0
testing7104.jpg,Nanodomain,1.0,0.0,1.0,0.0
testing7105.jpg,Nanodomain,1.0,0.0,1.0,0.0
testing7106.jpg,Nanodomain,1.0,0.0,1.0,0.0
testing7107.jpg,Nanodomain,1.0,0.0,1.0,0.0
testing7108.jpg,Nanodomain,1.0,0.0,1.0,0.0
testing7109.jpg,Nanodomain,1.0,0.0,1.0,0.0
testing7110.jpg,Nanodomain,1.0,0.0,1.0,0.0
testing7111.jpg,Nanodomain,1.0,2.5924185e-37,1.0,0.0
testing7112.jpg,Nanodomain,1.0,1.1278762e-34,1.0,0.0
testing7113.jpg,Nanodomain,1.0,2.0700771e-13,1.0,1.7686138e-34
testing7114.jpg,Nanodomain,1.0,0.0,1.0,0.0
testing7115.jpg,Nanodomain,1.0,0.0,1.0,0.0
testing7116.jpg,Nanodomain,1.0,0.0,1.0,0.0
testing7117.jpg,Nanodomain,1.0,0.0,1.0,0.0
testing7118.jpg,Nanodomain,1.0,0.0,1.0,0.0
testing7119.jpg,Nanodomain,1.0,0.0,1.0,0.0
testing7120.jpg,Nanodomain,1.0,0.0,1.0,0.0
testing7121.jpg,Nanodomain,1.0,0.0,1.0,0.0
testing7122.jpg,Nanodomain,1.0,0.0,1.0,0.0
testing7123.jpg,Nanodomain,1.0,0.0,1.0,0.0
testing7124.jpg,Nanodomain,1.0,0.0,1.0,0.0
testing7125.jpg,Nanodomain,1.0,0.0,1.0,0.0
testing7126.jpg,Nanodomain,1.0,0.0,1.0,0.0
testing7127.jpg,Nanodomain,1.0,0.0,1.0,0.0
testing7128.jpg,Nanodomain,1.0,0.0,1.0,0.0
testing7129.jpg,Nanodomain,1.0,0.0,1.0,0.0
testing7130.jpg,Nanodomain,1.0,0.0,1.0,0.0
testing7131.jpg,Nanodomain,1.0,0.0,1.0,0.0
testing7132.jpg,Nanodomain,1.0,0.0,1.0,0.0
testing7133.jpg,Nanodomain,1.0,0.0,1.0,0.0
testing7134.jpg,Nanodomain,1.0,0.0,1.0,0.0
testing7135.jpg,Nanodomain,1.0,0.0,1.0,0.0
testing7136.jpg,Nanodomain,1.0,0.0,1.0,0.0
testing7137.jpg,Nanodomain,1.0,0.0,1.0,0.0
testing7138.jpg,Nanodomain,1.0,0.0,1.0,0.0
testing7139.jpg,Nanodomain,1.0,0.0,1.0,0.0
testing7140.jpg,Nanodomain,1.0,0.0,1.0,0.0
testing7141.jpg,Nanodomain,1.0,0.0,1.0,0.0
testing7142.jpg,Nanodomain,1.0,0.0,1.0,0.0
testing7143.jpg,Nanodomain,1.0,0.0,1.0,0.0
testing7144.jpg,Nanodomain,1.0,0.0,1.0,0.0
testing7145.jpg,Nanodomain,1.0,0.0,1.0,0.0
testing7146.jpg,Nanodomain,1.0,0.0,1.0,0.0
testing7147.jpg,Nanodomain,1.0,0.0,1.0,0.0
testing7148.jpg,Nanodomain,1.0,0.0,1.0,0.0
testing7149.jpg,Nanodomain,1.0,0.0,1.0,0.0
testing7150.jpg,Nanodomain,1.0,0.0,1.0,0.0
testing7151.jpg,Nanodomain,1.0,0.0,1.0,0.0
testing7152.jpg,Nanodomain,1.0,0.0,1.0,0.0
testing7153.jpg,Nanodomain,1.0,0.0,1.0,0.0
testing7154.jpg,Nanodomain,1.0,0.0,1.0,0.0
testing7155.jpg,Nanodomain,1.0,0.0,1.0,0.0
testing7156.jpg,Nanodomain,1.0,0.0,1.0,0.0
testing7157.jpg,Nanodomain,1.0,0.0,1.0,0.0
testing7158.jpg,Outside,1.0,2.6439607e-31,5.20258e-30,1.0
testing7159.jpg,Intermediate,0.9901585,0.9901585,0.009841522,6.0842976e-22
testing7160.jpg,Intermediate,1.0,1.0,2.842321e-29,2.877907e-24
testing7161.jpg,Intermediate,0.8555306,0.8555306,0.14446941,6.028994e-23
testing7162.jpg,Nanodomain,1.0,1.9149476e-12,1.0,1.1664571e-33
testing7163.jpg,Nanodomain,1.0,6.338379e-10,1.0,2.6503313e-32
testing7164.jpg,Nanodomain,1.0,1.1308635e-16,1.0,2.3065993e-36
testing7165.jpg,Intermediate,1.0,1.0,5.4866886e-13,2.3987978e-26
testing7166.jpg,Intermediate,0.99808335,0.99808335,0.0019166999,3.3691826e-27
testing7167.jpg,Nanodomain,0.999997,2.9695234e-06,0.999997,4.4797124e-29
testing7168.jpg,Nanodomain,0.99999976,1.9821861e-07,0.99999976,1.7221889e-26
testing7169.jpg,Nanodomain,1.0,0.0,1.0,0.0
testing7170.jpg,Nanodomain,1.0,0.0,1.0,0.0
testing7171.jpg,Nanodomain,1.0,0.0,1.0,0.0
testing7172.jpg,Nanodomain,1.0,0.0,1.0,0.0
testing7173.jpg,Nanodomain,1.0,0.0,1.0,0.0
testing7174.jpg,Nanodomain,1.0,0.0,1.0,0.0
testing7175.jpg,Nanodomain,1.0,2.335153e-08,1.0,2.319509e-28
testing7176.jpg,Intermediate,1.0,1.0,2.0510194e-32,2.7617591e-25
testing7177.jpg,Nanodomain,1.0,0.0,1.0,0.0
testing7178.jpg,Nanodomain,1.0,0.0,1.0,0.0
testing7179.jpg,Nanodomain,1.0,0.0,1.0,0.0
testing7180.jpg,Nanodomain,1.0,0.0,1.0,0.0
testing7181.jpg,Nanodomain,1.0,0.0,1.0,0.0
testing7182.jpg,Nanodomain,1.0,0.0,1.0,0.0
testing7183.jpg,Nanodomain,1.0,0.0,1.0,0.0
testing7184.jpg,Nanodomain,1.0,0.0,1.0,0.0
testing7185.jpg,Outside,1.0,5.244437e-33,1.6116242e-28,1.0
testing7186.jpg,Outside,1.0,1.64884e-31,2.3234482e-29,1.0
testing7187.jpg,Outside,1.0,1.0165661e-29,7.2385764e-28,1.0
testing7188.jpg,Outside,1.0,6.8502934e-34,1.3447381e-31,1.0
testing7189.jpg,Outside,1.0,9.613385e-31,9.321395e-28,1.0
testing7190.jpg,Outside,1.0,1.0764159e-34,1.0050131e-31,1.0
testing7191.jpg,Outside,1.0,7.3497794e-31,4.5137458e-27,1.0
testing7192.jpg,Outside,1.0,3.8544193e-30,2.7822465e-29,1.0
testing7193.jpg,Outside,1.0,8.448672e-32,5.781585e-28,1.0
testing7194.jpg,Outside,1.0,1.0211726e-35,6.5952184e-30,1.0
testing7195.jpg,Outside,1.0,3.6113262e-33,3.557353e-29,1.0
testing7196.jpg,Nanodomain,1.0,0.0,1.0,0.0
testing7197.jpg,Nanodomain,1.0,0.0,1.0,0.0
testing7198.jpg,Nanodomain,1.0,0.0,1.0,0.0
testing7199.jpg,Nanodomain,1.0,0.0,1.0,0.0
testing7200.jpg,Nanodomain,1.0,0.0,1.0,0.0
testing7201.jpg,Nanodomain,1.0,0.0,1.0,0.0
testing7202.jpg,Nanodomain,1.0,0.0,1.0,0.0
testing7203.jpg,Nanodomain,1.0,0.0,1.0,0.0
testing7204.jpg,Nanodomain,1.0,0.0,1.0,0.0
testing7205.jpg,Nanodomain,1.0,0.0,1.0,0.0
testing7206.jpg,Nanodomain,1.0,0.0,1.0,0.0
testing7207.jpg,Outside,1.0,1.9494923e-36,3.3173149e-34,1.0
testing7208.jpg,Outside,0.9999089,9.109398e-05,4.9888236e-17,0.9999089
testing7209.jpg,Intermediate,1.0,1.0,1.00857253e-25,1.1825754e-14
testing7210.jpg,Outside,0.9231869,0.07681315,4.3603248e-17,0.9231869
testing7211.jpg,Intermediate,1.0,1.0,6.312258e-33,3.144003e-29
testing7212.jpg,Intermediate,1.0,1.0,4.6244717e-27,1.2686953e-27
testing7213.jpg,Nanodomain,0.9754338,0.024566146,0.9754338,1.6143479e-21
testing7214.jpg,Intermediate,1.0,1.0,4.353846e-34,1.4242997e-29
testing7215.jpg,Intermediate,1.0,1.0,2.3495794e-23,2.3890825e-25
testing7216.jpg,Intermediate,1.0,1.0,6.272425e-29,1.1771531e-27
testing7217.jpg,Intermediate,1.0,1.0,0.0,3.522119e-32
testing7218.jpg,Outside,0.997974,0.0020260534,1.7538957e-19,0.997974
testing7219.jpg,Intermediate,1.0,1.0,2.4499324e-31,2.455898e-27
testing7220.jpg,Intermediate,1.0,1.0,1.5584754e-27,3.3258247e-22
testing7221.jpg,Nanodomain,1.0,4.9625564e-15,1.0,1.3615511e-37
testing7222.jpg,Nanodomain,1.0,8.467193e-13,1.0,2.1879085e-33
testing7223.jpg,Intermediate,0.99902654,0.99902654,0.00097343663,2.7707416e-21
testing7224.jpg,Outside,1.0,2.5692786e-25,3.1777955e-25,1.0
testing7225.jpg,Outside,1.0,2.5858563e-10,1.6297841e-18,1.0
testing7226.jpg,Nanodomain,1.0,0.0,1.0,0.0
testing7227.jpg,Nanodomain,1.0,0.0,1.0,0.0
testing7228.jpg,Nanodomain,1.0,0.0,1.0,0.0
testing7229.jpg,Nanodomain,1.0,0.0,1.0,0.0
testing7230.jpg,Nanodomain,1.0,0.0,1.0,0.0
testing7231.jpg,Nanodomain,1.0,0.0,1.0,0.0
testing7232.jpg,Nanodomain,1.0,0.0,1.0,0.0
testing7233.jpg,Nanodomain,1.0,0.0,1.0,0.0
testing7234.jpg,Nanodomain,1.0,0.0,1.0,0.0
testing7235.jpg,Nanodomain,1.0,0.0,1.0,0.0
testing7236.jpg,Nanodomain,1.0,0.0,1.0,0.0
testing7237.jpg,Nanodomain,1.0,0.0,1.0,0.0
testing7238.jpg,Nanodomain,1.0,0.0,1.0,0.0
testing7239.jpg,Nanodomain,1.0,3.4324692e-23,1.0,0.0
testing7240.jpg,Nanodomain,1.0,1.1917147e-28,1.0,0.0
testing7241.jpg,Nanodomain,1.0,9.879124e-31,1.0,0.0
testing7242.jpg,Nanodomain,1.0,0.0,1.0,0.0
testing7243.jpg,Nanodomain,1.0,0.0,1.0,0.0
testing7244.jpg,Nanodomain,1.0,0.0,1.0,0.0
testing7245.jpg,Nanodomain,1.0,0.0,1.0,0.0
testing7246.jpg,Nanodomain,1.0,0.0,1.0,0.0
testing7247.jpg,Nanodomain,1.0,0.0,1.0,0.0
testing7248.jpg,Nanodomain,1.0,0.0,1.0,0.0
testing7249.jpg,Nanodomain,1.0,0.0,1.0,0.0
testing7250.jpg,Nanodomain,1.0,0.0,1.0,0.0
testing7251.jpg,Nanodomain,1.0,0.0,1.0,0.0
testing7252.jpg,Nanodomain,1.0,0.0,1.0,0.0
testing7253.jpg,Nanodomain,1.0,0.0,1.0,0.0
testing7254.jpg,Nanodomain,1.0,0.0,1.0,0.0
testing7255.jpg,Nanodomain,1.0,0.0,1.0,0.0
testing7256.jpg,Nanodomain,1.0,0.0,1.0,0.0
testing7257.jpg,Nanodomain,1.0,0.0,1.0,0.0
testing7258.jpg,Nanodomain,1.0,0.0,1.0,0.0
testing7259.jpg,Nanodomain,1.0,0.0,1.0,0.0
testing7260.jpg,Nanodomain,1.0,0.0,1.0,0.0
testing7261.jpg,Nanodomain,1.0,0.0,1.0,0.0
testing7262.jpg,Nanodomain,1.0,0.0,1.0,0.0
testing7263.jpg,Nanodomain,1.0,1.7086646e-32,1.0,0.0
testing7264.jpg,Nanodomain,1.0,0.0,1.0,0.0
testing7265.jpg,Nanodomain,1.0,5.4319317e-38,1.0,0.0
testing7266.jpg,Nanodomain,1.0,1.8663474e-34,1.0,0.0
testing7267.jpg,Nanodomain,1.0,0.0,1.0,0.0
testing7268.jpg,Nanodomain,1.0,0.0,1.0,0.0
testing7269.jpg,Nanodomain,1.0,0.0,1.0,0.0
testing7270.jpg,Nanodomain,1.0,0.0,1.0,0.0
testing7271.jpg,Nanodomain,1.0,0.0,1.0,0.0
testing7272.jpg,Nanodomain,1.0,0.0,1.0,0.0
testing7273.jpg,Nanodomain,1.0,0.0,1.0,0.0
testing7274.jpg,Nanodomain,1.0,0.0,1.0,0.0
testing7275.jpg,Nanodomain,1.0,0.0,1.0,0.0
testing7276.jpg,Nanodomain,1.0,0.0,1.0,0.0
testing7277.jpg,Nanodomain,1.0,0.0,1.0,0.0
testing7278.jpg,Nanodomain,1.0,0.0,1.0,0.0
testing7279.jpg,Nanodomain,1.0,0.0,1.0,0.0
testing7280.jpg,Nanodomain,1.0,0.0,1.0,0.0
testing7281.jpg,Nanodomain,1.0,0.0,1.0,0.0
testing7282.jpg,Nanodomain,1.0,0.0,1.0,0.0
testing7283.jpg,Nanodomain,1.0,0.0,1.0,0.0
testing7284.jpg,Nanodomain,1.0,0.0,1.0,0.0
testing7285.jpg,Nanodomain,1.0,0.0,1.0,0.0
testing7286.jpg,Intermediate,0.999405,0.999405,0.000594989,1.3555549e-22
testing7287.jpg,Intermediate,1.0,1.0,1.8010742e-29,5.349732e-25
testing7288.jpg,Intermediate,1.0,1.0,2.9644954e-25,1.25015154e-11
testing7289.jpg,Intermediate,1.0,1.0,1.3222357e-14,1.8070721e-25
testing7290.jpg,Nanodomain,1.0,3.6483339e-28,1.0,0.0
testing7291.jpg,Nanodomain,1.0,1.3226111e-11,1.0,3.8397355e-34
testing7292.jpg,Nanodomain,1.0,2.3980165e-14,1.0,7.7204494e-38
testing7293.jpg,Nanodomain,1.0,1.259588e-09,1.0,8.7174805e-35
testing7294.jpg,Nanodomain,1.0,2.7265865e-10,1.0,9.877564e-34
testing7295.jpg,Nanodomain,0.9999994,5.62062e-07,0.9999994,5.6864036e-31
testing7296.jpg,Intermediate,0.99827695,0.99827695,0.001723088,8.042669e-25
testing7297.jpg,Intermediate,1.0,1.0,2.8511736e-20,5.096806e-27
testing7298.jpg,Nanodomain,1.0,5.8220053e-18,1.0,1.8049322e-37
testing7299.jpg,Intermediate,1.0,1.0,3.467535e-27,2.1096532e-25
testing7300.jpg,Intermediate,1.0,1.0,6.796835e-32,4.726744e-25
testing7301.jpg,Intermediate,1.0,1.0,2.38426e-30,4.6272694e-23
testing7302.jpg,Outside,1.0,1.4687168e-09,2.0320067e-20,1.0
testing7303.jpg,Nanodomain,1.0,0.0,1.0,0.0
testing7304.jpg,Nanodomain,1.0,0.0,1.0,0.0
testing7305.jpg,Nanodomain,1.0,0.0,1.0,0.0
testing7306.jpg,Nanodomain,1.0,0.0,1.0,0.0
testing7307.jpg,Nanodomain,1.0,0.0,1.0,0.0
testing7308.jpg,Nanodomain,1.0,0.0,1.0,0.0
testing7309.jpg,Nanodomain,1.0,0.0,1.0,0.0
testing7310.jpg,Nanodomain,1.0,0.0,1.0,0.0
testing7311.jpg,Nanodomain,1.0,0.0,1.0,0.0
testing7312.jpg,Nanodomain,1.0,0.0,1.0,0.0
testing7313.jpg,Nanodomain,1.0,0.0,1.0,0.0
testing7314.jpg,Outside,1.0,1.808581e-34,6.7802914e-31,1.0
testing7315.jpg,Outside,1.0,3.2794066e-33,7.098586e-31,1.0
testing7316.jpg,Outside,1.0,1.4141155e-30,8.620848e-28,1.0
testing7317.jpg,Outside,1.0,2.4417324e-30,9.743096e-28,1.0
testing7318.jpg,Outside,1.0,3.932652e-34,1.08996275e-30,1.0
testing7319.jpg,Outside,1.0,5.125513e-32,1.8478208e-28,1.0
testing7320.jpg,Outside,1.0,2.826517e-34,3.5733866e-30,1.0
testing7321.jpg,Outside,1.0,4.658981e-35,5.11559e-32,1.0
testing7322.jpg,Outside,1.0,6.780352e-36,5.0652187e-32,1.0
testing7323.jpg,Outside,1.0,7.6948695e-38,5.119238e-33,1.0
testing7324.jpg,Outside,1.0,1.6012071e-35,2.3733967e-31,1.0
testing7325.jpg,Nanodomain,1.0,0.0,1.0,0.0
testing7326.jpg,Nanodomain,1.0,0.0,1.0,0.0
testing7327.jpg,Nanodomain,1.0,0.0,1.0,0.0
testing7328.jpg,Nanodomain,1.0,0.0,1.0,0.0
testing7329.jpg,Nanodomain,1.0,0.0,1.0,0.0
testing7330.jpg,Nanodomain,1.0,0.0,1.0,0.0
testing7331.jpg,Nanodomain,1.0,0.0,1.0,0.0
testing7332.jpg,Intermediate,1.0,1.0,3.0543808e-23,7.28884e-13
testing7333.jpg,Intermediate,1.0,1.0,9.550244e-27,1.3453899e-12
testing7334.jpg,Outside,0.8877003,0.1122997,3.768833e-19,0.8877003
testing7335.jpg,Intermediate,1.0,1.0,1.8118218e-24,7.6523014e-17
testing7336.jpg,Intermediate,1.0,1.0,1.0644108e-27,1.4273728e-10
testing7337.jpg,Intermediate,1.0,1.0,0.0,2.0058063e-35
testing7338.jpg,Outside,0.99980575,0.00019426724,4.36371e-18,0.99980575
testing7339.jpg,Outside,1.0,6.5568245e-19,4.600398e-21,1.0
testing7340.jpg,Intermediate,1.0,1.0,2.8638403e-35,1.0826033e-30
testing7341.jpg,Intermediate,1.0,1.0,4.9948335e-34,8.277588e-31
testing7342.jpg,Intermediate,1.0,1.0,3.7284967e-31,1.4559731e-24
testing7343.jpg,Intermediate,1.0,1.0,2.009462e-25,1.6649424e-26
testing7344.jpg,Intermediate,1.0,1.0,2.0255434e-36,3.8957627e-31
testing7345.jpg,Intermediate,1.0,1.0,3.1818613e-31,4.712907e-29
testing7346.jpg,Intermediate,0.9999876,0.9999876,5.862153e-20,1.2406219e-05
testing7347.jpg,Intermediate,1.0,1.0,0.0,1.1494636e-34
testing7348.jpg,Intermediate,1.0,1.0,5.188623e-24,7.5726486e-13
testing7349.jpg,Outside,0.51908565,0.48091432,2.5379855e-19,0.51908565
testing7350.jpg,Intermediate,1.0,1.0,2.2753517e-25,4.7772407e-20
testing7351.jpg,Outside,1.0,1.6731196e-16,6.2477015e-24,1.0
testing7352.jpg,Outside,1.0,2.1119972e-13,1.1105832e-22,1.0
testing7353.jpg,Outside,1.0,6.8595553e-25,1.3731553e-24,1.0
testing7354.jpg,Nanodomain,1.0,0.0,1.0,0.0
testing7355.jpg,Nanodomain,1.0,0.0,1.0,0.0
testing7356.jpg,Nanodomain,1.0,0.0,1.0,0.0
testing7357.jpg,Nanodomain,1.0,0.0,1.0,0.0
testing7358.jpg,Nanodomain,1.0,2.9299683e-33,1.0,0.0
testing7359.jpg,Nanodomain,1.0,0.0,1.0,0.0
testing7360.jpg,Nanodomain,1.0,0.0,1.0,0.0
testing7361.jpg,Nanodomain,1.0,0.0,1.0,0.0
testing7362.jpg,Nanodomain,1.0,2.3427059e-38,1.0,0.0
testing7363.jpg,Nanodomain,1.0,0.0,1.0,0.0
testing7364.jpg,Nanodomain,1.0,0.0,1.0,0.0
testing7365.jpg,Nanodomain,1.0,0.0,1.0,0.0
testing7366.jpg,Nanodomain,1.0,0.0,1.0,0.0
testing7367.jpg,Nanodomain,1.0,4.0398043e-19,1.0,0.0
testing7368.jpg,Nanodomain,1.0,4.0826236e-12,1.0,1.0285671e-32
testing7369.jpg,Outside,1.0,8.4765443e-29,1.824292e-31,1.0
testing7370.jpg,Nanodomain,1.0,0.0,1.0,0.0
testing7371.jpg,Nanodomain,1.0,0.0,1.0,0.0
testing7372.jpg,Nanodomain,1.0,0.0,1.0,0.0
testing7373.jpg,Nanodomain,1.0,0.0,1.0,0.0
testing7374.jpg,Nanodomain,1.0,0.0,1.0,0.0
testing7375.jpg,Nanodomain,1.0,0.0,1.0,0.0
testing7376.jpg,Nanodomain,1.0,0.0,1.0,0.0
testing7377.jpg,Nanodomain,1.0,0.0,1.0,0.0
testing7378.jpg,Nanodomain,1.0,0.0,1.0,0.0
testing7379.jpg,Nanodomain,1.0,0.0,1.0,0.0
testing7380.jpg,Nanodomain,1.0,0.0,1.0,0.0
testing7381.jpg,Nanodomain,1.0,0.0,1.0,0.0
testing7382.jpg,Nanodomain,1.0,0.0,1.0,0.0
testing7383.jpg,Nanodomain,1.0,0.0,1.0,0.0
testing7384.jpg,Nanodomain,1.0,0.0,1.0,0.0
testing7385.jpg,Nanodomain,1.0,0.0,1.0,0.0
testing7386.jpg,Nanodomain,0.9436001,0.056399826,0.9436001,6.774249e-20
testing7387.jpg,Nanodomain,1.0,0.0,1.0,0.0
testing7388.jpg,Nanodomain,1.0,0.0,1.0,0.0
testing7389.jpg,Nanodomain,1.0,0.0,1.0,0.0
testing7390.jpg,Nanodomain,1.0,0.0,1.0,0.0
testing7391.jpg,Nanodomain,1.0,0.0,1.0,0.0
testing7392.jpg,Nanodomain,1.0,0.0,1.0,0.0
testing7393.jpg,Nanodomain,1.0,0.0,1.0,0.0
testing7394.jpg,Nanodomain,1.0,0.0,1.0,0.0
testing7395.jpg,Nanodomain,1.0,0.0,1.0,0.0
testing7396.jpg,Nanodomain,1.0,0.0,1.0,0.0
testing7397.jpg,Outside,1.0,1.3121399e-16,3.163644e-25,1.0
testing7398.jpg,Outside,0.9952624,0.0047375583,1.9186844e-20,0.9952624
testing7399.jpg,Outside,1.0,3.3156776e-22,3.0296573e-27,1.0
testing7400.jpg,Outside,1.0,1.1765473e-19,8.9674195e-26,1.0
testing7401.jpg,Nanodomain,1.0,0.0,1.0,0.0
testing7402.jpg,Nanodomain,1.0,0.0,1.0,0.0
testing7403.jpg,Nanodomain,1.0,0.0,1.0,0.0
testing7404.jpg,Nanodomain,1.0,0.0,1.0,0.0
testing7405.jpg,Nanodomain,1.0,0.0,1.0,0.0
testing7406.jpg,Nanodomain,1.0,0.0,1.0,0.0
testing7407.jpg,Nanodomain,1.0,0.0,1.0,0.0
testing7408.jpg,Nanodomain,1.0,0.0,1.0,0.0
testing7409.jpg,Nanodomain,1.0,0.0,1.0,0.0
testing7410.jpg,Nanodomain,1.0,0.0,1.0,0.0
testing7411.jpg,Nanodomain,1.0,0.0,1.0,0.0
testing7412.jpg,Nanodomain,1.0,0.0,1.0,0.0
testing7413.jpg,Nanodomain,1.0,0.0,1.0,0.0
testing7414.jpg,Intermediate,1.0,1.0,2.9942077e-30,1.631325e-20
testing7415.jpg,Intermediate,1.0,1.0,4.929046e-24,2.6129177e-24
testing7416.jpg,Nanodomain,0.9803191,0.019680878,0.9803191,4.4256122e-23
testing7417.jpg,Nanodomain,1.0,2.7273717e-29,1.0,0.0
testing7418.jpg,Nanodomain,1.0,1.1383819e-23,1.0,0.0
testing7419.jpg,Intermediate,1.0,1.0,3.0281632e-37,3.429761e-30
testing7420.jpg,Intermediate,1.0,1.0,2.1296572e-25,7.624872e-12
testing7421.jpg,Outside,1.0,4.5052118e-09,3.8827858e-21,1.0
testing7422.jpg,Intermediate,1.0,1.0,1.5607532e-28,5.873804e-18
testing7423.jpg,Intermediate,1.0,1.0,4.527027e-33,4.5440647e-20
testing7424.jpg,Intermediate,1.0,1.0,2.2971228e-30,9.336781e-18
testing7425.jpg,Intermediate,1.0,1.0,1.1760903e-18,7.1755015e-15
testing7426.jpg,Intermediate,1.0,1.0,5.870986e-09,1.1371077e-20
testing7427.jpg,Intermediate,1.0,1.0,5.1005765e-28,1.2423236e-23
testing7428.jpg,Outside,1.0,1.3023457e-24,1.9426141e-25,1.0
testing7429.jpg,Outside,1.0,6.9212334e-21,4.031729e-23,1.0
testing7430.jpg,Nanodomain,1.0,0.0,1.0,0.0
testing7431.jpg,Nanodomain,1.0,0.0,1.0,0.0
testing7432.jpg,Nanodomain,1.0,0.0,1.0,0.0
testing7433.jpg,Nanodomain,1.0,0.0,1.0,0.0
testing7434.jpg,Nanodomain,1.0,0.0,1.0,0.0
testing7435.jpg,Nanodomain,1.0,0.0,1.0,0.0
testing7436.jpg,Nanodomain,1.0,0.0,1.0,0.0
testing7437.jpg,Nanodomain,1.0,0.0,1.0,0.0
testing7438.jpg,Nanodomain,1.0,0.0,1.0,0.0
testing7439.jpg,Nanodomain,1.0,0.0,1.0,0.0
testing7440.jpg,Nanodomain,1.0,0.0,1.0,0.0
testing7441.jpg,Nanodomain,1.0,0.0,1.0,0.0
testing7442.jpg,Intermediate,1.0,1.0,1.0192531e-29,5.3864973e-22
testing7443.jpg,Nanodomain,1.0,0.0,1.0,0.0
testing7444.jpg,Outside,1.0,4.956751e-29,3.6875814e-28,1.0
testing7445.jpg,Outside,1.0,5.824785e-32,1.4401169e-28,1.0
testing7446.jpg,Outside,1.0,0.0,2.6892412e-35,1.0
testing7447.jpg,Outside,1.0,1.0539084e-30,7.575932e-27,1.0
testing7448.jpg,Outside,1.0,8.272375e-32,2.8406924e-31,1.0
testing7449.jpg,Outside,1.0,1.7472869e-36,2.555146e-32,1.0
testing7450.jpg,Outside,1.0,2.3793049e-33,1.6449018e-30,1.0
testing7451.jpg,Outside,0.9966372,0.0033627509,1.5251398e-20,0.9966372
testing7452.jpg,Outside,1.0,8.814943e-31,1.4132864e-28,1.0
testing7453.jpg,Outside,1.0,2.3051338e-33,6.636962e-30,1.0
testing7454.jpg,Outside,1.0,7.228462e-32,2.1622084e-29,1.0
testing7455.jpg,Outside,1.0,4.344371e-35,4.1484103e-31,1.0
testing7456.jpg,Outside,1.0,2.3591373e-29,3.607828e-26,1.0
testing7457.jpg,Outside,0.8539077,0.14609236,3.704531e-12,0.8539077
testing7458.jpg,Outside,0.99974567,0.00025434478,3.6122302e-16,0.99974567
testing7459.jpg,Intermediate,0.8610115,0.8610115,3.716086e-15,0.13898845
testing7460.jpg,Intermediate,1.0,1.0,6.370958e-29,1.7381674e-27
testing7461.jpg,Outside,1.0,2.1083856e-29,4.358895e-28,1.0
testing7462.jpg,Outside,1.0,1.9253102e-29,2.8582298e-28,1.0
testing7463.jpg,Outside,0.9985966,0.0014033521,8.228745e-18,0.9985966
testing7464.jpg,Intermediate,1.0,1.0,2.269833e-22,2.1564447e-12
testing7465.jpg,Intermediate,1.0,1.0,6.543681e-34,3.7306406e-26
testing7466.jpg,Intermediate,0.9999995,0.9999995,9.401681e-18,5.287653e-07
testing7467.jpg,Intermediate,0.97040457,0.97040457,3.4797845e-21,0.029595455
testing7468.jpg,Intermediate,0.92945063,0.92945063,8.554545e-21,0.07054934
testing7469.jpg,Intermediate,1.0,1.0,3.31667e-26,2.4933478e-10
testing7470.jpg,Intermediate,0.91245395,0.91245395,1.3645137e-16,0.087546095
testing7471.jpg,Intermediate,1.0,1.0,4.1625596e-34,6.9635004e-21
testing7472.jpg,Intermediate,1.0,1.0,1.4691787e-32,5.989784e-28
testing7473.jpg,Intermediate,1.0,1.0,3.0658956e-35,9.4143304e-23
testing7474.jpg,Intermediate,1.0,1.0,3.6578797e-28,1.1741884e-20
testing7475.jpg,Intermediate,1.0,1.0,1.5476322e-29,2.0655872e-22
testing7476.jpg,Intermediate,1.0,1.0,3.543187e-29,1.6804589e-28
testing7477.jpg,Intermediate,1.0,1.0,8.15001e-29,1.3297988e-28
testing7478.jpg,Intermediate,1.0,1.0,3.3837713e-29,5.036877e-24
testing7479.jpg,Intermediate,0.7510249,0.7510249,1.8426767e-18,0.2489751
testing7480.jpg,Outside,0.99999976,1.8619387e-07,2.6613217e-18,0.99999976
testing7481.jpg,Outside,0.5066295,0.49337044,2.9270828e-17,0.5066295
testing7482.jpg,Intermediate,1.0,1.0,7.5261034e-26,1.0174385e-15
testing7483.jpg,Outside,1.0,1.7878109e-11,1.0566764e-18,1.0
testing7484.jpg,Nanodomain,1.0,0.0,1.0,0.0
testing7485.jpg,Nanodomain,1.0,6.619531e-33,1.0,0.0
testing7486.jpg,Nanodomain,1.0,0.0,1.0,0.0
testing7487.jpg,Nanodomain,1.0,8.533006e-34,1.0,0.0
testing7488.jpg,Nanodomain,1.0,2.6255105e-29,1.0,0.0
testing7489.jpg,Nanodomain,1.0,0.0,1.0,0.0
testing7490.jpg,Nanodomain,1.0,0.0,1.0,0.0
testing7491.jpg,Nanodomain,1.0,6.084589e-38,1.0,0.0
testing7492.jpg,Nanodomain,1.0,0.0,1.0,0.0
testing7493.jpg,Nanodomain,1.0,0.0,1.0,0.0
testing7494.jpg,Nanodomain,1.0,5.941965e-22,1.0,0.0
testing7495.jpg,Nanodomain,1.0,0.0,1.0,0.0
testing7496.jpg,Outside,1.0,5.8547443e-33,3.5332798e-29,1.0
testing7497.jpg,Nanodomain,1.0,0.0,1.0,0.0
testing7498.jpg,Nanodomain,1.0,0.0,1.0,0.0
testing7499.jpg,Nanodomain,1.0,0.0,1.0,0.0
testing7500.jpg,Nanodomain,1.0,0.0,1.0,0.0
testing7501.jpg,Nanodomain,1.0,0.0,1.0,0.0
testing7502.jpg,Nanodomain,1.0,0.0,1.0,0.0
testing7503.jpg,Nanodomain,1.0,0.0,1.0,0.0
testing7504.jpg,Nanodomain,1.0,0.0,1.0,0.0
testing7505.jpg,Nanodomain,1.0,0.0,1.0,0.0
testing7506.jpg,Nanodomain,1.0,0.0,1.0,0.0
testing7507.jpg,Nanodomain,1.0,0.0,1.0,0.0
testing7508.jpg,Nanodomain,1.0,0.0,1.0,0.0
testing7509.jpg,Nanodomain,1.0,0.0,1.0,0.0
testing7510.jpg,Nanodomain,1.0,0.0,1.0,0.0
testing7511.jpg,Nanodomain,1.0,0.0,1.0,0.0
testing7512.jpg,Nanodomain,1.0,0.0,1.0,0.0
testing7513.jpg,Nanodomain,1.0,0.0,1.0,0.0
testing7514.jpg,Nanodomain,1.0,0.0,1.0,0.0
testing7515.jpg,Nanodomain,1.0,0.0,1.0,0.0
testing7516.jpg,Intermediate,1.0,1.0,2.7063768e-27,5.2163027e-26
testing7517.jpg,Nanodomain,1.0,0.0,1.0,0.0
testing7518.jpg,Nanodomain,1.0,0.0,1.0,0.0
testing7519.jpg,Nanodomain,1.0,0.0,1.0,0.0
testing7520.jpg,Nanodomain,1.0,0.0,1.0,0.0
testing7521.jpg,Nanodomain,1.0,0.0,1.0,0.0
testing7522.jpg,Nanodomain,1.0,0.0,1.0,0.0
testing7523.jpg,Nanodomain,1.0,0.0,1.0,0.0
testing7524.jpg,Nanodomain,1.0,0.0,1.0,0.0
testing7525.jpg,Nanodomain,1.0,0.0,1.0,0.0
testing7526.jpg,Nanodomain,1.0,0.0,1.0,0.0
testing7527.jpg,Outside,1.0,1.873684e-23,8.643121e-25,1.0
testing7528.jpg,Nanodomain,1.0,0.0,1.0,0.0
testing7529.jpg,Nanodomain,1.0,0.0,1.0,0.0
testing7530.jpg,Nanodomain,1.0,0.0,1.0,0.0
testing7531.jpg,Nanodomain,1.0,0.0,1.0,0.0
testing7532.jpg,Nanodomain,1.0,0.0,1.0,0.0
testing7533.jpg,Nanodomain,1.0,0.0,1.0,0.0
testing7534.jpg,Nanodomain,1.0,0.0,1.0,0.0
testing7535.jpg,Nanodomain,1.0,0.0,1.0,0.0
testing7536.jpg,Nanodomain,1.0,0.0,1.0,0.0
testing7537.jpg,Nanodomain,1.0,0.0,1.0,0.0
testing7538.jpg,Nanodomain,1.0,0.0,1.0,0.0
testing7539.jpg,Nanodomain,1.0,0.0,1.0,0.0
testing7540.jpg,Nanodomain,1.0,0.0,1.0,0.0
testing7541.jpg,Nanodomain,1.0,0.0,1.0,0.0
testing7542.jpg,Intermediate,1.0,1.0,5.552309e-31,5.1034853e-17
testing7543.jpg,Intermediate,1.0,1.0,3.8929184e-27,1.4512406e-20
testing7544.jpg,Intermediate,1.0,1.0,5.6387854e-28,1.2751111e-17
testing7545.jpg,Intermediate,1.0,1.0,8.171989e-29,6.16585e-17
testing7546.jpg,Intermediate,1.0,1.0,2.7284218e-37,3.2409943e-23
testing7547.jpg,Nanodomain,1.0,3.1537102e-13,1.0,0.0
testing7548.jpg,Nanodomain,0.9990578,0.0009421666,0.9990578,1.6207012e-25
testing7549.jpg,Intermediate,1.0,1.0,2.3608986e-24,6.2226206e-20
testing7550.jpg,Intermediate,1.0,1.0,5.690905e-14,9.116434e-31
testing7551.jpg,Intermediate,1.0,1.0,1.1386688e-30,5.2070436e-24
testing7552.jpg,Intermediate,1.0,1.0,2.3119621e-30,3.726147e-18
testing7553.jpg,Nanodomain,0.99997437,2.5680656e-05,0.99997437,6.2459324e-28
testing7554.jpg,Nanodomain,0.99999976,2.9177681e-07,0.99999976,2.0612387e-25
testing7555.jpg,Intermediate,0.99984777,0.99984777,2.8052251e-21,0.00015215004
testing7556.jpg,Outside,0.9994398,0.0005602543,3.9387144e-14,0.9994398
testing7557.jpg,Outside,1.0,2.0191948e-13,6.1946496e-20,1.0
testing7558.jpg,Nanodomain,1.0,0.0,1.0,0.0
testing7559.jpg,Nanodomain,1.0,0.0,1.0,0.0
testing7560.jpg,Nanodomain,1.0,0.0,1.0,0.0
testing7561.jpg,Nanodomain,1.0,0.0,1.0,0.0
testing7562.jpg,Nanodomain,1.0,0.0,1.0,0.0
testing7563.jpg,Nanodomain,1.0,0.0,1.0,0.0
testing7564.jpg,Nanodomain,1.0,0.0,1.0,0.0
testing7565.jpg,Nanodomain,1.0,0.0,1.0,0.0
testing7566.jpg,Nanodomain,1.0,0.0,1.0,0.0
testing7567.jpg,Nanodomain,1.0,0.0,1.0,0.0
testing7568.jpg,Nanodomain,1.0,0.0,1.0,0.0
testing7569.jpg,Nanodomain,1.0,0.0,1.0,0.0
testing7570.jpg,Nanodomain,1.0,0.0,1.0,0.0
testing7571.jpg,Nanodomain,1.0,0.0,1.0,0.0
testing7572.jpg,Outside,1.0,1.2763929e-29,5.264778e-27,1.0
testing7573.jpg,Outside,1.0,9.375116e-32,5.990032e-29,1.0
testing7574.jpg,Outside,1.0,4.1576042e-36,3.4207415e-32,1.0
testing7575.jpg,Outside,1.0,5.1450407e-33,8.801205e-30,1.0
testing7576.jpg,Outside,1.0,1.1647204e-30,5.013499e-28,1.0
testing7577.jpg,Outside,1.0,7.768917e-34,3.191451e-32,1.0
testing7578.jpg,Outside,1.0,2.5779322e-29,1.8660622e-27,1.0
testing7579.jpg,Outside,1.0,4.4685386e-25,1.8771571e-27,1.0
testing7580.jpg,Outside,1.0,5.478943e-23,3.3648674e-26,1.0
testing7581.jpg,Outside,1.0,4.7223947e-35,1.4102031e-32,1.0
testing7582.jpg,Outside,1.0,1.3064139e-27,1.2014148e-27,1.0
testing7583.jpg,Intermediate,0.9995567,0.9995567,6.151222e-20,0.0004432324
testing7584.jpg,Intermediate,1.0,1.0,8.157788e-36,5.1083954e-24
testing7585.jpg,Intermediate,1.0,1.0,4.1283874e-26,2.6348574e-17
testing7586.jpg,Intermediate,0.99999774,0.99999774,5.9070566e-22,2.251757e-06
testing7587.jpg,Intermediate,1.0,1.0,4.3154602e-30,2.6722794e-25
testing7588.jpg,Intermediate,1.0,1.0,1.4552197e-29,1.3322864e-21
testing7589.jpg,Outside,1.0,3.498865e-28,1.5546447e-28,1.0
testing7590.jpg,Outside,1.0,1.2199415e-15,2.632986e-19,1.0
testing7591.jpg,Intermediate,1.0,1.0,1.4839682e-27,5.2071164e-19
testing7592.jpg,Outside,1.0,1.4072727e-08,1.5452147e-20,1.0
testing7593.jpg,Outside,1.0,6.3125147e-28,7.846022e-27,1.0
testing7594.jpg,Intermediate,1.0,1.0,1.9849328e-30,4.708751e-16
testing7595.jpg,Outside,0.99985695,0.00014308006,1.1954502e-21,0.99985695
testing7596.jpg,Intermediate,1.0,1.0,1.9262611e-33,3.075792e-29
testing7597.jpg,Intermediate,1.0,1.0,2.0682843e-29,4.7084503e-29
testing7598.jpg,Intermediate,1.0,1.0,7.434675e-34,3.8605865e-29
testing7599.jpg,Intermediate,1.0,1.0,1.2576611e-34,2.7433637e-32
testing7600.jpg,Intermediate,1.0,1.0,1.0219327e-27,2.735165e-29
testing7601.jpg,Intermediate,1.0,1.0,8.946658e-38,4.501084e-30
testing7602.jpg,Intermediate,1.0,1.0,2.0466162e-35,3.7610176e-27
testing7603.jpg,Intermediate,1.0,1.0,2.5226925e-31,2.4043091e-29
testing7604.jpg,Intermediate,1.0,1.0,7.416356e-17,4.55234e-28
testing7605.jpg,Outside,0.9999987,1.3690812e-06,3.5736903e-18,0.9999987
testing7606.jpg,Intermediate,1.0,1.0,5.614807e-29,6.502282e-17
testing7607.jpg,Outside,0.9999999,6.048094e-08,3.607701e-20,0.9999999
testing7608.jpg,Outside,0.99999,9.964062e-06,1.2788834e-17,0.99999
testing7609.jpg,Outside,1.0,3.2158458e-12,2.7207868e-19,1.0
testing7610.jpg,Intermediate,0.9999999,0.9999999,2.8300482e-24,1.4851737e-07
testing7611.jpg,Outside,1.0,3.5356787e-11,6.249495e-22,1.0
testing7612.jpg,Outside,0.9999989,1.0271934e-06,4.3010642e-20,0.9999989
testing7613.jpg,Intermediate,0.9999938,0.9999938,7.1898114e-23,6.161508e-06
testing7614.jpg,Nanodomain,1.0,0.0,1.0,0.0
testing7615.jpg,Nanodomain,1.0,0.0,1.0,0.0
testing7616.jpg,Nanodomain,1.0,0.0,1.0,0.0
testing7617.jpg,Nanodomain,1.0,3.1980004e-29,1.0,0.0
testing7618.jpg,Nanodomain,1.0,7.6739257e-19,1.0,0.0
testing7619.jpg,Nanodomain,1.0,8.937676e-18,1.0,0.0
testing7620.jpg,Nanodomain,1.0,6.960802e-18,1.0,0.0
testing7621.jpg,Nanodomain,1.0,8.1295083e-16,1.0,1.7608911e-35
testing7622.jpg,Outside,1.0,3.7780878e-26,6.7243657e-25,1.0
testing7623.jpg,Outside,1.0,2.8445355e-28,3.227592e-25,1.0
testing7624.jpg,Outside,1.0,0.0,6.0385543e-37,1.0
testing7625.jpg,Outside,1.0,5.500802e-32,1.8491667e-29,1.0
testing7626.jpg,Nanodomain,1.0,0.0,1.0,0.0
testing7627.jpg,Nanodomain,1.0,0.0,1.0,0.0
testing7628.jpg,Nanodomain,1.0,0.0,1.0,0.0
testing7629.jpg,Nanodomain,1.0,0.0,1.0,0.0
testing7630.jpg,Nanodomain,1.0,0.0,1.0,0.0
testing7631.jpg,Nanodomain,1.0,0.0,1.0,0.0
testing7632.jpg,Nanodomain,1.0,0.0,1.0,0.0
testing7633.jpg,Nanodomain,1.0,0.0,1.0,0.0
testing7634.jpg,Nanodomain,1.0,0.0,1.0,0.0
testing7635.jpg,Nanodomain,1.0,0.0,1.0,0.0
testing7636.jpg,Nanodomain,1.0,0.0,1.0,0.0
testing7637.jpg,Nanodomain,1.0,0.0,1.0,0.0
testing7638.jpg,Nanodomain,1.0,0.0,1.0,0.0
testing7639.jpg,Nanodomain,1.0,0.0,1.0,0.0
testing7640.jpg,Nanodomain,1.0,0.0,1.0,0.0
testing7641.jpg,Intermediate,0.99984527,0.99984527,0.00015470864,1.3289074e-22
testing7642.jpg,Nanodomain,1.0,0.0,1.0,0.0
testing7643.jpg,Nanodomain,1.0,0.0,1.0,0.0
testing7644.jpg,Nanodomain,1.0,0.0,1.0,0.0
testing7645.jpg,Nanodomain,1.0,0.0,1.0,0.0
testing7646.jpg,Nanodomain,1.0,0.0,1.0,0.0
testing7647.jpg,Nanodomain,1.0,0.0,1.0,0.0
testing7648.jpg,Nanodomain,1.0,0.0,1.0,0.0
testing7649.jpg,Nanodomain,1.0,0.0,1.0,0.0
testing7650.jpg,Nanodomain,1.0,0.0,1.0,0.0
testing7651.jpg,Nanodomain,1.0,0.0,1.0,0.0
testing7652.jpg,Nanodomain,1.0,0.0,1.0,0.0
testing7653.jpg,Nanodomain,1.0,0.0,1.0,0.0
testing7654.jpg,Outside,1.0,8.962788e-29,1.8063034e-29,1.0
testing7655.jpg,Outside,1.0,1.4458746e-28,2.4493929e-29,1.0
testing7656.jpg,Nanodomain,1.0,0.0,1.0,0.0
testing7657.jpg,Nanodomain,1.0,0.0,1.0,0.0
testing7658.jpg,Nanodomain,1.0,0.0,1.0,0.0
testing7659.jpg,Nanodomain,1.0,0.0,1.0,0.0
testing7660.jpg,Nanodomain,1.0,0.0,1.0,0.0
testing7661.jpg,Nanodomain,1.0,0.0,1.0,0.0
testing7662.jpg,Nanodomain,1.0,0.0,1.0,0.0
testing7663.jpg,Nanodomain,1.0,0.0,1.0,0.0
testing7664.jpg,Nanodomain,1.0,0.0,1.0,0.0
testing7665.jpg,Nanodomain,1.0,0.0,1.0,0.0
testing7666.jpg,Nanodomain,1.0,0.0,1.0,0.0
testing7667.jpg,Nanodomain,1.0,0.0,1.0,0.0
testing7668.jpg,Nanodomain,1.0,0.0,1.0,0.0
testing7669.jpg,Nanodomain,1.0,0.0,1.0,0.0
testing7670.jpg,Intermediate,0.9999993,0.9999993,6.6591434e-07,2.3596419e-27
testing7671.jpg,Intermediate,1.0,1.0,5.2988574e-09,5.2201695e-24
testing7672.jpg,Intermediate,1.0,1.0,1.2245516e-13,1.6907246e-24
testing7673.jpg,Nanodomain,1.0,1.5402106e-15,1.0,4.418204e-37
testing7674.jpg,Nanodomain,1.0,2.1744566e-12,1.0,0.0
testing7675.jpg,Intermediate,0.9999994,0.9999994,6.2620677e-07,3.842793e-28
testing7676.jpg,Intermediate,1.0,1.0,7.0811496e-10,9.6638404e-29
testing7677.jpg,Intermediate,0.92367506,0.92367506,0.07632491,2.547031e-24
testing7678.jpg,Intermediate,0.99990463,0.99990463,9.52997e-05,8.993293e-24
testing7679.jpg,Intermediate,1.0,1.0,8.8603385e-27,3.0109274e-32
testing7680.jpg,Intermediate,1.0,1.0,0.0,4.5977667e-36
testing7681.jpg,Intermediate,1.0,1.0,2.7483512e-12,1.5867324e-24
testing7682.jpg,Outside,1.0,7.376407e-31,2.2877517e-27,1.0
testing7683.jpg,Outside,1.0,2.5240178e-26,8.612803e-26,1.0
testing7684.jpg,Outside,1.0,1.4324703e-25,2.8695768e-23,1.0
testing7685.jpg,Nanodomain,1.0,0.0,1.0,0.0
testing7686.jpg,Nanodomain,1.0,0.0,1.0,0.0
testing7687.jpg,Nanodomain,1.0,0.0,1.0,0.0
testing7688.jpg,Nanodomain,1.0,0.0,1.0,0.0
testing7689.jpg,Nanodomain,1.0,0.0,1.0,0.0
testing7690.jpg,Nanodomain,1.0,0.0,1.0,0.0
testing7691.jpg,Nanodomain,1.0,0.0,1.0,0.0
testing7692.jpg,Nanodomain,1.0,0.0,1.0,0.0
testing7693.jpg,Nanodomain,1.0,0.0,1.0,0.0
testing7694.jpg,Nanodomain,1.0,0.0,1.0,0.0
testing7695.jpg,Nanodomain,1.0,0.0,1.0,0.0
testing7696.jpg,Nanodomain,1.0,0.0,1.0,0.0
testing7697.jpg,Nanodomain,1.0,0.0,1.0,0.0
testing7698.jpg,Nanodomain,1.0,0.0,1.0,0.0
testing7699.jpg,Nanodomain,1.0,0.0,1.0,0.0
testing7700.jpg,Nanodomain,1.0,0.0,1.0,0.0
testing7701.jpg,Outside,1.0,3.400763e-21,8.319645e-27,1.0
testing7702.jpg,Outside,1.0,1.768409e-29,5.7793163e-27,1.0
testing7703.jpg,Outside,1.0,1.6178476e-33,1.1384257e-30,1.0
testing7704.jpg,Outside,1.0,5.1189984e-35,3.5898758e-31,1.0
testing7705.jpg,Outside,1.0,1.2568183e-32,2.5006964e-29,1.0
testing7706.jpg,Outside,1.0,1.860543e-38,7.010978e-34,1.0
testing7707.jpg,Outside,1.0,4.755212e-32,9.658354e-28,1.0
testing7708.jpg,Outside,1.0,9.300548e-35,3.587588e-32,1.0
testing7709.jpg,Outside,1.0,3.983765e-33,1.5072833e-30,1.0
testing7710.jpg,Outside,1.0,9.005768e-36,1.0806511e-31,1.0
testing7711.jpg,Outside,1.0,0.0,3.7210525e-38,1.0
testing7712.jpg,Outside,1.0,1.6852702e-17,1.3041025e-21,1.0
testing7713.jpg,Intermediate,0.70408565,0.70408565,4.8483524e-20,0.29591438
testing7714.jpg,Outside,1.0,5.516664e-26,6.769376e-26,1.0
testing7715.jpg,Outside,1.0,1.3437954e-11,6.269754e-19,1.0
testing7716.jpg,Outside,0.99986565,0.00013432199,2.7155924e-17,0.99986565
testing7717.jpg,Intermediate,1.0,1.0,7.670894e-16,1.430081e-22
testing7718.jpg,Intermediate,1.0,1.0,2.7867078e-29,2.531452e-26
testing7719.jpg,Intermediate,1.0,1.0,1.0729839e-35,1.4586893e-27
testing7720.jpg,Intermediate,1.0,1.0,2.1212872e-35,1.5621678e-32
testing7721.jpg,Intermediate,1.0,1.0,3.1669983e-34,9.091429e-31
testing7722.jpg,Intermediate,1.0,1.0,4.4622573e-38,5.5819185e-29
testing7723.jpg,Intermediate,1.0,1.0,3.7350254e-34,1.961598e-30
testing7724.jpg,Intermediate,1.0,1.0,2.826256e-28,1.0333408e-26
testing7725.jpg,Intermediate,1.0,1.0,1.0081871e-34,2.5724508e-29
testing7726.jpg,Intermediate,1.0,1.0,4.5282364e-33,1.4863866e-28
testing7727.jpg,Intermediate,1.0,1.0,0.0,4.282129e-27
testing7728.jpg,Intermediate,1.0,1.0,1.7854783e-09,1.4321003e-23
testing7729.jpg,Intermediate,1.0,1.0,5.9895614e-26,4.432109e-24
testing7730.jpg,Intermediate,1.0,1.0,3.0157185e-26,1.1118659e-25
testing7731.jpg,Intermediate,1.0,1.0,2.5058155e-36,1.0828676e-30
testing7732.jpg,Intermediate,1.0,1.0,1.9523005e-26,8.941245e-28
testing7733.jpg,Intermediate,1.0,1.0,2.0143033e-19,9.8587824e-26
testing7734.jpg,Intermediate,0.9999999,0.9999999,3.58803e-22,6.086051e-08
testing7735.jpg,Intermediate,1.0,1.0,4.3966867e-28,3.9523322e-11
testing7736.jpg,Outside,1.0,3.4581193e-18,6.5514823e-24,1.0
testing7737.jpg,Outside,1.0,9.886208e-24,2.0862944e-23,1.0
testing7738.jpg,Outside,0.9999982,1.8377613e-06,2.4845237e-17,0.9999982
testing7739.jpg,Nanodomain,1.0,0.0,1.0,0.0
testing7740.jpg,Outside,1.0,2.4781205e-24,2.3130684e-27,1.0
testing7741.jpg,Nanodomain,1.0,0.0,1.0,0.0
testing7742.jpg,Nanodomain,1.0,0.0,1.0,0.0
testing7743.jpg,Nanodomain,1.0,0.0,1.0,0.0
testing7744.jpg,Nanodomain,1.0,0.0,1.0,0.0
testing7745.jpg,Nanodomain,1.0,0.0,1.0,0.0
testing7746.jpg,Nanodomain,1.0,7.937098e-24,1.0,0.0
testing7747.jpg,Nanodomain,1.0,3.3767345e-27,1.0,0.0
testing7748.jpg,Nanodomain,1.0,2.9999246e-11,1.0,1.4187857e-35
testing7749.jpg,Intermediate,0.9883752,0.9883752,0.011624844,3.919831e-25
testing7750.jpg,Outside,1.0,7.1720225e-31,8.8083634e-29,1.0
testing7751.jpg,Outside,1.0,9.863211e-28,1.3756658e-25,1.0
testing7752.jpg,Outside,1.0,5.235037e-35,6.6819495e-31,1.0
testing7753.jpg,Outside,1.0,4.0393747e-33,6.620324e-30,1.0
testing7754.jpg,Outside,1.0,1.169172e-30,2.1641345e-26,1.0
testing7755.jpg,Nanodomain,1.0,0.0,1.0,0.0
testing7756.jpg,Nanodomain,1.0,0.0,1.0,0.0
testing7757.jpg,Nanodomain,1.0,0.0,1.0,0.0
testing7758.jpg,Nanodomain,1.0,0.0,1.0,0.0
testing7759.jpg,Nanodomain,1.0,0.0,1.0,0.0
testing7760.jpg,Nanodomain,1.0,0.0,1.0,0.0
testing7761.jpg,Nanodomain,1.0,0.0,1.0,0.0
testing7762.jpg,Nanodomain,1.0,0.0,1.0,0.0
testing7763.jpg,Nanodomain,1.0,0.0,1.0,0.0
testing7764.jpg,Nanodomain,1.0,0.0,1.0,0.0
testing7765.jpg,Nanodomain,1.0,0.0,1.0,0.0
testing7766.jpg,Nanodomain,1.0,0.0,1.0,0.0
testing7767.jpg,Nanodomain,1.0,0.0,1.0,0.0
testing7768.jpg,Outside,1.0,6.1400946e-34,1.0682695e-30,1.0
testing7769.jpg,Outside,1.0,3.5810557e-30,1.0272047e-28,1.0
testing7770.jpg,Nanodomain,1.0,0.0,1.0,0.0
testing7771.jpg,Nanodomain,1.0,0.0,1.0,0.0
testing7772.jpg,Nanodomain,1.0,0.0,1.0,0.0
testing7773.jpg,Nanodomain,1.0,0.0,1.0,0.0
testing7774.jpg,Nanodomain,1.0,0.0,1.0,0.0
testing7775.jpg,Nanodomain,1.0,0.0,1.0,0.0
testing7776.jpg,Nanodomain,1.0,0.0,1.0,0.0
testing7777.jpg,Nanodomain,1.0,0.0,1.0,0.0
testing7778.jpg,Nanodomain,1.0,0.0,1.0,0.0
testing7779.jpg,Nanodomain,1.0,0.0,1.0,0.0
testing7780.jpg,Nanodomain,1.0,0.0,1.0,0.0
testing7781.jpg,Nanodomain,1.0,0.0,1.0,0.0
testing7782.jpg,Outside,1.0,2.3070467e-37,9.109393e-35,1.0
testing7783.jpg,Outside,1.0,9.961579e-32,1.0902954e-30,1.0
testing7784.jpg,Outside,1.0,5.791051e-29,5.0788283e-29,1.0
testing7785.jpg,Nanodomain,1.0,0.0,1.0,0.0
testing7786.jpg,Nanodomain,1.0,0.0,1.0,0.0
testing7787.jpg,Nanodomain,1.0,0.0,1.0,0.0
testing7788.jpg,Nanodomain,1.0,0.0,1.0,0.0
testing7789.jpg,Nanodomain,1.0,0.0,1.0,0.0
testing7790.jpg,Nanodomain,1.0,0.0,1.0,0.0
testing7791.jpg,Nanodomain,1.0,0.0,1.0,0.0
testing7792.jpg,Nanodomain,1.0,0.0,1.0,0.0
testing7793.jpg,Nanodomain,1.0,0.0,1.0,0.0
testing7794.jpg,Nanodomain,1.0,0.0,1.0,0.0
testing7795.jpg,Nanodomain,1.0,0.0,1.0,0.0
testing7796.jpg,Nanodomain,1.0,0.0,1.0,0.0
testing7797.jpg,Nanodomain,1.0,0.0,1.0,0.0
testing7798.jpg,Intermediate,1.0,1.0,7.411616e-29,1.1673709e-16
testing7799.jpg,Intermediate,1.0,1.0,3.3201036e-32,9.403871e-26
testing7800.jpg,Intermediate,1.0,1.0,3.0903773e-28,2.0476357e-31
testing7801.jpg,Intermediate,1.0,1.0,1.9687182e-24,3.4517179e-31
testing7802.jpg,Intermediate,1.0,1.0,1.00376935e-28,6.66148e-33
testing7803.jpg,Intermediate,0.6718836,0.6718836,0.3281164,1.999681e-27
testing7804.jpg,Intermediate,1.0,1.0,2.3945422e-22,1.2765574e-31
testing7805.jpg,Intermediate,1.0,1.0,4.0338404e-36,5.10409e-24
testing7806.jpg,Intermediate,1.0,1.0,3.1650097e-24,3.0172742e-32
testing7807.jpg,Intermediate,1.0,1.0,1.8730761e-31,1.5751597e-31
testing7808.jpg,Intermediate,1.0,1.0,1.0475204e-28,1.063058e-30
testing7809.jpg,Outside,1.0,9.396627e-26,1.6173026e-28,1.0
testing7810.jpg,Outside,1.0,2.6889443e-27,1.0302544e-27,1.0
testing7811.jpg,Outside,1.0,9.955964e-23,5.970067e-23,1.0
testing7812.jpg,Outside,1.0,3.4097016e-35,1.7011741e-30,1.0
testing7813.jpg,Outside,1.0,2.1190478e-34,7.0194725e-31,1.0
testing7814.jpg,Outside,1.0,5.9634555e-34,7.5449735e-30,1.0
testing7815.jpg,Nanodomain,1.0,0.0,1.0,0.0
testing7816.jpg,Nanodomain,1.0,0.0,1.0,0.0
testing7817.jpg,Nanodomain,1.0,0.0,1.0,0.0
testing7818.jpg,Nanodomain,1.0,0.0,1.0,0.0
testing7819.jpg,Nanodomain,1.0,0.0,1.0,0.0
testing7820.jpg,Nanodomain,1.0,0.0,1.0,0.0
testing7821.jpg,Nanodomain,1.0,0.0,1.0,0.0
testing7822.jpg,Nanodomain,1.0,0.0,1.0,0.0
testing7823.jpg,Nanodomain,1.0,0.0,1.0,0.0
testing7824.jpg,Nanodomain,1.0,0.0,1.0,0.0
testing7825.jpg,Nanodomain,1.0,0.0,1.0,0.0
testing7826.jpg,Nanodomain,1.0,0.0,1.0,0.0
testing7827.jpg,Nanodomain,1.0,0.0,1.0,0.0
testing7828.jpg,Nanodomain,1.0,0.0,1.0,0.0
testing7829.jpg,Outside,1.0,1.0355365e-30,1.1989099e-28,1.0
testing7830.jpg,Outside,1.0,3.5875056e-32,4.7199393e-30,1.0
testing7831.jpg,Outside,1.0,1.3664122e-35,1.8971145e-32,1.0
testing7832.jpg,Outside,1.0,1.1097016e-31,5.1160463e-29,1.0
testing7833.jpg,Outside,1.0,7.6523344e-16,9.364523e-20,1.0
testing7834.jpg,Outside,1.0,6.0029212e-33,1.0567667e-30,1.0
testing7835.jpg,Outside,1.0,1.27116205e-33,1.8288489e-31,1.0
testing7836.jpg,Outside,1.0,5.8722864e-31,9.22848e-29,1.0
testing7837.jpg,Outside,1.0,2.3216126e-23,1.2889093e-21,1.0
testing7838.jpg,Outside,1.0,1.8521218e-32,1.0321415e-29,1.0
testing7839.jpg,Outside,1.0,7.037335e-29,1.8118596e-28,1.0
testing7840.jpg,Outside,1.0,4.59011e-28,7.46317e-28,1.0
testing7841.jpg,Intermediate,1.0,1.0,3.1171974e-26,2.3023188e-28
testing7842.jpg,Intermediate,1.0,1.0,5.9014684e-35,1.4437296e-22
testing7843.jpg,Intermediate,1.0,1.0,2.5340924e-24,3.7837694e-08
testing7844.jpg,Outside,1.0,4.9897664e-12,6.699565e-22,1.0
testing7845.jpg,Outside,0.65607315,0.3439268,3.229499e-17,0.65607315
testing7846.jpg,Outside,1.0,2.0047825e-19,4.8712883e-23,1.0
testing7847.jpg,Outside,1.0,2.4900294e-26,7.9557585e-27,1.0
testing7848.jpg,Outside,1.0,2.0338054e-28,8.578693e-28,1.0
testing7849.jpg,Intermediate,1.0,1.0,7.709474e-30,1.5320726e-28
testing7850.jpg,Intermediate,1.0,1.0,5.2414326e-27,4.8079402e-26
testing7851.jpg,Intermediate,1.0,1.0,1.1582466e-31,1.2746433e-26
testing7852.jpg,Intermediate,1.0,1.0,2.941314e-32,5.6715703e-30
testing7853.jpg,Intermediate,1.0,1.0,6.4104174e-32,6.178341e-28
testing7854.jpg,Intermediate,1.0,1.0,3.9336803e-30,1.29897245e-23
testing7855.jpg,Intermediate,1.0,1.0,1.6832193e-26,4.1834928e-19
testing7856.jpg,Intermediate,1.0,1.0,1.4639453e-28,1.0654033e-17
testing7857.jpg,Intermediate,1.0,1.0,4.0551927e-29,6.3597418e-21
testing7858.jpg,Intermediate,0.99999964,0.99999964,3.4878306e-20,3.516819e-07
testing7859.jpg,Intermediate,1.0,1.0,1.4735372e-28,2.2326379e-24
testing7860.jpg,Intermediate,1.0,1.0,6.6878656e-31,2.6212726e-25
testing7861.jpg,Intermediate,1.0,1.0,3.255578e-31,1.3526144e-24
testing7862.jpg,Intermediate,1.0,1.0,5.298003e-26,1.5562543e-11
testing7863.jpg,Intermediate,1.0,1.0,7.40309e-27,4.8180748e-11
testing7864.jpg,Outside,1.0,1.5648564e-26,1.763347e-25,1.0
testing7865.jpg,Outside,1.0,9.990175e-21,2.624417e-23,1.0
testing7866.jpg,Outside,1.0,3.8231264e-22,3.8272543e-23,1.0
testing7867.jpg,Nanodomain,1.0,0.0,1.0,0.0
testing7868.jpg,Nanodomain,1.0,0.0,1.0,0.0
testing7869.jpg,Nanodomain,1.0,0.0,1.0,0.0
testing7870.jpg,Nanodomain,1.0,0.0,1.0,0.0
testing7871.jpg,Nanodomain,1.0,0.0,1.0,0.0
testing7872.jpg,Nanodomain,1.0,0.0,1.0,0.0
testing7873.jpg,Nanodomain,1.0,0.0,1.0,0.0
testing7874.jpg,Nanodomain,1.0,0.0,1.0,0.0
testing7875.jpg,Nanodomain,1.0,0.0,1.0,0.0
testing7876.jpg,Outside,1.0,5.4094916e-32,9.976953e-30,1.0
testing7877.jpg,Outside,1.0,8.851246e-28,1.11673245e-26,1.0
testing7878.jpg,Outside,1.0,5.8486074e-25,1.1892052e-25,1.0
testing7879.jpg,Outside,1.0,1.0084299e-33,2.8385288e-29,1.0
testing7880.jpg,Outside,1.0,6.568803e-23,1.0526018e-24,1.0
testing7881.jpg,Nanodomain,1.0,0.0,1.0,0.0
testing7882.jpg,Nanodomain,1.0,0.0,1.0,0.0
testing7883.jpg,Nanodomain,1.0,0.0,1.0,0.0
testing7884.jpg,Nanodomain,1.0,0.0,1.0,0.0
testing7885.jpg,Nanodomain,1.0,0.0,1.0,0.0
testing7886.jpg,Nanodomain,1.0,0.0,1.0,0.0
testing7887.jpg,Nanodomain,1.0,0.0,1.0,0.0
testing7888.jpg,Nanodomain,1.0,0.0,1.0,0.0
testing7889.jpg,Nanodomain,1.0,0.0,1.0,0.0
testing7890.jpg,Nanodomain,1.0,0.0,1.0,0.0
testing7891.jpg,Nanodomain,1.0,0.0,1.0,0.0
testing7892.jpg,Nanodomain,1.0,0.0,1.0,0.0
testing7893.jpg,Nanodomain,1.0,0.0,1.0,0.0
testing7894.jpg,Nanodomain,1.0,0.0,1.0,0.0
testing7895.jpg,Nanodomain,1.0,0.0,1.0,0.0
testing7896.jpg,Outside,1.0,4.2040776e-36,3.5672078e-35,1.0
testing7897.jpg,Nanodomain,1.0,0.0,1.0,0.0
testing7898.jpg,Nanodomain,1.0,0.0,1.0,0.0
testing7899.jpg,Nanodomain,1.0,0.0,1.0,0.0
testing7900.jpg,Nanodomain,1.0,0.0,1.0,0.0
testing7901.jpg,Nanodomain,1.0,0.0,1.0,0.0
testing7902.jpg,Nanodomain,1.0,0.0,1.0,0.0
testing7903.jpg,Nanodomain,1.0,0.0,1.0,0.0
testing7904.jpg,Nanodomain,1.0,0.0,1.0,0.0
testing7905.jpg,Nanodomain,1.0,0.0,1.0,0.0
testing7906.jpg,Nanodomain,1.0,0.0,1.0,0.0
testing7907.jpg,Nanodomain,1.0,0.0,1.0,0.0
testing7908.jpg,Nanodomain,1.0,0.0,1.0,0.0
testing7909.jpg,Outside,1.0,1.25024496e-29,2.1652222e-28,1.0
testing7910.jpg,Outside,1.0,4.862341e-30,7.1036313e-29,1.0
testing7911.jpg,Outside,1.0,1.8252253e-38,8.874336e-36,1.0
testing7912.jpg,Outside,1.0,5.973641e-24,1.0046641e-24,1.0
testing7913.jpg,Outside,1.0,4.552425e-36,8.100297e-36,1.0
testing7914.jpg,Nanodomain,1.0,0.0,1.0,0.0
testing7915.jpg,Nanodomain,1.0,0.0,1.0,0.0
testing7916.jpg,Nanodomain,1.0,0.0,1.0,0.0
testing7917.jpg,Nanodomain,1.0,0.0,1.0,0.0
testing7918.jpg,Nanodomain,1.0,0.0,1.0,0.0
testing7919.jpg,Nanodomain,1.0,0.0,1.0,0.0
testing7920.jpg,Nanodomain,1.0,0.0,1.0,0.0
testing7921.jpg,Nanodomain,1.0,0.0,1.0,0.0
testing7922.jpg,Nanodomain,1.0,0.0,1.0,0.0
testing7923.jpg,Nanodomain,1.0,0.0,1.0,0.0
testing7924.jpg,Nanodomain,1.0,0.0,1.0,0.0
testing7925.jpg,Intermediate,0.6091577,0.6091577,0.39084235,3.4245463e-21
testing7926.jpg,Intermediate,0.9956138,0.9956138,0.004386171,4.5769296e-24
testing7927.jpg,Intermediate,1.0,1.0,1.8660886e-14,1.5901179e-26
testing7928.jpg,Intermediate,1.0,1.0,3.8177458e-16,1.4159637e-27
testing7929.jpg,Intermediate,0.9896718,0.9896718,0.010328113,3.2596164e-27
testing7930.jpg,Nanodomain,0.9998728,0.00012714072,0.9998728,6.812493e-28
testing7931.jpg,Intermediate,0.5887367,0.5887367,0.41126326,8.1890464e-27
testing7932.jpg,Intermediate,0.99999046,0.99999046,9.562567e-06,7.214552e-28
testing7933.jpg,Intermediate,1.0,1.0,3.3034224e-20,2.4999417e-30
testing7934.jpg,Intermediate,1.0,1.0,4.9254733e-32,1.9856396e-20
testing7935.jpg,Intermediate,1.0,1.0,1.5151882e-21,3.5489495e-14
testing7936.jpg,Intermediate,1.0,1.0,0.0,2.8270842e-37
testing7937.jpg,Outside,1.0,2.2829786e-31,7.528496e-31,1.0
testing7938.jpg,Outside,1.0,1.8748098e-27,5.0500533e-25,1.0
testing7939.jpg,Intermediate,1.0,1.0,2.333969e-34,3.2367598e-21
testing7940.jpg,Outside,1.0,7.0995355e-23,7.470684e-22,1.0
testing7941.jpg,Intermediate,0.99662846,0.99662846,1.1416277e-18,0.0033715488
testing7942.jpg,Outside,1.0,1.4381656e-31,1.7067269e-28,1.0
testing7943.jpg,Nanodomain,1.0,0.0,1.0,0.0
testing7944.jpg,Nanodomain,1.0,0.0,1.0,0.0
testing7945.jpg,Nanodomain,1.0,0.0,1.0,0.0
testing7946.jpg,Nanodomain,1.0,0.0,1.0,0.0
testing7947.jpg,Nanodomain,1.0,0.0,1.0,0.0
testing7948.jpg,Nanodomain,1.0,0.0,1.0,0.0
testing7949.jpg,Nanodomain,1.0,0.0,1.0,0.0
testing7950.jpg,Nanodomain,1.0,0.0,1.0,0.0
testing7951.jpg,Nanodomain,1.0,0.0,1.0,0.0
testing7952.jpg,Nanodomain,1.0,0.0,1.0,0.0
testing7953.jpg,Nanodomain,1.0,0.0,1.0,0.0
testing7954.jpg,Nanodomain,1.0,0.0,1.0,0.0
testing7955.jpg,Nanodomain,1.0,0.0,1.0,0.0
testing7956.jpg,Nanodomain,1.0,0.0,1.0,0.0
testing7957.jpg,Outside,1.0,6.048631e-29,5.333199e-28,1.0
testing7958.jpg,Outside,1.0,0.0,3.0521626e-34,1.0
testing7959.jpg,Outside,1.0,1.2094783e-23,1.4130399e-26,1.0
testing7960.jpg,Outside,1.0,7.7463493e-31,2.0550806e-28,1.0
testing7961.jpg,Outside,1.0,2.9514323e-30,8.0515923e-28,1.0
testing7962.jpg,Outside,1.0,2.340999e-16,1.8803206e-24,1.0
testing7963.jpg,Outside,1.0,4.692104e-34,1.6944845e-29,1.0
testing7964.jpg,Outside,1.0,1.6185703e-25,2.9122376e-27,1.0
testing7965.jpg,Outside,1.0,5.284748e-16,2.7520656e-23,1.0
testing7966.jpg,Outside,0.96057385,0.0394261,1.948035e-17,0.96057385
testing7967.jpg,Intermediate,1.0,1.0,1.2471803e-32,7.366664e-27
testing7968.jpg,Intermediate,1.0,1.0,9.863612e-38,1.0305566e-28
testing7969.jpg,Intermediate,1.0,1.0,3.0841438e-30,1.7239812e-14
testing7970.jpg,Intermediate,1.0,1.0,5.037998e-29,5.3082623e-25
testing7971.jpg,Outside,1.0,9.497139e-25,7.178171e-26,1.0
testing7972.jpg,Outside,1.0,4.737762e-30,1.6194192e-29,1.0
testing7973.jpg,Intermediate,1.0,1.0,5.590606e-24,2.5478473e-16
testing7974.jpg,Outside,1.0,6.071762e-32,1.6871959e-29,1.0
testing7975.jpg,Outside,1.0,1.7556537e-34,3.0180372e-30,1.0
testing7976.jpg,Outside,1.0,1.582101e-26,3.465484e-28,1.0
testing7977.jpg,Nanodomain,1.0,1.4124865e-16,1.0,2.8683037e-33
testing7978.jpg,Nanodomain,1.0,2.4251924e-21,1.0,0.0
testing7979.jpg,Nanodomain,1.0,1.1229106e-24,1.0,0.0
testing7980.jpg,Nanodomain,1.0,6.76709e-15,1.0,1.9683211e-38
testing7981.jpg,Nanodomain,1.0,2.1120515e-26,1.0,0.0
testing7982.jpg,Nanodomain,1.0,1.3164035e-28,1.0,0.0
testing7983.jpg,Nanodomain,1.0,1.1358106e-29,1.0,0.0
testing7984.jpg,Nanodomain,1.0,2.3802635e-21,1.0,0.0
testing7985.jpg,Nanodomain,1.0,7.9599377e-22,1.0,0.0
testing7986.jpg,Nanodomain,1.0,0.0,1.0,0.0
testing7987.jpg,Nanodomain,1.0,0.0,1.0,0.0
testing7988.jpg,Nanodomain,1.0,4.077029e-38,1.0,0.0
testing7989.jpg,Intermediate,1.0,1.0,2.1493494e-34,2.1385744e-30
testing7990.jpg,Intermediate,1.0,1.0,1.4013362e-28,8.223408e-27
testing7991.jpg,Outside,1.0,1.6653313e-17,2.9078282e-21,1.0
testing7992.jpg,Outside,1.0,3.5551995e-12,2.1897254e-21,1.0
testing7993.jpg,Intermediate,1.0,1.0,9.7078634e-33,7.3159667e-22
testing7994.jpg,Outside,1.0,3.0598434e-35,1.0511404e-33,1.0
testing7995.jpg,Intermediate,1.0,1.0,2.3090512e-32,4.9560287e-23
testing7996.jpg,Intermediate,1.0,1.0,0.0,1.4492287e-25
testing7997.jpg,Nanodomain,1.0,0.0,1.0,0.0
testing7998.jpg,Nanodomain,1.0,0.0,1.0,0.0
testing7999.jpg,Nanodomain,1.0,0.0,1.0,0.0
testing8000.jpg,Nanodomain,1.0,0.0,1.0,0.0
testing8001.jpg,Nanodomain,1.0,0.0,1.0,0.0
testing8002.jpg,Nanodomain,1.0,0.0,1.0,0.0
testing8003.jpg,Nanodomain,1.0,2.3777428e-19,1.0,0.0
testing8004.jpg,Nanodomain,1.0,0.0,1.0,0.0
testing8005.jpg,Nanodomain,1.0,0.0,1.0,0.0
testing8006.jpg,Nanodomain,1.0,0.0,1.0,0.0
testing8007.jpg,Nanodomain,1.0,0.0,1.0,0.0
testing8008.jpg,Nanodomain,1.0,0.0,1.0,0.0
testing8009.jpg,Nanodomain,1.0,0.0,1.0,0.0
testing8010.jpg,Nanodomain,1.0,0.0,1.0,0.0
testing8011.jpg,Nanodomain,1.0,0.0,1.0,0.0
testing8012.jpg,Nanodomain,1.0,0.0,1.0,0.0
testing8013.jpg,Nanodomain,1.0,0.0,1.0,0.0
testing8014.jpg,Nanodomain,1.0,0.0,1.0,0.0
testing8015.jpg,Nanodomain,1.0,0.0,1.0,0.0
testing8016.jpg,Nanodomain,1.0,0.0,1.0,0.0
testing8017.jpg,Nanodomain,1.0,0.0,1.0,0.0
testing8018.jpg,Nanodomain,1.0,0.0,1.0,0.0
testing8019.jpg,Nanodomain,1.0,0.0,1.0,0.0
testing8020.jpg,Nanodomain,1.0,0.0,1.0,0.0
testing8021.jpg,Nanodomain,1.0,0.0,1.0,0.0
testing8022.jpg,Nanodomain,1.0,0.0,1.0,0.0
testing8023.jpg,Intermediate,1.0,1.0,5.5950204e-32,1.2283439e-20
testing8024.jpg,Nanodomain,1.0,0.0,1.0,0.0
testing8025.jpg,Nanodomain,1.0,0.0,1.0,0.0
testing8026.jpg,Nanodomain,1.0,0.0,1.0,0.0
testing8027.jpg,Nanodomain,1.0,0.0,1.0,0.0
testing8028.jpg,Nanodomain,1.0,0.0,1.0,0.0
testing8029.jpg,Nanodomain,1.0,0.0,1.0,0.0
testing8030.jpg,Nanodomain,1.0,0.0,1.0,0.0
testing8031.jpg,Nanodomain,1.0,0.0,1.0,0.0
testing8032.jpg,Nanodomain,1.0,0.0,1.0,0.0
testing8033.jpg,Nanodomain,1.0,0.0,1.0,0.0
testing8034.jpg,Nanodomain,1.0,0.0,1.0,0.0
testing8035.jpg,Intermediate,1.0,1.0,2.6966782e-28,4.2449826e-19
testing8036.jpg,Intermediate,1.0,1.0,2.8691378e-24,1.0987302e-21
testing8037.jpg,Intermediate,1.0,1.0,5.835122e-26,1.7461661e-15
testing8038.jpg,Outside,1.0,4.3087914e-33,5.769895e-32,1.0
testing8039.jpg,Intermediate,0.93709373,0.93709373,4.3850945e-21,0.062906265
testing8040.jpg,Outside,1.0,3.4407958e-37,6.6953053e-35,1.0
testing8041.jpg,Outside,1.0,1.971877e-37,6.3636523e-35,1.0
testing8042.jpg,Outside,1.0,3.570954e-34,6.991565e-33,1.0
testing8043.jpg,Outside,1.0,1.8243297e-28,1.8955784e-27,1.0
testing8044.jpg,Outside,1.0,2.385711e-34,1.6056004e-33,1.0
testing8045.jpg,Nanodomain,1.0,0.0,1.0,0.0
testing8046.jpg,Nanodomain,1.0,0.0,1.0,0.0
testing8047.jpg,Nanodomain,1.0,0.0,1.0,0.0
testing8048.jpg,Nanodomain,1.0,0.0,1.0,0.0
testing8049.jpg,Nanodomain,1.0,0.0,1.0,0.0
testing8050.jpg,Nanodomain,1.0,0.0,1.0,0.0
testing8051.jpg,Nanodomain,1.0,0.0,1.0,0.0
testing8052.jpg,Nanodomain,1.0,0.0,1.0,0.0
testing8053.jpg,Outside,1.0,1.1580271e-36,2.3522466e-35,1.0
testing8054.jpg,Nanodomain,1.0,0.0,1.0,0.0
testing8055.jpg,Nanodomain,1.0,0.0,1.0,0.0
testing8056.jpg,Nanodomain,1.0,0.0,1.0,0.0
testing8057.jpg,Nanodomain,1.0,0.0,1.0,0.0
testing8058.jpg,Nanodomain,1.0,0.0,1.0,0.0
testing8059.jpg,Nanodomain,1.0,0.0,1.0,0.0
testing8060.jpg,Nanodomain,1.0,0.0,1.0,0.0
testing8061.jpg,Nanodomain,1.0,0.0,1.0,0.0
testing8062.jpg,Nanodomain,1.0,0.0,1.0,0.0
testing8063.jpg,Nanodomain,1.0,0.0,1.0,0.0
testing8064.jpg,Outside,1.0,5.238581e-32,8.261373e-31,1.0
testing8065.jpg,Outside,1.0,9.0839316e-33,2.3779722e-32,1.0
testing8066.jpg,Outside,1.0,2.0669077e-33,1.1523862e-29,1.0
testing8067.jpg,Outside,1.0,1.37152825e-30,1.38416585e-27,1.0
testing8068.jpg,Outside,1.0,1.8639235e-24,9.827327e-24,1.0
testing8069.jpg,Outside,1.0,2.0378571e-30,1.6934063e-28,1.0
testing8070.jpg,Outside,1.0,2.7422219e-33,2.404996e-30,1.0
testing8071.jpg,Outside,1.0,1.3774563e-33,1.4567956e-31,1.0
testing8072.jpg,Outside,1.0,3.8220345e-21,5.718713e-23,1.0
testing8073.jpg,Nanodomain,1.0,0.0,1.0,0.0
testing8074.jpg,Nanodomain,1.0,0.0,1.0,0.0
testing8075.jpg,Nanodomain,1.0,0.0,1.0,0.0
testing8076.jpg,Nanodomain,1.0,0.0,1.0,0.0
testing8077.jpg,Nanodomain,1.0,0.0,1.0,0.0
testing8078.jpg,Nanodomain,1.0,0.0,1.0,0.0
testing8079.jpg,Nanodomain,1.0,0.0,1.0,0.0
testing8080.jpg,Nanodomain,1.0,0.0,1.0,0.0
testing8081.jpg,Nanodomain,1.0,0.0,1.0,0.0
testing8082.jpg,Nanodomain,1.0,0.0,1.0,0.0
testing8083.jpg,Nanodomain,1.0,0.0,1.0,0.0
testing8084.jpg,Nanodomain,1.0,0.0,1.0,0.0
testing8085.jpg,Outside,1.0,2.6402288e-33,1.2833594e-30,1.0
testing8086.jpg,Outside,0.9976544,0.002345691,1.1803707e-18,0.9976544
testing8087.jpg,Nanodomain,1.0,0.0,1.0,0.0
testing8088.jpg,Nanodomain,1.0,0.0,1.0,0.0
testing8089.jpg,Nanodomain,1.0,0.0,1.0,0.0
testing8090.jpg,Nanodomain,1.0,0.0,1.0,0.0
testing8091.jpg,Nanodomain,1.0,0.0,1.0,0.0
testing8092.jpg,Nanodomain,1.0,0.0,1.0,0.0
testing8093.jpg,Nanodomain,1.0,0.0,1.0,0.0
testing8094.jpg,Nanodomain,1.0,0.0,1.0,0.0
testing8095.jpg,Nanodomain,1.0,6.5800614e-31,1.0,0.0
testing8096.jpg,Intermediate,1.0,1.0,7.2417583e-34,2.7196006e-29
testing8097.jpg,Intermediate,1.0,1.0,9.496985e-27,7.2236915e-25
testing8098.jpg,Intermediate,1.0,1.0,3.1045308e-29,6.1371906e-19
testing8099.jpg,Intermediate,1.0,1.0,2.4906595e-31,3.8182963e-25
testing8100.jpg,Intermediate,1.0,1.0,1.8404085e-33,5.6221123e-30
testing8101.jpg,Intermediate,1.0,1.0,5.8783812e-24,5.133662e-21
testing8102.jpg,Outside,1.0,0.0,2.608531e-35,1.0
testing8103.jpg,Intermediate,1.0,1.0,4.852667e-23,2.3043596e-26
testing8104.jpg,Nanodomain,1.0,6.660732e-29,1.0,0.0
testing8105.jpg,Nanodomain,1.0,8.643833e-28,1.0,0.0
testing8106.jpg,Nanodomain,1.0,1.420873e-32,1.0,0.0
testing8107.jpg,Nanodomain,1.0,0.0,1.0,0.0
testing8108.jpg,Nanodomain,1.0,0.0,1.0,0.0
testing8109.jpg,Nanodomain,1.0,0.0,1.0,0.0
testing8110.jpg,Nanodomain,1.0,0.0,1.0,0.0
testing8111.jpg,Nanodomain,1.0,0.0,1.0,0.0
testing8112.jpg,Nanodomain,1.0,0.0,1.0,0.0
testing8113.jpg,Nanodomain,1.0,0.0,1.0,0.0
testing8114.jpg,Nanodomain,1.0,7.027703e-37,1.0,0.0
testing8115.jpg,Nanodomain,1.0,0.0,1.0,0.0
testing8116.jpg,Intermediate,1.0,1.0,9.71987e-33,1.3952475e-24
testing8117.jpg,Intermediate,1.0,1.0,1.6950057e-32,1.1747807e-26
testing8118.jpg,Outside,1.0,3.6859023e-16,1.4690868e-20,1.0
testing8119.jpg,Intermediate,0.99990284,0.99990284,1.9186644e-21,9.713643e-05
testing8120.jpg,Outside,0.9981987,0.0018013582,7.8840826e-18,0.9981987
testing8121.jpg,Outside,0.99999,1.00203615e-05,5.0429118e-20,0.99999
testing8122.jpg,Outside,1.0,2.205219e-26,1.0822988e-28,1.0
testing8123.jpg,Intermediate,1.0,1.0,2.4346241e-32,3.8950912e-25
testing8124.jpg,Intermediate,1.0,1.0,1.1782134e-27,5.295726e-16
testing8125.jpg,Intermediate,1.0,1.0,7.67434e-33,4.146888e-25
testing8126.jpg,Intermediate,1.0,1.0,3.2013787e-23,3.0880413e-22
testing8127.jpg,Intermediate,0.9999999,0.9999999,9.465319e-08,2.8220226e-20
testing8128.jpg,Intermediate,1.0,1.0,1.3954914e-33,1.04623964e-26
testing8129.jpg,Intermediate,1.0,1.0,7.073693e-30,1.7120847e-12
testing8130.jpg,Intermediate,1.0,1.0,6.924512e-35,3.3327031e-25
testing8131.jpg,Outside,0.9999987,1.2854141e-06,1.080018e-18,0.9999987
testing8132.jpg,Intermediate,1.0,1.0,1.811803e-37,3.4392044e-24
testing8133.jpg,Outside,1.0,1.9001767e-26,4.7995215e-29,1.0
testing8134.jpg,Nanodomain,1.0,0.0,1.0,0.0
testing8135.jpg,Nanodomain,1.0,0.0,1.0,0.0
testing8136.jpg,Nanodomain,1.0,0.0,1.0,0.0
testing8137.jpg,Nanodomain,1.0,0.0,1.0,0.0
testing8138.jpg,Nanodomain,1.0,0.0,1.0,0.0
testing8139.jpg,Nanodomain,1.0,0.0,1.0,0.0
testing8140.jpg,Nanodomain,1.0,0.0,1.0,0.0
testing8141.jpg,Nanodomain,1.0,0.0,1.0,0.0
testing8142.jpg,Nanodomain,1.0,0.0,1.0,0.0
testing8143.jpg,Nanodomain,1.0,0.0,1.0,0.0
testing8144.jpg,Nanodomain,1.0,0.0,1.0,0.0
testing8145.jpg,Nanodomain,1.0,0.0,1.0,0.0
testing8146.jpg,Nanodomain,0.983305,0.016695058,0.983305,4.7403947e-22
testing8147.jpg,Intermediate,0.9999535,0.9999535,4.6444537e-05,1.1965558e-21
testing8148.jpg,Outside,1.0,3.8754818e-33,5.442034e-30,1.0
testing8149.jpg,Intermediate,1.0,1.0,1.00865715e-25,1.3043312e-10
testing8150.jpg,Nanodomain,1.0,0.0,1.0,0.0
testing8151.jpg,Nanodomain,1.0,0.0,1.0,0.0
testing8152.jpg,Nanodomain,1.0,0.0,1.0,0.0
testing8153.jpg,Nanodomain,1.0,0.0,1.0,0.0
testing8154.jpg,Nanodomain,1.0,0.0,1.0,0.0
testing8155.jpg,Nanodomain,1.0,0.0,1.0,0.0
testing8156.jpg,Nanodomain,1.0,0.0,1.0,0.0
testing8157.jpg,Nanodomain,1.0,0.0,1.0,0.0
testing8158.jpg,Nanodomain,1.0,0.0,1.0,0.0
testing8159.jpg,Nanodomain,1.0,0.0,1.0,0.0
testing8160.jpg,Nanodomain,1.0,0.0,1.0,0.0
testing8161.jpg,Nanodomain,1.0,0.0,1.0,0.0
testing8162.jpg,Nanodomain,1.0,0.0,1.0,0.0
testing8163.jpg,Nanodomain,1.0,0.0,1.0,0.0
testing8164.jpg,Nanodomain,1.0,3.828607e-18,1.0,0.0
testing8165.jpg,Nanodomain,1.0,6.705257e-25,1.0,0.0
testing8166.jpg,Intermediate,1.0,1.0,8.809006e-28,9.273569e-24
testing8167.jpg,Intermediate,1.0,1.0,1.1203183e-23,3.6910384e-12
testing8168.jpg,Intermediate,1.0,1.0,6.584524e-33,2.4534302e-31
testing8169.jpg,Intermediate,1.0,1.0,2.479985e-38,2.7028788e-35
testing8170.jpg,Intermediate,1.0,1.0,0.0,2.1130832e-26
testing8171.jpg,Nanodomain,1.0,0.0,1.0,0.0
testing8172.jpg,Nanodomain,1.0,0.0,1.0,0.0
testing8173.jpg,Nanodomain,1.0,0.0,1.0,0.0
testing8174.jpg,Nanodomain,1.0,0.0,1.0,0.0
testing8175.jpg,Nanodomain,1.0,0.0,1.0,0.0
testing8176.jpg,Nanodomain,1.0,0.0,1.0,0.0
testing8177.jpg,Nanodomain,1.0,0.0,1.0,0.0
testing8178.jpg,Nanodomain,1.0,0.0,1.0,0.0
testing8179.jpg,Outside,1.0,3.2132172e-26,1.3278389e-25,1.0
testing8180.jpg,Nanodomain,1.0,0.0,1.0,0.0
testing8181.jpg,Nanodomain,1.0,0.0,1.0,0.0
testing8182.jpg,Nanodomain,1.0,0.0,1.0,0.0
testing8183.jpg,Nanodomain,1.0,0.0,1.0,0.0
testing8184.jpg,Nanodomain,1.0,0.0,1.0,0.0
testing8185.jpg,Nanodomain,1.0,0.0,1.0,0.0
testing8186.jpg,Nanodomain,1.0,0.0,1.0,0.0
testing8187.jpg,Nanodomain,1.0,0.0,1.0,0.0
testing8188.jpg,Nanodomain,1.0,0.0,1.0,0.0
testing8189.jpg,Nanodomain,1.0,0.0,1.0,0.0
testing8190.jpg,Nanodomain,1.0,0.0,1.0,0.0
testing8191.jpg,Nanodomain,1.0,0.0,1.0,0.0
testing8192.jpg,Outside,1.0,7.2283205e-33,1.6776262e-30,1.0
testing8193.jpg,Outside,1.0,4.913018e-30,3.5113868e-32,1.0
testing8194.jpg,Outside,1.0,3.9543395e-29,2.093027e-26,1.0
testing8195.jpg,Outside,1.0,3.623047e-30,7.9825753e-26,1.0
testing8196.jpg,Outside,1.0,2.2321359e-31,7.8801565e-27,1.0
testing8197.jpg,Outside,1.0,4.0123584e-27,1.9544901e-27,1.0
testing8198.jpg,Outside,1.0,5.2415724e-27,4.562149e-26,1.0
testing8199.jpg,Outside,1.0,1.0262905e-31,9.235624e-30,1.0
testing8200.jpg,Outside,1.0,3.437751e-30,1.7525084e-27,1.0
testing8201.jpg,Outside,1.0,2.0153317e-28,1.1486832e-27,1.0
testing8202.jpg,Outside,1.0,3.7086252e-30,4.1628085e-29,1.0
testing8203.jpg,Outside,1.0,8.8457014e-30,2.1276748e-26,1.0
testing8204.jpg,Outside,1.0,4.6292833e-30,2.1881416e-26,1.0
testing8205.jpg,Outside,1.0,3.8117028e-33,2.0732043e-30,1.0
testing8206.jpg,Outside,1.0,1.2263694e-33,9.54756e-32,1.0
testing8207.jpg,Nanodomain,1.0,0.0,1.0,0.0
testing8208.jpg,Nanodomain,1.0,0.0,1.0,0.0
testing8209.jpg,Nanodomain,1.0,0.0,1.0,0.0
testing8210.jpg,Outside,1.0,7.769524e-23,2.4518684e-23,1.0
testing8211.jpg,Outside,1.0,1.3511147e-15,6.4134754e-17,1.0
testing8212.jpg,Nanodomain,1.0,2.816894e-34,1.0,0.0
testing8213.jpg,Nanodomain,1.0,0.0,1.0,0.0
testing8214.jpg,Nanodomain,1.0,0.0,1.0,0.0
testing8215.jpg,Nanodomain,1.0,0.0,1.0,0.0
testing8216.jpg,Nanodomain,1.0,0.0,1.0,0.0
testing8217.jpg,Nanodomain,1.0,0.0,1.0,0.0
testing8218.jpg,Nanodomain,1.0,0.0,1.0,0.0
testing8219.jpg,Nanodomain,1.0,1.8483755e-38,1.0,0.0
testing8220.jpg,Nanodomain,1.0,0.0,1.0,0.0
testing8221.jpg,Nanodomain,1.0,0.0,1.0,0.0
testing8222.jpg,Nanodomain,1.0,0.0,1.0,0.0
testing8223.jpg,Nanodomain,1.0,1.9027992e-37,1.0,0.0
testing8224.jpg,Nanodomain,1.0,0.0,1.0,0.0
testing8225.jpg,Intermediate,1.0,1.0,9.908872e-22,7.552649e-11
testing8226.jpg,Intermediate,1.0,1.0,7.3632837e-22,5.11553e-25
testing8227.jpg,Intermediate,1.0,1.0,8.0029304e-29,8.770324e-18
testing8228.jpg,Outside,1.0,3.3104767e-26,1.8235878e-25,1.0
testing8229.jpg,Intermediate,1.0,1.0,7.186168e-27,5.9432782e-15
testing8230.jpg,Nanodomain,1.0,2.6306635e-29,1.0,0.0
testing8231.jpg,Nanodomain,1.0,2.8748852e-12,1.0,1.7598226e-36
testing8232.jpg,Nanodomain,1.0,4.2381136e-23,1.0,0.0
testing8233.jpg,Nanodomain,1.0,9.8758435e-24,1.0,0.0
testing8234.jpg,Nanodomain,1.0,0.0,1.0,0.0
testing8235.jpg,Nanodomain,1.0,0.0,1.0,0.0
testing8236.jpg,Nanodomain,1.0,0.0,1.0,0.0
testing8237.jpg,Nanodomain,1.0,0.0,1.0,0.0
testing8238.jpg,Nanodomain,1.0,9.65702e-37,1.0,0.0
testing8239.jpg,Nanodomain,1.0,1.8546106e-32,1.0,0.0
testing8240.jpg,Nanodomain,1.0,2.22137e-34,1.0,0.0
testing8241.jpg,Nanodomain,1.0,2.9646996e-32,1.0,0.0
testing8242.jpg,Nanodomain,1.0,1.9315295e-33,1.0,0.0
testing8243.jpg,Nanodomain,1.0,0.0,1.0,0.0
testing8244.jpg,Nanodomain,1.0,6.766574e-30,1.0,0.0
testing8245.jpg,Nanodomain,1.0,6.143623e-37,1.0,0.0
testing8246.jpg,Nanodomain,1.0,3.66169e-36,1.0,0.0
testing8247.jpg,Outside,1.0,1.0663301e-10,4.0803453e-22,1.0
testing8248.jpg,Outside,1.0,1.570304e-11,1.5243802e-17,1.0
testing8249.jpg,Intermediate,1.0,1.0,8.451483e-38,4.9936077e-29
testing8250.jpg,Intermediate,1.0,1.0,6.626691e-30,3.559249e-24
testing8251.jpg,Intermediate,1.0,1.0,5.4835276e-36,2.9319265e-32
testing8252.jpg,Intermediate,1.0,1.0,0.0,7.159996e-38
testing8253.jpg,Intermediate,1.0,1.0,3.4704246e-32,2.3139487e-29
testing8254.jpg,Intermediate,1.0,1.0,9.271609e-27,1.3551175e-19
testing8255.jpg,Intermediate,1.0,1.0,0.0,1.9630502e-30
testing8256.jpg,Intermediate,1.0,1.0,4.1611806e-33,6.794692e-22
testing8257.jpg,Intermediate,1.0,1.0,7.802138e-37,4.5686275e-26
testing8258.jpg,Intermediate,1.0,1.0,1.2930783e-32,2.7926282e-19
testing8259.jpg,Intermediate,1.0,1.0,3.4532234e-36,9.16917e-23
testing8260.jpg,Intermediate,1.0,1.0,5.4194126e-37,7.683528e-28
testing8261.jpg,Nanodomain,1.0,0.0,1.0,0.0
testing8262.jpg,Nanodomain,1.0,0.0,1.0,0.0
testing8263.jpg,Nanodomain,1.0,0.0,1.0,0.0
testing8264.jpg,Nanodomain,1.0,0.0,1.0,0.0
testing8265.jpg,Nanodomain,1.0,0.0,1.0,0.0
testing8266.jpg,Nanodomain,1.0,0.0,1.0,0.0
testing8267.jpg,Nanodomain,1.0,0.0,1.0,0.0
testing8268.jpg,Nanodomain,1.0,0.0,1.0,0.0
testing8269.jpg,Nanodomain,1.0,0.0,1.0,0.0
testing8270.jpg,Nanodomain,1.0,0.0,1.0,0.0
testing8271.jpg,Nanodomain,1.0,0.0,1.0,0.0
testing8272.jpg,Nanodomain,1.0,0.0,1.0,0.0
testing8273.jpg,Nanodomain,1.0,0.0,1.0,0.0
testing8274.jpg,Outside,1.0,7.611837e-31,1.4613708e-31,1.0
testing8275.jpg,Outside,1.0,1.6147647e-33,6.070856e-33,1.0
testing8276.jpg,Outside,1.0,1.1428328e-31,4.882059e-31,1.0
testing8277.jpg,Nanodomain,1.0,0.0,1.0,0.0
testing8278.jpg,Nanodomain,1.0,0.0,1.0,0.0
testing8279.jpg,Nanodomain,1.0,0.0,1.0,0.0
testing8280.jpg,Nanodomain,1.0,0.0,1.0,0.0
testing8281.jpg,Nanodomain,1.0,0.0,1.0,0.0
testing8282.jpg,Nanodomain,1.0,0.0,1.0,0.0
testing8283.jpg,Nanodomain,1.0,0.0,1.0,0.0
testing8284.jpg,Nanodomain,1.0,0.0,1.0,0.0
testing8285.jpg,Nanodomain,1.0,0.0,1.0,0.0
testing8286.jpg,Nanodomain,1.0,0.0,1.0,0.0
testing8287.jpg,Nanodomain,1.0,0.0,1.0,0.0
testing8288.jpg,Nanodomain,1.0,0.0,1.0,0.0
testing8289.jpg,Nanodomain,1.0,0.0,1.0,0.0
testing8290.jpg,Nanodomain,1.0,0.0,1.0,0.0
testing8291.jpg,Nanodomain,1.0,0.0,1.0,0.0
testing8292.jpg,Nanodomain,1.0,3.798035e-38,1.0,0.0
testing8293.jpg,Nanodomain,1.0,7.4836086e-36,1.0,0.0
testing8294.jpg,Intermediate,1.0,1.0,0.0,1.8923404e-36
testing8295.jpg,Nanodomain,1.0,5.60563e-35,1.0,0.0
testing8296.jpg,Nanodomain,1.0,5.964378e-30,1.0,0.0
testing8297.jpg,Nanodomain,1.0,0.0,1.0,0.0
testing8298.jpg,Nanodomain,1.0,1.7362499e-37,1.0,0.0
testing8299.jpg,Nanodomain,1.0,1.8167995e-30,1.0,0.0
testing8300.jpg,Outside,1.0,6.179991e-28,5.7694482e-27,1.0
testing8301.jpg,Nanodomain,1.0,0.0,1.0,0.0
testing8302.jpg,Nanodomain,1.0,0.0,1.0,0.0
testing8303.jpg,Nanodomain,1.0,0.0,1.0,0.0
testing8304.jpg,Nanodomain,1.0,0.0,1.0,0.0
testing8305.jpg,Nanodomain,1.0,0.0,1.0,0.0
testing8306.jpg,Nanodomain,1.0,0.0,1.0,0.0
testing8307.jpg,Outside,1.0,1.2172116e-32,7.695128e-32,1.0
testing8308.jpg,Outside,1.0,5.3608467e-32,2.4377678e-30,1.0
testing8309.jpg,Outside,1.0,2.2605658e-33,5.235282e-33,1.0
testing8310.jpg,Nanodomain,1.0,0.0,1.0,0.0
testing8311.jpg,Nanodomain,1.0,0.0,1.0,0.0
testing8312.jpg,Nanodomain,1.0,0.0,1.0,0.0
testing8313.jpg,Nanodomain,1.0,0.0,1.0,0.0
testing8314.jpg,Nanodomain,1.0,0.0,1.0,0.0
testing8315.jpg,Nanodomain,1.0,0.0,1.0,0.0
testing8316.jpg,Nanodomain,1.0,0.0,1.0,0.0
testing8317.jpg,Nanodomain,1.0,0.0,1.0,0.0
testing8318.jpg,Nanodomain,1.0,0.0,1.0,0.0
testing8319.jpg,Outside,1.0,8.334229e-26,2.146947e-28,1.0
testing8320.jpg,Intermediate,1.0,1.0,6.519075e-16,2.3379838e-30
testing8321.jpg,Outside,1.0,4.9311836e-34,3.8488738e-33,1.0
testing8322.jpg,Outside,1.0,6.766538e-33,4.80073e-29,1.0
testing8323.jpg,Outside,1.0,2.3493536e-32,1.1793233e-28,1.0
testing8324.jpg,Outside,1.0,1.3902315e-25,2.1047807e-26,1.0
testing8325.jpg,Outside,1.0,4.190092e-25,2.0456385e-22,1.0
testing8326.jpg,Outside,1.0,7.465002e-33,1.4711656e-30,1.0
testing8327.jpg,Outside,1.0,4.9745567e-29,1.2578334e-27,1.0
testing8328.jpg,Outside,1.0,2.327539e-28,3.9152537e-29,1.0
testing8329.jpg,Intermediate,1.0,1.0,1.0906304e-26,8.299573e-21
testing8330.jpg,Outside,1.0,4.2180066e-28,4.102274e-29,1.0
testing8331.jpg,Outside,1.0,1.3819621e-17,6.1221637e-24,1.0
testing8332.jpg,Outside,1.0,1.5410337e-22,3.2801064e-26,1.0
testing8333.jpg,Intermediate,1.0,1.0,2.9952184e-19,8.4217626e-19
testing8334.jpg,Outside,1.0,3.682958e-27,4.152947e-27,1.0
testing8335.jpg,Outside,1.0,2.247491e-30,9.974289e-30,1.0
testing8336.jpg,Outside,1.0,1.2814118e-16,5.945553e-20,1.0
testing8337.jpg,Outside,1.0,2.7451125e-24,1.2326323e-23,1.0
testing8338.jpg,Outside,1.0,1.1341578e-27,2.3872683e-26,1.0
testing8339.jpg,Outside,1.0,2.1708625e-28,1.0899758e-29,1.0
testing8340.jpg,Nanodomain,1.0,1.2629177e-31,1.0,0.0
testing8341.jpg,Nanodomain,1.0,4.8557268e-29,1.0,0.0
testing8342.jpg,Nanodomain,1.0,2.7576514e-34,1.0,0.0
testing8343.jpg,Nanodomain,1.0,0.0,1.0,0.0
testing8344.jpg,Nanodomain,1.0,1.3783228e-34,1.0,0.0
testing8345.jpg,Nanodomain,1.0,0.0,1.0,0.0
testing8346.jpg,Nanodomain,1.0,0.0,1.0,0.0
testing8347.jpg,Nanodomain,1.0,0.0,1.0,0.0
testing8348.jpg,Nanodomain,1.0,1.1008525e-37,1.0,0.0
testing8349.jpg,Nanodomain,1.0,2.2237564e-38,1.0,0.0
testing8350.jpg,Nanodomain,1.0,0.0,1.0,0.0
testing8351.jpg,Nanodomain,1.0,1.0293689e-30,1.0,0.0
testing8352.jpg,Nanodomain,1.0,2.2971422e-21,1.0,0.0
testing8353.jpg,Outside,1.0,2.5730168e-24,4.043415e-25,1.0
testing8354.jpg,Outside,1.0,1.8225725e-25,2.17078e-28,1.0
testing8355.jpg,Intermediate,1.0,1.0,5.452393e-26,2.8868496e-14
testing8356.jpg,Intermediate,1.0,1.0,0.0,3.7830468e-27
testing8357.jpg,Intermediate,1.0,1.0,1.2828995e-30,4.3391448e-24
testing8358.jpg,Intermediate,1.0,1.0,2.3610303e-27,4.26082e-25
testing8359.jpg,Intermediate,1.0,1.0,9.1571245e-35,6.9199674e-28
testing8360.jpg,Outside,1.0,5.2710825e-29,6.224135e-29,1.0
testing8361.jpg,Nanodomain,1.0,4.2188122e-35,1.0,0.0
testing8362.jpg,Nanodomain,1.0,1.9874269e-36,1.0,0.0
testing8363.jpg,Nanodomain,1.0,6.587885e-35,1.0,0.0
testing8364.jpg,Nanodomain,1.0,2.3757471e-35,1.0,0.0
testing8365.jpg,Nanodomain,1.0,0.0,1.0,0.0
testing8366.jpg,Nanodomain,1.0,8.786275e-38,1.0,0.0
testing8367.jpg,Nanodomain,1.0,1.4292052e-19,1.0,0.0
testing8368.jpg,Nanodomain,1.0,2.4034764e-35,1.0,0.0
testing8369.jpg,Nanodomain,1.0,4.814779e-29,1.0,0.0
testing8370.jpg,Nanodomain,1.0,6.531579e-21,1.0,0.0
testing8371.jpg,Nanodomain,1.0,4.7657387e-27,1.0,0.0
testing8372.jpg,Nanodomain,1.0,3.531011e-17,1.0,0.0
testing8373.jpg,Nanodomain,1.0,7.150487e-26,1.0,0.0
testing8374.jpg,Outside,1.0,2.893634e-34,3.8103109e-31,1.0
testing8375.jpg,Outside,1.0,1.9892645e-34,4.517864e-34,1.0
testing8376.jpg,Outside,0.99999905,9.483839e-07,1.5289262e-18,0.99999905
testing8377.jpg,Intermediate,1.0,1.0,3.0131164e-28,3.918218e-26
testing8378.jpg,Intermediate,1.0,1.0,1.3369543e-22,2.5116111e-09
testing8379.jpg,Intermediate,0.9999008,0.9999008,4.2156203e-23,9.922538e-05
testing8380.jpg,Intermediate,1.0,1.0,3.4236886e-34,3.2696584e-21
testing8381.jpg,Intermediate,0.99754,0.99754,1.2498409e-22,0.00246
testing8382.jpg,Intermediate,1.0,1.0,5.1417343e-22,1.7148912e-13
testing8383.jpg,Outside,0.9986719,0.0013281159,1.1722728e-17,0.9986719
testing8384.jpg,Intermediate,1.0,1.0,6.583026e-23,2.0543766e-08
testing8385.jpg,Outside,1.0,2.2852787e-16,3.9918346e-22,1.0
testing8386.jpg,Intermediate,1.0,1.0,2.3592626e-22,1.1909133e-08
testing8387.jpg,Intermediate,0.9815285,0.9815285,7.996606e-20,0.018471496
testing8388.jpg,Nanodomain,1.0,0.0,1.0,0.0
testing8389.jpg,Nanodomain,1.0,0.0,1.0,0.0
testing8390.jpg,Nanodomain,1.0,0.0,1.0,0.0
testing8391.jpg,Nanodomain,1.0,0.0,1.0,0.0
testing8392.jpg,Nanodomain,1.0,0.0,1.0,0.0
testing8393.jpg,Nanodomain,1.0,0.0,1.0,0.0
testing8394.jpg,Nanodomain,1.0,0.0,1.0,0.0
testing8395.jpg,Nanodomain,1.0,0.0,1.0,0.0
testing8396.jpg,Nanodomain,1.0,0.0,1.0,0.0
testing8397.jpg,Nanodomain,1.0,0.0,1.0,0.0
testing8398.jpg,Nanodomain,1.0,0.0,1.0,0.0
testing8399.jpg,Nanodomain,1.0,0.0,1.0,0.0
testing8400.jpg,Nanodomain,1.0,0.0,1.0,0.0
testing8401.jpg,Nanodomain,1.0,0.0,1.0,0.0
testing8402.jpg,Nanodomain,1.0,0.0,1.0,0.0
testing8403.jpg,Intermediate,1.0,1.0,4.9791894e-29,7.7057246e-19
testing8404.jpg,Outside,1.0,1.8812207e-28,7.356351e-29,1.0
testing8405.jpg,Intermediate,1.0,1.0,3.4095806e-11,1.0025846e-25
testing8406.jpg,Intermediate,1.0,1.0,1.1865966e-30,4.779824e-22
testing8407.jpg,Intermediate,1.0,1.0,1.4218988e-31,1.3245998e-27
testing8408.jpg,Nanodomain,1.0,0.0,1.0,0.0
testing8409.jpg,Nanodomain,1.0,0.0,1.0,0.0
testing8410.jpg,Nanodomain,1.0,0.0,1.0,0.0
testing8411.jpg,Nanodomain,1.0,0.0,1.0,0.0
testing8412.jpg,Nanodomain,1.0,0.0,1.0,0.0
testing8413.jpg,Nanodomain,1.0,0.0,1.0,0.0
testing8414.jpg,Nanodomain,1.0,0.0,1.0,0.0
testing8415.jpg,Nanodomain,1.0,0.0,1.0,0.0
testing8416.jpg,Nanodomain,1.0,0.0,1.0,0.0
testing8417.jpg,Nanodomain,1.0,0.0,1.0,0.0
testing8418.jpg,Nanodomain,1.0,0.0,1.0,0.0
testing8419.jpg,Nanodomain,1.0,0.0,1.0,0.0
testing8420.jpg,Nanodomain,1.0,0.0,1.0,0.0
testing8421.jpg,Nanodomain,1.0,0.0,1.0,0.0
testing8422.jpg,Nanodomain,1.0,2.1469196e-38,1.0,0.0
testing8423.jpg,Intermediate,0.9999126,0.9999126,8.7371016e-05,2.347187e-24
testing8424.jpg,Intermediate,1.0,1.0,6.403996e-15,6.1765325e-26
testing8425.jpg,Intermediate,1.0,1.0,5.900049e-28,2.7645244e-30
testing8426.jpg,Nanodomain,1.0,0.0,1.0,0.0
testing8427.jpg,Nanodomain,1.0,0.0,1.0,0.0
testing8428.jpg,Nanodomain,1.0,0.0,1.0,0.0
testing8429.jpg,Nanodomain,1.0,0.0,1.0,0.0
testing8430.jpg,Nanodomain,1.0,0.0,1.0,0.0
testing8431.jpg,Nanodomain,1.0,0.0,1.0,0.0
testing8432.jpg,Nanodomain,1.0,0.0,1.0,0.0
testing8433.jpg,Nanodomain,1.0,0.0,1.0,0.0
testing8434.jpg,Nanodomain,1.0,1.6525013e-35,1.0,0.0
testing8435.jpg,Nanodomain,1.0,1.0120993e-17,1.0,0.0
testing8436.jpg,Outside,1.0,2.4873933e-31,3.414722e-30,1.0
testing8437.jpg,Nanodomain,1.0,0.0,1.0,0.0
testing8438.jpg,Nanodomain,1.0,0.0,1.0,0.0
testing8439.jpg,Nanodomain,1.0,0.0,1.0,0.0
testing8440.jpg,Nanodomain,1.0,0.0,1.0,0.0
testing8441.jpg,Nanodomain,1.0,0.0,1.0,0.0
testing8442.jpg,Nanodomain,1.0,1.3704513e-37,1.0,0.0
testing8443.jpg,Nanodomain,1.0,0.0,1.0,0.0
testing8444.jpg,Nanodomain,1.0,0.0,1.0,0.0
testing8445.jpg,Nanodomain,1.0,0.0,1.0,0.0
testing8446.jpg,Nanodomain,1.0,0.0,1.0,0.0
testing8447.jpg,Outside,1.0,4.289239e-35,1.391993e-33,1.0
testing8448.jpg,Intermediate,1.0,1.0,6.460946e-23,1.5386727e-29
testing8449.jpg,Outside,1.0,1.0475229e-31,3.3861584e-30,1.0
testing8450.jpg,Outside,1.0,2.628256e-29,8.3650805e-29,1.0
testing8451.jpg,Outside,1.0,1.0306736e-37,5.0903176e-34,1.0
testing8452.jpg,Outside,1.0,2.1990204e-33,5.569024e-31,1.0
testing8453.jpg,Outside,1.0,2.4091832e-30,9.659787e-29,1.0
testing8454.jpg,Outside,1.0,1.3020004e-28,1.1726444e-27,1.0
testing8455.jpg,Outside,1.0,7.529695e-33,1.0211557e-30,1.0
testing8456.jpg,Outside,1.0,1.2644531e-27,2.6909175e-25,1.0
testing8457.jpg,Outside,1.0,1.407686e-27,6.977519e-27,1.0
testing8458.jpg,Outside,1.0,6.2999846e-27,8.240959e-28,1.0
testing8459.jpg,Outside,1.0,1.1171603e-23,6.1405615e-27,1.0
testing8460.jpg,Outside,1.0,1.1851269e-29,4.964834e-28,1.0
testing8461.jpg,Outside,1.0,1.5934302e-30,1.1521137e-29,1.0
testing8462.jpg,Outside,1.0,6.7221764e-35,8.732771e-32,1.0
testing8463.jpg,Outside,1.0,6.6872904e-35,2.6236743e-32,1.0
testing8464.jpg,Outside,1.0,2.1224802e-32,2.980861e-31,1.0
testing8465.jpg,Outside,1.0,8.051285e-28,2.7910483e-29,1.0
testing8466.jpg,Outside,1.0,2.4191923e-31,4.706511e-29,1.0
testing8467.jpg,Outside,1.0,5.1272022e-14,2.0647038e-23,1.0
testing8468.jpg,Nanodomain,1.0,0.0,1.0,0.0
testing8469.jpg,Nanodomain,1.0,0.0,1.0,0.0
testing8470.jpg,Nanodomain,1.0,3.164252e-37,1.0,0.0
testing8471.jpg,Nanodomain,1.0,3.4120472e-33,1.0,0.0
testing8472.jpg,Nanodomain,1.0,2.5087422e-36,1.0,0.0
testing8473.jpg,Nanodomain,1.0,3.6084426e-36,1.0,0.0
testing8474.jpg,Nanodomain,1.0,7.392529e-36,1.0,0.0
testing8475.jpg,Nanodomain,1.0,1.9168454e-37,1.0,0.0
testing8476.jpg,Nanodomain,1.0,4.485502e-38,1.0,0.0
testing8477.jpg,Nanodomain,1.0,4.969211e-28,1.0,0.0
testing8478.jpg,Nanodomain,1.0,4.38091e-23,1.0,0.0
testing8479.jpg,Nanodomain,1.0,7.6210083e-26,1.0,0.0
testing8480.jpg,Nanodomain,1.0,6.226889e-22,1.0,0.0
testing8481.jpg,Outside,1.0,8.352752e-26,4.367519e-27,1.0
testing8482.jpg,Outside,1.0,2.5582657e-18,4.9225357e-20,1.0
testing8483.jpg,Outside,1.0,7.2548804e-37,1.4255531e-32,1.0
testing8484.jpg,Outside,1.0,5.892804e-36,2.8197135e-32,1.0
testing8485.jpg,Intermediate,1.0,1.0,1.0848732e-22,1.05662694e-20
testing8486.jpg,Nanodomain,1.0,1.8868644e-26,1.0,0.0
testing8487.jpg,Nanodomain,1.0,1.5737447e-13,1.0,2.381375e-33
testing8488.jpg,Nanodomain,1.0,7.629406e-21,1.0,0.0
testing8489.jpg,Nanodomain,1.0,5.4928134e-17,1.0,3.2624804e-37
testing8490.jpg,Nanodomain,1.0,3.4828071e-12,1.0,2.0243888e-32
testing8491.jpg,Nanodomain,1.0,6.941794e-24,1.0,0.0
testing8492.jpg,Nanodomain,1.0,1.0675785e-12,1.0,7.3227623e-34
testing8493.jpg,Nanodomain,1.0,1.1755108e-27,1.0,0.0
testing8494.jpg,Nanodomain,1.0,1.4494753e-28,1.0,0.0
testing8495.jpg,Nanodomain,1.0,1.28165655e-23,1.0,0.0
testing8496.jpg,Nanodomain,1.0,2.8608652e-16,1.0,1.6549853e-37
testing8497.jpg,Nanodomain,1.0,8.064032e-15,1.0,1.1574883e-36
testing8498.jpg,Nanodomain,1.0,3.7633067e-23,1.0,0.0
testing8499.jpg,Nanodomain,0.9999957,4.234423e-06,0.9999957,2.3027129e-28
testing8500.jpg,Nanodomain,1.0,4.5133317e-20,1.0,4.8711584e-38
testing8501.jpg,Nanodomain,1.0,4.897933e-16,1.0,9.967174e-38
testing8502.jpg,Intermediate,1.0,1.0,2.5377994e-30,1.0098219e-21
testing8503.jpg,Outside,0.99833447,0.0016655996,7.4905114e-16,0.99833447
testing8504.jpg,Outside,0.99999857,1.4072855e-06,6.965616e-21,0.99999857
testing8505.jpg,Intermediate,1.0,1.0,1.7815009e-25,4.4992327e-10
testing8506.jpg,Intermediate,1.0,1.0,8.577866e-30,6.249344e-17
testing8507.jpg,Intermediate,1.0,1.0,5.6313552e-33,1.1102893e-25
testing8508.jpg,Intermediate,1.0,1.0,5.269446e-32,2.8224975e-27
testing8509.jpg,Intermediate,1.0,1.0,4.8585266e-28,1.0046599e-17
testing8510.jpg,Intermediate,1.0,1.0,1.3769193e-27,6.8982993e-14
testing8511.jpg,Outside,1.0,3.7907313e-20,9.636918e-24,1.0
testing8512.jpg,Intermediate,1.0,1.0,8.771558e-34,2.154572e-25
testing8513.jpg,Outside,1.0,1.4002482e-25,6.845694e-27,1.0
testing8514.jpg,Outside,1.0,1.9348715e-13,1.7736049e-21,1.0
testing8515.jpg,Nanodomain,1.0,0.0,1.0,0.0
testing8516.jpg,Nanodomain,1.0,0.0,1.0,0.0
testing8517.jpg,Nanodomain,1.0,0.0,1.0,0.0
testing8518.jpg,Nanodomain,1.0,0.0,1.0,0.0
testing8519.jpg,Nanodomain,1.0,0.0,1.0,0.0
testing8520.jpg,Nanodomain,1.0,0.0,1.0,0.0
testing8521.jpg,Nanodomain,1.0,0.0,1.0,0.0
testing8522.jpg,Nanodomain,1.0,0.0,1.0,0.0
testing8523.jpg,Nanodomain,1.0,0.0,1.0,0.0
testing8524.jpg,Nanodomain,1.0,0.0,1.0,0.0
testing8525.jpg,Nanodomain,1.0,0.0,1.0,0.0
testing8526.jpg,Nanodomain,1.0,0.0,1.0,0.0
testing8527.jpg,Nanodomain,1.0,0.0,1.0,0.0
testing8528.jpg,Nanodomain,1.0,0.0,1.0,0.0
testing8529.jpg,Nanodomain,1.0,0.0,1.0,0.0
testing8530.jpg,Outside,1.0,2.372515e-34,1.1455089e-30,1.0
testing8531.jpg,Outside,1.0,4.7130304e-30,6.11661e-31,1.0
testing8532.jpg,Intermediate,1.0,1.0,1.7157937e-21,4.6453663e-10
testing8533.jpg,Intermediate,1.0,1.0,1.0415918e-27,1.3295231e-23
testing8534.jpg,Nanodomain,1.0,0.0,1.0,0.0
testing8535.jpg,Nanodomain,1.0,0.0,1.0,0.0
testing8536.jpg,Nanodomain,1.0,0.0,1.0,0.0
testing8537.jpg,Nanodomain,1.0,0.0,1.0,0.0
testing8538.jpg,Nanodomain,1.0,0.0,1.0,0.0
testing8539.jpg,Nanodomain,1.0,0.0,1.0,0.0
testing8540.jpg,Nanodomain,1.0,0.0,1.0,0.0
testing8541.jpg,Nanodomain,1.0,0.0,1.0,0.0
testing8542.jpg,Nanodomain,1.0,0.0,1.0,0.0
testing8543.jpg,Nanodomain,1.0,0.0,1.0,0.0
testing8544.jpg,Nanodomain,1.0,0.0,1.0,0.0
testing8545.jpg,Nanodomain,1.0,0.0,1.0,0.0
testing8546.jpg,Nanodomain,1.0,0.0,1.0,0.0
testing8547.jpg,Nanodomain,1.0,0.0,1.0,0.0
testing8548.jpg,Nanodomain,1.0,5.400179e-37,1.0,0.0
testing8549.jpg,Nanodomain,1.0,1.5042798e-29,1.0,0.0
testing8550.jpg,Intermediate,0.9999995,0.9999995,5.3538616e-07,6.01595e-22
testing8551.jpg,Nanodomain,0.9999976,2.4103008e-06,0.9999976,1.8375897e-27
testing8552.jpg,Nanodomain,1.0,0.0,1.0,0.0
testing8553.jpg,Intermediate,1.0,1.0,8.1341864e-25,1.7722081e-25
testing8554.jpg,Intermediate,0.9692421,0.9692421,0.03075797,1.850749e-23
testing8555.jpg,Intermediate,1.0,1.0,1.7164392e-09,1.853112e-24
testing8556.jpg,Nanodomain,1.0,0.0,1.0,0.0
testing8557.jpg,Intermediate,1.0,1.0,1.1521163e-32,2.5739913e-22
testing8558.jpg,Intermediate,1.0,1.0,3.1169733e-25,1.9951052e-15
testing8559.jpg,Intermediate,1.0,1.0,8.425057e-30,8.949246e-17
testing8560.jpg,Intermediate,1.0,1.0,2.2992513e-24,9.634382e-24
testing8561.jpg,Nanodomain,1.0,4.1258274e-23,1.0,0.0
testing8562.jpg,Nanodomain,1.0,1.3411145e-26,1.0,0.0
testing8563.jpg,Nanodomain,1.0,8.9444057e-38,1.0,0.0
testing8564.jpg,Nanodomain,1.0,3.0751514e-26,1.0,0.0
testing8565.jpg,Nanodomain,1.0,0.0,1.0,0.0
testing8566.jpg,Nanodomain,1.0,0.0,1.0,0.0
testing8567.jpg,Nanodomain,1.0,0.0,1.0,0.0
testing8568.jpg,Nanodomain,1.0,0.0,1.0,0.0
testing8569.jpg,Nanodomain,1.0,0.0,1.0,0.0
testing8570.jpg,Nanodomain,1.0,0.0,1.0,0.0
testing8571.jpg,Nanodomain,1.0,0.0,1.0,0.0
testing8572.jpg,Nanodomain,1.0,0.0,1.0,0.0
testing8573.jpg,Nanodomain,1.0,0.0,1.0,0.0
testing8574.jpg,Nanodomain,1.0,0.0,1.0,0.0
testing8575.jpg,Intermediate,1.0,1.0,9.859677e-20,4.4926017e-26
testing8576.jpg,Intermediate,0.9740002,0.9740002,0.02599981,3.9137147e-23
testing8577.jpg,Outside,1.0,3.4418004e-33,1.278689e-28,1.0
testing8578.jpg,Outside,1.0,2.442994e-27,4.6386416e-27,1.0
testing8579.jpg,Outside,1.0,7.6721225e-31,4.916869e-27,1.0
testing8580.jpg,Outside,1.0,4.6903352e-33,4.352911e-29,1.0
testing8581.jpg,Outside,1.0,2.0584454e-29,3.0272414e-28,1.0
testing8582.jpg,Outside,1.0,1.0157366e-29,5.292359e-29,1.0
testing8583.jpg,Outside,1.0,2.138911e-28,4.8474724e-29,1.0
testing8584.jpg,Outside,1.0,1.2255986e-24,1.3265942e-24,1.0
testing8585.jpg,Outside,1.0,4.654138e-25,4.27348e-27,1.0
testing8586.jpg,Outside,1.0,1.05291636e-29,4.817923e-28,1.0
testing8587.jpg,Outside,1.0,9.258391e-27,1.9894396e-26,1.0
testing8588.jpg,Outside,1.0,3.964917e-27,9.5012965e-27,1.0
testing8589.jpg,Outside,1.0,8.691236e-23,2.204373e-23,1.0
testing8590.jpg,Outside,1.0,2.6315111e-18,1.7683084e-21,1.0
testing8591.jpg,Outside,1.0,1.1497993e-30,2.2350959e-28,1.0
testing8592.jpg,Outside,1.0,5.8763455e-30,2.5711976e-27,1.0
testing8593.jpg,Outside,1.0,3.3746e-25,1.7821602e-25,1.0
testing8594.jpg,Outside,1.0,2.1408627e-20,1.89569e-24,1.0
testing8595.jpg,Outside,1.0,2.7118847e-35,2.647358e-34,1.0
testing8596.jpg,Outside,1.0,1.7445389e-33,1.7057228e-30,1.0
testing8597.jpg,Nanodomain,1.0,3.0273394e-13,1.0,3.5211175e-36
testing8598.jpg,Nanodomain,1.0,3.0283102e-24,1.0,0.0
testing8599.jpg,Nanodomain,1.0,4.524442e-16,1.0,5.156208e-38
testing8600.jpg,Nanodomain,1.0,2.615982e-37,1.0,0.0
testing8601.jpg,Nanodomain,1.0,3.9845016e-22,1.0,0.0
testing8602.jpg,Nanodomain,1.0,2.0045367e-35,1.0,0.0
testing8603.jpg,Nanodomain,1.0,6.7261934e-38,1.0,0.0
testing8604.jpg,Nanodomain,1.0,4.7220128e-29,1.0,0.0
testing8605.jpg,Nanodomain,1.0,2.8695464e-14,1.0,6.1500686e-38
testing8606.jpg,Nanodomain,1.0,5.947664e-27,1.0,0.0
testing8607.jpg,Nanodomain,1.0,8.222287e-25,1.0,0.0
testing8608.jpg,Outside,1.0,1.3918426e-28,8.773554e-29,1.0
testing8609.jpg,Outside,1.0,3.312758e-29,6.997937e-27,1.0
testing8610.jpg,Outside,1.0,6.9551515e-32,2.2391557e-30,1.0
testing8611.jpg,Outside,1.0,1.5710602e-32,5.6743096e-33,1.0
testing8612.jpg,Outside,0.9999995,4.198092e-07,1.5196686e-20,0.9999995
testing8613.jpg,Intermediate,1.0,1.0,1.0315333e-33,1.7877105e-24
testing8614.jpg,Nanodomain,1.0,6.897199e-09,1.0,1.3954364e-28
testing8615.jpg,Nanodomain,0.60909206,0.390908,0.60909206,3.4198547e-22
testing8616.jpg,Nanodomain,1.0,1.6840462e-09,1.0,1.6712093e-27
testing8617.jpg,Nanodomain,1.0,6.657582e-10,1.0,7.8083896e-30
testing8618.jpg,Intermediate,0.9999999,0.9999999,7.466149e-08,2.0396162e-21
testing8619.jpg,Intermediate,1.0,1.0,5.1963083e-09,1.0469154e-24
testing8620.jpg,Intermediate,1.0,1.0,1.790356e-19,2.1844125e-27
testing8621.jpg,Intermediate,1.0,1.0,2.6114543e-23,1.8462447e-26
testing8622.jpg,Nanodomain,1.0,5.147455e-18,1.0,1.0014051e-37
testing8623.jpg,Nanodomain,1.0,3.5596635e-20,1.0,0.0
testing8624.jpg,Nanodomain,1.0,1.1269718e-10,1.0,1.0042586e-30
testing8625.jpg,Nanodomain,1.0,1.1801404e-09,1.0,3.6222943e-26
testing8626.jpg,Nanodomain,1.0,9.720864e-12,1.0,1.0997357e-30
testing8627.jpg,Nanodomain,1.0,3.957852e-16,1.0,1.5144434e-35
testing8628.jpg,Nanodomain,1.0,1.3642322e-13,1.0,5.6336757e-33
testing8629.jpg,Nanodomain,1.0,0.0,1.0,0.0
testing8630.jpg,Nanodomain,1.0,0.0,1.0,0.0
testing8631.jpg,Nanodomain,1.0,0.0,1.0,0.0
testing8632.jpg,Nanodomain,1.0,0.0,1.0,0.0
testing8633.jpg,Nanodomain,1.0,0.0,1.0,0.0
testing8634.jpg,Nanodomain,1.0,0.0,1.0,0.0
testing8635.jpg,Intermediate,0.99992955,0.99992955,1.215137e-15,7.0450646e-05
testing8636.jpg,Intermediate,1.0,1.0,1.5701135e-32,3.1618682e-19
testing8637.jpg,Intermediate,1.0,1.0,5.832896e-26,4.6289288e-23
testing8638.jpg,Intermediate,1.0,1.0,9.348853e-35,3.9754052e-23
testing8639.jpg,Intermediate,1.0,1.0,5.723109e-27,7.1182774e-22
testing8640.jpg,Intermediate,1.0,1.0,3.9263576e-26,7.9289145e-12
testing8641.jpg,Outside,1.0,2.1283481e-19,9.428558e-24,1.0
testing8642.jpg,Outside,0.99998,2.004833e-05,6.585049e-17,0.99998
testing8643.jpg,Outside,1.0,5.2791053e-24,2.7325903e-28,1.0
testing8644.jpg,Outside,1.0,4.4579587e-28,2.8244993e-28,1.0
testing8645.jpg,Outside,0.9999969,3.1016632e-06,7.6899316e-19,0.9999969
testing8646.jpg,Nanodomain,1.0,0.0,1.0,0.0
testing8647.jpg,Nanodomain,1.0,0.0,1.0,0.0
testing8648.jpg,Nanodomain,1.0,0.0,1.0,0.0
testing8649.jpg,Nanodomain,1.0,0.0,1.0,0.0
testing8650.jpg,Nanodomain,1.0,0.0,1.0,0.0
testing8651.jpg,Nanodomain,1.0,0.0,1.0,0.0
testing8652.jpg,Nanodomain,1.0,0.0,1.0,0.0
testing8653.jpg,Nanodomain,1.0,0.0,1.0,0.0
testing8654.jpg,Nanodomain,1.0,0.0,1.0,0.0
testing8655.jpg,Nanodomain,1.0,0.0,1.0,0.0
testing8656.jpg,Nanodomain,1.0,0.0,1.0,0.0
testing8657.jpg,Nanodomain,1.0,0.0,1.0,0.0
testing8658.jpg,Outside,1.0,8.681677e-34,2.7208636e-31,1.0
testing8659.jpg,Outside,1.0,7.2827827e-35,3.7502608e-33,1.0
testing8660.jpg,Nanodomain,1.0,3.0177943e-38,1.0,0.0
testing8661.jpg,Nanodomain,1.0,7.034637e-33,1.0,0.0
testing8662.jpg,Nanodomain,1.0,0.0,1.0,0.0
testing8663.jpg,Nanodomain,0.99999833,1.6730279e-06,0.99999833,1.1884661e-29
testing8664.jpg,Nanodomain,1.0,0.0,1.0,0.0
testing8665.jpg,Nanodomain,1.0,0.0,1.0,0.0
testing8666.jpg,Nanodomain,1.0,0.0,1.0,0.0
testing8667.jpg,Nanodomain,1.0,0.0,1.0,0.0
testing8668.jpg,Nanodomain,1.0,0.0,1.0,0.0
testing8669.jpg,Nanodomain,1.0,0.0,1.0,0.0
testing8670.jpg,Nanodomain,1.0,0.0,1.0,0.0
testing8671.jpg,Nanodomain,1.0,0.0,1.0,0.0
testing8672.jpg,Nanodomain,1.0,0.0,1.0,0.0
testing8673.jpg,Nanodomain,1.0,0.0,1.0,0.0
testing8674.jpg,Nanodomain,1.0,0.0,1.0,0.0
testing8675.jpg,Nanodomain,1.0,0.0,1.0,0.0
testing8676.jpg,Nanodomain,1.0,0.0,1.0,0.0
testing8677.jpg,Nanodomain,1.0,0.0,1.0,0.0
testing8678.jpg,Intermediate,1.0,1.0,2.233772e-08,1.0537186e-24
testing8679.jpg,Intermediate,1.0,1.0,7.51911e-09,3.4711122e-25
testing8680.jpg,Nanodomain,1.0,6.9712004e-23,1.0,0.0
testing8681.jpg,Nanodomain,1.0,0.0,1.0,0.0
testing8682.jpg,Nanodomain,1.0,0.0,1.0,0.0
testing8683.jpg,Nanodomain,1.0,0.0,1.0,0.0
testing8684.jpg,Nanodomain,1.0,0.0,1.0,0.0
testing8685.jpg,Nanodomain,1.0,0.0,1.0,0.0
testing8686.jpg,Nanodomain,1.0,0.0,1.0,0.0
testing8687.jpg,Nanodomain,0.9999963,3.6607864e-06,0.9999963,9.588518e-31
testing8688.jpg,Intermediate,1.0,1.0,2.188533e-08,2.4846836e-29
testing8689.jpg,Intermediate,1.0,1.0,5.992467e-25,1.3877529e-31
testing8690.jpg,Intermediate,1.0,1.0,3.508779e-15,5.65162e-28
testing8691.jpg,Outside,1.0,1.7311381e-29,1.4703753e-29,1.0
testing8692.jpg,Intermediate,0.9999962,0.9999962,1.4951626e-19,3.7954028e-06
testing8693.jpg,Outside,1.0,6.8838763e-34,2.0617282e-31,1.0
testing8694.jpg,Nanodomain,1.0,0.0,1.0,0.0
testing8695.jpg,Nanodomain,1.0,0.0,1.0,0.0
testing8696.jpg,Nanodomain,1.0,0.0,1.0,0.0
testing8697.jpg,Nanodomain,1.0,0.0,1.0,0.0
testing8698.jpg,Nanodomain,1.0,0.0,1.0,0.0
testing8699.jpg,Nanodomain,1.0,0.0,1.0,0.0
testing8700.jpg,Nanodomain,1.0,0.0,1.0,0.0
testing8701.jpg,Outside,1.0,5.693632e-32,1.7649164e-31,1.0
testing8702.jpg,Outside,1.0,1.011122e-34,8.803605e-34,1.0
testing8703.jpg,Outside,1.0,2.3989095e-32,5.5525075e-28,1.0
testing8704.jpg,Outside,1.0,4.4129858e-13,2.1210322e-24,1.0
testing8705.jpg,Outside,1.0,9.726069e-32,1.1012398e-28,1.0
testing8706.jpg,Outside,1.0,9.3024914e-29,2.7481154e-27,1.0
testing8707.jpg,Outside,1.0,2.148085e-21,3.3217747e-25,1.0
testing8708.jpg,Outside,1.0,2.651961e-31,5.0440743e-29,1.0
testing8709.jpg,Outside,1.0,4.6238625e-31,5.8329545e-29,1.0
testing8710.jpg,Outside,1.0,4.1573502e-36,1.942207e-32,1.0
testing8711.jpg,Outside,1.0,2.4146803e-34,6.9522107e-31,1.0
testing8712.jpg,Outside,1.0,5.4348377e-29,3.503209e-26,1.0
testing8713.jpg,Outside,1.0,1.5974537e-29,3.4341632e-28,1.0
testing8714.jpg,Outside,1.0,4.965593e-35,5.3368862e-34,1.0
testing8715.jpg,Outside,1.0,6.16967e-29,1.0450629e-26,1.0
testing8716.jpg,Outside,1.0,2.6291186e-29,8.861821e-28,1.0
testing8717.jpg,Outside,1.0,4.7172095e-35,3.2295144e-32,1.0
testing8718.jpg,Outside,1.0,5.0688312e-33,1.2806892e-30,1.0
testing8719.jpg,Outside,1.0,1.6599022e-32,6.282408e-30,1.0
testing8720.jpg,Outside,1.0,7.923215e-31,1.6647249e-28,1.0
testing8721.jpg,Outside,1.0,3.9532063e-30,8.759814e-28,1.0
testing8722.jpg,Outside,1.0,4.1503456e-29,2.6869115e-29,1.0
testing8723.jpg,Outside,1.0,3.8461314e-32,1.030989e-28,1.0
testing8724.jpg,Outside,1.0,5.2809382e-24,1.4974319e-22,1.0
testing8725.jpg,Outside,1.0,1.2102706e-33,1.171846e-31,1.0
testing8726.jpg,Outside,1.0,1.3781442e-34,2.7672134e-31,1.0
testing8727.jpg,Nanodomain,1.0,6.111289e-17,1.0,0.0
testing8728.jpg,Outside,1.0,2.433049e-37,7.575826e-32,1.0
testing8729.jpg,Nanodomain,1.0,1.702528e-26,1.0,0.0
testing8730.jpg,Nanodomain,1.0,4.5104103e-18,1.0,1.860387e-38
testing8731.jpg,Nanodomain,1.0,7.224133e-25,1.0,0.0
testing8732.jpg,Nanodomain,1.0,1.546634e-15,1.0,0.0
testing8733.jpg,Nanodomain,1.0,3.5928753e-24,1.0,0.0
testing8734.jpg,Nanodomain,1.0,9.28242e-12,1.0,1.4121888e-33
testing8735.jpg,Nanodomain,1.0,3.884127e-17,1.0,4.866748e-34
testing8736.jpg,Nanodomain,1.0,4.5067824e-10,1.0,1.0240379e-31
testing8737.jpg,Outside,1.0,6.486057e-24,1.2486313e-26,1.0
testing8738.jpg,Outside,1.0,2.3721163e-27,7.247006e-27,1.0
testing8739.jpg,Outside,1.0,5.1807553e-30,1.0243213e-27,1.0
testing8740.jpg,Outside,1.0,3.4075987e-33,2.16413e-30,1.0
testing8741.jpg,Outside,1.0,9.0476107e-35,2.4476157e-31,1.0
testing8742.jpg,Outside,1.0,2.0522723e-24,2.2251703e-26,1.0
testing8743.jpg,Nanodomain,1.0,2.1901605e-09,1.0,4.1417616e-27
testing8744.jpg,Intermediate,0.9996805,0.9996805,0.00031953366,3.2945766e-21
testing8745.jpg,Intermediate,0.99999917,0.99999917,8.1754956e-07,4.1600733e-22
testing8746.jpg,Intermediate,1.0,1.0,7.256014e-15,8.149681e-26
testing8747.jpg,Intermediate,1.0,1.0,1.373486e-08,1.9957821e-23
testing8748.jpg,Intermediate,1.0,1.0,1.3407307e-19,4.426001e-28
testing8749.jpg,Intermediate,1.0,1.0,5.5601882e-14,6.077058e-28
testing8750.jpg,Nanodomain,1.0,2.2776404e-21,1.0,0.0
testing8751.jpg,Nanodomain,0.9999994,5.8860576e-07,0.9999994,2.2515229e-30
testing8752.jpg,Nanodomain,1.0,7.5474176e-31,1.0,0.0
testing8753.jpg,Nanodomain,1.0,2.2556325e-12,1.0,6.4630057e-34
testing8754.jpg,Nanodomain,0.8125735,0.18742655,0.8125735,2.680495e-22
testing8755.jpg,Intermediate,1.0,1.0,1.9778973e-36,1.9634008e-24
testing8756.jpg,Nanodomain,1.0,0.0,1.0,0.0
testing8757.jpg,Nanodomain,1.0,0.0,1.0,0.0
testing8758.jpg,Nanodomain,1.0,0.0,1.0,0.0
testing8759.jpg,Nanodomain,1.0,0.0,1.0,0.0
testing8760.jpg,Nanodomain,1.0,0.0,1.0,0.0
testing8761.jpg,Nanodomain,1.0,0.0,1.0,0.0
testing8762.jpg,Nanodomain,1.0,0.0,1.0,0.0
testing8763.jpg,Nanodomain,1.0,1.6697679e-36,1.0,0.0
testing8764.jpg,Nanodomain,1.0,6.883022e-23,1.0,0.0
testing8765.jpg,Outside,0.9999957,4.26763e-06,3.476458e-21,0.9999957
testing8766.jpg,Intermediate,1.0,1.0,1.1790704e-30,3.9227035e-19
testing8767.jpg,Intermediate,1.0,1.0,1.25549274e-29,3.0830806e-18
testing8768.jpg,Intermediate,1.0,1.0,3.3618366e-35,4.0819974e-21
testing8769.jpg,Outside,1.0,7.440756e-24,1.877817e-26,1.0
testing8770.jpg,Outside,1.0,5.3077016e-30,2.8580522e-30,1.0
testing8771.jpg,Outside,1.0,2.76663e-18,3.8142038e-26,1.0
testing8772.jpg,Outside,1.0,3.3631446e-28,2.4961242e-27,1.0
testing8773.jpg,Outside,1.0,8.405961e-29,8.215901e-30,1.0
testing8774.jpg,Outside,1.0,6.230736e-15,1.6176637e-24,1.0
testing8775.jpg,Nanodomain,1.0,0.0,1.0,0.0
testing8776.jpg,Nanodomain,1.0,0.0,1.0,0.0
testing8777.jpg,Nanodomain,1.0,0.0,1.0,0.0
testing8778.jpg,Nanodomain,1.0,0.0,1.0,0.0
testing8779.jpg,Nanodomain,1.0,0.0,1.0,0.0
testing8780.jpg,Nanodomain,1.0,0.0,1.0,0.0
testing8781.jpg,Nanodomain,1.0,0.0,1.0,0.0
testing8782.jpg,Nanodomain,1.0,0.0,1.0,0.0
testing8783.jpg,Nanodomain,1.0,0.0,1.0,0.0
testing8784.jpg,Nanodomain,1.0,0.0,1.0,0.0
testing8785.jpg,Nanodomain,1.0,0.0,1.0,0.0
testing8786.jpg,Outside,1.0,3.1167536e-36,4.5401858e-34,1.0
testing8787.jpg,Outside,1.0,4.6275023e-29,1.8068289e-27,1.0
testing8788.jpg,Nanodomain,1.0,5.2710845e-36,1.0,0.0
testing8789.jpg,Nanodomain,1.0,1.3180875e-27,1.0,0.0
testing8790.jpg,Nanodomain,1.0,0.0,1.0,0.0
testing8791.jpg,Nanodomain,1.0,0.0,1.0,0.0
testing8792.jpg,Nanodomain,1.0,0.0,1.0,0.0
testing8793.jpg,Nanodomain,1.0,0.0,1.0,0.0
testing8794.jpg,Nanodomain,1.0,0.0,1.0,0.0
testing8795.jpg,Nanodomain,1.0,0.0,1.0,0.0
testing8796.jpg,Nanodomain,1.0,0.0,1.0,0.0
testing8797.jpg,Nanodomain,1.0,0.0,1.0,0.0
testing8798.jpg,Nanodomain,1.0,0.0,1.0,0.0
testing8799.jpg,Nanodomain,1.0,0.0,1.0,0.0
testing8800.jpg,Nanodomain,1.0,0.0,1.0,0.0
testing8801.jpg,Nanodomain,1.0,1.3880254e-35,1.0,0.0
testing8802.jpg,Nanodomain,1.0,9.158059e-22,1.0,0.0
testing8803.jpg,Nanodomain,1.0,0.0,1.0,0.0
testing8804.jpg,Nanodomain,1.0,0.0,1.0,0.0
testing8805.jpg,Nanodomain,1.0,0.0,1.0,0.0
testing8806.jpg,Nanodomain,1.0,0.0,1.0,0.0
testing8807.jpg,Nanodomain,1.0,0.0,1.0,0.0
testing8808.jpg,Nanodomain,1.0,0.0,1.0,0.0
testing8809.jpg,Nanodomain,1.0,1.6965236e-27,1.0,0.0
testing8810.jpg,Nanodomain,1.0,0.0,1.0,0.0
testing8811.jpg,Nanodomain,1.0,0.0,1.0,0.0
testing8812.jpg,Nanodomain,1.0,0.0,1.0,0.0
testing8813.jpg,Nanodomain,1.0,3.018234e-29,1.0,0.0
testing8814.jpg,Intermediate,1.0,1.0,2.572073e-14,3.6930152e-28
testing8815.jpg,Nanodomain,1.0,0.0,1.0,0.0
testing8816.jpg,Nanodomain,1.0,0.0,1.0,0.0
testing8817.jpg,Nanodomain,1.0,0.0,1.0,0.0
testing8818.jpg,Nanodomain,1.0,0.0,1.0,0.0
testing8819.jpg,Nanodomain,1.0,0.0,1.0,0.0
testing8820.jpg,Nanodomain,1.0,8.420534e-36,1.0,0.0
testing8821.jpg,Outside,1.0,1.2021313e-10,8.067682e-18,1.0
testing8822.jpg,Outside,1.0,8.557733e-30,1.1168506e-28,1.0
testing8823.jpg,Intermediate,1.0,1.0,2.4994656e-37,1.8066713e-26
testing8824.jpg,Intermediate,1.0,1.0,2.5150203e-27,1.1049669e-15
testing8825.jpg,Intermediate,1.0,1.0,1.6924079e-25,8.288061e-20
testing8826.jpg,Intermediate,1.0,1.0,3.5103925e-26,3.312645e-10
testing8827.jpg,Outside,1.0,1.894922e-33,4.604797e-32,1.0
testing8828.jpg,Outside,1.0,1.1066748e-31,5.7764145e-32,1.0
testing8829.jpg,Outside,1.0,3.8759252e-33,1.065969e-31,1.0
testing8830.jpg,Outside,1.0,1.3992363e-29,2.871397e-29,1.0
testing8831.jpg,Intermediate,0.93001616,0.93001616,0.06998385,9.3967194e-26
testing8832.jpg,Intermediate,1.0,1.0,2.1441656e-08,1.9296668e-25
testing8833.jpg,Outside,1.0,6.556959e-31,1.4331069e-29,1.0
testing8834.jpg,Outside,1.0,9.987397e-28,1.0456975e-25,1.0
testing8835.jpg,Outside,1.0,2.3676171e-32,1.5135124e-29,1.0
testing8836.jpg,Outside,1.0,8.346448e-33,2.6221675e-29,1.0
testing8837.jpg,Outside,1.0,6.390111e-30,3.817271e-28,1.0
testing8838.jpg,Outside,1.0,1.1922318e-30,7.34704e-29,1.0
testing8839.jpg,Outside,1.0,4.6841983e-27,6.40968e-26,1.0
testing8840.jpg,Intermediate,1.0,1.0,1.6543594e-38,2.9694338e-30
testing8841.jpg,Outside,1.0,3.1359643e-30,1.42617125e-27,1.0
testing8842.jpg,Outside,1.0,6.8644103e-29,6.09263e-29,1.0
testing8843.jpg,Outside,1.0,2.5688669e-25,8.396227e-27,1.0
testing8844.jpg,Outside,1.0,1.4430016e-31,1.7213e-29,1.0
testing8845.jpg,Outside,1.0,9.028606e-29,1.3705105e-27,1.0
testing8846.jpg,Outside,1.0,5.6056543e-34,4.0303728e-32,1.0
testing8847.jpg,Outside,1.0,8.583009e-29,3.7609277e-29,1.0
testing8848.jpg,Outside,1.0,2.351829e-24,9.035559e-23,1.0
testing8849.jpg,Intermediate,1.0,1.0,7.420161e-36,1.0028147e-24
testing8850.jpg,Outside,1.0,7.0332274e-22,6.745256e-24,1.0
testing8851.jpg,Outside,1.0,3.598965e-32,1.2179653e-30,1.0
testing8852.jpg,Outside,1.0,1.0111626e-30,3.6069163e-28,1.0
testing8853.jpg,Outside,1.0,4.533313e-35,7.090328e-32,1.0
testing8854.jpg,Outside,1.0,3.2362273e-37,1.3445066e-32,1.0
testing8855.jpg,Outside,1.0,1.3145498e-31,6.6302094e-29,1.0
testing8856.jpg,Nanodomain,1.0,3.8407262e-22,1.0,0.0
testing8857.jpg,Nanodomain,1.0,1.3060635e-22,1.0,0.0
testing8858.jpg,Nanodomain,1.0,8.1184506e-22,1.0,0.0
testing8859.jpg,Nanodomain,1.0,2.8303977e-14,1.0,1.650971e-34
testing8860.jpg,Nanodomain,1.0,6.233537e-24,1.0,0.0
testing8861.jpg,Nanodomain,1.0,9.327081e-29,1.0,0.0
testing8862.jpg,Nanodomain,1.0,1.3039282e-14,1.0,6.050992e-34
testing8863.jpg,Intermediate,0.99999917,0.99999917,4.053014e-19,8.513625e-07
testing8864.jpg,Outside,1.0,1.1497441e-27,3.8399692e-27,1.0
testing8865.jpg,Outside,1.0,2.9631323e-29,1.2894759e-27,1.0
testing8866.jpg,Outside,1.0,1.3956742e-38,2.6979044e-34,1.0
testing8867.jpg,Outside,1.0,2.7597526e-29,5.54351e-29,1.0
testing8868.jpg,Outside,1.0,1.3254732e-21,7.071098e-24,1.0
testing8869.jpg,Outside,1.0,4.800009e-32,7.948652e-29,1.0
testing8870.jpg,Outside,1.0,1.8263767e-28,5.399324e-26,1.0
testing8871.jpg,Outside,1.0,1.5610851e-30,2.3515259e-30,1.0
testing8872.jpg,Intermediate,1.0,1.0,4.457375e-08,1.4520365e-22
testing8873.jpg,Intermediate,1.0,1.0,5.619737e-36,4.6702194e-23
testing8874.jpg,Intermediate,1.0,1.0,4.5786033e-09,1.3464714e-26
testing8875.jpg,Intermediate,0.9837991,0.9837991,0.016200872,8.391994e-23
testing8876.jpg,Intermediate,0.9981243,0.9981243,0.0018756632,1.5720692e-21
testing8877.jpg,Intermediate,1.0,1.0,2.0735118e-31,3.6682127e-32
testing8878.jpg,Nanodomain,1.0,1.2103648e-15,1.0,9.929277e-35
testing8879.jpg,Intermediate,0.63307256,0.63307256,0.3669274,1.6993113e-21
testing8880.jpg,Nanodomain,1.0,1.0897363e-11,1.0,3.24161e-32
testing8881.jpg,Nanodomain,1.0,1.4139428e-30,1.0,0.0
testing8882.jpg,Nanodomain,1.0,6.0177064e-19,1.0,1.4659896e-37
testing8883.jpg,Nanodomain,0.9999722,2.7783031e-05,0.9999722,2.2847078e-25
testing8884.jpg,Nanodomain,1.0,0.0,1.0,0.0
testing8885.jpg,Nanodomain,1.0,0.0,1.0,0.0
testing8886.jpg,Nanodomain,1.0,0.0,1.0,0.0
testing8887.jpg,Nanodomain,1.0,0.0,1.0,0.0
testing8888.jpg,Nanodomain,1.0,0.0,1.0,0.0
testing8889.jpg,Nanodomain,1.0,0.0,1.0,0.0
testing8890.jpg,Nanodomain,1.0,0.0,1.0,0.0
testing8891.jpg,Intermediate,1.0,1.0,1.4158315e-23,1.4397803e-15
testing8892.jpg,Intermediate,1.0,1.0,2.6782834e-30,1.6065202e-17
testing8893.jpg,Outside,1.0,5.5572918e-11,2.1930762e-22,1.0
testing8894.jpg,Intermediate,1.0,1.0,7.8148775e-32,3.6433632e-16
testing8895.jpg,Intermediate,1.0,1.0,1.1674516e-30,4.9531636e-20
testing8896.jpg,Intermediate,1.0,1.0,3.9881136e-33,5.866367e-19
testing8897.jpg,Intermediate,0.9999975,0.9999975,1.5726e-21,2.5036354e-06
testing8898.jpg,Intermediate,1.0,1.0,4.0673025e-24,1.0742016e-10
testing8899.jpg,Outside,1.0,1.1444694e-30,7.568562e-28,1.0
testing8900.jpg,Outside,1.0,2.3356281e-32,2.7618892e-30,1.0
testing8901.jpg,Outside,1.0,1.9655875e-33,1.9938269e-30,1.0
testing8902.jpg,Outside,1.0,5.885647e-33,1.707676e-30,1.0
testing8903.jpg,Outside,1.0,0.0,8.031988e-36,1.0
testing8904.jpg,Outside,1.0,8.0172494e-32,1.1885497e-29,1.0
testing8905.jpg,Nanodomain,1.0,0.0,1.0,0.0
testing8906.jpg,Nanodomain,1.0,0.0,1.0,0.0
testing8907.jpg,Nanodomain,1.0,0.0,1.0,0.0
testing8908.jpg,Nanodomain,1.0,0.0,1.0,0.0
testing8909.jpg,Nanodomain,1.0,0.0,1.0,0.0
testing8910.jpg,Nanodomain,1.0,0.0,1.0,0.0
testing8911.jpg,Nanodomain,1.0,0.0,1.0,0.0
testing8912.jpg,Nanodomain,1.0,0.0,1.0,0.0
testing8913.jpg,Outside,1.0,3.9461116e-29,1.8886998e-27,1.0
testing8914.jpg,Outside,1.0,9.037901e-31,2.308545e-28,1.0
testing8915.jpg,Outside,1.0,3.370184e-27,1.2602546e-26,1.0
testing8916.jpg,Nanodomain,1.0,2.3330029e-38,1.0,0.0
testing8917.jpg,Nanodomain,1.0,0.0,1.0,0.0
testing8918.jpg,Nanodomain,1.0,0.0,1.0,0.0
testing8919.jpg,Nanodomain,1.0,0.0,1.0,0.0
testing8920.jpg,Nanodomain,1.0,0.0,1.0,0.0
testing8921.jpg,Nanodomain,1.0,0.0,1.0,0.0
testing8922.jpg,Nanodomain,1.0,0.0,1.0,0.0
testing8923.jpg,Nanodomain,1.0,0.0,1.0,0.0
testing8924.jpg,Nanodomain,1.0,0.0,1.0,0.0
testing8925.jpg,Nanodomain,1.0,0.0,1.0,0.0
testing8926.jpg,Nanodomain,1.0,0.0,1.0,0.0
testing8927.jpg,Nanodomain,1.0,0.0,1.0,0.0
testing8928.jpg,Nanodomain,1.0,0.0,1.0,0.0
testing8929.jpg,Nanodomain,1.0,0.0,1.0,0.0
testing8930.jpg,Intermediate,1.0,1.0,8.734148e-22,6.447884e-27
testing8931.jpg,Nanodomain,0.9993156,0.00068443414,0.9993156,1.4223427e-21
testing8932.jpg,Intermediate,1.0,1.0,5.322502e-23,2.3816366e-27
testing8933.jpg,Intermediate,1.0,1.0,1.2091624e-19,5.3198236e-30
testing8934.jpg,Intermediate,1.0,1.0,4.5961208e-20,1.261356e-26
testing8935.jpg,Nanodomain,1.0,0.0,1.0,0.0
testing8936.jpg,Nanodomain,1.0,0.0,1.0,0.0
testing8937.jpg,Nanodomain,1.0,0.0,1.0,0.0
testing8938.jpg,Nanodomain,1.0,0.0,1.0,0.0
testing8939.jpg,Nanodomain,1.0,0.0,1.0,0.0
testing8940.jpg,Nanodomain,1.0,0.0,1.0,0.0
testing8941.jpg,Nanodomain,1.0,0.0,1.0,0.0
testing8942.jpg,Nanodomain,1.0,0.0,1.0,0.0
testing8943.jpg,Nanodomain,1.0,0.0,1.0,0.0
testing8944.jpg,Nanodomain,1.0,0.0,1.0,0.0
testing8945.jpg,Nanodomain,1.0,0.0,1.0,0.0
testing8946.jpg,Nanodomain,1.0,0.0,1.0,0.0
testing8947.jpg,Nanodomain,1.0,0.0,1.0,0.0
testing8948.jpg,Nanodomain,1.0,1.3855633e-38,1.0,0.0
testing8949.jpg,Nanodomain,1.0,4.0024877e-32,1.0,0.0
testing8950.jpg,Outside,1.0,2.4828865e-34,2.7400377e-32,1.0
testing8951.jpg,Outside,1.0,3.7117193e-33,7.2098534e-30,1.0
testing8952.jpg,Outside,1.0,0.0,5.4202687e-34,1.0
testing8953.jpg,Nanodomain,1.0,0.0,1.0,0.0
testing8954.jpg,Outside,1.0,2.0443107e-31,2.5825192e-29,1.0
testing8955.jpg,Outside,1.0,6.52485e-30,4.07082e-27,1.0
testing8956.jpg,Outside,1.0,2.051755e-32,5.0007155e-30,1.0
testing8957.jpg,Outside,1.0,1.6716616e-35,1.0634554e-30,1.0
testing8958.jpg,Outside,1.0,9.229597e-31,1.7729972e-27,1.0
testing8959.jpg,Intermediate,1.0,1.0,1.2928783e-10,1.7332164e-25
testing8960.jpg,Intermediate,1.0,1.0,2.831569e-18,5.5129557e-28
testing8961.jpg,Outside,1.0,4.7464134e-28,3.4109386e-27,1.0
testing8962.jpg,Outside,1.0,1.3149406e-09,3.9003665e-19,1.0
testing8963.jpg,Outside,1.0,8.232349e-28,4.1381136e-27,1.0
testing8964.jpg,Outside,1.0,2.5495157e-34,6.843017e-31,1.0
testing8965.jpg,Outside,1.0,3.6582425e-28,9.045754e-26,1.0
testing8966.jpg,Outside,1.0,3.6779162e-28,1.1266424e-26,1.0
testing8967.jpg,Outside,1.0,7.527987e-29,1.0146644e-28,1.0
testing8968.jpg,Outside,1.0,5.6387494e-33,6.534045e-29,1.0
testing8969.jpg,Outside,1.0,1.8977345e-27,5.258338e-26,1.0
testing8970.jpg,Outside,1.0,9.427385e-36,2.4334252e-33,1.0
testing8971.jpg,Outside,1.0,3.0329747e-28,8.352434e-26,1.0
testing8972.jpg,Outside,1.0,8.665019e-30,1.3536981e-32,1.0
testing8973.jpg,Outside,1.0,4.3501675e-16,8.377888e-21,1.0
testing8974.jpg,Outside,1.0,1.9583252e-28,1.7919748e-27,1.0
testing8975.jpg,Outside,0.9999999,6.6485406e-08,1.8640403e-13,0.9999999
testing8976.jpg,Outside,1.0,2.4441907e-24,5.3917726e-25,1.0
testing8977.jpg,Outside,1.0,6.040414e-24,1.937611e-25,1.0
testing8978.jpg,Outside,1.0,2.3129178e-20,6.520164e-25,1.0
testing8979.jpg,Outside,1.0,8.194033e-09,1.1981976e-19,1.0
testing8980.jpg,Outside,1.0,1.6926567e-21,1.5557174e-22,1.0
testing8981.jpg,Outside,1.0,1.189283e-24,4.0432762e-25,1.0
testing8982.jpg,Outside,1.0,1.4763327e-29,2.105148e-28,1.0
testing8983.jpg,Outside,1.0,4.9165053e-30,2.1921256e-27,1.0
testing8984.jpg,Outside,1.0,8.755385e-25,1.1280745e-26,1.0
testing8985.jpg,Outside,0.92077893,0.07922111,5.8191666e-16,0.92077893
testing8986.jpg,Outside,1.0,2.4624553e-27,5.171446e-26,1.0
testing8987.jpg,Nanodomain,1.0,3.7553345e-15,1.0,2.274289e-36
testing8988.jpg,Outside,1.0,1.756828e-17,7.81381e-23,1.0
testing8989.jpg,Outside,1.0,5.068072e-20,6.635746e-23,1.0
testing8990.jpg,Outside,1.0,1.638971e-29,1.6091792e-28,1.0
testing8991.jpg,Outside,1.0,1.0850438e-28,3.747886e-26,1.0
testing8992.jpg,Outside,1.0,3.9420285e-32,4.419667e-31,1.0
testing8993.jpg,Outside,1.0,1.7544522e-30,2.2592965e-27,1.0
testing8994.jpg,Outside,1.0,2.046308e-31,1.7847689e-29,1.0
testing8995.jpg,Outside,1.0,2.0825895e-30,2.391065e-29,1.0
testing8996.jpg,Outside,1.0,2.700708e-32,1.1933712e-27,1.0
testing8997.jpg,Intermediate,1.0,1.0,0.0,1.3171642e-32
testing8998.jpg,Intermediate,1.0,1.0,3.9411254e-25,9.867765e-28
testing8999.jpg,Nanodomain,1.0,8.526581e-30,1.0,0.0
testing9000.jpg,Nanodomain,1.0,1.5664566e-19,1.0,0.0
testing9001.jpg,Nanodomain,1.0,3.489339e-33,1.0,0.0
testing9002.jpg,Nanodomain,1.0,1.4856935e-30,1.0,0.0
testing9003.jpg,Nanodomain,1.0,4.745784e-34,1.0,0.0
testing9004.jpg,Nanodomain,1.0,6.386999e-35,1.0,0.0
testing9005.jpg,Nanodomain,1.0,5.368822e-34,1.0,0.0
testing9006.jpg,Nanodomain,1.0,0.0,1.0,0.0
testing9007.jpg,Nanodomain,1.0,0.0,1.0,0.0
testing9008.jpg,Nanodomain,1.0,0.0,1.0,0.0
testing9009.jpg,Nanodomain,1.0,2.8350328e-37,1.0,0.0
testing9010.jpg,Nanodomain,1.0,2.1711022e-36,1.0,0.0
testing9011.jpg,Nanodomain,1.0,7.3559677e-34,1.0,0.0
testing9012.jpg,Nanodomain,1.0,0.0,1.0,0.0
testing9013.jpg,Nanodomain,1.0,0.0,1.0,0.0
testing9014.jpg,Nanodomain,1.0,0.0,1.0,0.0
testing9015.jpg,Nanodomain,1.0,0.0,1.0,0.0
testing9016.jpg,Nanodomain,1.0,0.0,1.0,0.0
testing9017.jpg,Nanodomain,1.0,0.0,1.0,0.0
testing9018.jpg,Nanodomain,1.0,0.0,1.0,0.0
testing9019.jpg,Nanodomain,1.0,5.0266497e-30,1.0,0.0
testing9020.jpg,Intermediate,0.9999932,0.9999932,6.813701e-06,1.3641933e-22
testing9021.jpg,Outside,0.99999833,1.7050676e-06,2.29001e-19,0.99999833
testing9022.jpg,Outside,0.9479427,0.052057356,1.3699559e-16,0.9479427
testing9023.jpg,Nanodomain,1.0,0.0,1.0,0.0
testing9024.jpg,Nanodomain,1.0,0.0,1.0,0.0
testing9025.jpg,Nanodomain,1.0,0.0,1.0,0.0
testing9026.jpg,Nanodomain,1.0,0.0,1.0,0.0
testing9027.jpg,Nanodomain,1.0,0.0,1.0,0.0
testing9028.jpg,Nanodomain,1.0,0.0,1.0,0.0
testing9029.jpg,Nanodomain,1.0,0.0,1.0,0.0
testing9030.jpg,Nanodomain,1.0,0.0,1.0,0.0
testing9031.jpg,Nanodomain,1.0,0.0,1.0,0.0
testing9032.jpg,Nanodomain,1.0,0.0,1.0,0.0
testing9033.jpg,Outside,1.0,1.554308e-34,3.300041e-31,1.0
testing9034.jpg,Nanodomain,1.0,0.0,1.0,0.0
testing9035.jpg,Nanodomain,1.0,0.0,1.0,0.0
testing9036.jpg,Nanodomain,1.0,0.0,1.0,0.0
testing9037.jpg,Nanodomain,1.0,0.0,1.0,0.0
testing9038.jpg,Nanodomain,1.0,0.0,1.0,0.0
testing9039.jpg,Nanodomain,1.0,0.0,1.0,0.0
testing9040.jpg,Nanodomain,1.0,0.0,1.0,0.0
testing9041.jpg,Nanodomain,1.0,0.0,1.0,0.0
testing9042.jpg,Outside,1.0,1.2772337e-32,1.28492695e-30,1.0
testing9043.jpg,Intermediate,1.0,1.0,5.3647935e-25,1.7535628e-22
testing9044.jpg,Nanodomain,1.0,0.0,1.0,0.0
testing9045.jpg,Nanodomain,1.0,1.2988245e-37,1.0,0.0
testing9046.jpg,Nanodomain,1.0,0.0,1.0,0.0
testing9047.jpg,Nanodomain,1.0,0.0,1.0,0.0
testing9048.jpg,Nanodomain,1.0,0.0,1.0,0.0
testing9049.jpg,Nanodomain,1.0,0.0,1.0,0.0
testing9050.jpg,Nanodomain,1.0,0.0,1.0,0.0
testing9051.jpg,Nanodomain,1.0,0.0,1.0,0.0
testing9052.jpg,Nanodomain,1.0,0.0,1.0,0.0
testing9053.jpg,Nanodomain,1.0,0.0,1.0,0.0
testing9054.jpg,Nanodomain,1.0,0.0,1.0,0.0
testing9055.jpg,Nanodomain,1.0,0.0,1.0,0.0
testing9056.jpg,Nanodomain,1.0,0.0,1.0,0.0
testing9057.jpg,Intermediate,0.5529544,0.5529544,0.4470456,9.03362e-25
testing9058.jpg,Intermediate,1.0,1.0,4.275365e-11,7.063815e-25
testing9059.jpg,Intermediate,1.0,1.0,4.7118643e-29,6.7457273e-29
testing9060.jpg,Intermediate,0.96247005,0.96247005,0.037529908,3.2459326e-25
testing9061.jpg,Intermediate,1.0,1.0,8.722512e-18,4.0948805e-28
testing9062.jpg,Intermediate,1.0,1.0,1.373851e-18,8.716044e-29
testing9063.jpg,Intermediate,1.0,1.0,2.0311603e-29,2.2617556e-26
testing9064.jpg,Intermediate,1.0,1.0,3.4309474e-25,1.966774e-24
testing9065.jpg,Intermediate,1.0,1.0,2.2485371e-30,9.0967896e-27
testing9066.jpg,Intermediate,1.0,1.0,9.166167e-22,2.8124416e-24
testing9067.jpg,Intermediate,1.0,1.0,1.3250274e-30,9.069908e-18
testing9068.jpg,Intermediate,1.0,1.0,4.26439e-36,2.3812711e-29
testing9069.jpg,Intermediate,1.0,1.0,3.088423e-34,6.7437843e-18
testing9070.jpg,Nanodomain,1.0,0.0,1.0,0.0
testing9071.jpg,Nanodomain,1.0,0.0,1.0,0.0
testing9072.jpg,Nanodomain,1.0,0.0,1.0,0.0
testing9073.jpg,Nanodomain,1.0,0.0,1.0,0.0
testing9074.jpg,Nanodomain,1.0,2.3760607e-38,1.0,0.0
testing9075.jpg,Nanodomain,1.0,1.4911404e-20,1.0,0.0
testing9076.jpg,Nanodomain,1.0,1.3484438e-28,1.0,0.0
testing9077.jpg,Nanodomain,1.0,5.30857e-31,1.0,0.0
testing9078.jpg,Outside,1.0,5.08867e-33,9.270741e-31,1.0
testing9079.jpg,Outside,1.0,0.0,3.0501338e-36,1.0
testing9080.jpg,Outside,1.0,8.9474155e-29,2.0462811e-27,1.0
testing9081.jpg,Outside,1.0,1.0345485e-32,1.8108016e-29,1.0
testing9082.jpg,Outside,1.0,7.3769625e-33,2.3483243e-31,1.0
testing9083.jpg,Outside,1.0,1.097694e-31,3.5154526e-29,1.0
testing9084.jpg,Outside,1.0,1.12663805e-26,3.0622046e-26,1.0
testing9085.jpg,Outside,1.0,3.4463235e-31,1.7181119e-29,1.0
testing9086.jpg,Outside,1.0,3.325916e-28,9.575012e-27,1.0
testing9087.jpg,Intermediate,0.8359337,0.8359337,0.16406628,5.37006e-25
testing9088.jpg,Intermediate,1.0,1.0,2.8633538e-09,1.195839e-23
testing9089.jpg,Outside,1.0,1.8388644e-26,5.4399513e-25,1.0
testing9090.jpg,Outside,1.0,2.2761806e-29,6.4028084e-27,1.0
testing9091.jpg,Outside,1.0,1.4767963e-27,4.5841123e-26,1.0
testing9092.jpg,Outside,1.0,2.7612326e-25,6.1172415e-23,1.0
testing9093.jpg,Outside,1.0,5.1703703e-30,1.6245371e-28,1.0
testing9094.jpg,Outside,1.0,3.8095807e-33,4.156253e-30,1.0
testing9095.jpg,Outside,1.0,3.282031e-28,8.478428e-27,1.0
testing9096.jpg,Outside,1.0,4.8412052e-30,1.5162994e-27,1.0
testing9097.jpg,Outside,1.0,1.670716e-30,5.092059e-29,1.0
testing9098.jpg,Outside,1.0,1.812857e-26,3.619052e-24,1.0
testing9099.jpg,Outside,1.0,7.032581e-30,6.95124e-28,1.0
testing9100.jpg,Outside,0.9999312,6.875999e-05,9.291889e-21,0.9999312
testing9101.jpg,Outside,1.0,1.00418e-34,2.3506365e-31,1.0
testing9102.jpg,Outside,1.0,2.5367107e-26,6.912874e-27,1.0
testing9103.jpg,Outside,1.0,1.093921e-28,5.4241506e-29,1.0
testing9104.jpg,Outside,1.0,1.9887794e-26,1.942842e-27,1.0
testing9105.jpg,Outside,1.0,6.4079495e-24,4.2698827e-25,1.0
testing9106.jpg,Outside,1.0,9.5937705e-34,1.3170034e-32,1.0
testing9107.jpg,Outside,1.0,8.4302855e-33,2.0237712e-32,1.0
testing9108.jpg,Outside,1.0,1.0182749e-27,9.776091e-26,1.0
testing9109.jpg,Outside,1.0,1.2857252e-24,6.2018395e-27,1.0
testing9110.jpg,Outside,1.0,1.9933838e-32,9.390271e-29,1.0
testing9111.jpg,Outside,1.0,1.0695474e-27,6.041574e-29,1.0
testing9112.jpg,Outside,1.0,7.178975e-31,1.8589837e-29,1.0
testing9113.jpg,Outside,1.0,3.6263994e-19,2.4344482e-24,1.0
testing9114.jpg,Outside,1.0,4.234542e-12,1.3448315e-22,1.0
testing9115.jpg,Outside,1.0,7.484193e-25,3.093624e-26,1.0
testing9116.jpg,Outside,1.0,5.3689428e-20,4.037256e-22,1.0
testing9117.jpg,Outside,1.0,1.7780988e-18,6.674473e-27,1.0
testing9118.jpg,Outside,1.0,2.248301e-19,4.7357117e-26,1.0
testing9119.jpg,Outside,1.0,1.0479939e-17,1.15686645e-20,1.0
testing9120.jpg,Outside,1.0,6.187409e-32,2.4406174e-28,1.0
testing9121.jpg,Outside,1.0,1.7668757e-32,4.7574872e-29,1.0
testing9122.jpg,Outside,1.0,1.5363438e-37,3.151589e-31,1.0
testing9123.jpg,Outside,1.0,1.818157e-24,1.6607044e-27,1.0
testing9124.jpg,Outside,1.0,6.4113323e-29,6.244335e-26,1.0
testing9125.jpg,Nanodomain,1.0,5.649012e-28,1.0,0.0
testing9126.jpg,Nanodomain,1.0,2.2599547e-17,1.0,0.0
testing9127.jpg,Nanodomain,1.0,2.7821972e-19,1.0,0.0
testing9128.jpg,Nanodomain,1.0,1.369032e-19,1.0,0.0
testing9129.jpg,Nanodomain,1.0,8.7867595e-27,1.0,0.0
testing9130.jpg,Nanodomain,1.0,2.8119805e-24,1.0,0.0
testing9131.jpg,Nanodomain,1.0,3.0758824e-31,1.0,0.0
testing9132.jpg,Nanodomain,1.0,0.0,1.0,0.0
testing9133.jpg,Nanodomain,1.0,1.2297238e-25,1.0,0.0
testing9134.jpg,Nanodomain,1.0,2.0083463e-22,1.0,0.0
testing9135.jpg,Nanodomain,1.0,7.885514e-26,1.0,0.0
testing9136.jpg,Nanodomain,1.0,0.0,1.0,0.0
testing9137.jpg,Nanodomain,1.0,1.0338552e-30,1.0,0.0
testing9138.jpg,Nanodomain,1.0,1.9888523e-29,1.0,0.0
testing9139.jpg,Nanodomain,1.0,4.4499143e-24,1.0,0.0
testing9140.jpg,Nanodomain,1.0,3.0569313e-17,1.0,0.0
testing9141.jpg,Outside,1.0,3.0491134e-19,1.04017405e-20,1.0
testing9142.jpg,Nanodomain,1.0,1.7713198e-28,1.0,0.0
testing9143.jpg,Nanodomain,1.0,0.0,1.0,0.0
testing9144.jpg,Nanodomain,1.0,0.0,1.0,0.0
testing9145.jpg,Nanodomain,1.0,0.0,1.0,0.0
testing9146.jpg,Nanodomain,1.0,0.0,1.0,0.0
testing9147.jpg,Nanodomain,1.0,1.1365499e-32,1.0,0.0
testing9148.jpg,Nanodomain,1.0,4.2601276e-22,1.0,0.0
testing9149.jpg,Nanodomain,0.9999994,6.180484e-07,0.9999994,1.8288455e-26
testing9150.jpg,Nanodomain,1.0,0.0,1.0,0.0
testing9151.jpg,Nanodomain,1.0,0.0,1.0,0.0
testing9152.jpg,Nanodomain,1.0,0.0,1.0,0.0
testing9153.jpg,Nanodomain,1.0,0.0,1.0,0.0
testing9154.jpg,Nanodomain,1.0,0.0,1.0,0.0
testing9155.jpg,Nanodomain,1.0,0.0,1.0,0.0
testing9156.jpg,Nanodomain,1.0,0.0,1.0,0.0
testing9157.jpg,Nanodomain,1.0,0.0,1.0,0.0
testing9158.jpg,Nanodomain,1.0,0.0,1.0,0.0
testing9159.jpg,Nanodomain,1.0,0.0,1.0,0.0
testing9160.jpg,Nanodomain,1.0,0.0,1.0,0.0
testing9161.jpg,Nanodomain,1.0,0.0,1.0,0.0
testing9162.jpg,Nanodomain,1.0,0.0,1.0,0.0
testing9163.jpg,Outside,1.0,3.1302855e-31,1.208649e-29,1.0
testing9164.jpg,Intermediate,1.0,1.0,1.13532025e-23,1.9213619e-15
testing9165.jpg,Intermediate,1.0,1.0,5.518488e-36,4.6212916e-22
testing9166.jpg,Nanodomain,1.0,0.0,1.0,0.0
testing9167.jpg,Intermediate,1.0,1.0,2.5877958e-21,3.0103487e-20
testing9168.jpg,Nanodomain,1.0,0.0,1.0,0.0
testing9169.jpg,Nanodomain,1.0,0.0,1.0,0.0
testing9170.jpg,Nanodomain,1.0,0.0,1.0,0.0
testing9171.jpg,Outside,1.0,1.0475188e-16,8.407754e-22,1.0
testing9172.jpg,Nanodomain,1.0,6.448269e-22,1.0,0.0
testing9173.jpg,Nanodomain,1.0,8.036488e-37,1.0,0.0
testing9174.jpg,Nanodomain,1.0,1.0080153e-24,1.0,0.0
testing9175.jpg,Nanodomain,1.0,7.7741006e-20,1.0,0.0
testing9176.jpg,Nanodomain,1.0,0.0,1.0,0.0
testing9177.jpg,Nanodomain,1.0,0.0,1.0,0.0
testing9178.jpg,Nanodomain,1.0,0.0,1.0,0.0
testing9179.jpg,Nanodomain,1.0,0.0,1.0,0.0
testing9180.jpg,Nanodomain,1.0,3.8669084e-37,1.0,0.0
testing9181.jpg,Nanodomain,1.0,0.0,1.0,0.0
testing9182.jpg,Nanodomain,1.0,1.091218e-32,1.0,0.0
testing9183.jpg,Nanodomain,1.0,0.0,1.0,0.0
testing9184.jpg,Nanodomain,1.0,0.0,1.0,0.0
testing9185.jpg,Intermediate,1.0,1.0,3.3067056e-32,1.0748925e-21
testing9186.jpg,Intermediate,1.0,1.0,8.283372e-30,6.908733e-20
testing9187.jpg,Intermediate,0.9999695,0.9999695,3.0476322e-05,3.4540354e-24
testing9188.jpg,Intermediate,0.98229355,0.98229355,0.017706519,8.382102e-28
testing9189.jpg,Intermediate,1.0,1.0,0.0,2.0251876e-29
testing9190.jpg,Nanodomain,1.0,0.0,1.0,0.0
testing9191.jpg,Nanodomain,1.0,0.0,1.0,0.0
testing9192.jpg,Nanodomain,1.0,0.0,1.0,0.0
testing9193.jpg,Nanodomain,1.0,0.0,1.0,0.0
testing9194.jpg,Nanodomain,1.0,0.0,1.0,0.0
testing9195.jpg,Nanodomain,1.0,0.0,1.0,0.0
testing9196.jpg,Nanodomain,1.0,0.0,1.0,0.0
testing9197.jpg,Nanodomain,1.0,0.0,1.0,0.0
testing9198.jpg,Nanodomain,1.0,0.0,1.0,0.0
testing9199.jpg,Nanodomain,1.0,0.0,1.0,0.0
testing9200.jpg,Nanodomain,1.0,0.0,1.0,0.0
testing9201.jpg,Nanodomain,1.0,0.0,1.0,0.0
testing9202.jpg,Nanodomain,1.0,4.4845876e-34,1.0,0.0
testing9203.jpg,Nanodomain,1.0,0.0,1.0,0.0
testing9204.jpg,Nanodomain,1.0,2.0086833e-37,1.0,0.0
testing9205.jpg,Outside,1.0,4.2370316e-30,8.749094e-28,1.0
testing9206.jpg,Outside,1.0,2.3081858e-34,1.8283607e-31,1.0
testing9207.jpg,Outside,1.0,6.9000766e-25,5.6573822e-27,1.0
testing9208.jpg,Outside,1.0,3.9117662e-26,1.6937578e-25,1.0
testing9209.jpg,Outside,1.0,4.347459e-33,3.0883923e-31,1.0
testing9210.jpg,Outside,1.0,1.00607505e-32,5.488274e-30,1.0
testing9211.jpg,Outside,1.0,5.113489e-37,1.9954446e-33,1.0
testing9212.jpg,Outside,1.0,1.6330227e-30,8.8302985e-29,1.0
testing9213.jpg,Outside,1.0,5.816255e-26,2.5915075e-23,1.0
testing9214.jpg,Outside,1.0,8.2348096e-33,7.412796e-31,1.0
testing9215.jpg,Outside,1.0,1.7145952e-30,3.9525428e-30,1.0
testing9216.jpg,Intermediate,1.0,1.0,7.2665094e-12,1.3778402e-25
testing9217.jpg,Outside,1.0,1.0065052e-13,1.1003892e-17,1.0
testing9218.jpg,Outside,1.0,3.0427028e-32,1.6031486e-30,1.0
testing9219.jpg,Outside,1.0,4.2972485e-27,1.1267492e-27,1.0
testing9220.jpg,Outside,1.0,1.2310575e-24,7.168543e-25,1.0
testing9221.jpg,Outside,1.0,5.779073e-35,2.3608633e-31,1.0
testing9222.jpg,Outside,1.0,9.918395e-31,8.578978e-30,1.0
testing9223.jpg,Outside,1.0,8.537435e-34,3.807102e-30,1.0
testing9224.jpg,Outside,1.0,4.35118e-31,8.420443e-27,1.0
testing9225.jpg,Outside,1.0,8.4894716e-33,4.818045e-31,1.0
testing9226.jpg,Outside,1.0,2.2138216e-29,7.0541066e-29,1.0
testing9227.jpg,Outside,1.0,2.851537e-32,1.1991569e-28,1.0
testing9228.jpg,Outside,1.0,1.1564844e-32,1.9357086e-29,1.0
testing9229.jpg,Outside,1.0,2.6757754e-27,8.654684e-29,1.0
testing9230.jpg,Outside,1.0,8.25429e-30,2.384291e-27,1.0
testing9231.jpg,Outside,1.0,5.14794e-28,3.256103e-29,1.0
testing9232.jpg,Outside,1.0,6.4156302e-24,6.1094256e-24,1.0
testing9233.jpg,Outside,1.0,8.0684653e-22,3.3692013e-23,1.0
testing9234.jpg,Outside,1.0,8.8325044e-33,1.994442e-31,1.0
testing9235.jpg,Outside,1.0,4.612428e-24,1.0284997e-26,1.0
testing9236.jpg,Outside,1.0,1.4487257e-25,5.250563e-25,1.0
testing9237.jpg,Outside,1.0,8.891265e-24,1.938197e-23,1.0
testing9238.jpg,Outside,1.0,2.6717683e-26,2.8067247e-27,1.0
testing9239.jpg,Outside,1.0,3.831e-27,1.1092183e-25,1.0
testing9240.jpg,Outside,1.0,6.0701907e-16,3.674285e-20,1.0
testing9241.jpg,Outside,1.0,4.0157553e-28,9.1263546e-30,1.0
testing9242.jpg,Outside,1.0,2.6750944e-25,2.1506387e-25,1.0
testing9243.jpg,Outside,0.9999913,8.675145e-06,2.8207485e-21,0.9999913
testing9244.jpg,Outside,1.0,1.494931e-16,9.705136e-23,1.0
testing9245.jpg,Intermediate,1.0,1.0,1.4575056e-33,2.1198253e-18
testing9246.jpg,Outside,1.0,2.9273014e-16,5.5422584e-23,1.0
testing9247.jpg,Outside,1.0,3.2854097e-30,3.9310875e-29,1.0
testing9248.jpg,Outside,1.0,2.6447927e-20,2.7134208e-24,1.0
testing9249.jpg,Outside,1.0,8.176051e-27,1.8752451e-28,1.0
testing9250.jpg,Outside,1.0,2.1701317e-30,5.212592e-30,1.0
testing9251.jpg,Outside,1.0,1.0658657e-34,9.2824094e-33,1.0
testing9252.jpg,Outside,1.0,2.1853953e-20,1.0291189e-20,1.0
testing9253.jpg,Outside,1.0,5.4447093e-31,2.9550149e-30,1.0
testing9254.jpg,Nanodomain,1.0,7.813663e-15,1.0,3.8433827e-35
testing9255.jpg,Outside,1.0,5.4231366e-14,2.8791047e-16,1.0
testing9256.jpg,Intermediate,1.0,1.0,1.3791477e-20,3.91862e-08
testing9257.jpg,Intermediate,1.0,1.0,8.945917e-36,1.4382099e-23
testing9258.jpg,Nanodomain,1.0,5.4167466e-22,1.0,0.0
testing9259.jpg,Nanodomain,1.0,1.5633342e-12,1.0,7.0977664e-33
testing9260.jpg,Nanodomain,1.0,8.540776e-11,1.0,3.501393e-33
testing9261.jpg,Nanodomain,1.0,9.71608e-35,1.0,0.0
testing9262.jpg,Nanodomain,1.0,2.1519598e-25,1.0,0.0
testing9263.jpg,Nanodomain,1.0,1.3959116e-26,1.0,0.0
testing9264.jpg,Nanodomain,1.0,1.8568758e-32,1.0,0.0
testing9265.jpg,Nanodomain,1.0,8.613301e-25,1.0,0.0
testing9266.jpg,Nanodomain,1.0,2.5893652e-14,1.0,9.0056217e-38
testing9267.jpg,Outside,1.0,1.4214477e-32,2.5685567e-30,1.0
testing9268.jpg,Outside,1.0,6.4178e-34,7.235856e-32,1.0
testing9269.jpg,Intermediate,0.6440887,0.6440887,4.370854e-18,0.3559113
testing9270.jpg,Intermediate,1.0,1.0,2.9375233e-25,2.1783329e-24
testing9271.jpg,Intermediate,1.0,1.0,6.7931025e-32,7.790494e-26
testing9272.jpg,Nanodomain,1.0,5.566182e-22,1.0,0.0
testing9273.jpg,Nanodomain,1.0,4.5881854e-20,1.0,0.0
testing9274.jpg,Nanodomain,1.0,2.4171254e-24,1.0,0.0
testing9275.jpg,Outside,1.0,1.6014209e-20,1.251939e-22,1.0
testing9276.jpg,Intermediate,1.0,1.0,1.5526505e-24,1.1041796e-10
testing9277.jpg,Nanodomain,1.0,0.0,1.0,0.0
testing9278.jpg,Nanodomain,1.0,0.0,1.0,0.0
testing9279.jpg,Nanodomain,1.0,0.0,1.0,0.0
testing9280.jpg,Nanodomain,1.0,0.0,1.0,0.0
testing9281.jpg,Nanodomain,1.0,0.0,1.0,0.0
testing9282.jpg,Nanodomain,1.0,0.0,1.0,0.0
testing9283.jpg,Nanodomain,1.0,0.0,1.0,0.0
testing9284.jpg,Nanodomain,1.0,0.0,1.0,0.0
testing9285.jpg,Nanodomain,1.0,0.0,1.0,0.0
testing9286.jpg,Nanodomain,1.0,0.0,1.0,0.0
testing9287.jpg,Nanodomain,1.0,0.0,1.0,0.0
testing9288.jpg,Nanodomain,1.0,0.0,1.0,0.0
testing9289.jpg,Nanodomain,1.0,0.0,1.0,0.0
testing9290.jpg,Nanodomain,1.0,0.0,1.0,0.0
testing9291.jpg,Outside,1.0,4.4873056e-35,8.427291e-34,1.0
testing9292.jpg,Intermediate,1.0,1.0,1.0373171e-35,1.0270589e-22
testing9293.jpg,Outside,0.89568233,0.10431762,8.175889e-19,0.89568233
testing9294.jpg,Nanodomain,1.0,0.0,1.0,0.0
testing9295.jpg,Nanodomain,1.0,0.0,1.0,0.0
testing9296.jpg,Nanodomain,1.0,0.0,1.0,0.0
testing9297.jpg,Nanodomain,1.0,0.0,1.0,0.0
testing9298.jpg,Nanodomain,1.0,0.0,1.0,0.0
testing9299.jpg,Nanodomain,1.0,0.0,1.0,0.0
testing9300.jpg,Intermediate,1.0,1.0,7.4194913e-26,5.3549557e-11
testing9301.jpg,Outside,1.0,6.216458e-18,2.312337e-19,1.0
testing9302.jpg,Intermediate,0.99775285,0.99775285,3.8660823e-24,0.0022471105
testing9303.jpg,Nanodomain,1.0,6.4236014e-35,1.0,0.0
testing9304.jpg,Nanodomain,1.0,1.14183165e-29,1.0,0.0
testing9305.jpg,Nanodomain,1.0,7.5483786e-28,1.0,0.0
testing9306.jpg,Nanodomain,1.0,1.4599781e-38,1.0,0.0
testing9307.jpg,Nanodomain,1.0,0.0,1.0,0.0
testing9308.jpg,Nanodomain,1.0,0.0,1.0,0.0
testing9309.jpg,Nanodomain,1.0,0.0,1.0,0.0
testing9310.jpg,Nanodomain,1.0,0.0,1.0,0.0
testing9311.jpg,Nanodomain,1.0,0.0,1.0,0.0
testing9312.jpg,Nanodomain,1.0,0.0,1.0,0.0
testing9313.jpg,Nanodomain,0.99999976,1.9028423e-07,0.99999976,3.573522e-30
testing9314.jpg,Intermediate,0.99763966,0.99763966,0.002360395,6.109044e-23
testing9315.jpg,Intermediate,1.0,1.0,7.216373e-23,6.638818e-28
testing9316.jpg,Intermediate,1.0,1.0,2.1511836e-22,2.0908426e-09
testing9317.jpg,Intermediate,1.0,1.0,1.4639498e-22,1.6617174e-28
testing9318.jpg,Nanodomain,1.0,0.0,1.0,0.0
testing9319.jpg,Intermediate,1.0,1.0,1.7445864e-32,2.7482382e-29
testing9320.jpg,Intermediate,0.9999958,0.9999958,4.142069e-06,1.0647141e-21
testing9321.jpg,Nanodomain,1.0,0.0,1.0,0.0
testing9322.jpg,Nanodomain,1.0,0.0,1.0,0.0
testing9323.jpg,Nanodomain,1.0,0.0,1.0,0.0
testing9324.jpg,Nanodomain,1.0,0.0,1.0,0.0
testing9325.jpg,Nanodomain,1.0,0.0,1.0,0.0
testing9326.jpg,Nanodomain,1.0,0.0,1.0,0.0
testing9327.jpg,Nanodomain,1.0,0.0,1.0,0.0
testing9328.jpg,Nanodomain,1.0,0.0,1.0,0.0
testing9329.jpg,Nanodomain,1.0,0.0,1.0,0.0
testing9330.jpg,Nanodomain,1.0,0.0,1.0,0.0
testing9331.jpg,Nanodomain,1.0,3.781599e-37,1.0,0.0
testing9332.jpg,Nanodomain,1.0,1.0119719e-32,1.0,0.0
testing9333.jpg,Outside,1.0,1.3614365e-30,3.929682e-27,1.0
testing9334.jpg,Outside,1.0,4.594565e-33,1.8288708e-30,1.0
testing9335.jpg,Outside,1.0,3.943546e-33,1.3167393e-29,1.0
testing9336.jpg,Outside,1.0,5.9718198e-31,2.7990801e-27,1.0
testing9337.jpg,Outside,1.0,1.4306274e-36,6.204305e-33,1.0
testing9338.jpg,Outside,1.0,4.203912e-31,7.642886e-30,1.0
testing9339.jpg,Outside,1.0,5.53778e-30,5.496469e-29,1.0
testing9340.jpg,Outside,1.0,8.875812e-24,3.0632542e-27,1.0
testing9341.jpg,Outside,1.0,3.858803e-30,2.3809986e-29,1.0
testing9342.jpg,Outside,1.0,8.3327857e-29,6.157632e-29,1.0
testing9343.jpg,Outside,1.0,2.8617769e-27,1.13176834e-26,1.0
testing9344.jpg,Intermediate,1.0,1.0,3.4243886e-22,1.1484179e-31
testing9345.jpg,Outside,1.0,3.4127006e-24,8.486721e-25,1.0
testing9346.jpg,Outside,1.0,1.3594032e-21,4.3159345e-24,1.0
testing9347.jpg,Outside,1.0,9.502657e-23,2.6918234e-23,1.0
testing9348.jpg,Outside,1.0,6.1713844e-23,2.4447409e-24,1.0
testing9349.jpg,Outside,1.0,5.461927e-26,4.234554e-25,1.0
testing9350.jpg,Outside,1.0,4.6144776e-28,3.1139753e-27,1.0
testing9351.jpg,Outside,1.0,9.5799e-21,1.6643727e-24,1.0
testing9352.jpg,Outside,1.0,1.1930124e-18,8.7519536e-23,1.0
testing9353.jpg,Outside,1.0,1.5723912e-32,4.1786006e-32,1.0
testing9354.jpg,Outside,1.0,9.423828e-28,1.5658119e-26,1.0
testing9355.jpg,Outside,1.0,6.352211e-33,1.4241895e-31,1.0
testing9356.jpg,Outside,1.0,1.0172378e-28,1.6429469e-28,1.0
testing9357.jpg,Outside,1.0,8.746607e-17,9.790816e-22,1.0
testing9358.jpg,Outside,1.0,5.4513586e-24,2.9695107e-24,1.0
testing9359.jpg,Outside,1.0,2.1195653e-34,5.4413046e-31,1.0
testing9360.jpg,Outside,1.0,3.969321e-27,9.387983e-28,1.0
testing9361.jpg,Outside,1.0,8.297596e-32,1.8818565e-31,1.0
testing9362.jpg,Outside,1.0,1.526512e-22,2.9200384e-25,1.0
testing9363.jpg,Outside,1.0,2.7785986e-21,3.0293212e-20,1.0
testing9364.jpg,Outside,1.0,7.1028966e-30,7.3259065e-30,1.0
testing9365.jpg,Outside,1.0,4.561911e-31,4.3626192e-29,1.0
testing9366.jpg,Outside,1.0,7.133107e-33,5.3926847e-30,1.0
testing9367.jpg,Outside,1.0,3.0391168e-18,4.9498292e-24,1.0
testing9368.jpg,Outside,0.9999739,2.6094383e-05,7.1293224e-20,0.9999739
testing9369.jpg,Intermediate,0.9958274,0.9958274,6.152322e-22,0.00417256
testing9370.jpg,Outside,1.0,3.370791e-18,1.8060097e-26,1.0
testing9371.jpg,Outside,1.0,1.7764469e-23,4.3195204e-26,1.0
testing9372.jpg,Intermediate,0.8690451,0.8690451,6.7902817e-19,0.13095492
testing9373.jpg,Outside,1.0,7.4342496e-19,5.2807363e-24,1.0
testing9374.jpg,Outside,1.0,3.7245595e-16,1.474014e-22,1.0
testing9375.jpg,Outside,1.0,1.7651528e-15,7.80653e-18,1.0
testing9376.jpg,Outside,1.0,1.1142293e-28,3.1547196e-29,1.0
testing9377.jpg,Outside,1.0,2.3879124e-28,2.903354e-26,1.0
testing9378.jpg,Outside,1.0,6.771923e-29,5.7906597e-27,1.0
testing9379.jpg,Outside,1.0,8.161378e-26,6.1000874e-24,1.0
testing9380.jpg,Outside,1.0,1.2187526e-27,4.286462e-26,1.0
testing9381.jpg,Outside,1.0,8.490775e-31,1.7741584e-30,1.0
testing9382.jpg,Outside,1.0,2.1223804e-27,1.1912835e-27,1.0
testing9383.jpg,Nanodomain,1.0,3.7910437e-23,1.0,0.0
testing9384.jpg,Nanodomain,1.0,1.5983023e-20,1.0,0.0
testing9385.jpg,Nanodomain,1.0,2.5128083e-17,1.0,1.261725e-36
testing9386.jpg,Intermediate,0.9999994,0.9999994,1.4996505e-20,6.517988e-07
testing9387.jpg,Nanodomain,0.8717446,0.1282554,0.8717446,1.6374163e-23
testing9388.jpg,Nanodomain,1.0,0.0,1.0,0.0
testing9389.jpg,Nanodomain,1.0,0.0,1.0,0.0
testing9390.jpg,Nanodomain,1.0,2.7944972e-16,1.0,6.661538e-31
testing9391.jpg,Nanodomain,1.0,2.1670748e-19,1.0,0.0
testing9392.jpg,Nanodomain,1.0,3.0855814e-14,1.0,0.0
testing9393.jpg,Nanodomain,1.0,7.282859e-22,1.0,0.0
testing9394.jpg,Outside,1.0,1.3205581e-35,1.0078465e-31,1.0
testing9395.jpg,Outside,1.0,1.0441351e-32,1.8007582e-29,1.0
testing9396.jpg,Outside,1.0,7.929254e-33,1.753609e-30,1.0
testing9397.jpg,Outside,1.0,4.8308375e-30,6.335789e-30,1.0
testing9398.jpg,Outside,1.0,4.1437505e-28,2.438275e-26,1.0
testing9399.jpg,Intermediate,0.98783946,0.98783946,1.0078478e-18,0.012160532
testing9400.jpg,Intermediate,1.0,1.0,4.7115924e-30,8.66225e-21
testing9401.jpg,Outside,0.99999154,8.438743e-06,7.466506e-18,0.99999154
testing9402.jpg,Outside,1.0,6.5548304e-32,1.030387e-29,1.0
testing9403.jpg,Outside,1.0,1.7506165e-28,4.2751754e-27,1.0
testing9404.jpg,Outside,1.0,1.6610258e-29,8.5810447e-29,1.0
testing9405.jpg,Nanodomain,1.0,0.0,1.0,0.0
testing9406.jpg,Nanodomain,1.0,0.0,1.0,0.0
testing9407.jpg,Nanodomain,1.0,0.0,1.0,0.0
testing9408.jpg,Nanodomain,1.0,0.0,1.0,0.0
testing9409.jpg,Nanodomain,1.0,0.0,1.0,0.0
testing9410.jpg,Nanodomain,1.0,0.0,1.0,0.0
testing9411.jpg,Nanodomain,1.0,0.0,1.0,0.0
testing9412.jpg,Nanodomain,1.0,0.0,1.0,0.0
testing9413.jpg,Nanodomain,1.0,0.0,1.0,0.0
testing9414.jpg,Nanodomain,1.0,0.0,1.0,0.0
testing9415.jpg,Nanodomain,1.0,0.0,1.0,0.0
testing9416.jpg,Nanodomain,1.0,0.0,1.0,0.0
testing9417.jpg,Nanodomain,1.0,0.0,1.0,0.0
testing9418.jpg,Nanodomain,1.0,0.0,1.0,0.0
testing9419.jpg,Nanodomain,1.0,0.0,1.0,0.0
testing9420.jpg,Outside,1.0,1.9536618e-13,4.3708277e-23,1.0
testing9421.jpg,Outside,1.0,6.600813e-13,4.902121e-23,1.0
testing9422.jpg,Outside,0.99999595,4.0344476e-06,7.647185e-19,0.99999595
testing9423.jpg,Nanodomain,1.0,0.0,1.0,0.0
testing9424.jpg,Nanodomain,1.0,0.0,1.0,0.0
testing9425.jpg,Nanodomain,1.0,0.0,1.0,0.0
testing9426.jpg,Nanodomain,1.0,0.0,1.0,0.0
testing9427.jpg,Nanodomain,1.0,0.0,1.0,0.0
testing9428.jpg,Nanodomain,1.0,0.0,1.0,0.0
testing9429.jpg,Nanodomain,0.9999368,6.3145984e-05,0.9999368,2.3619376e-25
testing9430.jpg,Nanodomain,1.0,0.0,1.0,0.0
testing9431.jpg,Outside,0.7499794,0.25002065,9.4973994e-21,0.7499794
testing9432.jpg,Outside,0.99999964,3.331531e-07,8.5361525e-21,0.99999964
testing9433.jpg,Nanodomain,1.0,0.0,1.0,0.0
testing9434.jpg,Nanodomain,1.0,0.0,1.0,0.0
testing9435.jpg,Nanodomain,1.0,0.0,1.0,0.0
testing9436.jpg,Nanodomain,1.0,0.0,1.0,0.0
testing9437.jpg,Nanodomain,1.0,0.0,1.0,0.0
testing9438.jpg,Nanodomain,1.0,0.0,1.0,0.0
testing9439.jpg,Nanodomain,1.0,0.0,1.0,0.0
testing9440.jpg,Nanodomain,1.0,0.0,1.0,0.0
testing9441.jpg,Nanodomain,1.0,0.0,1.0,0.0
testing9442.jpg,Nanodomain,1.0,0.0,1.0,0.0
testing9443.jpg,Outside,1.0,5.2490265e-23,1.5102905e-26,1.0
testing9444.jpg,Outside,1.0,2.1798557e-30,4.8339296e-32,1.0
testing9445.jpg,Outside,1.0,1.5080569e-26,5.342158e-28,1.0
testing9446.jpg,Nanodomain,1.0,0.0,1.0,0.0
testing9447.jpg,Intermediate,1.0,1.0,1.1842141e-29,1.0063159e-19
testing9448.jpg,Nanodomain,1.0,0.0,1.0,0.0
testing9449.jpg,Nanodomain,1.0,0.0,1.0,0.0
testing9450.jpg,Nanodomain,1.0,0.0,1.0,0.0
testing9451.jpg,Nanodomain,1.0,0.0,1.0,0.0
testing9452.jpg,Nanodomain,1.0,0.0,1.0,0.0
testing9453.jpg,Nanodomain,1.0,0.0,1.0,0.0
testing9454.jpg,Nanodomain,1.0,0.0,1.0,0.0
testing9455.jpg,Nanodomain,1.0,0.0,1.0,0.0
testing9456.jpg,Nanodomain,1.0,0.0,1.0,0.0
testing9457.jpg,Nanodomain,1.0,0.0,1.0,0.0
testing9458.jpg,Nanodomain,1.0,0.0,1.0,0.0
testing9459.jpg,Nanodomain,1.0,3.825942e-37,1.0,0.0
testing9460.jpg,Outside,1.0,4.851944e-31,4.4329433e-29,1.0
testing9461.jpg,Outside,1.0,2.9340111e-37,2.9844306e-33,1.0
testing9462.jpg,Outside,1.0,3.6722286e-33,6.6591496e-31,1.0
testing9463.jpg,Outside,1.0,2.4075638e-32,3.925945e-30,1.0
testing9464.jpg,Outside,1.0,1.0534456e-31,8.641083e-31,1.0
testing9465.jpg,Outside,1.0,5.4818245e-32,1.0699544e-29,1.0
testing9466.jpg,Outside,1.0,2.7394582e-28,5.251797e-28,1.0
testing9467.jpg,Outside,1.0,1.4003976e-33,5.2306736e-32,1.0
testing9468.jpg,Outside,1.0,6.5852715e-35,8.990919e-33,1.0
testing9469.jpg,Outside,1.0,4.0494772e-27,7.10247e-28,1.0
testing9470.jpg,Outside,1.0,6.5791145e-29,8.6345675e-29,1.0
testing9471.jpg,Outside,1.0,3.9958668e-32,2.0159734e-32,1.0
testing9472.jpg,Outside,1.0,1.301843e-33,1.2651742e-31,1.0
testing9473.jpg,Outside,1.0,9.9284066e-20,2.932189e-21,1.0
testing9474.jpg,Outside,1.0,2.3979367e-27,3.9310293e-28,1.0
testing9475.jpg,Outside,1.0,1.095046e-32,1.7349839e-31,1.0
testing9476.jpg,Outside,1.0,2.8865269e-24,5.960978e-26,1.0
testing9477.jpg,Outside,1.0,4.8536833e-24,6.075789e-26,1.0
testing9478.jpg,Outside,1.0,5.7888084e-18,6.1069124e-23,1.0
testing9479.jpg,Outside,1.0,3.036338e-24,5.5548017e-26,1.0
testing9480.jpg,Outside,1.0,7.262972e-28,3.0639774e-28,1.0
testing9481.jpg,Intermediate,1.0,1.0,2.8109036e-27,1.8864481e-25
testing9482.jpg,Intermediate,1.0,1.0,7.010368e-25,2.7228474e-23
testing9483.jpg,Intermediate,1.0,1.0,9.155546e-29,1.3803865e-25
testing9484.jpg,Intermediate,1.0,1.0,1.3184998e-27,3.4559787e-28
testing9485.jpg,Outside,1.0,5.214592e-26,3.0508478e-26,1.0
testing9486.jpg,Outside,1.0,4.939064e-22,1.8051054e-21,1.0
testing9487.jpg,Outside,1.0,7.1308234e-25,4.025336e-23,1.0
testing9488.jpg,Outside,1.0,1.1993282e-32,7.2141146e-31,1.0
testing9489.jpg,Outside,1.0,1.4016509e-29,5.714383e-27,1.0
testing9490.jpg,Outside,1.0,1.2355552e-24,3.259785e-27,1.0
testing9491.jpg,Outside,1.0,7.0096464e-25,2.836877e-26,1.0
testing9492.jpg,Outside,1.0,7.953598e-21,1.2482093e-23,1.0
testing9493.jpg,Outside,1.0,1.0000003e-22,3.4075345e-25,1.0
testing9494.jpg,Outside,1.0,5.0883695e-29,1.5325235e-27,1.0
testing9495.jpg,Outside,1.0,1.6958922e-24,8.477957e-24,1.0
testing9496.jpg,Outside,1.0,3.0563405e-37,5.6786783e-35,1.0
testing9497.jpg,Intermediate,1.0,1.0,1.9215408e-27,5.8728154e-19
testing9498.jpg,Outside,1.0,2.5126987e-09,4.425831e-21,1.0
testing9499.jpg,Outside,1.0,5.804389e-21,9.154277e-24,1.0
testing9500.jpg,Intermediate,1.0,1.0,5.7892593e-30,1.103808e-23
testing9501.jpg,Outside,1.0,2.1995863e-22,1.006274e-26,1.0
testing9502.jpg,Outside,1.0,2.8364714e-22,3.507801e-23,1.0
testing9503.jpg,Outside,1.0,3.521611e-23,7.8261485e-26,1.0
testing9504.jpg,Outside,1.0,6.9200294e-33,1.5999649e-31,1.0
testing9505.jpg,Outside,1.0,8.1291096e-30,9.4696976e-29,1.0
testing9506.jpg,Outside,1.0,3.4682161e-31,7.390941e-31,1.0
testing9507.jpg,Outside,1.0,2.3345033e-34,6.6068675e-33,1.0
testing9508.jpg,Outside,1.0,4.9926284e-32,7.53232e-30,1.0
testing9509.jpg,Outside,1.0,3.0445997e-29,4.738128e-28,1.0
testing9510.jpg,Outside,1.0,1.8244112e-30,3.6366327e-29,1.0
testing9511.jpg,Nanodomain,1.0,0.0,1.0,0.0
testing9512.jpg,Nanodomain,1.0,0.0,1.0,0.0
testing9513.jpg,Nanodomain,1.0,0.0,1.0,0.0
testing9514.jpg,Nanodomain,1.0,0.0,1.0,0.0
testing9515.jpg,Nanodomain,1.0,0.0,1.0,0.0
testing9516.jpg,Nanodomain,1.0,0.0,1.0,0.0
testing9517.jpg,Nanodomain,1.0,0.0,1.0,0.0
testing9518.jpg,Nanodomain,1.0,6.785849e-10,1.0,2.9618058e-32
testing9519.jpg,Nanodomain,1.0,6.7127895e-15,1.0,5.7335554e-34
testing9520.jpg,Outside,1.0,9.019165e-31,1.5063996e-28,1.0
testing9521.jpg,Outside,1.0,3.0080574e-32,6.236895e-30,1.0
testing9522.jpg,Outside,1.0,1.1826328e-31,3.2980666e-30,1.0
testing9523.jpg,Outside,1.0,4.8186643e-33,2.9056622e-31,1.0
testing9524.jpg,Outside,1.0,6.580944e-30,9.106085e-29,1.0
testing9525.jpg,Outside,1.0,3.3367865e-25,4.8630375e-26,1.0
testing9526.jpg,Outside,1.0,7.0571604e-33,3.7982574e-28,1.0
testing9527.jpg,Outside,1.0,2.717567e-22,1.8175953e-24,1.0
testing9528.jpg,Outside,1.0,1.6343482e-25,5.813127e-26,1.0
testing9529.jpg,Outside,1.0,2.2382108e-20,1.8165158e-22,1.0
testing9530.jpg,Intermediate,1.0,1.0,8.2053505e-29,5.4537465e-18
testing9531.jpg,Outside,1.0,8.317603e-22,1.1536866e-24,1.0
testing9532.jpg,Nanodomain,1.0,0.0,1.0,0.0
testing9533.jpg,Nanodomain,1.0,0.0,1.0,0.0
testing9534.jpg,Nanodomain,1.0,0.0,1.0,0.0
testing9535.jpg,Nanodomain,1.0,0.0,1.0,0.0
testing9536.jpg,Nanodomain,1.0,0.0,1.0,0.0
testing9537.jpg,Nanodomain,1.0,0.0,1.0,0.0
testing9538.jpg,Nanodomain,1.0,0.0,1.0,0.0
testing9539.jpg,Nanodomain,1.0,0.0,1.0,0.0
testing9540.jpg,Nanodomain,1.0,0.0,1.0,0.0
testing9541.jpg,Nanodomain,1.0,0.0,1.0,0.0
testing9542.jpg,Nanodomain,1.0,0.0,1.0,0.0
testing9543.jpg,Nanodomain,1.0,0.0,1.0,0.0
testing9544.jpg,Nanodomain,1.0,0.0,1.0,0.0
testing9545.jpg,Nanodomain,1.0,0.0,1.0,0.0
testing9546.jpg,Nanodomain,1.0,0.0,1.0,0.0
testing9547.jpg,Nanodomain,1.0,0.0,1.0,0.0
testing9548.jpg,Intermediate,1.0,1.0,1.3290394e-26,1.641175e-12
testing9549.jpg,Intermediate,1.0,1.0,2.1857795e-27,1.0189401e-18
testing9550.jpg,Intermediate,1.0,1.0,1.271966e-35,9.803558e-30
testing9551.jpg,Nanodomain,1.0,2.073679e-30,1.0,0.0
testing9552.jpg,Nanodomain,1.0,7.9659544e-29,1.0,0.0
testing9553.jpg,Nanodomain,1.0,9.419436e-37,1.0,0.0
testing9554.jpg,Nanodomain,1.0,2.1447187e-37,1.0,0.0
testing9555.jpg,Nanodomain,1.0,0.0,1.0,0.0
testing9556.jpg,Nanodomain,1.0,0.0,1.0,0.0
testing9557.jpg,Nanodomain,1.0,2.8641765e-29,1.0,0.0
testing9558.jpg,Nanodomain,1.0,1.7399597e-18,1.0,1.7573387e-38
testing9559.jpg,Intermediate,1.0,1.0,2.7691895e-30,1.19896695e-17
testing9560.jpg,Nanodomain,1.0,0.0,1.0,0.0
testing9561.jpg,Nanodomain,1.0,0.0,1.0,0.0
testing9562.jpg,Nanodomain,1.0,0.0,1.0,0.0
testing9563.jpg,Nanodomain,1.0,0.0,1.0,0.0
testing9564.jpg,Nanodomain,1.0,0.0,1.0,0.0
testing9565.jpg,Nanodomain,1.0,0.0,1.0,0.0
testing9566.jpg,Nanodomain,1.0,0.0,1.0,0.0
testing9567.jpg,Nanodomain,1.0,0.0,1.0,0.0
testing9568.jpg,Nanodomain,1.0,0.0,1.0,0.0
testing9569.jpg,Nanodomain,1.0,0.0,1.0,0.0
testing9570.jpg,Nanodomain,1.0,0.0,1.0,0.0
testing9571.jpg,Nanodomain,1.0,0.0,1.0,0.0
testing9572.jpg,Outside,1.0,4.581878e-32,2.5412153e-33,1.0
testing9573.jpg,Outside,1.0,1.5680422e-25,7.970765e-27,1.0
testing9574.jpg,Nanodomain,1.0,0.0,1.0,0.0
testing9575.jpg,Nanodomain,1.0,0.0,1.0,0.0
testing9576.jpg,Nanodomain,1.0,0.0,1.0,0.0
testing9577.jpg,Nanodomain,1.0,0.0,1.0,0.0
testing9578.jpg,Nanodomain,1.0,0.0,1.0,0.0
testing9579.jpg,Nanodomain,1.0,0.0,1.0,0.0
testing9580.jpg,Nanodomain,1.0,0.0,1.0,0.0
testing9581.jpg,Nanodomain,1.0,0.0,1.0,0.0
testing9582.jpg,Nanodomain,1.0,0.0,1.0,0.0
testing9583.jpg,Nanodomain,1.0,0.0,1.0,0.0
testing9584.jpg,Nanodomain,1.0,6.9604e-34,1.0,0.0
testing9585.jpg,Nanodomain,1.0,2.521912e-32,1.0,0.0
testing9586.jpg,Nanodomain,1.0,1.3272758e-19,1.0,0.0
testing9587.jpg,Nanodomain,1.0,7.8761964e-33,1.0,0.0
testing9588.jpg,Outside,1.0,1.3701312e-31,1.4791789e-30,1.0
testing9589.jpg,Outside,1.0,6.209799e-33,6.038737e-30,1.0
testing9590.jpg,Outside,1.0,0.0,4.3038734e-36,1.0
testing9591.jpg,Outside,1.0,2.3072627e-33,3.1895904e-31,1.0
testing9592.jpg,Outside,1.0,2.6714035e-32,1.6060431e-31,1.0
testing9593.jpg,Outside,1.0,1.4696463e-29,8.507579e-29,1.0
testing9594.jpg,Outside,1.0,0.0,1.6704997e-37,1.0
testing9595.jpg,Outside,1.0,2.5022835e-34,5.8853576e-32,1.0
testing9596.jpg,Outside,1.0,1.0552625e-33,5.439205e-32,1.0
testing9597.jpg,Outside,1.0,5.9877097e-34,1.1318907e-31,1.0
testing9598.jpg,Outside,1.0,4.7010205e-29,4.7762533e-29,1.0
testing9599.jpg,Outside,1.0,3.271652e-30,9.882365e-31,1.0
testing9600.jpg,Outside,1.0,7.767877e-27,3.5988266e-25,1.0
testing9601.jpg,Outside,1.0,1.7002879e-12,1.1645483e-13,1.0
testing9602.jpg,Outside,1.0,2.2266376e-35,1.4367775e-32,1.0
testing9603.jpg,Outside,1.0,4.999664e-16,2.8307856e-22,1.0
testing9604.jpg,Outside,1.0,3.66131e-30,1.7165808e-27,1.0
testing9605.jpg,Intermediate,1.0,1.0,2.1318558e-29,3.4182736e-26
testing9606.jpg,Intermediate,1.0,1.0,1.4041067e-30,7.088082e-25
testing9607.jpg,Intermediate,1.0,1.0,8.931631e-28,9.249596e-28
testing9608.jpg,Intermediate,1.0,1.0,3.0169518e-32,1.03131495e-29
testing9609.jpg,Intermediate,0.9999995,0.9999995,9.192194e-19,4.9492274e-07
testing9610.jpg,Outside,0.99940753,0.0005924846,2.6962704e-15,0.99940753
testing9611.jpg,Intermediate,1.0,1.0,0.0,2.7693464e-31
testing9612.jpg,Intermediate,1.0,1.0,1.7083796e-30,2.3081624e-24
testing9613.jpg,Outside,1.0,1.4292804e-28,1.7873726e-28,1.0
testing9614.jpg,Outside,1.0,2.6855909e-28,1.2189426e-28,1.0
testing9615.jpg,Outside,1.0,1.0455863e-24,4.292698e-25,1.0
testing9616.jpg,Outside,1.0,1.0047139e-24,1.921998e-24,1.0
testing9617.jpg,Outside,0.99999785,2.0947411e-06,4.9481996e-22,0.99999785
testing9618.jpg,Outside,1.0,5.685e-30,5.0696755e-28,1.0
testing9619.jpg,Outside,1.0,1.2807022e-25,2.449553e-28,1.0
testing9620.jpg,Outside,1.0,6.6116606e-17,5.675548e-24,1.0
testing9621.jpg,Intermediate,1.0,1.0,2.7774754e-36,1.6111079e-28
testing9622.jpg,Outside,1.0,6.461716e-29,3.4824865e-28,1.0
testing9623.jpg,Outside,1.0,8.884644e-26,1.0645459e-25,1.0
testing9624.jpg,Outside,1.0,1.9907045e-10,3.758621e-20,1.0
testing9625.jpg,Outside,1.0,6.0876707e-25,2.839749e-24,1.0
testing9626.jpg,Outside,1.0,7.7071604e-20,1.065867e-24,1.0
testing9627.jpg,Outside,1.0,5.840269e-25,2.1933826e-25,1.0
testing9628.jpg,Outside,1.0,2.0800401e-12,5.294186e-18,1.0
testing9629.jpg,Outside,0.90404636,0.09595366,5.7029145e-19,0.90404636
testing9630.jpg,Outside,1.0,1.0596915e-26,2.2152282e-25,1.0
testing9631.jpg,Outside,1.0,8.8618685e-10,4.302382e-20,1.0
testing9632.jpg,Outside,1.0,1.2712946e-23,1.1528508e-24,1.0
testing9633.jpg,Outside,0.99763334,0.0023665943,4.335809e-20,0.99763334
testing9634.jpg,Outside,1.0,5.0749296e-24,2.0553905e-24,1.0
testing9635.jpg,Outside,1.0,5.7501013e-31,1.3674117e-30,1.0
testing9636.jpg,Outside,1.0,1.6309036e-18,2.8914892e-22,1.0
testing9637.jpg,Outside,1.0,3.9127145e-22,2.3261137e-25,1.0
testing9638.jpg,Outside,1.0,1.3834004e-27,2.192202e-26,1.0
testing9639.jpg,Nanodomain,1.0,0.0,1.0,0.0
testing9640.jpg,Nanodomain,1.0,0.0,1.0,0.0
testing9641.jpg,Nanodomain,1.0,0.0,1.0,0.0
testing9642.jpg,Nanodomain,1.0,0.0,1.0,0.0
testing9643.jpg,Nanodomain,1.0,0.0,1.0,0.0
testing9644.jpg,Nanodomain,1.0,0.0,1.0,0.0
testing9645.jpg,Nanodomain,1.0,0.0,1.0,0.0
testing9646.jpg,Nanodomain,1.0,1.293649e-12,1.0,4.5981923e-34
testing9647.jpg,Outside,1.0,2.5684108e-29,1.1212988e-28,1.0
testing9648.jpg,Outside,1.0,1.348294e-29,2.266374e-28,1.0
testing9649.jpg,Outside,1.0,3.6259707e-34,8.366858e-31,1.0
testing9650.jpg,Outside,1.0,1.4426791e-28,5.243635e-26,1.0
testing9651.jpg,Outside,1.0,1.1339169e-32,1.6639684e-29,1.0
testing9652.jpg,Outside,1.0,5.7301998e-30,5.9172205e-29,1.0
testing9653.jpg,Outside,1.0,2.8287138e-29,3.187956e-26,1.0
testing9654.jpg,Outside,1.0,4.2945808e-33,2.6355625e-31,1.0
testing9655.jpg,Outside,0.99999666,3.3457934e-06,7.122913e-18,0.99999666
testing9656.jpg,Outside,0.8649635,0.13503647,2.8971169e-19,0.8649635
testing9657.jpg,Outside,1.0,2.030762e-32,7.885576e-33,1.0
testing9658.jpg,Intermediate,1.0,1.0,4.595626e-29,6.6691457e-22
testing9659.jpg,Outside,1.0,3.2647202e-30,2.008232e-29,1.0
testing9660.jpg,Nanodomain,1.0,0.0,1.0,0.0
testing9661.jpg,Nanodomain,1.0,0.0,1.0,0.0
testing9662.jpg,Nanodomain,1.0,0.0,1.0,0.0
testing9663.jpg,Nanodomain,1.0,0.0,1.0,0.0
testing9664.jpg,Nanodomain,1.0,0.0,1.0,0.0
testing9665.jpg,Nanodomain,1.0,0.0,1.0,0.0
testing9666.jpg,Nanodomain,1.0,0.0,1.0,0.0
testing9667.jpg,Nanodomain,1.0,0.0,1.0,0.0
testing9668.jpg,Nanodomain,1.0,0.0,1.0,0.0
testing9669.jpg,Nanodomain,1.0,0.0,1.0,0.0
testing9670.jpg,Nanodomain,1.0,0.0,1.0,0.0
testing9671.jpg,Nanodomain,1.0,0.0,1.0,0.0
testing9672.jpg,Nanodomain,1.0,0.0,1.0,0.0
testing9673.jpg,Nanodomain,1.0,0.0,1.0,0.0
testing9674.jpg,Nanodomain,1.0,0.0,1.0,0.0
testing9675.jpg,Intermediate,1.0,1.0,1.1353416e-31,1.7273117e-22
testing9676.jpg,Intermediate,1.0,1.0,2.4063964e-33,6.7182994e-22
testing9677.jpg,Intermediate,1.0,1.0,4.9499484e-29,5.8027005e-23
testing9678.jpg,Intermediate,1.0,1.0,7.620962e-38,1.4959772e-28
testing9679.jpg,Intermediate,1.0,1.0,1.03816285e-30,5.318686e-23
testing9680.jpg,Intermediate,1.0,1.0,7.9762584e-30,5.0882025e-26
testing9681.jpg,Nanodomain,1.0,2.9281252e-25,1.0,0.0
testing9682.jpg,Nanodomain,1.0,0.0,1.0,0.0
testing9683.jpg,Nanodomain,1.0,0.0,1.0,0.0
testing9684.jpg,Nanodomain,1.0,0.0,1.0,0.0
testing9685.jpg,Nanodomain,0.9999113,8.871243e-05,0.9999113,2.4020568e-25
testing9686.jpg,Intermediate,1.0,1.0,1.4462056e-28,1.3924933e-24
testing9687.jpg,Intermediate,1.0,1.0,1.4522173e-32,3.806434e-30
testing9688.jpg,Nanodomain,1.0,0.0,1.0,0.0
testing9689.jpg,Nanodomain,1.0,0.0,1.0,0.0
testing9690.jpg,Nanodomain,1.0,0.0,1.0,0.0
testing9691.jpg,Nanodomain,1.0,0.0,1.0,0.0
testing9692.jpg,Nanodomain,1.0,0.0,1.0,0.0
testing9693.jpg,Nanodomain,1.0,0.0,1.0,0.0
testing9694.jpg,Nanodomain,1.0,0.0,1.0,0.0
testing9695.jpg,Nanodomain,1.0,0.0,1.0,0.0
testing9696.jpg,Nanodomain,1.0,0.0,1.0,0.0
testing9697.jpg,Nanodomain,1.0,0.0,1.0,0.0
testing9698.jpg,Nanodomain,1.0,0.0,1.0,0.0
testing9699.jpg,Nanodomain,1.0,0.0,1.0,0.0
testing9700.jpg,Nanodomain,1.0,0.0,1.0,0.0
testing9701.jpg,Outside,1.0,1.0026468e-23,8.4294465e-26,1.0
testing9702.jpg,Nanodomain,1.0,2.247128e-25,1.0,0.0
testing9703.jpg,Nanodomain,1.0,0.0,1.0,0.0
testing9704.jpg,Nanodomain,1.0,0.0,1.0,0.0
testing9705.jpg,Nanodomain,1.0,0.0,1.0,0.0
testing9706.jpg,Nanodomain,1.0,0.0,1.0,0.0
testing9707.jpg,Nanodomain,1.0,0.0,1.0,0.0
testing9708.jpg,Nanodomain,1.0,0.0,1.0,0.0
testing9709.jpg,Nanodomain,1.0,0.0,1.0,0.0
testing9710.jpg,Nanodomain,1.0,1.0129001e-37,1.0,0.0
testing9711.jpg,Nanodomain,1.0,0.0,1.0,0.0
testing9712.jpg,Nanodomain,1.0,1.4467059e-38,1.0,0.0
testing9713.jpg,Nanodomain,1.0,6.3545313e-35,1.0,0.0
testing9714.jpg,Nanodomain,1.0,9.1906e-31,1.0,0.0
testing9715.jpg,Outside,1.0,1.0791058e-32,7.936195e-30,1.0
testing9716.jpg,Outside,1.0,2.865198e-33,3.4684313e-29,1.0
testing9717.jpg,Outside,1.0,3.137202e-34,4.4041647e-32,1.0
testing9718.jpg,Outside,1.0,3.217615e-37,2.9796883e-32,1.0
testing9719.jpg,Outside,1.0,1.4692523e-31,1.7134778e-29,1.0
testing9720.jpg,Outside,1.0,3.0952475e-37,1.0470309e-32,1.0
testing9721.jpg,Outside,1.0,7.428544e-36,9.5398735e-33,1.0
testing9722.jpg,Outside,1.0,2.4400881e-27,9.0979045e-26,1.0
testing9723.jpg,Outside,1.0,0.0,3.598726e-35,1.0
testing9724.jpg,Outside,1.0,1.12410005e-35,5.3870225e-33,1.0
testing9725.jpg,Outside,1.0,1.7908173e-30,1.1366043e-28,1.0
testing9726.jpg,Outside,1.0,1.3515543e-28,9.4176054e-29,1.0
testing9727.jpg,Outside,1.0,1.6846805e-30,2.6966486e-27,1.0
testing9728.jpg,Outside,1.0,2.7908574e-36,1.426226e-34,1.0
testing9729.jpg,Outside,1.0,6.519743e-17,1.976508e-15,1.0
testing9730.jpg,Outside,1.0,1.6513356e-20,2.754367e-22,1.0
testing9731.jpg,Outside,0.9999939,6.0681355e-06,8.415863e-20,0.9999939
testing9732.jpg,Outside,1.0,4.5254136e-29,6.0520786e-26,1.0
testing9733.jpg,Outside,1.0,9.486022e-10,5.8108954e-16,1.0
testing9734.jpg,Intermediate,0.96533716,0.96533716,9.927669e-17,0.034662887
testing9735.jpg,Outside,1.0,3.7921313e-14,1.1635081e-15,1.0
testing9736.jpg,Intermediate,1.0,1.0,6.2380433e-28,3.109968e-16
testing9737.jpg,Outside,1.0,8.783992e-09,1.07487475e-16,1.0
testing9738.jpg,Intermediate,0.9945058,0.9945058,2.5584109e-17,0.0054942155
testing9739.jpg,Outside,0.99951684,0.0004831633,3.0938358e-21,0.99951684
testing9740.jpg,Outside,1.0,3.3205408e-28,8.358382e-29,1.0
testing9741.jpg,Outside,1.0,4.4548692e-26,1.5523773e-25,1.0
testing9742.jpg,Outside,1.0,1.0957626e-21,1.7683942e-23,1.0
testing9743.jpg,Outside,1.0,1.5178893e-14,4.01834e-23,1.0
testing9744.jpg,Outside,0.9999994,5.51764e-07,2.6859604e-19,0.9999994
testing9745.jpg,Outside,1.0,9.370633e-20,2.0257577e-23,1.0
testing9746.jpg,Outside,1.0,4.0839748e-29,4.9047998e-29,1.0
testing9747.jpg,Intermediate,1.0,1.0,6.456801e-25,1.5405326e-09
testing9748.jpg,Outside,1.0,9.050659e-25,2.9062033e-25,1.0
testing9749.jpg,Outside,1.0,1.649756e-19,4.7486533e-23,1.0
testing9750.jpg,Outside,1.0,2.6894112e-12,2.0840485e-18,1.0
testing9751.jpg,Intermediate,1.0,1.0,1.0586434e-29,2.1612651e-17
testing9752.jpg,Outside,1.0,5.45435e-18,1.0254494e-23,1.0
testing9753.jpg,Outside,1.0,7.791715e-18,1.1786737e-24,1.0
testing9754.jpg,Outside,1.0,6.9776784e-12,3.2566445e-17,1.0
testing9755.jpg,Outside,1.0,6.561332e-14,2.9260225e-20,1.0
testing9756.jpg,Outside,1.0,2.3370392e-22,9.569412e-22,1.0
testing9757.jpg,Intermediate,1.0,1.0,1.611696e-23,2.4622713e-09
testing9758.jpg,Outside,1.0,3.777984e-20,3.4992932e-20,1.0
testing9759.jpg,Outside,1.0,2.1579346e-19,7.9227024e-23,1.0
testing9760.jpg,Outside,1.0,3.097578e-27,1.04003206e-26,1.0
testing9761.jpg,Intermediate,0.9982317,0.9982317,1.01813106e-20,0.0017683669
testing9762.jpg,Outside,1.0,1.3424058e-24,4.149784e-25,1.0
testing9763.jpg,Outside,1.0,9.910696e-09,5.136975e-20,1.0
testing9764.jpg,Intermediate,1.0,1.0,0.0,3.2450885e-31
testing9765.jpg,Intermediate,1.0,1.0,2.6861682e-33,8.708562e-30
testing9766.jpg,Intermediate,1.0,1.0,5.1818068e-36,1.7188797e-28
testing9767.jpg,Nanodomain,1.0,0.0,1.0,0.0
testing9768.jpg,Nanodomain,1.0,0.0,1.0,0.0
testing9769.jpg,Nanodomain,1.0,0.0,1.0,0.0
testing9770.jpg,Nanodomain,1.0,0.0,1.0,0.0
testing9771.jpg,Nanodomain,1.0,0.0,1.0,0.0
testing9772.jpg,Nanodomain,1.0,0.0,1.0,0.0
testing9773.jpg,Nanodomain,1.0,0.0,1.0,0.0
testing9774.jpg,Nanodomain,1.0,8.129341e-19,1.0,0.0
testing9775.jpg,Outside,1.0,3.1591587e-32,1.4715649e-29,1.0
testing9776.jpg,Outside,1.0,2.2962221e-36,1.3034034e-33,1.0
testing9777.jpg,Outside,1.0,4.5642135e-29,2.7061086e-27,1.0
testing9778.jpg,Outside,1.0,9.303855e-26,2.9390366e-25,1.0
testing9779.jpg,Nanodomain,1.0,0.0,1.0,0.0
testing9780.jpg,Nanodomain,1.0,0.0,1.0,0.0
testing9781.jpg,Nanodomain,1.0,0.0,1.0,0.0
testing9782.jpg,Nanodomain,1.0,0.0,1.0,0.0
testing9783.jpg,Nanodomain,1.0,0.0,1.0,0.0
testing9784.jpg,Nanodomain,1.0,0.0,1.0,0.0
testing9785.jpg,Nanodomain,1.0,0.0,1.0,0.0
testing9786.jpg,Outside,1.0,1.0228313e-24,1.8360686e-25,1.0
testing9787.jpg,Outside,1.0,2.1708318e-26,6.3378594e-25,1.0
testing9788.jpg,Nanodomain,1.0,0.0,1.0,0.0
testing9789.jpg,Nanodomain,1.0,0.0,1.0,0.0
testing9790.jpg,Nanodomain,1.0,0.0,1.0,0.0
testing9791.jpg,Nanodomain,1.0,0.0,1.0,0.0
testing9792.jpg,Nanodomain,1.0,0.0,1.0,0.0
testing9793.jpg,Nanodomain,1.0,0.0,1.0,0.0
testing9794.jpg,Nanodomain,1.0,0.0,1.0,0.0
testing9795.jpg,Nanodomain,1.0,0.0,1.0,0.0
testing9796.jpg,Nanodomain,1.0,0.0,1.0,0.0
testing9797.jpg,Nanodomain,1.0,0.0,1.0,0.0
testing9798.jpg,Nanodomain,1.0,0.0,1.0,0.0
testing9799.jpg,Nanodomain,1.0,0.0,1.0,0.0
testing9800.jpg,Nanodomain,1.0,0.0,1.0,0.0
testing9801.jpg,Nanodomain,1.0,0.0,1.0,0.0
testing9802.jpg,Nanodomain,1.0,0.0,1.0,0.0
testing9803.jpg,Nanodomain,1.0,0.0,1.0,0.0
testing9804.jpg,Intermediate,0.50267506,0.50267506,3.1462658e-20,0.49732497
testing9805.jpg,Intermediate,1.0,1.0,5.4320174e-22,1.3445077e-08
testing9806.jpg,Intermediate,1.0,1.0,1.0356854e-25,4.8820872e-27
testing9807.jpg,Intermediate,1.0,1.0,3.2440948e-33,9.808773e-27
testing9808.jpg,Intermediate,1.0,1.0,8.3064e-32,2.5199873e-18
testing9809.jpg,Intermediate,1.0,1.0,9.956706e-34,7.015992e-31
testing9810.jpg,Intermediate,1.0,1.0,1.7502244e-26,1.0832004e-11
testing9811.jpg,Intermediate,1.0,1.0,1.992436e-22,3.2878672e-11
testing9812.jpg,Intermediate,1.0,1.0,5.058895e-28,5.8481683e-15
testing9813.jpg,Intermediate,1.0,1.0,0.0,3.9215405e-32
testing9814.jpg,Intermediate,1.0,1.0,1.4246119e-33,5.7904957e-30
testing9815.jpg,Nanodomain,1.0,0.0,1.0,0.0
testing9816.jpg,Nanodomain,1.0,0.0,1.0,0.0
testing9817.jpg,Nanodomain,1.0,0.0,1.0,0.0
testing9818.jpg,Nanodomain,1.0,0.0,1.0,0.0
testing9819.jpg,Nanodomain,1.0,0.0,1.0,0.0
testing9820.jpg,Nanodomain,1.0,0.0,1.0,0.0
testing9821.jpg,Nanodomain,1.0,0.0,1.0,0.0
testing9822.jpg,Nanodomain,1.0,0.0,1.0,0.0
testing9823.jpg,Nanodomain,1.0,0.0,1.0,0.0
testing9824.jpg,Nanodomain,1.0,0.0,1.0,0.0
testing9825.jpg,Nanodomain,1.0,0.0,1.0,0.0
testing9826.jpg,Nanodomain,1.0,0.0,1.0,0.0
testing9827.jpg,Nanodomain,1.0,0.0,1.0,0.0
testing9828.jpg,Outside,1.0,7.186968e-33,2.8076828e-31,1.0
testing9829.jpg,Outside,1.0,3.59062e-21,1.2079942e-22,1.0
testing9830.jpg,Outside,1.0,2.5335242e-30,1.1480135e-26,1.0
testing9831.jpg,Outside,1.0,4.520059e-24,1.9165583e-24,1.0
testing9832.jpg,Nanodomain,1.0,0.0,1.0,0.0
testing9833.jpg,Nanodomain,1.0,0.0,1.0,0.0
testing9834.jpg,Nanodomain,1.0,0.0,1.0,0.0
testing9835.jpg,Nanodomain,1.0,0.0,1.0,0.0
testing9836.jpg,Nanodomain,1.0,0.0,1.0,0.0
testing9837.jpg,Nanodomain,1.0,0.0,1.0,0.0
testing9838.jpg,Nanodomain,1.0,1.4131958e-34,1.0,0.0
testing9839.jpg,Nanodomain,1.0,2.3902705e-30,1.0,0.0
testing9840.jpg,Nanodomain,1.0,3.2693642e-33,1.0,0.0
testing9841.jpg,Nanodomain,1.0,1.1463783e-12,1.0,2.4108801e-33
testing9842.jpg,Outside,1.0,9.2756136e-33,1.3637443e-30,1.0
testing9843.jpg,Outside,1.0,5.3048626e-32,4.742086e-29,1.0
testing9844.jpg,Outside,1.0,6.2601803e-31,1.8202205e-29,1.0
testing9845.jpg,Outside,1.0,8.028696e-32,8.955367e-30,1.0
testing9846.jpg,Outside,1.0,1.7233842e-35,1.0653186e-31,1.0
testing9847.jpg,Outside,1.0,3.702305e-31,1.2985141e-27,1.0
testing9848.jpg,Outside,1.0,1.4935253e-28,5.8745196e-26,1.0
testing9849.jpg,Outside,1.0,2.4067317e-29,4.1042464e-29,1.0
testing9850.jpg,Outside,1.0,4.4351522e-32,2.8779955e-31,1.0
testing9851.jpg,Outside,1.0,1.2765463e-33,2.1179441e-31,1.0
testing9852.jpg,Outside,1.0,2.859355e-34,7.881881e-32,1.0
testing9853.jpg,Outside,1.0,1.6574037e-31,6.618708e-30,1.0
testing9854.jpg,Outside,1.0,5.2465174e-33,8.3891665e-31,1.0
testing9855.jpg,Outside,1.0,1.0530323e-30,2.1050425e-29,1.0
testing9856.jpg,Outside,1.0,6.077588e-29,3.6105386e-27,1.0
testing9857.jpg,Intermediate,0.9999887,0.9999887,2.2799024e-12,1.1287538e-05
testing9858.jpg,Intermediate,1.0,1.0,2.1706186e-24,1.837009e-23
testing9859.jpg,Outside,1.0,7.0152776e-21,1.30611755e-23,1.0
testing9860.jpg,Outside,1.0,1.3972469e-10,2.7840898e-17,1.0
testing9861.jpg,Outside,1.0,9.299411e-09,3.221097e-18,1.0
testing9862.jpg,Intermediate,1.0,1.0,4.208667e-36,4.0133737e-32
testing9863.jpg,Intermediate,1.0,1.0,1.932646e-37,7.2079137e-34
testing9864.jpg,Intermediate,1.0,1.0,7.664199e-30,4.111867e-27
testing9865.jpg,Nanodomain,1.0,2.3330303e-30,1.0,0.0
testing9866.jpg,Nanodomain,1.0,9.215176e-23,1.0,0.0
testing9867.jpg,Nanodomain,1.0,1.1592194e-08,1.0,3.291352e-32
testing9868.jpg,Nanodomain,1.0,1.3139418e-18,1.0,0.0
testing9869.jpg,Nanodomain,1.0,4.4356543e-27,1.0,0.0
testing9870.jpg,Nanodomain,1.0,4.0160772e-28,1.0,0.0
testing9871.jpg,Outside,1.0,4.518139e-27,1.8746392e-26,1.0
testing9872.jpg,Nanodomain,1.0,6.5086684e-22,1.0,0.0
testing9873.jpg,Outside,0.99999976,2.2984771e-07,1.32010465e-20,0.99999976
testing9874.jpg,Intermediate,1.0,1.0,3.6729125e-27,1.1961684e-14
testing9875.jpg,Outside,0.968543,0.031457018,1.668925e-18,0.968543
testing9876.jpg,Outside,1.0,1.0848122e-20,6.391279e-23,1.0
testing9877.jpg,Intermediate,0.9732858,0.9732858,2.8451756e-19,0.026714267
testing9878.jpg,Outside,1.0,1.5887605e-10,1.516103e-19,1.0
testing9879.jpg,Intermediate,1.0,1.0,9.842398e-26,2.4784346e-11
testing9880.jpg,Outside,0.90695107,0.09304891,5.052751e-19,0.90695107
testing9881.jpg,Outside,1.0,2.508799e-29,2.6054251e-30,1.0
testing9882.jpg,Outside,0.77045196,0.22954804,8.3053654e-19,0.77045196
testing9883.jpg,Intermediate,0.96422386,0.96422386,1.0833473e-19,0.035776168
testing9884.jpg,Intermediate,1.0,1.0,6.805715e-30,4.5100666e-14
testing9885.jpg,Outside,1.0,1.2845091e-17,4.1294983e-22,1.0
testing9886.jpg,Outside,1.0,1.2661354e-23,1.8933401e-25,1.0
testing9887.jpg,Outside,0.99982834,0.00017160624,2.7098164e-20,0.99982834
testing9888.jpg,Intermediate,1.0,1.0,2.6282133e-31,4.0459997e-21
testing9889.jpg,Outside,1.0,3.5911725e-26,8.9357646e-26,1.0
testing9890.jpg,Outside,1.0,2.1295891e-13,4.0949602e-20,1.0
testing9891.jpg,Intermediate,1.0,1.0,1.8043668e-23,1.0831814e-08
testing9892.jpg,Intermediate,1.0,1.0,1.01349094e-23,1.3363352e-10
testing9893.jpg,Outside,1.0,2.4121814e-11,5.5606787e-17,1.0
testing9894.jpg,Intermediate,0.99916697,0.99916697,4.077054e-15,0.0008330048
testing9895.jpg,Outside,0.9999999,9.907487e-08,1.2891614e-19,0.9999999
testing9896.jpg,Nanodomain,1.0,0.0,1.0,0.0
testing9897.jpg,Nanodomain,1.0,1.7462532e-37,1.0,0.0
testing9898.jpg,Nanodomain,1.0,1.4388014e-17,1.0,0.0
testing9899.jpg,Intermediate,1.0,1.0,7.8847334e-33,1.1610346e-29
testing9900.jpg,Intermediate,1.0,1.0,2.9601854e-28,6.743005e-20
testing9901.jpg,Outside,0.9999231,7.6937096e-05,1.1941787e-16,0.9999231
testing9902.jpg,Outside,1.0,3.952224e-31,2.5096617e-28,1.0
testing9903.jpg,Nanodomain,1.0,0.0,1.0,0.0
testing9904.jpg,Nanodomain,1.0,0.0,1.0,0.0
testing9905.jpg,Nanodomain,1.0,0.0,1.0,0.0
testing9906.jpg,Nanodomain,1.0,0.0,1.0,0.0
testing9907.jpg,Nanodomain,1.0,0.0,1.0,0.0
testing9908.jpg,Nanodomain,1.0,0.0,1.0,0.0
testing9909.jpg,Nanodomain,1.0,0.0,1.0,0.0
testing9910.jpg,Nanodomain,1.0,0.0,1.0,0.0
testing9911.jpg,Nanodomain,1.0,0.0,1.0,0.0
testing9912.jpg,Nanodomain,1.0,0.0,1.0,0.0
testing9913.jpg,Nanodomain,1.0,0.0,1.0,0.0
testing9914.jpg,Nanodomain,1.0,0.0,1.0,0.0
testing9915.jpg,Nanodomain,1.0,0.0,1.0,0.0
testing9916.jpg,Nanodomain,1.0,0.0,1.0,0.0
testing9917.jpg,Nanodomain,1.0,0.0,1.0,0.0
testing9918.jpg,Nanodomain,1.0,0.0,1.0,0.0
testing9919.jpg,Nanodomain,1.0,0.0,1.0,0.0
testing9920.jpg,Nanodomain,1.0,0.0,1.0,0.0
testing9921.jpg,Nanodomain,1.0,0.0,1.0,0.0
testing9922.jpg,Nanodomain,1.0,0.0,1.0,0.0
testing9923.jpg,Nanodomain,1.0,0.0,1.0,0.0
testing9924.jpg,Nanodomain,1.0,0.0,1.0,0.0
testing9925.jpg,Nanodomain,1.0,0.0,1.0,0.0
testing9926.jpg,Nanodomain,1.0,0.0,1.0,0.0
testing9927.jpg,Nanodomain,1.0,0.0,1.0,0.0
testing9928.jpg,Nanodomain,1.0,0.0,1.0,0.0
testing9929.jpg,Nanodomain,1.0,0.0,1.0,0.0
testing9930.jpg,Intermediate,1.0,1.0,1.09404645e-35,4.2813185e-24
testing9931.jpg,Outside,0.9999993,7.725758e-07,3.1464402e-19,0.9999993
testing9932.jpg,Outside,1.0,4.9743747e-11,1.5662886e-20,1.0
testing9933.jpg,Outside,1.0,4.05631e-20,2.7381472e-24,1.0
testing9934.jpg,Intermediate,1.0,1.0,1.012786e-26,1.2835929e-25
testing9935.jpg,Intermediate,1.0,1.0,1.0953204e-27,4.0861998e-23
testing9936.jpg,Intermediate,1.0,1.0,9.153253e-34,1.4468898e-28
testing9937.jpg,Intermediate,1.0,1.0,1.10747825e-29,1.2136274e-25
testing9938.jpg,Intermediate,1.0,1.0,5.8920876e-20,1.6670139e-19
testing9939.jpg,Intermediate,1.0,1.0,7.6579805e-36,3.7160142e-32
testing9940.jpg,Intermediate,1.0,1.0,8.390063e-31,8.185944e-27
testing9941.jpg,Intermediate,1.0,1.0,4.8031007e-26,7.601992e-18
testing9942.jpg,Nanodomain,1.0,0.0,1.0,0.0
testing9943.jpg,Nanodomain,1.0,0.0,1.0,0.0
testing9944.jpg,Nanodomain,1.0,0.0,1.0,0.0
testing9945.jpg,Nanodomain,1.0,0.0,1.0,0.0
testing9946.jpg,Nanodomain,1.0,0.0,1.0,0.0
testing9947.jpg,Nanodomain,1.0,0.0,1.0,0.0
testing9948.jpg,Nanodomain,1.0,0.0,1.0,0.0
testing9949.jpg,Nanodomain,1.0,0.0,1.0,0.0
testing9950.jpg,Nanodomain,1.0,0.0,1.0,0.0
testing9951.jpg,Nanodomain,1.0,0.0,1.0,0.0
testing9952.jpg,Nanodomain,1.0,0.0,1.0,0.0
testing9953.jpg,Nanodomain,1.0,0.0,1.0,0.0
testing9954.jpg,Nanodomain,1.0,0.0,1.0,0.0
testing9955.jpg,Nanodomain,1.0,0.0,1.0,0.0
testing9956.jpg,Outside,1.0,4.7818936e-26,1.25170255e-26,1.0
testing9957.jpg,Outside,1.0,2.788789e-31,1.7648163e-30,1.0
testing9958.jpg,Outside,1.0,2.8948324e-30,2.5012663e-31,1.0
testing9959.jpg,Outside,1.0,8.5732776e-32,1.3407807e-28,1.0
testing9960.jpg,Outside,1.0,8.9918287e-29,4.6880598e-27,1.0
testing9961.jpg,Outside,1.0,1.3868613e-27,1.83746e-28,1.0
testing9962.jpg,Nanodomain,1.0,0.0,1.0,0.0
testing9963.jpg,Nanodomain,1.0,0.0,1.0,0.0
testing9964.jpg,Nanodomain,1.0,0.0,1.0,0.0
testing9965.jpg,Nanodomain,1.0,3.1324355e-31,1.0,0.0
testing9966.jpg,Nanodomain,1.0,1.2966799e-16,1.0,1.1995587e-37
testing9967.jpg,Outside,1.0,1.2743763e-33,2.4348416e-29,1.0
testing9968.jpg,Outside,1.0,8.0012583e-35,6.452278e-30,1.0
testing9969.jpg,Outside,1.0,3.387584e-35,1.7261041e-32,1.0
testing9970.jpg,Outside,1.0,8.462591e-28,3.100902e-26,1.0
testing9971.jpg,Outside,1.0,1.9088557e-29,2.1355625e-26,1.0
testing9972.jpg,Outside,1.0,8.241176e-36,6.7800994e-34,1.0
testing9973.jpg,Outside,1.0,4.811831e-33,5.344948e-29,1.0
testing9974.jpg,Outside,1.0,9.282035e-30,1.4277437e-28,1.0
testing9975.jpg,Outside,1.0,1.5372264e-33,1.746719e-30,1.0
testing9976.jpg,Outside,1.0,2.85809e-34,2.9629261e-31,1.0
testing9977.jpg,Outside,1.0,2.4388362e-31,4.2964903e-29,1.0
testing9978.jpg,Outside,1.0,4.419793e-35,5.3552517e-30,1.0
testing9979.jpg,Outside,1.0,3.521497e-34,1.0753417e-32,1.0
testing9980.jpg,Outside,1.0,1.8923503e-33,5.2891874e-30,1.0
testing9981.jpg,Outside,1.0,3.3218592e-35,2.3339534e-32,1.0
testing9982.jpg,Outside,1.0,6.049672e-28,7.5878805e-26,1.0
testing9983.jpg,Outside,1.0,1.10159405e-33,1.601968e-31,1.0
testing9984.jpg,Outside,1.0,5.7572185e-29,9.394159e-25,1.0
testing9985.jpg,Intermediate,1.0,1.0,3.6373318e-11,1.30231e-18
testing9986.jpg,Intermediate,1.0,1.0,3.7967536e-19,8.270396e-11
testing9987.jpg,Nanodomain,0.9999893,1.0767406e-05,0.9999893,1.6468023e-26
testing9988.jpg,Nanodomain,1.0,1.9997307e-22,1.0,0.0
testing9989.jpg,Nanodomain,1.0,1.1931193e-22,1.0,0.0
testing9990.jpg,Nanodomain,1.0,1.8777262e-31,1.0,0.0
testing9991.jpg,Nanodomain,1.0,2.8849048e-19,1.0,0.0
testing9992.jpg,Nanodomain,1.0,7.8602966e-31,1.0,0.0
testing9993.jpg,Nanodomain,1.0,4.7119148e-23,1.0,0.0
testing9994.jpg,Nanodomain,1.0,3.32116e-29,1.0,0.0
testing9995.jpg,Nanodomain,1.0,2.049176e-30,1.0,0.0
testing9996.jpg,Nanodomain,1.0,6.1400307e-17,1.0,0.0
testing9997.jpg,Outside,1.0,1.3766729e-34,1.2650295e-31,1.0
testing9998.jpg,Nanodomain,1.0,7.440107e-23,1.0,0.0
testing9999.jpg,Nanodomain,1.0,9.74409e-15,1.0,2.3675502e-35
testing10000.jpg,Nanodomain,1.0,2.6991687e-28,1.0,0.0
testing10001.jpg,Intermediate,1.0,1.0,9.7086714e-27,1.1919824e-14
testing10002.jpg,Intermediate,0.99999905,0.99999905,1.1680778e-24,9.928235e-07
testing10003.jpg,Intermediate,1.0,1.0,2.1054757e-22,2.7738818e-09
testing10004.jpg,Outside,0.99996054,3.9399354e-05,2.2067063e-18,0.99996054
testing10005.jpg,Intermediate,1.0,1.0,2.4844676e-35,3.9887443e-22
testing10006.jpg,Intermediate,0.99999917,0.99999917,1.1157764e-21,8.6233416e-07
testing10007.jpg,Outside,0.9546802,0.045319807,6.592547e-17,0.9546802
testing10008.jpg,Outside,1.0,3.6218318e-22,4.7146297e-23,1.0
testing10009.jpg,Outside,1.0,1.841024e-21,5.1995357e-26,1.0
testing10010.jpg,Outside,1.0,1.1501511e-21,5.377289e-26,1.0
testing10011.jpg,Outside,0.99927396,0.00072606676,3.7140087e-14,0.99927396
testing10012.jpg,Outside,1.0,3.3730566e-17,2.0441806e-21,1.0
testing10013.jpg,Outside,1.0,8.546502e-32,3.718485e-30,1.0
testing10014.jpg,Outside,1.0,1.23193275e-29,2.6336668e-28,1.0
testing10015.jpg,Intermediate,1.0,1.0,3.3824068e-27,1.484431e-14
testing10016.jpg,Intermediate,1.0,1.0,3.0226302e-10,6.306613e-22
testing10017.jpg,Intermediate,1.0,1.0,6.526465e-31,2.4739552e-24
testing10018.jpg,Intermediate,1.0,1.0,9.811404e-32,1.9599909e-29
testing10019.jpg,Intermediate,1.0,1.0,0.0,2.9580925e-31
testing10020.jpg,Outside,0.99907196,0.0009280754,2.220781e-20,0.99907196
testing10021.jpg,Intermediate,1.0,1.0,8.921768e-33,5.73093e-27
testing10022.jpg,Intermediate,1.0,1.0,3.1327223e-31,4.956107e-22
testing10023.jpg,Outside,1.0,2.6632016e-10,6.794233e-20,1.0
testing10024.jpg,Intermediate,1.0,1.0,2.1889334e-27,1.3689443e-25
testing10025.jpg,Intermediate,1.0,1.0,7.967117e-27,1.1683246e-23
testing10026.jpg,Intermediate,1.0,1.0,2.4256266e-29,1.6124697e-17
testing10027.jpg,Outside,0.99999964,4.0927293e-07,5.348912e-18,0.99999964
testing10028.jpg,Outside,1.0,1.7533822e-37,9.330123e-33,1.0
testing10029.jpg,Outside,1.0,1.4311947e-29,4.2262246e-26,1.0
testing10030.jpg,Nanodomain,1.0,0.0,1.0,0.0
testing10031.jpg,Nanodomain,1.0,0.0,1.0,0.0
testing10032.jpg,Nanodomain,1.0,0.0,1.0,0.0
testing10033.jpg,Nanodomain,1.0,0.0,1.0,0.0
testing10034.jpg,Nanodomain,1.0,0.0,1.0,0.0
testing10035.jpg,Nanodomain,1.0,0.0,1.0,0.0
testing10036.jpg,Nanodomain,1.0,0.0,1.0,0.0
testing10037.jpg,Nanodomain,1.0,0.0,1.0,0.0
testing10038.jpg,Nanodomain,1.0,0.0,1.0,0.0
testing10039.jpg,Nanodomain,1.0,0.0,1.0,0.0
testing10040.jpg,Nanodomain,1.0,0.0,1.0,0.0
testing10041.jpg,Nanodomain,1.0,0.0,1.0,0.0
testing10042.jpg,Nanodomain,1.0,0.0,1.0,0.0
testing10043.jpg,Nanodomain,1.0,0.0,1.0,0.0
testing10044.jpg,Nanodomain,1.0,0.0,1.0,0.0
testing10045.jpg,Nanodomain,1.0,0.0,1.0,0.0
testing10046.jpg,Nanodomain,1.0,0.0,1.0,0.0
testing10047.jpg,Nanodomain,1.0,0.0,1.0,0.0
testing10048.jpg,Nanodomain,1.0,0.0,1.0,0.0
testing10049.jpg,Nanodomain,1.0,0.0,1.0,0.0
testing10050.jpg,Nanodomain,1.0,0.0,1.0,0.0
testing10051.jpg,Nanodomain,1.0,0.0,1.0,0.0
testing10052.jpg,Nanodomain,1.0,0.0,1.0,0.0
testing10053.jpg,Nanodomain,1.0,0.0,1.0,0.0
testing10054.jpg,Nanodomain,1.0,0.0,1.0,0.0
testing10055.jpg,Nanodomain,1.0,0.0,1.0,0.0
testing10056.jpg,Nanodomain,1.0,0.0,1.0,0.0
testing10057.jpg,Nanodomain,1.0,0.0,1.0,0.0
testing10058.jpg,Nanodomain,1.0,3.3748257e-36,1.0,0.0
testing10059.jpg,Outside,1.0,1.0846252e-29,2.0402304e-29,1.0
testing10060.jpg,Outside,1.0,3.6891752e-26,9.348748e-27,1.0
testing10061.jpg,Outside,0.9974285,0.0025715455,3.0795383e-21,0.9974285
testing10062.jpg,Intermediate,1.0,1.0,9.363433e-31,1.9718112e-20
testing10063.jpg,Intermediate,1.0,1.0,2.927104e-21,7.698265e-18
testing10064.jpg,Intermediate,1.0,1.0,1.0651186e-25,5.224255e-16
testing10065.jpg,Intermediate,0.9999938,0.9999938,2.328851e-18,6.2418176e-06
testing10066.jpg,Intermediate,1.0,1.0,2.2232515e-27,1.5457438e-22
testing10067.jpg,Intermediate,1.0,1.0,2.658695e-25,4.2522138e-14
testing10068.jpg,Intermediate,0.9999994,0.9999994,5.7008946e-22,5.812786e-07
testing10069.jpg,Nanodomain,1.0,0.0,1.0,0.0
testing10070.jpg,Nanodomain,1.0,0.0,1.0,0.0
testing10071.jpg,Nanodomain,1.0,0.0,1.0,0.0
testing10072.jpg,Nanodomain,1.0,0.0,1.0,0.0
testing10073.jpg,Nanodomain,1.0,0.0,1.0,0.0
testing10074.jpg,Nanodomain,1.0,0.0,1.0,0.0
testing10075.jpg,Nanodomain,1.0,0.0,1.0,0.0
testing10076.jpg,Nanodomain,1.0,0.0,1.0,0.0
testing10077.jpg,Nanodomain,1.0,0.0,1.0,0.0
testing10078.jpg,Nanodomain,1.0,0.0,1.0,0.0
testing10079.jpg,Nanodomain,1.0,0.0,1.0,0.0
testing10080.jpg,Nanodomain,1.0,0.0,1.0,0.0
testing10081.jpg,Nanodomain,1.0,0.0,1.0,0.0
testing10082.jpg,Nanodomain,1.0,0.0,1.0,0.0
testing10083.jpg,Nanodomain,1.0,0.0,1.0,0.0
testing10084.jpg,Nanodomain,1.0,0.0,1.0,0.0
testing10085.jpg,Outside,1.0,2.6332998e-32,4.0522547e-29,1.0
testing10086.jpg,Outside,1.0,1.6744898e-34,7.42596e-30,1.0
testing10087.jpg,Outside,1.0,7.062093e-32,1.4318562e-28,1.0
testing10088.jpg,Outside,1.0,1.5062191e-31,3.6100548e-28,1.0
testing10089.jpg,Outside,1.0,2.749006e-35,1.2291901e-31,1.0
testing10090.jpg,Nanodomain,1.0,0.0,1.0,0.0
testing10091.jpg,Nanodomain,1.0,0.0,1.0,0.0
testing10092.jpg,Outside,1.0,2.2323988e-32,1.250598e-29,1.0
testing10093.jpg,Outside,1.0,1.9243745e-32,2.3133561e-30,1.0
testing10094.jpg,Outside,1.0,8.027742e-33,2.967803e-30,1.0
testing10095.jpg,Outside,1.0,5.8313165e-26,1.9660313e-24,1.0
testing10096.jpg,Outside,1.0,4.7754306e-30,4.417649e-29,1.0
testing10097.jpg,Outside,1.0,1.7100971e-27,2.1108295e-24,1.0
testing10098.jpg,Outside,1.0,1.662042e-34,1.7101979e-31,1.0
testing10099.jpg,Outside,1.0,1.2798119e-35,1.7203662e-31,1.0
testing10100.jpg,Outside,1.0,1.6181138e-32,2.4472076e-29,1.0
testing10101.jpg,Outside,1.0,1.6942261e-29,1.6596079e-28,1.0
testing10102.jpg,Outside,1.0,3.0862052e-29,1.0724767e-27,1.0
testing10103.jpg,Outside,1.0,3.966328e-25,3.079095e-26,1.0
testing10104.jpg,Outside,1.0,9.9453905e-27,1.0288023e-25,1.0
testing10105.jpg,Outside,1.0,3.5390065e-25,3.2594756e-26,1.0
testing10106.jpg,Outside,1.0,7.7084485e-29,3.8976398e-29,1.0
testing10107.jpg,Outside,1.0,2.5147395e-29,6.6676465e-29,1.0
testing10108.jpg,Outside,1.0,1.6771125e-32,2.3960767e-30,1.0
testing10109.jpg,Outside,1.0,7.3041485e-28,2.1159952e-26,1.0
testing10110.jpg,Outside,1.0,9.807982e-28,5.139441e-29,1.0
testing10111.jpg,Outside,1.0,2.6690917e-24,3.5316063e-23,1.0
testing10112.jpg,Outside,1.0,5.6923608e-36,2.4872308e-32,1.0
testing10113.jpg,Intermediate,1.0,1.0,1.3556543e-13,7.3193516e-20
testing10114.jpg,Nanodomain,1.0,1.4886574e-19,1.0,0.0
testing10115.jpg,Nanodomain,1.0,6.378595e-10,1.0,1.3519273e-33
testing10116.jpg,Nanodomain,1.0,2.7666963e-16,1.0,2.4143725e-37
testing10117.jpg,Nanodomain,1.0,1.1743964e-13,1.0,2.5221076e-37
testing10118.jpg,Nanodomain,1.0,1.9401455e-20,1.0,0.0
testing10119.jpg,Nanodomain,1.0,3.984697e-23,1.0,0.0
testing10120.jpg,Nanodomain,1.0,5.7370605e-25,1.0,0.0
testing10121.jpg,Nanodomain,1.0,0.0,1.0,0.0
testing10122.jpg,Nanodomain,1.0,8.2065835e-26,1.0,0.0
testing10123.jpg,Nanodomain,1.0,5.788729e-15,1.0,0.0
testing10124.jpg,Nanodomain,1.0,1.3872547e-17,1.0,1.656566e-35
testing10125.jpg,Nanodomain,1.0,1.9664542e-10,1.0,1.8627745e-29
testing10126.jpg,Nanodomain,1.0,2.5459391e-19,1.0,1.8416751e-38
testing10127.jpg,Intermediate,1.0,1.0,1.6162899e-37,1.338125e-26
testing10128.jpg,Nanodomain,1.0,1.0394207e-08,1.0,2.6787242e-29
testing10129.jpg,Nanodomain,1.0,5.997101e-09,1.0,1.1420718e-28
testing10130.jpg,Outside,1.0,1.1783817e-31,4.551328e-30,1.0
testing10131.jpg,Outside,1.0,4.3529197e-25,4.559594e-25,1.0
testing10132.jpg,Outside,1.0,4.6788922e-28,3.077918e-28,1.0
testing10133.jpg,Intermediate,1.0,1.0,1.3011662e-28,9.60858e-24
testing10134.jpg,Outside,1.0,1.5921958e-31,4.9415718e-29,1.0
testing10135.jpg,Outside,1.0,5.3045494e-28,1.9645965e-27,1.0
testing10136.jpg,Outside,1.0,6.293016e-28,1.678052e-26,1.0
testing10137.jpg,Intermediate,0.9999994,0.9999994,1.4427251e-24,6.279386e-07
testing10138.jpg,Intermediate,0.9999876,0.9999876,6.6069695e-23,1.2345554e-05
testing10139.jpg,Outside,1.0,5.068251e-33,7.624067e-32,1.0
testing10140.jpg,Outside,1.0,1.9707075e-26,1.8675943e-26,1.0
testing10141.jpg,Outside,1.0,3.5325682e-20,5.2369686e-22,1.0
testing10142.jpg,Outside,1.0,3.240663e-29,4.0151316e-26,1.0
testing10143.jpg,Outside,1.0,6.911566e-24,1.4105754e-23,1.0
testing10144.jpg,Outside,1.0,5.6917004e-13,1.5999432e-20,1.0
testing10145.jpg,Outside,1.0,2.501898e-22,3.0591415e-21,1.0
testing10146.jpg,Outside,1.0,1.2298937e-16,7.019106e-21,1.0
testing10147.jpg,Outside,1.0,5.293342e-24,1.5305504e-25,1.0
testing10148.jpg,Outside,1.0,3.7350884e-16,7.877048e-23,1.0
testing10149.jpg,Outside,1.0,2.3828265e-35,1.6702427e-32,1.0
testing10150.jpg,Outside,1.0,5.1644173e-30,1.5251967e-29,1.0
testing10151.jpg,Outside,1.0,9.263692e-19,1.5160777e-22,1.0
testing10152.jpg,Outside,1.0,3.9366176e-25,3.0500595e-24,1.0
testing10153.jpg,Outside,1.0,2.7416116e-28,6.9498082e-28,1.0
testing10154.jpg,Outside,1.0,0.0,1.3336047e-34,1.0
testing10155.jpg,Outside,1.0,1.4813408e-31,6.9443e-27,1.0
testing10156.jpg,Outside,1.0,2.4901413e-35,7.336414e-32,1.0
testing10157.jpg,Outside,1.0,2.084022e-28,1.14822e-25,1.0
testing10158.jpg,Nanodomain,1.0,0.0,1.0,0.0
testing10159.jpg,Nanodomain,1.0,0.0,1.0,0.0
testing10160.jpg,Nanodomain,1.0,0.0,1.0,0.0
testing10161.jpg,Nanodomain,1.0,0.0,1.0,0.0
testing10162.jpg,Nanodomain,1.0,0.0,1.0,0.0
testing10163.jpg,Nanodomain,1.0,0.0,1.0,0.0
testing10164.jpg,Nanodomain,1.0,0.0,1.0,0.0
testing10165.jpg,Nanodomain,1.0,0.0,1.0,0.0
testing10166.jpg,Nanodomain,1.0,0.0,1.0,0.0
testing10167.jpg,Nanodomain,1.0,0.0,1.0,0.0
testing10168.jpg,Nanodomain,1.0,0.0,1.0,0.0
testing10169.jpg,Nanodomain,1.0,0.0,1.0,0.0
testing10170.jpg,Nanodomain,1.0,0.0,1.0,0.0
testing10171.jpg,Intermediate,0.99966526,0.99966526,1.0370529e-20,0.00033475217
testing10172.jpg,Intermediate,1.0,1.0,7.889616e-31,2.5124346e-17
testing10173.jpg,Nanodomain,1.0,0.0,1.0,0.0
testing10174.jpg,Nanodomain,1.0,0.0,1.0,0.0
testing10175.jpg,Nanodomain,1.0,0.0,1.0,0.0
testing10176.jpg,Nanodomain,1.0,0.0,1.0,0.0
testing10177.jpg,Nanodomain,1.0,0.0,1.0,0.0
testing10178.jpg,Nanodomain,1.0,0.0,1.0,0.0
testing10179.jpg,Nanodomain,1.0,0.0,1.0,0.0
testing10180.jpg,Nanodomain,1.0,0.0,1.0,0.0
testing10181.jpg,Nanodomain,1.0,0.0,1.0,0.0
testing10182.jpg,Nanodomain,1.0,0.0,1.0,0.0
testing10183.jpg,Nanodomain,1.0,0.0,1.0,0.0
testing10184.jpg,Nanodomain,1.0,0.0,1.0,0.0
testing10185.jpg,Nanodomain,1.0,6.257282e-34,1.0,0.0
testing10186.jpg,Nanodomain,1.0,5.5141774e-35,1.0,0.0
testing10187.jpg,Intermediate,1.0,1.0,1.3698031e-37,1.3925889e-24
testing10188.jpg,Intermediate,1.0,1.0,0.0,1.8422165e-30
testing10189.jpg,Intermediate,1.0,1.0,5.0621396e-35,1.4657133e-25
testing10190.jpg,Intermediate,1.0,1.0,5.1287646e-30,1.4168455e-18
testing10191.jpg,Intermediate,1.0,1.0,1.2648433e-28,3.5949924e-21
testing10192.jpg,Intermediate,1.0,1.0,1.3763897e-26,1.9249785e-15
testing10193.jpg,Intermediate,1.0,1.0,6.398104e-32,2.3436557e-21
testing10194.jpg,Intermediate,1.0,1.0,1.2515163e-26,4.657485e-14
testing10195.jpg,Outside,0.99671835,0.0032815943,2.7269339e-17,0.99671835
testing10196.jpg,Intermediate,1.0,1.0,9.546185e-30,3.3613838e-15
testing10197.jpg,Nanodomain,1.0,0.0,1.0,0.0
testing10198.jpg,Nanodomain,1.0,0.0,1.0,0.0
testing10199.jpg,Nanodomain,1.0,0.0,1.0,0.0
testing10200.jpg,Nanodomain,1.0,0.0,1.0,0.0
testing10201.jpg,Nanodomain,1.0,0.0,1.0,0.0
testing10202.jpg,Nanodomain,1.0,0.0,1.0,0.0
testing10203.jpg,Nanodomain,1.0,0.0,1.0,0.0
testing10204.jpg,Nanodomain,1.0,0.0,1.0,0.0
testing10205.jpg,Nanodomain,1.0,0.0,1.0,0.0
testing10206.jpg,Nanodomain,1.0,0.0,1.0,0.0
testing10207.jpg,Nanodomain,1.0,0.0,1.0,0.0
testing10208.jpg,Nanodomain,1.0,0.0,1.0,0.0
testing10209.jpg,Nanodomain,1.0,0.0,1.0,0.0
testing10210.jpg,Nanodomain,1.0,0.0,1.0,0.0
testing10211.jpg,Nanodomain,1.0,0.0,1.0,0.0
testing10212.jpg,Nanodomain,1.0,0.0,1.0,0.0
testing10213.jpg,Outside,1.0,1.289793e-31,2.2980418e-31,1.0
testing10214.jpg,Outside,1.0,2.4603925e-32,2.9575863e-30,1.0
testing10215.jpg,Outside,1.0,6.527852e-33,1.8775562e-29,1.0
testing10216.jpg,Outside,1.0,1.5948323e-33,5.408377e-32,1.0
testing10217.jpg,Outside,1.0,4.2647007e-35,1.9327845e-31,1.0
testing10218.jpg,Nanodomain,1.0,0.0,1.0,0.0
testing10219.jpg,Nanodomain,1.0,0.0,1.0,0.0
testing10220.jpg,Outside,1.0,8.5330346e-35,3.123129e-31,1.0
testing10221.jpg,Outside,1.0,6.147387e-33,1.5136444e-30,1.0
testing10222.jpg,Outside,1.0,9.335106e-33,8.140218e-30,1.0
testing10223.jpg,Outside,1.0,7.9470147e-29,2.8950594e-26,1.0
testing10224.jpg,Outside,1.0,1.3867276e-29,1.2519263e-27,1.0
testing10225.jpg,Outside,1.0,1.2415599e-32,4.926364e-29,1.0
testing10226.jpg,Outside,1.0,2.9708802e-25,8.529294e-27,1.0
testing10227.jpg,Outside,1.0,2.5174904e-32,1.1518062e-29,1.0
testing10228.jpg,Outside,1.0,4.5107888e-33,1.04687676e-29,1.0
testing10229.jpg,Outside,1.0,1.0842247e-35,8.220721e-32,1.0
testing10230.jpg,Outside,1.0,4.3521804e-29,1.7030209e-27,1.0
testing10231.jpg,Outside,1.0,1.9387342e-33,4.992879e-31,1.0
testing10232.jpg,Nanodomain,1.0,0.0,1.0,0.0
testing10233.jpg,Nanodomain,1.0,0.0,1.0,0.0
testing10234.jpg,Outside,1.0,2.9013177e-33,1.7417763e-29,1.0
testing10235.jpg,Outside,1.0,1.0499541e-33,1.3798196e-30,1.0
testing10236.jpg,Outside,1.0,1.7254418e-29,3.373076e-28,1.0
testing10237.jpg,Outside,1.0,2.2680633e-33,1.2532808e-31,1.0
testing10238.jpg,Outside,1.0,4.661184e-28,1.2683192e-25,1.0
testing10239.jpg,Nanodomain,1.0,0.0,1.0,0.0
testing10240.jpg,Nanodomain,1.0,0.0,1.0,0.0
testing10241.jpg,Outside,1.0,4.565281e-08,2.1812271e-16,1.0
testing10242.jpg,Outside,1.0,9.415707e-28,1.6810302e-27,1.0
testing10243.jpg,Intermediate,1.0,1.0,6.978131e-27,1.7618113e-28
testing10244.jpg,Nanodomain,1.0,5.776071e-14,1.0,3.8397817e-33
testing10245.jpg,Nanodomain,1.0,7.9089534e-18,1.0,5.590864e-38
testing10246.jpg,Nanodomain,1.0,1.2551966e-09,1.0,1.1766979e-30
testing10247.jpg,Nanodomain,1.0,2.9163294e-19,1.0,0.0
testing10248.jpg,Nanodomain,1.0,9.706116e-12,1.0,5.0337945e-35
testing10249.jpg,Nanodomain,0.99988973,0.00011025966,0.99988973,2.0526369e-28
testing10250.jpg,Nanodomain,1.0,2.3348348e-10,1.0,4.7006114e-35
testing10251.jpg,Nanodomain,1.0,2.228023e-12,1.0,1.6044823e-30
testing10252.jpg,Nanodomain,1.0,1.2644085e-14,1.0,1.0892051e-32
testing10253.jpg,Nanodomain,1.0,9.240883e-21,1.0,0.0
testing10254.jpg,Nanodomain,1.0,1.0034986e-11,1.0,1.0364331e-31
testing10255.jpg,Nanodomain,0.96337044,0.036629543,0.96337044,6.129005e-22
testing10256.jpg,Nanodomain,1.0,1.3973321e-10,1.0,1.3848714e-30
testing10257.jpg,Nanodomain,0.99850273,0.00149727,0.99850273,2.999195e-22
testing10258.jpg,Outside,1.0,5.0944148e-27,1.2484639e-27,1.0
testing10259.jpg,Outside,1.0,3.8545407e-09,3.3667058e-17,1.0
testing10260.jpg,Outside,1.0,3.4559137e-20,9.453422e-21,1.0
testing10261.jpg,Outside,1.0,5.644774e-26,3.765412e-26,1.0
testing10262.jpg,Outside,1.0,2.5684416e-28,1.2028192e-25,1.0
testing10263.jpg,Outside,1.0,1.0755925e-31,1.4253262e-30,1.0
testing10264.jpg,Intermediate,0.99957436,0.99957436,2.3417034e-20,0.0004255978
testing10265.jpg,Outside,1.0,8.6733595e-21,1.30479494e-20,1.0
testing10266.jpg,Intermediate,0.9999932,0.9999932,2.6528177e-20,6.757009e-06
testing10267.jpg,Intermediate,0.9999795,0.9999795,9.987242e-18,2.0461488e-05
testing10268.jpg,Outside,1.0,6.5188646e-27,1.2698615e-28,1.0
testing10269.jpg,Outside,1.0,5.2053405e-22,6.038505e-23,1.0
testing10270.jpg,Intermediate,1.0,1.0,3.8413256e-30,2.791451e-23
testing10271.jpg,Intermediate,1.0,1.0,3.98567e-23,4.387056e-12
testing10272.jpg,Intermediate,1.0,1.0,1.7061506e-32,2.1310076e-24
testing10273.jpg,Intermediate,1.0,1.0,7.0521786e-34,2.8047192e-30
testing10274.jpg,Intermediate,0.9997222,0.9997222,3.456016e-23,0.00027775145
testing10275.jpg,Intermediate,1.0,1.0,1.3363947e-20,1.9962065e-10
testing10276.jpg,Intermediate,0.99777204,0.99777204,4.615158e-18,0.0022279827
testing10277.jpg,Outside,1.0,2.2702821e-08,2.222724e-21,1.0
testing10278.jpg,Outside,1.0,1.6288837e-17,9.03331e-25,1.0
testing10279.jpg,Outside,0.6819442,0.31805578,4.7631464e-19,0.6819442
testing10280.jpg,Intermediate,1.0,1.0,4.2321492e-17,1.9567864e-21
testing10281.jpg,Outside,1.0,3.2743238e-15,2.4647464e-21,1.0
testing10282.jpg,Outside,0.92535686,0.07464314,9.5769224e-17,0.92535686
testing10283.jpg,Intermediate,1.0,1.0,2.307947e-35,5.0263445e-22
testing10284.jpg,Nanodomain,1.0,0.0,1.0,0.0
testing10285.jpg,Nanodomain,1.0,0.0,1.0,0.0
testing10286.jpg,Nanodomain,1.0,0.0,1.0,0.0
testing10287.jpg,Nanodomain,1.0,0.0,1.0,0.0
testing10288.jpg,Nanodomain,1.0,0.0,1.0,0.0
testing10289.jpg,Nanodomain,1.0,0.0,1.0,0.0
testing10290.jpg,Nanodomain,1.0,0.0,1.0,0.0
testing10291.jpg,Nanodomain,1.0,0.0,1.0,0.0
testing10292.jpg,Nanodomain,1.0,0.0,1.0,0.0
testing10293.jpg,Nanodomain,1.0,0.0,1.0,0.0
testing10294.jpg,Nanodomain,1.0,0.0,1.0,0.0
testing10295.jpg,Nanodomain,1.0,0.0,1.0,0.0
testing10296.jpg,Nanodomain,1.0,0.0,1.0,0.0
testing10297.jpg,Nanodomain,1.0,0.0,1.0,0.0
testing10298.jpg,Nanodomain,1.0,0.0,1.0,0.0
testing10299.jpg,Outside,1.0,1.575881e-12,4.526202e-24,1.0
testing10300.jpg,Intermediate,1.0,1.0,9.023891e-21,7.7754924e-28
testing10301.jpg,Intermediate,1.0,1.0,1.3791945e-21,3.119741e-09
testing10302.jpg,Intermediate,1.0,1.0,4.3201336e-32,1.9026366e-25
testing10303.jpg,Intermediate,1.0,1.0,2.2093552e-32,5.249909e-30
testing10304.jpg,Intermediate,1.0,1.0,2.2776276e-32,1.6201801e-28
testing10305.jpg,Intermediate,1.0,1.0,2.0715731e-25,1.1570072e-21
testing10306.jpg,Intermediate,1.0,1.0,2.1984091e-32,7.38364e-24
testing10307.jpg,Intermediate,1.0,1.0,3.2405156e-36,1.0963504e-24
testing10308.jpg,Intermediate,1.0,1.0,4.39308e-29,1.4208377e-21
testing10309.jpg,Intermediate,1.0,1.0,1.21336225e-27,3.569454e-20
testing10310.jpg,Intermediate,1.0,1.0,7.2058467e-28,4.1839905e-25
testing10311.jpg,Nanodomain,1.0,0.0,1.0,0.0
testing10312.jpg,Nanodomain,1.0,0.0,1.0,0.0
testing10313.jpg,Nanodomain,1.0,1.6937853e-38,1.0,0.0
testing10314.jpg,Outside,1.0,1.757105e-22,9.152661e-26,1.0
testing10315.jpg,Outside,0.9999893,1.0761236e-05,1.3477704e-14,0.9999893
testing10316.jpg,Outside,1.0,4.5690052e-21,1.8449853e-25,1.0
testing10317.jpg,Intermediate,1.0,1.0,1.5084712e-26,1.9006019e-10
testing10318.jpg,Intermediate,1.0,1.0,1.3954488e-33,1.1660245e-20
testing10319.jpg,Intermediate,1.0,1.0,3.572705e-30,3.3746018e-24
testing10320.jpg,Intermediate,1.0,1.0,0.0,8.1487315e-30
testing10321.jpg,Intermediate,1.0,1.0,1.6791738e-32,6.063891e-25
testing10322.jpg,Intermediate,1.0,1.0,7.795591e-30,1.7210283e-17
testing10323.jpg,Intermediate,1.0,1.0,4.906072e-29,9.361465e-17
testing10324.jpg,Intermediate,1.0,1.0,1.4174593e-29,1.04732386e-22
testing10325.jpg,Nanodomain,1.0,0.0,1.0,0.0
testing10326.jpg,Nanodomain,1.0,0.0,1.0,0.0
testing10327.jpg,Nanodomain,1.0,0.0,1.0,0.0
testing10328.jpg,Nanodomain,1.0,0.0,1.0,0.0
testing10329.jpg,Nanodomain,1.0,0.0,1.0,0.0
testing10330.jpg,Nanodomain,1.0,0.0,1.0,0.0
testing10331.jpg,Nanodomain,1.0,0.0,1.0,0.0
testing10332.jpg,Nanodomain,1.0,0.0,1.0,0.0
testing10333.jpg,Nanodomain,1.0,0.0,1.0,0.0
testing10334.jpg,Nanodomain,1.0,0.0,1.0,0.0
testing10335.jpg,Nanodomain,1.0,0.0,1.0,0.0
testing10336.jpg,Nanodomain,1.0,0.0,1.0,0.0
testing10337.jpg,Nanodomain,1.0,0.0,1.0,0.0
testing10338.jpg,Nanodomain,1.0,0.0,1.0,0.0
testing10339.jpg,Nanodomain,1.0,0.0,1.0,0.0
testing10340.jpg,Nanodomain,1.0,0.0,1.0,0.0
testing10341.jpg,Outside,1.0,1.2210757e-33,1.4381829e-30,1.0
testing10342.jpg,Outside,1.0,2.5455145e-32,3.12188e-30,1.0
testing10343.jpg,Outside,1.0,5.1987654e-32,1.0560862e-29,1.0
testing10344.jpg,Outside,1.0,3.3451266e-37,3.3534237e-34,1.0
testing10345.jpg,Outside,1.0,4.0311067e-34,9.101869e-32,1.0
testing10346.jpg,Outside,1.0,6.42943e-37,9.339676e-31,1.0
testing10347.jpg,Outside,1.0,6.667544e-29,5.7755065e-26,1.0
testing10348.jpg,Outside,1.0,1.9504083e-35,1.717558e-33,1.0
testing10349.jpg,Outside,1.0,1.7083518e-32,1.23275074e-29,1.0
testing10350.jpg,Outside,1.0,1.5752438e-31,9.265337e-30,1.0
testing10351.jpg,Outside,1.0,2.2081735e-34,2.8240532e-31,1.0
testing10352.jpg,Outside,1.0,0.0,2.910411e-38,1.0
testing10353.jpg,Outside,1.0,2.293226e-38,8.55765e-34,1.0
testing10354.jpg,Outside,1.0,1.1943714e-30,6.736984e-29,1.0
testing10355.jpg,Outside,1.0,6.3320065e-34,4.341379e-32,1.0
testing10356.jpg,Outside,1.0,8.207106e-36,1.1145622e-33,1.0
testing10357.jpg,Outside,1.0,3.0435185e-30,8.195117e-30,1.0
testing10358.jpg,Outside,1.0,3.0330843e-32,4.4741388e-30,1.0
testing10359.jpg,Outside,1.0,3.3088253e-32,8.790467e-30,1.0
testing10360.jpg,Outside,1.0,4.366996e-30,1.9737211e-29,1.0
testing10361.jpg,Outside,1.0,6.836926e-27,2.0603351e-25,1.0
testing10362.jpg,Outside,1.0,6.719041e-30,1.9721407e-29,1.0
testing10363.jpg,Outside,1.0,1.1383478e-37,1.1468794e-34,1.0
testing10364.jpg,Outside,1.0,2.99507e-34,1.3402885e-30,1.0
testing10365.jpg,Outside,1.0,1.2819476e-34,9.731296e-33,1.0
testing10366.jpg,Nanodomain,1.0,0.0,1.0,0.0
testing10367.jpg,Nanodomain,1.0,0.0,1.0,0.0
testing10368.jpg,Nanodomain,1.0,0.0,1.0,0.0
testing10369.jpg,Outside,1.0,4.3243899e-16,2.0896849e-18,1.0
testing10370.jpg,Intermediate,1.0,1.0,3.7134634e-32,3.158837e-22
testing10371.jpg,Nanodomain,0.9999999,1.3270927e-07,0.9999999,1.5951595e-27
testing10372.jpg,Nanodomain,1.0,4.469854e-24,1.0,0.0
testing10373.jpg,Nanodomain,0.9999999,1.01204066e-07,0.9999999,2.3789827e-29
testing10374.jpg,Nanodomain,1.0,7.9306767e-14,1.0,1.3311563e-32
testing10375.jpg,Nanodomain,1.0,4.845577e-33,1.0,0.0
testing10376.jpg,Nanodomain,1.0,1.0111021e-20,1.0,0.0
testing10377.jpg,Nanodomain,1.0,8.934744e-18,1.0,5.1412015e-38
testing10378.jpg,Nanodomain,1.0,1.5089622e-16,1.0,4.2486535e-37
testing10379.jpg,Nanodomain,1.0,1.7679558e-23,1.0,0.0
testing10380.jpg,Nanodomain,1.0,5.555103e-13,1.0,1.0774086e-29
testing10381.jpg,Intermediate,0.9380408,0.9380408,0.061959215,2.7785723e-23
testing10382.jpg,Nanodomain,0.999783,0.00021703931,0.999783,1.5390134e-22
testing10383.jpg,Intermediate,0.98972344,0.98972344,0.010276582,1.6976441e-20
testing10384.jpg,Intermediate,1.0,1.0,3.9063534e-11,7.5014534e-26
testing10385.jpg,Intermediate,0.99981934,0.99981934,0.00018074196,1.4898282e-23
testing10386.jpg,Outside,1.0,5.736776e-10,4.080252e-22,1.0
testing10387.jpg,Outside,1.0,4.3758862e-29,2.0711808e-30,1.0
testing10388.jpg,Outside,1.0,6.081753e-17,5.558392e-23,1.0
testing10389.jpg,Outside,1.0,1.2373195e-31,1.4093393e-29,1.0
testing10390.jpg,Outside,1.0,2.1586908e-09,1.6311758e-20,1.0
testing10391.jpg,Outside,1.0,3.2885582e-29,1.2236801e-29,1.0
testing10392.jpg,Outside,1.0,3.4463227e-24,2.0170982e-23,1.0
testing10393.jpg,Outside,1.0,7.213603e-28,1.0798539e-27,1.0
testing10394.jpg,Outside,1.0,2.6604022e-23,1.1148486e-23,1.0
testing10395.jpg,Outside,1.0,1.792841e-22,4.1561526e-25,1.0
testing10396.jpg,Outside,1.0,3.4724483e-26,1.4143571e-24,1.0
testing10397.jpg,Outside,1.0,1.5652011e-28,6.6451196e-30,1.0
testing10398.jpg,Outside,1.0,6.946734e-28,4.7151776e-27,1.0
testing10399.jpg,Outside,1.0,2.8311429e-14,2.4891821e-20,1.0
testing10400.jpg,Outside,0.9969001,0.003099912,3.054135e-17,0.9969001
testing10401.jpg,Outside,0.9999944,5.599088e-06,9.1086614e-17,0.9999944
testing10402.jpg,Outside,1.0,1.6511062e-23,3.9811337e-27,1.0
testing10403.jpg,Outside,1.0,6.5960788e-21,5.8112454e-25,1.0
testing10404.jpg,Intermediate,0.84559923,0.84559923,9.732979e-15,0.15440078
testing10405.jpg,Outside,1.0,5.1431828e-23,4.6460178e-23,1.0
testing10406.jpg,Outside,1.0,2.8556678e-21,1.9349097e-23,1.0
testing10407.jpg,Outside,1.0,7.402858e-21,2.8312796e-24,1.0
testing10408.jpg,Outside,1.0,2.7016375e-23,1.6205843e-25,1.0
testing10409.jpg,Intermediate,0.6307114,0.6307114,1.2427766e-19,0.36928865
testing10410.jpg,Outside,1.0,1.2380296e-13,6.519055e-22,1.0
testing10411.jpg,Nanodomain,1.0,0.0,1.0,0.0
testing10412.jpg,Nanodomain,1.0,0.0,1.0,0.0
testing10413.jpg,Nanodomain,1.0,0.0,1.0,0.0
testing10414.jpg,Nanodomain,1.0,0.0,1.0,0.0
testing10415.jpg,Nanodomain,1.0,0.0,1.0,0.0
testing10416.jpg,Nanodomain,1.0,0.0,1.0,0.0
testing10417.jpg,Nanodomain,1.0,0.0,1.0,0.0
testing10418.jpg,Nanodomain,1.0,0.0,1.0,0.0
testing10419.jpg,Nanodomain,1.0,0.0,1.0,0.0
testing10420.jpg,Nanodomain,1.0,0.0,1.0,0.0
testing10421.jpg,Nanodomain,1.0,0.0,1.0,0.0
testing10422.jpg,Nanodomain,1.0,0.0,1.0,0.0
testing10423.jpg,Nanodomain,1.0,0.0,1.0,0.0
testing10424.jpg,Nanodomain,1.0,0.0,1.0,0.0
testing10425.jpg,Nanodomain,1.0,0.0,1.0,0.0
testing10426.jpg,Nanodomain,1.0,0.0,1.0,0.0
testing10427.jpg,Nanodomain,1.0,0.0,1.0,0.0
testing10428.jpg,Nanodomain,1.0,0.0,1.0,0.0
testing10429.jpg,Nanodomain,1.0,2.0016346e-11,1.0,2.219913e-34
testing10430.jpg,Nanodomain,1.0,0.0,1.0,0.0
testing10431.jpg,Nanodomain,1.0,0.0,1.0,0.0
testing10432.jpg,Nanodomain,1.0,0.0,1.0,0.0
testing10433.jpg,Nanodomain,1.0,0.0,1.0,0.0
testing10434.jpg,Nanodomain,1.0,0.0,1.0,0.0
testing10435.jpg,Nanodomain,1.0,0.0,1.0,0.0
testing10436.jpg,Nanodomain,1.0,0.0,1.0,0.0
testing10437.jpg,Nanodomain,1.0,0.0,1.0,0.0
testing10438.jpg,Nanodomain,1.0,0.0,1.0,0.0
testing10439.jpg,Nanodomain,1.0,1.1568611e-29,1.0,0.0
testing10440.jpg,Outside,1.0,6.647569e-18,1.0175935e-23,1.0
testing10441.jpg,Outside,1.0,9.2129e-21,3.2705283e-23,1.0
testing10442.jpg,Intermediate,1.0,1.0,9.217491e-24,1.2958865e-08
testing10443.jpg,Outside,1.0,3.9323588e-12,4.5427256e-22,1.0
testing10444.jpg,Intermediate,0.99999976,0.99999976,2.3541826e-22,2.6833507e-07
testing10445.jpg,Intermediate,1.0,1.0,2.5645034e-30,1.5076325e-17
testing10446.jpg,Intermediate,1.0,1.0,6.382274e-35,2.6777202e-31
testing10447.jpg,Intermediate,1.0,1.0,0.0,2.134495e-34
testing10448.jpg,Intermediate,1.0,1.0,7.4274917e-37,1.7582976e-23
testing10449.jpg,Intermediate,1.0,1.0,7.7013454e-34,1.3594495e-29
testing10450.jpg,Intermediate,1.0,1.0,2.1948417e-30,2.3556355e-17
testing10451.jpg,Intermediate,1.0,1.0,1.6355344e-31,8.9097056e-23
testing10452.jpg,Intermediate,1.0,1.0,4.1900293e-32,1.1909788e-20
testing10453.jpg,Nanodomain,1.0,0.0,1.0,0.0
testing10454.jpg,Nanodomain,1.0,0.0,1.0,0.0
testing10455.jpg,Nanodomain,1.0,0.0,1.0,0.0
testing10456.jpg,Nanodomain,1.0,0.0,1.0,0.0
testing10457.jpg,Nanodomain,1.0,0.0,1.0,0.0
testing10458.jpg,Nanodomain,1.0,0.0,1.0,0.0
testing10459.jpg,Nanodomain,1.0,0.0,1.0,0.0
testing10460.jpg,Nanodomain,1.0,0.0,1.0,0.0
testing10461.jpg,Nanodomain,1.0,0.0,1.0,0.0
testing10462.jpg,Nanodomain,1.0,0.0,1.0,0.0
testing10463.jpg,Nanodomain,1.0,0.0,1.0,0.0
testing10464.jpg,Nanodomain,1.0,0.0,1.0,0.0
testing10465.jpg,Nanodomain,1.0,0.0,1.0,0.0
testing10466.jpg,Nanodomain,1.0,0.0,1.0,0.0
testing10467.jpg,Nanodomain,1.0,0.0,1.0,0.0
testing10468.jpg,Outside,1.0,0.0,0.0,1.0
testing10469.jpg,Outside,1.0,4.7837765e-32,5.685626e-31,1.0
testing10470.jpg,Outside,1.0,5.602966e-32,4.1553654e-30,1.0
testing10471.jpg,Outside,1.0,4.5964538e-35,3.0864607e-31,1.0
testing10472.jpg,Outside,1.0,7.7460536e-31,4.6924358e-30,1.0
testing10473.jpg,Outside,1.0,3.0956317e-33,3.3501427e-31,1.0
testing10474.jpg,Outside,1.0,7.903326e-30,3.341609e-28,1.0
testing10475.jpg,Outside,1.0,3.9368028e-30,1.5254194e-27,1.0
testing10476.jpg,Outside,1.0,7.419521e-33,5.09499e-30,1.0
testing10477.jpg,Outside,1.0,6.061837e-31,9.389442e-30,1.0
testing10478.jpg,Outside,1.0,6.3322205e-35,1.1990133e-31,1.0
testing10479.jpg,Outside,1.0,8.083418e-27,5.14408e-25,1.0
testing10480.jpg,Outside,1.0,3.408137e-30,3.374994e-28,1.0
testing10481.jpg,Outside,1.0,1.023498e-33,1.054999e-29,1.0
testing10482.jpg,Outside,1.0,3.9609048e-30,1.3202168e-26,1.0
testing10483.jpg,Outside,1.0,6.8393046e-33,2.4079175e-28,1.0
testing10484.jpg,Outside,1.0,9.2221264e-33,1.7709667e-30,1.0
testing10485.jpg,Outside,1.0,6.401119e-36,1.1541523e-33,1.0
testing10486.jpg,Outside,1.0,0.0,5.0718987e-36,1.0
testing10487.jpg,Outside,1.0,1.1044564e-31,2.1911704e-29,1.0
testing10488.jpg,Outside,1.0,1.2983387e-30,2.7521082e-30,1.0
testing10489.jpg,Outside,1.0,3.302117e-32,8.767532e-29,1.0
testing10490.jpg,Outside,1.0,4.146173e-34,5.3514248e-33,1.0
testing10491.jpg,Outside,1.0,1.0898867e-32,3.3202333e-30,1.0
testing10492.jpg,Outside,1.0,1.2945929e-33,2.037375e-30,1.0
testing10493.jpg,Outside,1.0,1.8945979e-32,3.158728e-30,1.0
testing10494.jpg,Nanodomain,1.0,0.0,1.0,0.0
testing10495.jpg,Nanodomain,1.0,0.0,1.0,0.0
testing10496.jpg,Nanodomain,1.0,0.0,1.0,0.0
testing10497.jpg,Outside,1.0,6.599158e-26,9.424423e-24,1.0
testing10498.jpg,Outside,1.0,7.249481e-31,1.2268457e-27,1.0
testing10499.jpg,Intermediate,1.0,1.0,4.406622e-30,1.3116645e-16
testing10500.jpg,Nanodomain,1.0,7.340758e-12,1.0,1.7208559e-34
testing10501.jpg,Nanodomain,1.0,3.0513226e-20,1.0,0.0
testing10502.jpg,Nanodomain,1.0,6.618535e-14,1.0,7.0526016e-36
testing10503.jpg,Nanodomain,0.9433202,0.056679748,0.9433202,6.2068226e-23
testing10504.jpg,Nanodomain,1.0,1.0514879e-13,1.0,5.33794e-36
testing10505.jpg,Nanodomain,1.0,7.5525855e-20,1.0,0.0
testing10506.jpg,Nanodomain,0.9999999,1.3231549e-07,0.9999999,5.0769516e-28
testing10507.jpg,Nanodomain,0.99984586,0.00015411527,0.99984586,5.131462e-28
testing10508.jpg,Nanodomain,1.0,1.7052693e-09,1.0,4.7513206e-29
testing10509.jpg,Nanodomain,0.9962095,0.0037905318,0.9962095,2.2027197e-24
testing10510.jpg,Nanodomain,1.0,2.4847148e-08,1.0,2.8292253e-26
testing10511.jpg,Nanodomain,1.0,1.22691935e-14,1.0,1.4478208e-31
testing10512.jpg,Nanodomain,0.9900658,0.00993412,0.9900658,1.0903619e-21
testing10513.jpg,Nanodomain,0.999962,3.8084072e-05,0.999962,7.535782e-27
testing10514.jpg,Outside,1.0,1.8035689e-30,1.9151949e-28,1.0
testing10515.jpg,Outside,1.0,1.8362898e-28,1.7707448e-29,1.0
testing10516.jpg,Outside,1.0,8.332747e-23,2.8302335e-23,1.0
testing10517.jpg,Outside,1.0,2.30537e-34,5.4157975e-29,1.0
testing10518.jpg,Outside,0.998223,0.0017770438,6.315483e-17,0.998223
testing10519.jpg,Outside,1.0,4.58043e-31,3.0254605e-30,1.0
testing10520.jpg,Outside,1.0,6.592228e-29,8.5488955e-29,1.0
testing10521.jpg,Outside,1.0,1.1185607e-20,2.976964e-23,1.0
testing10522.jpg,Outside,1.0,1.6074667e-29,7.213296e-29,1.0
testing10523.jpg,Intermediate,1.0,1.0,1.2998859e-21,3.2137567e-11
testing10524.jpg,Outside,1.0,2.593467e-22,3.0205373e-22,1.0
testing10525.jpg,Outside,0.9999875,1.2539726e-05,1.4074131e-16,0.9999875
testing10526.jpg,Intermediate,1.0,1.0,3.1060123e-21,1.0048792e-08
testing10527.jpg,Nanodomain,1.0,3.8113818e-26,1.0,0.0
testing10528.jpg,Nanodomain,1.0,0.0,1.0,0.0
testing10529.jpg,Intermediate,1.0,1.0,2.106461e-32,3.4150155e-26
testing10530.jpg,Intermediate,0.99351394,0.99351394,2.693806e-17,0.006486085
testing10531.jpg,Intermediate,0.99574417,0.99574417,1.587141e-20,0.004255775
testing10532.jpg,Outside,1.0,4.8706766e-15,5.2196345e-23,1.0
testing10533.jpg,Outside,0.9998661,0.0001338793,2.1696757e-15,0.9998661
testing10534.jpg,Intermediate,0.9999999,0.9999999,1.5037236e-21,1.2255519e-07
testing10535.jpg,Outside,1.0,8.98083e-28,1.2074705e-27,1.0
testing10536.jpg,Outside,1.0,5.7027442e-08,1.4428673e-19,1.0
testing10537.jpg,Intermediate,1.0,1.0,4.757684e-30,3.1675074e-18
testing10538.jpg,Intermediate,1.0,1.0,1.3387939e-26,6.012348e-23
testing10539.jpg,Nanodomain,0.57821965,0.42178032,0.57821965,9.223556e-22
testing10540.jpg,Intermediate,1.0,1.0,6.441083e-17,3.2800024e-21
testing10541.jpg,Nanodomain,1.0,0.0,1.0,0.0
testing10542.jpg,Nanodomain,1.0,0.0,1.0,0.0
testing10543.jpg,Nanodomain,1.0,0.0,1.0,0.0
testing10544.jpg,Nanodomain,1.0,0.0,1.0,0.0
testing10545.jpg,Nanodomain,1.0,0.0,1.0,0.0
testing10546.jpg,Nanodomain,1.0,0.0,1.0,0.0
testing10547.jpg,Nanodomain,1.0,0.0,1.0,0.0
testing10548.jpg,Nanodomain,1.0,0.0,1.0,0.0
testing10549.jpg,Nanodomain,1.0,0.0,1.0,0.0
testing10550.jpg,Nanodomain,1.0,0.0,1.0,0.0
testing10551.jpg,Nanodomain,1.0,0.0,1.0,0.0
testing10552.jpg,Nanodomain,1.0,0.0,1.0,0.0
testing10553.jpg,Nanodomain,1.0,0.0,1.0,0.0
testing10554.jpg,Nanodomain,1.0,0.0,1.0,0.0
testing10555.jpg,Nanodomain,1.0,0.0,1.0,0.0
testing10556.jpg,Nanodomain,1.0,0.0,1.0,0.0
testing10557.jpg,Nanodomain,1.0,0.0,1.0,0.0
testing10558.jpg,Nanodomain,1.0,0.0,1.0,0.0
testing10559.jpg,Intermediate,1.0,1.0,2.8373934e-28,8.671595e-31
testing10560.jpg,Nanodomain,1.0,0.0,1.0,0.0
testing10561.jpg,Nanodomain,1.0,0.0,1.0,0.0
testing10562.jpg,Nanodomain,1.0,0.0,1.0,0.0
testing10563.jpg,Nanodomain,1.0,0.0,1.0,0.0
testing10564.jpg,Nanodomain,1.0,0.0,1.0,0.0
testing10565.jpg,Nanodomain,1.0,0.0,1.0,0.0
testing10566.jpg,Nanodomain,1.0,7.761791e-38,1.0,0.0
testing10567.jpg,Nanodomain,1.0,1.9052439e-25,1.0,0.0
testing10568.jpg,Intermediate,1.0,1.0,2.6301998e-23,3.432479e-10
testing10569.jpg,Outside,1.0,3.5300623e-28,1.0135691e-29,1.0
testing10570.jpg,Outside,1.0,2.0963448e-17,1.2888848e-21,1.0
testing10571.jpg,Outside,1.0,5.517174e-13,3.94926e-21,1.0
testing10572.jpg,Outside,1.0,1.9832943e-26,2.598481e-27,1.0
testing10573.jpg,Outside,1.0,4.0086434e-18,5.458345e-26,1.0
testing10574.jpg,Outside,1.0,1.3646539e-24,2.0416116e-26,1.0
testing10575.jpg,Outside,1.0,1.1621508e-15,5.0632237e-19,1.0
testing10576.jpg,Intermediate,1.0,1.0,2.700985e-33,2.2482399e-20
testing10577.jpg,Intermediate,1.0,1.0,3.3458413e-37,2.8700952e-28
testing10578.jpg,Intermediate,1.0,1.0,1.0235014e-34,8.310619e-31
testing10579.jpg,Outside,1.0,2.3489595e-13,8.933772e-22,1.0
testing10580.jpg,Intermediate,1.0,1.0,3.0740097e-21,9.198172e-09
testing10581.jpg,Nanodomain,1.0,0.0,1.0,0.0
testing10582.jpg,Nanodomain,1.0,0.0,1.0,0.0
testing10583.jpg,Nanodomain,1.0,0.0,1.0,0.0
testing10584.jpg,Nanodomain,1.0,0.0,1.0,0.0
testing10585.jpg,Nanodomain,1.0,0.0,1.0,0.0
testing10586.jpg,Nanodomain,1.0,0.0,1.0,0.0
testing10587.jpg,Nanodomain,1.0,0.0,1.0,0.0
testing10588.jpg,Nanodomain,1.0,0.0,1.0,0.0
testing10589.jpg,Nanodomain,1.0,0.0,1.0,0.0
testing10590.jpg,Nanodomain,1.0,0.0,1.0,0.0
testing10591.jpg,Nanodomain,1.0,0.0,1.0,0.0
testing10592.jpg,Nanodomain,1.0,0.0,1.0,0.0
testing10593.jpg,Nanodomain,1.0,0.0,1.0,0.0
testing10594.jpg,Nanodomain,1.0,0.0,1.0,0.0
testing10595.jpg,Nanodomain,1.0,0.0,1.0,0.0
testing10596.jpg,Outside,1.0,3.7033136e-28,6.4670205e-28,1.0
testing10597.jpg,Outside,1.0,1.6381319e-31,4.3945693e-30,1.0
testing10598.jpg,Outside,1.0,4.9001455e-28,4.1640196e-27,1.0
testing10599.jpg,Outside,1.0,6.2363116e-34,7.029862e-33,1.0
testing10600.jpg,Outside,1.0,5.4941464e-35,1.8950441e-34,1.0
testing10601.jpg,Outside,1.0,1.4610044e-29,5.5166164e-28,1.0
testing10602.jpg,Outside,1.0,0.0,8.505532e-37,1.0
testing10603.jpg,Outside,1.0,2.7934344e-29,8.814527e-26,1.0
testing10604.jpg,Outside,1.0,8.710983e-31,3.6723765e-29,1.0
testing10605.jpg,Outside,1.0,4.663406e-36,9.907245e-30,1.0
testing10606.jpg,Outside,1.0,7.0977896e-34,4.494613e-31,1.0
testing10607.jpg,Outside,1.0,1.5814352e-36,1.0904653e-31,1.0
testing10608.jpg,Outside,1.0,3.27951e-31,2.1250518e-29,1.0
testing10609.jpg,Outside,1.0,2.33502e-34,1.6024973e-34,1.0
testing10610.jpg,Outside,1.0,2.1048938e-33,7.453481e-32,1.0
testing10611.jpg,Outside,1.0,9.3820996e-38,1.9855128e-33,1.0
testing10612.jpg,Outside,1.0,6.523201e-32,4.474329e-29,1.0
testing10613.jpg,Outside,1.0,4.2299128e-36,3.8790776e-32,1.0
testing10614.jpg,Outside,1.0,3.4819647e-30,1.8447704e-29,1.0
testing10615.jpg,Outside,1.0,3.7995915e-35,9.317745e-33,1.0
testing10616.jpg,Outside,1.0,8.6975105e-29,2.9654196e-27,1.0
testing10617.jpg,Outside,1.0,3.0041554e-34,4.9263586e-31,1.0
testing10618.jpg,Outside,1.0,1.4140956e-35,2.5372463e-31,1.0
testing10619.jpg,Outside,1.0,9.605384e-33,7.148174e-32,1.0
testing10620.jpg,Outside,1.0,2.152324e-30,3.5301544e-29,1.0
testing10621.jpg,Outside,1.0,4.3326348e-36,2.5812335e-33,1.0
testing10622.jpg,Outside,1.0,8.208268e-35,1.4874209e-33,1.0
testing10623.jpg,Nanodomain,1.0,0.0,1.0,0.0
testing10624.jpg,Nanodomain,1.0,0.0,1.0,0.0
testing10625.jpg,Outside,1.0,9.443281e-31,6.201194e-29,1.0
testing10626.jpg,Outside,1.0,6.125929e-30,1.2785336e-27,1.0
testing10627.jpg,Outside,1.0,7.272042e-27,1.1745885e-25,1.0
testing10628.jpg,Nanodomain,1.0,5.0950863e-23,1.0,0.0
testing10629.jpg,Nanodomain,1.0,5.4814937e-08,1.0,1.0965484e-29
testing10630.jpg,Nanodomain,1.0,3.9171566e-26,1.0,0.0
testing10631.jpg,Nanodomain,1.0,4.426779e-20,1.0,0.0
testing10632.jpg,Nanodomain,1.0,3.0824777e-35,1.0,0.0
testing10633.jpg,Nanodomain,1.0,6.6133575e-15,1.0,2.463358e-34
testing10634.jpg,Nanodomain,1.0,6.767572e-14,1.0,5.0843953e-35
testing10635.jpg,Nanodomain,1.0,1.2085101e-15,1.0,2.9083719e-36
testing10636.jpg,Nanodomain,1.0,1.1462184e-20,1.0,0.0
testing10637.jpg,Nanodomain,1.0,4.24184e-20,1.0,0.0
testing10638.jpg,Intermediate,0.9806065,0.9806065,0.019393547,1.10274145e-20
testing10639.jpg,Intermediate,1.0,1.0,1.9052789e-34,3.4199543e-27
testing10640.jpg,Intermediate,1.0,1.0,6.585062e-30,9.262107e-18
testing10641.jpg,Outside,0.99962056,0.00037945295,1.73824e-16,0.99962056
testing10642.jpg,Intermediate,0.9999974,0.9999974,1.1927612e-22,2.605127e-06
testing10643.jpg,Outside,1.0,1.3614319e-29,1.1246745e-28,1.0
testing10644.jpg,Outside,1.0,2.928611e-29,3.0560497e-29,1.0
testing10645.jpg,Outside,1.0,2.1223754e-24,1.1691666e-24,1.0
testing10646.jpg,Outside,1.0,3.8163585e-33,1.7950167e-30,1.0
testing10647.jpg,Intermediate,1.0,1.0,4.1557328e-21,4.461491e-16
testing10648.jpg,Outside,1.0,5.6225956e-26,3.7888835e-26,1.0
testing10649.jpg,Outside,1.0,1.1315772e-28,4.9556922e-29,1.0
testing10650.jpg,Outside,1.0,1.173769e-25,1.3738245e-26,1.0
testing10651.jpg,Outside,1.0,3.5771783e-30,9.203137e-28,1.0
testing10652.jpg,Outside,1.0,1.7986477e-32,3.6541782e-31,1.0
testing10653.jpg,Nanodomain,1.0,3.578199e-24,1.0,0.0
testing10654.jpg,Nanodomain,1.0,0.0,1.0,0.0
testing10655.jpg,Nanodomain,1.0,0.0,1.0,0.0
testing10656.jpg,Nanodomain,1.0,0.0,1.0,0.0
testing10657.jpg,Intermediate,1.0,1.0,4.558178e-28,1.6363585e-23
testing10658.jpg,Nanodomain,1.0,0.0,1.0,0.0
testing10659.jpg,Intermediate,1.0,1.0,5.095228e-28,5.95017e-24
testing10660.jpg,Intermediate,1.0,1.0,0.0,1.99889e-31
testing10661.jpg,Intermediate,1.0,1.0,1.8217768e-36,1.7400192e-26
testing10662.jpg,Intermediate,1.0,1.0,4.086762e-30,2.3719167e-20
testing10663.jpg,Intermediate,1.0,1.0,3.3146542e-29,1.8559474e-18
testing10664.jpg,Intermediate,0.99999976,0.99999976,8.971644e-22,1.8281926e-07
testing10665.jpg,Outside,0.99997294,2.7040329e-05,9.349317e-19,0.99997294
testing10666.jpg,Intermediate,1.0,1.0,6.0738877e-34,7.658693e-18
testing10667.jpg,Intermediate,1.0,1.0,6.8329494e-38,1.8702482e-24
testing10668.jpg,Intermediate,1.0,1.0,9.163342e-28,5.7130196e-16
testing10669.jpg,Intermediate,1.0,1.0,8.70656e-32,6.899928e-30
testing10670.jpg,Nanodomain,1.0,0.0,1.0,0.0
testing10671.jpg,Nanodomain,1.0,0.0,1.0,0.0
testing10672.jpg,Nanodomain,1.0,0.0,1.0,0.0
testing10673.jpg,Nanodomain,1.0,0.0,1.0,0.0
testing10674.jpg,Nanodomain,1.0,0.0,1.0,0.0
testing10675.jpg,Nanodomain,1.0,0.0,1.0,0.0
testing10676.jpg,Nanodomain,1.0,0.0,1.0,0.0
testing10677.jpg,Nanodomain,1.0,0.0,1.0,0.0
testing10678.jpg,Nanodomain,1.0,0.0,1.0,0.0
testing10679.jpg,Nanodomain,1.0,0.0,1.0,0.0
testing10680.jpg,Nanodomain,1.0,0.0,1.0,0.0
testing10681.jpg,Nanodomain,1.0,0.0,1.0,0.0
testing10682.jpg,Nanodomain,1.0,0.0,1.0,0.0
testing10683.jpg,Intermediate,1.0,1.0,1.6064249e-36,1.3125825e-28
testing10684.jpg,Intermediate,1.0,1.0,9.5384174e-33,6.137037e-31
testing10685.jpg,Nanodomain,1.0,0.0,1.0,0.0
testing10686.jpg,Nanodomain,1.0,0.0,1.0,0.0
testing10687.jpg,Nanodomain,1.0,0.0,1.0,0.0
testing10688.jpg,Nanodomain,0.9979668,0.0020331948,0.9979668,6.819044e-27
testing10689.jpg,Nanodomain,1.0,0.0,1.0,0.0
testing10690.jpg,Nanodomain,1.0,0.0,1.0,0.0
testing10691.jpg,Nanodomain,1.0,0.0,1.0,0.0
testing10692.jpg,Nanodomain,1.0,2.62096e-12,1.0,1.2592369e-32
testing10693.jpg,Nanodomain,1.0,1.7332979e-15,1.0,2.8876356e-34
testing10694.jpg,Nanodomain,1.0,2.0916175e-23,1.0,0.0
testing10695.jpg,Nanodomain,1.0,3.5298268e-24,1.0,0.0
testing10696.jpg,Intermediate,1.0,1.0,2.3568782e-30,6.747309e-18
testing10697.jpg,Intermediate,1.0,1.0,2.8522087e-34,2.5108017e-20
testing10698.jpg,Intermediate,1.0,1.0,9.551732e-28,3.7121232e-14
testing10699.jpg,Intermediate,1.0,1.0,1.059311e-27,1.8925493e-14
testing10700.jpg,Intermediate,1.0,1.0,1.888573e-24,5.546348e-09
testing10701.jpg,Outside,1.0,7.555172e-22,3.5961664e-24,1.0
testing10702.jpg,Intermediate,0.9870368,0.9870368,2.448299e-19,0.0129630985
testing10703.jpg,Intermediate,1.0,1.0,2.7293635e-26,1.08330256e-13
testing10704.jpg,Intermediate,0.9999956,0.9999956,1.1603955e-23,4.3556834e-06
testing10705.jpg,Intermediate,1.0,1.0,5.3723683e-26,6.764122e-15
testing10706.jpg,Intermediate,1.0,1.0,0.0,1.4210697e-30
testing10707.jpg,Intermediate,1.0,1.0,1.3127697e-25,1.3698155e-08
testing10708.jpg,Intermediate,1.0,1.0,1.4409187e-21,1.4325467e-10
testing10709.jpg,Nanodomain,1.0,0.0,1.0,0.0
testing10710.jpg,Intermediate,1.0,1.0,2.3950423e-24,2.8188383e-20
testing10711.jpg,Nanodomain,1.0,0.0,1.0,0.0
testing10712.jpg,Nanodomain,1.0,0.0,1.0,0.0
testing10713.jpg,Nanodomain,1.0,0.0,1.0,0.0
testing10714.jpg,Nanodomain,1.0,0.0,1.0,0.0
testing10715.jpg,Nanodomain,1.0,0.0,1.0,0.0
testing10716.jpg,Nanodomain,1.0,0.0,1.0,0.0
testing10717.jpg,Nanodomain,1.0,0.0,1.0,0.0
testing10718.jpg,Nanodomain,1.0,0.0,1.0,0.0
testing10719.jpg,Nanodomain,1.0,0.0,1.0,0.0
testing10720.jpg,Nanodomain,1.0,0.0,1.0,0.0
testing10721.jpg,Nanodomain,1.0,0.0,1.0,0.0
testing10722.jpg,Nanodomain,1.0,0.0,1.0,0.0
testing10723.jpg,Outside,1.0,4.9539384e-35,7.937304e-33,1.0
testing10724.jpg,Outside,1.0,1.7017824e-32,2.1897007e-28,1.0
testing10725.jpg,Outside,1.0,3.8031008e-35,2.6919244e-32,1.0
testing10726.jpg,Outside,1.0,4.672126e-38,3.2381924e-36,1.0
testing10727.jpg,Outside,1.0,5.9374686e-33,4.3122963e-32,1.0
testing10728.jpg,Outside,1.0,1.3676025e-33,1.9534651e-31,1.0
testing10729.jpg,Outside,1.0,1.916394e-35,1.3521175e-34,1.0
testing10730.jpg,Outside,1.0,2.8797308e-31,1.5265706e-29,1.0
testing10731.jpg,Outside,1.0,5.6672577e-33,1.1398509e-30,1.0
testing10732.jpg,Outside,1.0,4.681127e-34,4.5319393e-31,1.0
testing10733.jpg,Outside,1.0,1.2062435e-31,1.1686916e-28,1.0
testing10734.jpg,Outside,1.0,1.866589e-27,1.4190838e-27,1.0
testing10735.jpg,Outside,1.0,4.530042e-29,1.3578176e-28,1.0
testing10736.jpg,Outside,1.0,9.237762e-25,7.457312e-27,1.0
testing10737.jpg,Outside,1.0,5.8952188e-33,1.0056003e-30,1.0
testing10738.jpg,Outside,1.0,7.958725e-29,1.3075109e-27,1.0
testing10739.jpg,Outside,1.0,3.4745953e-33,2.7265989e-31,1.0
testing10740.jpg,Outside,1.0,8.606719e-28,7.4966115e-28,1.0
testing10741.jpg,Outside,1.0,4.5837617e-34,4.604516e-32,1.0
testing10742.jpg,Outside,1.0,1.0737324e-29,6.885529e-27,1.0
testing10743.jpg,Outside,1.0,3.5590325e-31,8.4185685e-30,1.0
testing10744.jpg,Outside,1.0,1.38120265e-33,3.5582843e-32,1.0
testing10745.jpg,Outside,1.0,2.1039608e-27,2.36085e-27,1.0
testing10746.jpg,Outside,1.0,2.412029e-34,5.938626e-32,1.0
testing10747.jpg,Outside,1.0,2.352339e-25,1.3590699e-23,1.0
testing10748.jpg,Outside,1.0,6.1937503e-28,5.1827936e-29,1.0
testing10749.jpg,Nanodomain,1.0,0.0,1.0,0.0
testing10750.jpg,Nanodomain,1.0,0.0,1.0,0.0
testing10751.jpg,Nanodomain,1.0,0.0,1.0,0.0
testing10752.jpg,Nanodomain,1.0,0.0,1.0,0.0
testing10753.jpg,Nanodomain,1.0,0.0,1.0,0.0
testing10754.jpg,Nanodomain,1.0,0.0,1.0,0.0
testing10755.jpg,Nanodomain,1.0,0.0,1.0,0.0
testing10756.jpg,Nanodomain,1.0,0.0,1.0,0.0
testing10757.jpg,Nanodomain,1.0,0.0,1.0,0.0
testing10758.jpg,Nanodomain,1.0,0.0,1.0,0.0
testing10759.jpg,Intermediate,0.999997,0.999997,2.9884643e-06,2.32414e-23
testing10760.jpg,Nanodomain,0.7803186,0.21968135,0.7803186,4.249082e-22
testing10761.jpg,Nanodomain,1.0,7.336549e-26,1.0,0.0
testing10762.jpg,Nanodomain,0.99999976,2.1398556e-07,0.99999976,3.9224303e-28
testing10763.jpg,Intermediate,0.9999958,0.9999958,4.2300726e-06,4.583773e-21
testing10764.jpg,Intermediate,1.0,1.0,4.8039897e-22,6.743897e-30
testing10765.jpg,Nanodomain,0.9999907,9.2471e-06,0.9999907,9.216487e-25
testing10766.jpg,Intermediate,1.0,1.0,3.820277e-18,3.417216e-27
testing10767.jpg,Intermediate,1.0,1.0,2.6495712e-26,3.7139383e-28
testing10768.jpg,Intermediate,1.0,1.0,4.1394576e-26,8.485187e-28
testing10769.jpg,Intermediate,1.0,1.0,2.1459685e-24,1.3631288e-25
testing10770.jpg,Outside,1.0,4.0603792e-21,6.778453e-24,1.0
testing10771.jpg,Outside,1.0,5.8631792e-30,7.866483e-29,1.0
testing10772.jpg,Outside,1.0,2.8089444e-33,9.2005913e-32,1.0
testing10773.jpg,Outside,0.98760915,0.012390868,9.956816e-16,0.98760915
testing10774.jpg,Outside,1.0,8.035805e-13,2.1701688e-19,1.0
testing10775.jpg,Outside,1.0,6.3956222e-15,7.5554023e-22,1.0
testing10776.jpg,Outside,1.0,3.1634084e-10,2.8708546e-18,1.0
testing10777.jpg,Outside,0.99793977,0.0020602352,3.3489827e-17,0.99793977
testing10778.jpg,Outside,1.0,9.231104e-14,5.340372e-18,1.0
testing10779.jpg,Outside,1.0,3.6080164e-21,3.8411618e-24,1.0
testing10780.jpg,Intermediate,1.0,1.0,5.818687e-29,4.9770827e-21
testing10781.jpg,Nanodomain,1.0,4.2793633e-37,1.0,0.0
testing10782.jpg,Nanodomain,1.0,9.217848e-23,1.0,0.0
testing10783.jpg,Nanodomain,1.0,1.493225e-26,1.0,0.0
testing10784.jpg,Nanodomain,1.0,1.1462984e-33,1.0,0.0
testing10785.jpg,Nanodomain,1.0,0.0,1.0,0.0
testing10786.jpg,Nanodomain,1.0,0.0,1.0,0.0
testing10787.jpg,Intermediate,1.0,1.0,1.4244362e-28,1.066626e-27
testing10788.jpg,Outside,1.0,7.9682415e-12,1.7378733e-22,1.0
testing10789.jpg,Outside,1.0,4.897798e-25,9.997523e-23,1.0
testing10790.jpg,Nanodomain,1.0,4.661422e-14,1.0,4.3515405e-33
testing10791.jpg,Nanodomain,0.9999615,3.8494192e-05,0.9999615,2.7198124e-25
testing10792.jpg,Nanodomain,1.0,4.6473803e-09,1.0,1.642903e-28
testing10793.jpg,Intermediate,1.0,1.0,1.8699491e-31,1.3070476e-26
testing10794.jpg,Intermediate,1.0,1.0,2.431693e-23,1.6633965e-11
testing10795.jpg,Intermediate,1.0,1.0,9.6456935e-27,6.517462e-15
testing10796.jpg,Outside,1.0,5.915635e-31,1.328941e-29,1.0
testing10797.jpg,Outside,1.0,1.2059063e-18,2.0127906e-26,1.0
testing10798.jpg,Nanodomain,1.0,1.1535438e-35,1.0,0.0
testing10799.jpg,Nanodomain,1.0,0.0,1.0,0.0
testing10800.jpg,Nanodomain,1.0,0.0,1.0,0.0
testing10801.jpg,Nanodomain,1.0,0.0,1.0,0.0
testing10802.jpg,Nanodomain,1.0,0.0,1.0,0.0
testing10803.jpg,Nanodomain,1.0,0.0,1.0,0.0
testing10804.jpg,Nanodomain,1.0,0.0,1.0,0.0
testing10805.jpg,Nanodomain,1.0,0.0,1.0,0.0
testing10806.jpg,Nanodomain,1.0,0.0,1.0,0.0
testing10807.jpg,Nanodomain,1.0,0.0,1.0,0.0
testing10808.jpg,Nanodomain,1.0,0.0,1.0,0.0
testing10809.jpg,Nanodomain,1.0,0.0,1.0,0.0
testing10810.jpg,Nanodomain,1.0,0.0,1.0,0.0
testing10811.jpg,Nanodomain,1.0,1.0602786e-32,1.0,0.0
testing10812.jpg,Nanodomain,1.0,4.5685615e-17,1.0,0.0
testing10813.jpg,Intermediate,1.0,1.0,4.486928e-28,6.6726846e-29
testing10814.jpg,Intermediate,1.0,1.0,1.6633292e-12,6.044674e-18
testing10815.jpg,Intermediate,1.0,1.0,1.7577386e-33,8.054287e-30
testing10816.jpg,Intermediate,1.0,1.0,0.0,3.1675436e-33
testing10817.jpg,Intermediate,1.0,1.0,1.0518094e-27,2.1257743e-28
testing10818.jpg,Intermediate,1.0,1.0,5.1823606e-36,1.0044635e-34
testing10819.jpg,Nanodomain,1.0,2.2027264e-11,1.0,4.546668e-34
testing10820.jpg,Nanodomain,1.0,1.2807763e-09,1.0,4.786134e-31
testing10821.jpg,Intermediate,0.9999982,0.9999982,1.1790871e-21,1.8445581e-06
testing10822.jpg,Outside,1.0,7.37069e-18,2.1061484e-24,1.0
testing10823.jpg,Outside,1.0,3.1484976e-18,1.0409118e-21,1.0
testing10824.jpg,Outside,1.0,9.900308e-27,1.9340045e-28,1.0
testing10825.jpg,Outside,1.0,1.8822093e-30,3.146221e-30,1.0
testing10826.jpg,Outside,1.0,1.2837734e-26,3.8282973e-27,1.0
testing10827.jpg,Intermediate,0.74100417,0.74100417,5.051186e-16,0.25899583
testing10828.jpg,Outside,1.0,7.3475443e-29,1.1176263e-28,1.0
testing10829.jpg,Outside,1.0,1.4722356e-18,2.652703e-21,1.0
testing10830.jpg,Outside,1.0,1.7764649e-18,1.4838844e-18,1.0
testing10831.jpg,Intermediate,0.8065711,0.8065711,5.1755605e-20,0.19342887
testing10832.jpg,Intermediate,0.99314606,0.99314606,2.929561e-22,0.006853971
testing10833.jpg,Outside,0.9999999,1.4866461e-07,5.275011e-19,0.9999999
testing10834.jpg,Intermediate,1.0,1.0,9.14025e-24,1.8436468e-08
testing10835.jpg,Intermediate,1.0,1.0,7.825875e-27,2.8657827e-22
testing10836.jpg,Intermediate,0.9999846,0.9999846,6.149689e-24,1.531826e-05
testing10837.jpg,Outside,0.9999987,1.2884001e-06,4.5769237e-19,0.9999987
testing10838.jpg,Nanodomain,1.0,0.0,1.0,0.0
testing10839.jpg,Nanodomain,1.0,0.0,1.0,0.0
testing10840.jpg,Nanodomain,1.0,0.0,1.0,0.0
testing10841.jpg,Nanodomain,1.0,0.0,1.0,0.0
testing10842.jpg,Nanodomain,1.0,0.0,1.0,0.0
testing10843.jpg,Nanodomain,1.0,0.0,1.0,0.0
testing10844.jpg,Nanodomain,1.0,0.0,1.0,0.0
testing10845.jpg,Nanodomain,1.0,0.0,1.0,0.0
testing10846.jpg,Nanodomain,1.0,0.0,1.0,0.0
testing10847.jpg,Nanodomain,1.0,0.0,1.0,0.0
testing10848.jpg,Nanodomain,1.0,0.0,1.0,0.0
testing10849.jpg,Nanodomain,1.0,0.0,1.0,0.0
testing10850.jpg,Nanodomain,1.0,0.0,1.0,0.0
testing10851.jpg,Outside,1.0,9.4839435e-36,6.2441195e-34,1.0
testing10852.jpg,Outside,1.0,7.320263e-30,4.4250365e-29,1.0
testing10853.jpg,Outside,1.0,1.863451e-35,4.7593495e-32,1.0
testing10854.jpg,Outside,1.0,1.4933939e-36,1.6891302e-34,1.0
testing10855.jpg,Outside,1.0,2.914985e-33,1.3441022e-31,1.0
testing10856.jpg,Outside,1.0,2.8426653e-31,7.435647e-32,1.0
testing10857.jpg,Outside,1.0,5.9056437e-32,1.6431835e-30,1.0
testing10858.jpg,Outside,1.0,5.086468e-29,2.1175595e-28,1.0
testing10859.jpg,Outside,1.0,8.4403416e-29,5.2607227e-27,1.0
testing10860.jpg,Outside,1.0,5.816932e-37,1.3624936e-34,1.0
testing10861.jpg,Outside,1.0,1.681346e-33,5.220826e-32,1.0
testing10862.jpg,Outside,1.0,8.84979e-29,1.6041438e-25,1.0
testing10863.jpg,Outside,1.0,2.1259575e-31,1.2755906e-28,1.0
testing10864.jpg,Outside,1.0,3.8102743e-35,1.3469766e-31,1.0
testing10865.jpg,Outside,1.0,2.8537503e-29,6.679309e-28,1.0
testing10866.jpg,Outside,1.0,1.8411727e-27,1.2139642e-27,1.0
testing10867.jpg,Outside,1.0,1.2749221e-31,1.579373e-29,1.0
testing10868.jpg,Outside,1.0,1.704058e-30,7.763566e-31,1.0
testing10869.jpg,Nanodomain,1.0,0.0,1.0,0.0
testing10870.jpg,Intermediate,1.0,1.0,1.5232536e-23,3.2462127e-25
testing10871.jpg,Intermediate,1.0,1.0,8.477776e-36,1.371307e-32
testing10872.jpg,Intermediate,1.0,1.0,7.428916e-20,3.0991448e-08
testing10873.jpg,Intermediate,1.0,1.0,6.8423175e-37,1.3907991e-25
testing10874.jpg,Intermediate,1.0,1.0,4.3726525e-20,9.20611e-12
testing10875.jpg,Intermediate,1.0,1.0,1.7958756e-27,4.578052e-17
testing10876.jpg,Nanodomain,1.0,0.0,1.0,0.0
testing10877.jpg,Nanodomain,1.0,0.0,1.0,0.0
testing10878.jpg,Nanodomain,1.0,0.0,1.0,0.0
testing10879.jpg,Nanodomain,1.0,0.0,1.0,0.0
testing10880.jpg,Nanodomain,1.0,0.0,1.0,0.0
testing10881.jpg,Nanodomain,1.0,0.0,1.0,0.0
testing10882.jpg,Nanodomain,1.0,0.0,1.0,0.0
testing10883.jpg,Nanodomain,1.0,0.0,1.0,0.0
testing10884.jpg,Nanodomain,1.0,0.0,1.0,0.0
testing10885.jpg,Nanodomain,1.0,0.0,1.0,0.0
testing10886.jpg,Nanodomain,1.0,0.0,1.0,0.0
testing10887.jpg,Nanodomain,1.0,0.0,1.0,0.0
testing10888.jpg,Nanodomain,1.0,0.0,1.0,0.0
testing10889.jpg,Nanodomain,1.0,2.2670817e-14,1.0,5.5840255e-37
testing10890.jpg,Nanodomain,0.9999999,1.6006756e-07,0.9999999,8.5929674e-29
testing10891.jpg,Nanodomain,1.0,4.2619577e-10,1.0,1.0892478e-30
testing10892.jpg,Nanodomain,0.91352165,0.08647832,0.91352165,8.7561995e-26
testing10893.jpg,Intermediate,0.9955884,0.9955884,0.004411638,4.676992e-24
testing10894.jpg,Intermediate,0.9999995,0.9999995,4.18206e-07,2.609572e-22
testing10895.jpg,Intermediate,1.0,1.0,5.288285e-28,2.4383667e-27
testing10896.jpg,Outside,1.0,2.370898e-17,1.7141992e-19,1.0
testing10897.jpg,Outside,1.0,2.874703e-24,2.6895128e-24,1.0
testing10898.jpg,Intermediate,1.0,1.0,4.588561e-24,1.0540764e-09
testing10899.jpg,Outside,1.0,3.0149426e-22,3.6817274e-24,1.0
testing10900.jpg,Outside,1.0,7.0506485e-18,6.8476926e-23,1.0
testing10901.jpg,Outside,0.9999988,1.1454559e-06,3.6837695e-19,0.9999988
testing10902.jpg,Intermediate,0.9999678,0.9999678,2.4493186e-18,3.214236e-05
testing10903.jpg,Outside,1.0,2.6629574e-18,1.4455544e-21,1.0
testing10904.jpg,Outside,0.78115654,0.21884345,1.228842e-16,0.78115654
testing10905.jpg,Intermediate,1.0,1.0,4.269732e-27,5.715115e-15
testing10906.jpg,Outside,1.0,4.9976477e-29,1.4856633e-25,1.0
testing10907.jpg,Outside,1.0,2.2732552e-30,9.7394127e-29,1.0
testing10908.jpg,Intermediate,1.0,1.0,1.3973029e-25,4.253924e-22
testing10909.jpg,Nanodomain,1.0,1.7798276e-20,1.0,0.0
testing10910.jpg,Nanodomain,1.0,1.7517887e-32,1.0,0.0
testing10911.jpg,Nanodomain,1.0,7.1293457e-35,1.0,0.0
testing10912.jpg,Nanodomain,1.0,1.4153794e-21,1.0,0.0
testing10913.jpg,Nanodomain,1.0,5.929792e-34,1.0,0.0
testing10914.jpg,Nanodomain,1.0,1.2510266e-38,1.0,0.0
testing10915.jpg,Nanodomain,1.0,9.127931e-13,1.0,2.2689932e-37
testing10916.jpg,Intermediate,1.0,1.0,1.5882984e-27,2.7720784e-20
testing10917.jpg,Outside,1.0,1.6559287e-19,2.1435031e-19,1.0
testing10918.jpg,Nanodomain,1.0,3.262428e-16,1.0,4.8206246e-36
testing10919.jpg,Intermediate,1.0,1.0,3.787158e-14,5.434854e-23
testing10920.jpg,Nanodomain,1.0,2.8149183e-26,1.0,0.0
testing10921.jpg,Nanodomain,0.9999995,5.067567e-07,0.9999995,2.569161e-24
testing10922.jpg,Nanodomain,1.0,7.418862e-09,1.0,2.4423218e-28
testing10923.jpg,Intermediate,1.0,1.0,6.2128345e-17,1.3028857e-19
testing10924.jpg,Intermediate,1.0,1.0,4.4617808e-38,1.02003e-31
testing10925.jpg,Intermediate,1.0,1.0,0.0,5.184229e-32
testing10926.jpg,Intermediate,1.0,1.0,1.7234895e-35,7.1232395e-32
testing10927.jpg,Nanodomain,1.0,0.0,1.0,0.0
testing10928.jpg,Nanodomain,1.0,0.0,1.0,0.0
testing10929.jpg,Nanodomain,1.0,0.0,1.0,0.0
testing10930.jpg,Nanodomain,1.0,0.0,1.0,0.0
testing10931.jpg,Nanodomain,1.0,0.0,1.0,0.0
testing10932.jpg,Nanodomain,1.0,0.0,1.0,0.0
testing10933.jpg,Nanodomain,1.0,0.0,1.0,0.0
testing10934.jpg,Nanodomain,1.0,0.0,1.0,0.0
testing10935.jpg,Nanodomain,1.0,0.0,1.0,0.0
testing10936.jpg,Nanodomain,1.0,0.0,1.0,0.0
testing10937.jpg,Nanodomain,1.0,0.0,1.0,0.0
testing10938.jpg,Nanodomain,1.0,5.5136486e-36,1.0,0.0
testing10939.jpg,Nanodomain,1.0,2.5405605e-22,1.0,0.0
testing10940.jpg,Nanodomain,1.0,2.1486363e-19,1.0,0.0
testing10941.jpg,Nanodomain,0.9999219,7.805675e-05,0.9999219,7.614362e-28
testing10942.jpg,Intermediate,1.0,1.0,1.5010483e-27,8.929683e-22
testing10943.jpg,Intermediate,1.0,1.0,1.8571493e-35,2.4393281e-32
testing10944.jpg,Intermediate,1.0,1.0,0.0,1.7167531e-32
testing10945.jpg,Intermediate,1.0,1.0,0.0,3.6547127e-36
testing10946.jpg,Intermediate,1.0,1.0,3.3438134e-29,2.8990473e-27
testing10947.jpg,Intermediate,1.0,1.0,4.2547595e-26,7.962375e-20
testing10948.jpg,Outside,1.0,2.2776519e-26,2.0416585e-26,1.0
testing10949.jpg,Intermediate,1.0,1.0,8.265689e-24,1.7583579e-08
testing10950.jpg,Intermediate,1.0,1.0,2.3067922e-29,1.7362629e-11
testing10951.jpg,Intermediate,0.9999628,0.9999628,6.8240965e-24,3.722893e-05
testing10952.jpg,Outside,0.9996939,0.0003061526,1.6771812e-17,0.9996939
testing10953.jpg,Outside,1.0,1.3112029e-18,2.0108816e-24,1.0
testing10954.jpg,Intermediate,1.0,1.0,6.355055e-23,1.154227e-11
testing10955.jpg,Outside,1.0,1.3431964e-14,5.3661116e-22,1.0
testing10956.jpg,Outside,1.0,6.3579984e-20,5.569344e-23,1.0
testing10957.jpg,Intermediate,0.999997,0.999997,4.0921774e-23,2.9299722e-06
testing10958.jpg,Outside,1.0,1.484395e-24,8.211571e-24,1.0
testing10959.jpg,Outside,1.0,2.2411627e-31,1.6258513e-28,1.0
testing10960.jpg,Outside,1.0,1.2744135e-28,1.3462242e-27,1.0
testing10961.jpg,Outside,1.0,8.741101e-25,6.547974e-27,1.0
testing10962.jpg,Outside,1.0,5.23314e-20,3.118533e-24,1.0
testing10963.jpg,Outside,1.0,2.3728946e-27,2.0989177e-28,1.0
testing10964.jpg,Outside,1.0,2.78094e-30,1.5990441e-30,1.0
testing10965.jpg,Outside,1.0,2.1215824e-24,1.8924035e-23,1.0
testing10966.jpg,Outside,1.0,7.6020464e-34,5.582059e-32,1.0
testing10967.jpg,Nanodomain,1.0,0.0,1.0,0.0
testing10968.jpg,Nanodomain,1.0,0.0,1.0,0.0
testing10969.jpg,Nanodomain,1.0,0.0,1.0,0.0
testing10970.jpg,Nanodomain,1.0,0.0,1.0,0.0
testing10971.jpg,Nanodomain,1.0,0.0,1.0,0.0
testing10972.jpg,Nanodomain,1.0,0.0,1.0,0.0
testing10973.jpg,Nanodomain,1.0,0.0,1.0,0.0
testing10974.jpg,Nanodomain,1.0,0.0,1.0,0.0
testing10975.jpg,Nanodomain,1.0,0.0,1.0,0.0
testing10976.jpg,Nanodomain,1.0,0.0,1.0,0.0
testing10977.jpg,Nanodomain,1.0,0.0,1.0,0.0
testing10978.jpg,Outside,1.0,3.3203237e-29,6.1924302e-27,1.0
testing10979.jpg,Outside,1.0,2.0183588e-32,1.4422217e-29,1.0
testing10980.jpg,Outside,1.0,5.078995e-32,1.7427449e-31,1.0
testing10981.jpg,Outside,1.0,2.6406258e-30,1.0039718e-29,1.0
testing10982.jpg,Outside,1.0,2.7492185e-33,1.2148181e-32,1.0
testing10983.jpg,Outside,1.0,8.1043825e-27,1.7940091e-24,1.0
testing10984.jpg,Outside,1.0,3.7674763e-36,7.50074e-33,1.0
testing10985.jpg,Outside,1.0,1.8325321e-28,2.2311602e-28,1.0
testing10986.jpg,Outside,1.0,2.2919662e-31,1.7815856e-29,1.0
testing10987.jpg,Outside,1.0,1.2019389e-32,3.6821677e-29,1.0
testing10988.jpg,Outside,1.0,2.0117328e-32,5.2589688e-30,1.0
testing10989.jpg,Outside,1.0,8.687963e-36,1.1588918e-31,1.0
testing10990.jpg,Outside,1.0,2.0034053e-35,5.647077e-34,1.0
testing10991.jpg,Outside,1.0,2.939852e-27,2.4939184e-25,1.0
testing10992.jpg,Outside,1.0,5.7975686e-30,2.6360706e-27,1.0
testing10993.jpg,Outside,1.0,7.301292e-32,1.09605e-30,1.0
testing10994.jpg,Outside,1.0,1.1026931e-30,9.530103e-30,1.0
testing10995.jpg,Intermediate,0.9771696,0.9771696,4.23271e-17,0.02283047
testing10996.jpg,Outside,1.0,6.116597e-35,2.4544306e-32,1.0
testing10997.jpg,Nanodomain,1.0,0.0,1.0,0.0
testing10998.jpg,Nanodomain,1.0,0.0,1.0,0.0
testing10999.jpg,Nanodomain,1.0,0.0,1.0,0.0
testing11000.jpg,Nanodomain,1.0,0.0,1.0,0.0
testing11001.jpg,Nanodomain,1.0,0.0,1.0,0.0
testing11002.jpg,Nanodomain,1.0,0.0,1.0,0.0
testing11003.jpg,Nanodomain,1.0,0.0,1.0,0.0
testing11004.jpg,Nanodomain,1.0,0.0,1.0,0.0
testing11005.jpg,Nanodomain,1.0,0.0,1.0,0.0
testing11006.jpg,Nanodomain,1.0,0.0,1.0,0.0
testing11007.jpg,Nanodomain,1.0,0.0,1.0,0.0
testing11008.jpg,Nanodomain,1.0,0.0,1.0,0.0
testing11009.jpg,Nanodomain,1.0,0.0,1.0,0.0
testing11010.jpg,Nanodomain,1.0,0.0,1.0,0.0
testing11011.jpg,Nanodomain,1.0,0.0,1.0,0.0
testing11012.jpg,Nanodomain,1.0,0.0,1.0,0.0
testing11013.jpg,Nanodomain,1.0,0.0,1.0,0.0
testing11014.jpg,Nanodomain,1.0,0.0,1.0,0.0
testing11015.jpg,Nanodomain,1.0,0.0,1.0,0.0
testing11016.jpg,Nanodomain,1.0,0.0,1.0,0.0
testing11017.jpg,Nanodomain,1.0,0.0,1.0,0.0
testing11018.jpg,Intermediate,1.0,1.0,4.009546e-18,3.6551726e-21
testing11019.jpg,Nanodomain,1.0,1.3727199e-10,1.0,2.530952e-32
testing11020.jpg,Nanodomain,1.0,1.2708036e-10,1.0,3.2858965e-31
testing11021.jpg,Intermediate,0.9858883,0.9858883,0.014111696,5.523524e-23
testing11022.jpg,Outside,1.0,7.955245e-19,1.6272214e-22,1.0
testing11023.jpg,Intermediate,0.99266946,0.99266946,7.6144353e-22,0.0073305294
testing11024.jpg,Intermediate,0.9996476,0.9996476,6.9019934e-16,0.0003523284
testing11025.jpg,Outside,1.0,2.0712715e-19,1.8969196e-24,1.0
testing11026.jpg,Outside,0.9999988,1.1823139e-06,5.140694e-20,0.9999988
testing11027.jpg,Intermediate,1.0,1.0,4.7430365e-25,3.940171e-21
testing11028.jpg,Intermediate,1.0,1.0,2.8143836e-32,1.7842594e-28
testing11029.jpg,Intermediate,1.0,1.0,4.0324147e-26,5.789671e-14
testing11030.jpg,Intermediate,1.0,1.0,1.9739802e-26,4.179469e-21
testing11031.jpg,Intermediate,1.0,1.0,4.406775e-22,3.4247762e-17
testing11032.jpg,Intermediate,1.0,1.0,9.807555e-31,5.286259e-24
testing11033.jpg,Intermediate,1.0,1.0,1.8937308e-32,8.858464e-23
testing11034.jpg,Intermediate,1.0,1.0,7.216358e-27,2.7867248e-17
testing11035.jpg,Intermediate,1.0,1.0,1.093276e-25,1.4571472e-14
testing11036.jpg,Intermediate,1.0,1.0,5.18965e-25,5.3808585e-19
testing11037.jpg,Intermediate,1.0,1.0,6.420912e-26,1.1518794e-09
testing11038.jpg,Intermediate,0.9999999,0.9999999,6.551528e-25,1.4430535e-07
testing11039.jpg,Intermediate,0.9935482,0.9935482,0.006451828,3.6774815e-22
testing11040.jpg,Intermediate,0.9914248,0.9914248,0.008575158,2.2969953e-22
testing11041.jpg,Nanodomain,1.0,1.7440568e-14,1.0,1.0935587e-34
testing11042.jpg,Nanodomain,1.0,4.3675563e-14,1.0,2.8297132e-32
testing11043.jpg,Nanodomain,1.0,4.6637892e-17,1.0,8.7895014e-36
testing11044.jpg,Nanodomain,1.0,6.954004e-19,1.0,0.0
testing11045.jpg,Intermediate,1.0,1.0,1.1831993e-27,9.389431e-25
testing11046.jpg,Intermediate,1.0,1.0,1.2945162e-22,5.619205e-27
testing11047.jpg,Nanodomain,1.0,1.6115312e-29,1.0,0.0
testing11048.jpg,Nanodomain,1.0,0.0,1.0,0.0
testing11049.jpg,Nanodomain,1.0,8.120598e-12,1.0,1.7324219e-34
testing11050.jpg,Nanodomain,1.0,0.0,1.0,0.0
testing11051.jpg,Nanodomain,1.0,4.637535e-31,1.0,0.0
testing11052.jpg,Nanodomain,1.0,1.8456332e-32,1.0,0.0
testing11053.jpg,Nanodomain,1.0,0.0,1.0,0.0
testing11054.jpg,Nanodomain,1.0,1.6457198e-35,1.0,0.0
testing11055.jpg,Nanodomain,1.0,4.941659e-32,1.0,0.0
testing11056.jpg,Intermediate,1.0,1.0,7.949467e-30,1.1395382e-22
testing11057.jpg,Nanodomain,1.0,3.2891496e-28,1.0,0.0
testing11058.jpg,Nanodomain,1.0,4.2806355e-30,1.0,0.0
testing11059.jpg,Nanodomain,1.0,1.2644953e-14,1.0,0.0
testing11060.jpg,Nanodomain,1.0,6.304676e-26,1.0,0.0
testing11061.jpg,Nanodomain,1.0,0.0,1.0,0.0
testing11062.jpg,Nanodomain,1.0,0.0,1.0,0.0
testing11063.jpg,Nanodomain,1.0,0.0,1.0,0.0
testing11064.jpg,Intermediate,1.0,1.0,0.0,8.90826e-27
testing11065.jpg,Nanodomain,1.0,1.5627758e-32,1.0,0.0
testing11066.jpg,Nanodomain,1.0,6.0804946e-19,1.0,4.1140245e-38
testing11067.jpg,Nanodomain,1.0,5.0362426e-24,1.0,0.0
testing11068.jpg,Nanodomain,1.0,3.1350594e-20,1.0,0.0
testing11069.jpg,Intermediate,1.0,1.0,2.9582082e-29,4.9988525e-20
testing11070.jpg,Intermediate,1.0,1.0,1.8745689e-32,1.0388075e-17
testing11071.jpg,Intermediate,1.0,1.0,0.0,2.3031098e-35
testing11072.jpg,Intermediate,1.0,1.0,1.3839259e-38,1.1983576e-34
testing11073.jpg,Intermediate,1.0,1.0,1.200585e-28,9.3852353e-26
testing11074.jpg,Intermediate,1.0,1.0,0.0,6.8930213e-34
testing11075.jpg,Outside,1.0,3.395885e-23,5.3325537e-26,1.0
testing11076.jpg,Outside,1.0,1.0189067e-30,9.147368e-31,1.0
testing11077.jpg,Outside,1.0,1.5535895e-28,1.6373339e-29,1.0
testing11078.jpg,Outside,1.0,4.6301262e-32,1.2251976e-30,1.0
testing11079.jpg,Outside,1.0,1.7513247e-28,9.877843e-31,1.0
testing11080.jpg,Outside,1.0,7.260926e-27,1.3343822e-28,1.0
testing11081.jpg,Outside,1.0,8.12709e-31,2.3563029e-30,1.0
testing11082.jpg,Intermediate,1.0,1.0,2.029415e-24,4.2107682e-11
testing11083.jpg,Outside,1.0,1.3634971e-19,3.6237512e-23,1.0
testing11084.jpg,Intermediate,1.0,1.0,3.984975e-21,1.7595092e-11
testing11085.jpg,Outside,1.0,1.5253773e-10,4.44263e-20,1.0
testing11086.jpg,Outside,1.0,8.453443e-17,5.370781e-22,1.0
testing11087.jpg,Intermediate,1.0,1.0,2.2487503e-31,2.5643026e-19
testing11088.jpg,Outside,1.0,5.0803384e-22,1.1628049e-26,1.0
testing11089.jpg,Outside,1.0,8.826654e-12,1.1591719e-21,1.0
testing11090.jpg,Outside,1.0,1.9481324e-13,1.1914228e-22,1.0
testing11091.jpg,Outside,1.0,7.345471e-29,2.8583698e-29,1.0
testing11092.jpg,Outside,1.0,6.5010836e-27,2.0434016e-28,1.0
testing11093.jpg,Outside,1.0,1.2814949e-31,5.0820406e-31,1.0
testing11094.jpg,Outside,1.0,1.4404545e-32,6.3079796e-31,1.0
testing11095.jpg,Outside,1.0,8.7058005e-31,6.943759e-30,1.0
testing11096.jpg,Nanodomain,1.0,0.0,1.0,0.0
testing11097.jpg,Nanodomain,1.0,0.0,1.0,0.0
testing11098.jpg,Nanodomain,1.0,0.0,1.0,0.0
testing11099.jpg,Nanodomain,1.0,0.0,1.0,0.0
testing11100.jpg,Nanodomain,1.0,0.0,1.0,0.0
testing11101.jpg,Nanodomain,1.0,0.0,1.0,0.0
testing11102.jpg,Nanodomain,1.0,0.0,1.0,0.0
testing11103.jpg,Nanodomain,1.0,0.0,1.0,0.0
testing11104.jpg,Outside,1.0,1.036919e-32,6.2502263e-32,1.0
testing11105.jpg,Outside,1.0,1.2438993e-36,2.1920926e-34,1.0
testing11106.jpg,Outside,1.0,4.0066428e-32,9.916773e-30,1.0
testing11107.jpg,Outside,1.0,7.7898e-36,2.0703009e-33,1.0
testing11108.jpg,Outside,1.0,8.9454573e-32,4.7372197e-30,1.0
testing11109.jpg,Outside,1.0,2.461235e-34,2.8063524e-33,1.0
testing11110.jpg,Outside,1.0,6.934533e-34,1.3258162e-30,1.0
testing11111.jpg,Outside,1.0,2.8222132e-30,2.2479123e-29,1.0
testing11112.jpg,Outside,1.0,1.2681617e-29,1.7360193e-28,1.0
testing11113.jpg,Outside,1.0,4.967244e-34,1.9173694e-32,1.0
testing11114.jpg,Outside,1.0,1.3334867e-28,2.3855737e-27,1.0
testing11115.jpg,Outside,1.0,6.0611633e-32,1.5136329e-30,1.0
testing11116.jpg,Outside,1.0,9.722868e-34,6.0923446e-31,1.0
testing11117.jpg,Intermediate,1.0,1.0,1.5256856e-29,1.7895166e-26
testing11118.jpg,Outside,1.0,1.9653817e-29,4.109575e-28,1.0
testing11119.jpg,Outside,1.0,1.2536129e-35,6.8520704e-34,1.0
testing11120.jpg,Outside,1.0,1.1041157e-30,7.5987897e-29,1.0
testing11121.jpg,Outside,1.0,1.888658e-33,2.1323834e-30,1.0
testing11122.jpg,Nanodomain,1.0,0.0,1.0,0.0
testing11123.jpg,Nanodomain,1.0,0.0,1.0,0.0
testing11124.jpg,Nanodomain,1.0,0.0,1.0,0.0
testing11125.jpg,Nanodomain,1.0,0.0,1.0,0.0
testing11126.jpg,Nanodomain,1.0,0.0,1.0,0.0
testing11127.jpg,Nanodomain,1.0,0.0,1.0,0.0
testing11128.jpg,Nanodomain,1.0,0.0,1.0,0.0
testing11129.jpg,Nanodomain,1.0,0.0,1.0,0.0
testing11130.jpg,Nanodomain,1.0,0.0,1.0,0.0
testing11131.jpg,Nanodomain,1.0,0.0,1.0,0.0
testing11132.jpg,Nanodomain,1.0,0.0,1.0,0.0
testing11133.jpg,Nanodomain,1.0,0.0,1.0,0.0
testing11134.jpg,Nanodomain,1.0,0.0,1.0,0.0
testing11135.jpg,Nanodomain,1.0,0.0,1.0,0.0
testing11136.jpg,Nanodomain,1.0,0.0,1.0,0.0
testing11137.jpg,Nanodomain,1.0,0.0,1.0,0.0
testing11138.jpg,Nanodomain,1.0,0.0,1.0,0.0
testing11139.jpg,Nanodomain,1.0,0.0,1.0,0.0
testing11140.jpg,Nanodomain,1.0,0.0,1.0,0.0
testing11141.jpg,Nanodomain,1.0,0.0,1.0,0.0
testing11142.jpg,Nanodomain,1.0,0.0,1.0,0.0
testing11143.jpg,Nanodomain,1.0,0.0,1.0,0.0
testing11144.jpg,Nanodomain,1.0,0.0,1.0,0.0
testing11145.jpg,Nanodomain,1.0,0.0,1.0,0.0
testing11146.jpg,Outside,1.0,1.0896417e-24,1.7760675e-23,1.0
testing11147.jpg,Outside,1.0,8.015879e-38,9.1743276e-35,1.0
testing11148.jpg,Outside,1.0,1.1726906e-32,1.3687939e-31,1.0
testing11149.jpg,Outside,1.0,1.9451813e-31,1.5331468e-30,1.0
testing11150.jpg,Outside,1.0,3.2657985e-26,1.1944597e-27,1.0
testing11151.jpg,Outside,1.0,1.7061857e-29,3.3700906e-29,1.0
testing11152.jpg,Outside,1.0,6.348929e-29,1.4111362e-29,1.0
testing11153.jpg,Outside,1.0,1.4056776e-29,7.5440896e-28,1.0
testing11154.jpg,Outside,0.99961746,0.00038252486,1.7368494e-16,0.99961746
testing11155.jpg,Outside,1.0,1.2002165e-09,3.5989498e-14,1.0
testing11156.jpg,Intermediate,1.0,1.0,5.255021e-29,3.8464854e-16
testing11157.jpg,Outside,0.9999995,4.5966047e-07,1.4407327e-19,0.9999995
testing11158.jpg,Intermediate,1.0,1.0,4.12552e-27,4.3962204e-19
testing11159.jpg,Intermediate,1.0,1.0,1.2135197e-27,3.0672803e-17
testing11160.jpg,Intermediate,0.9999988,0.9999988,4.23567e-22,1.2485281e-06
testing11161.jpg,Intermediate,1.0,1.0,8.175828e-28,8.64817e-13
testing11162.jpg,Intermediate,0.74994445,0.74994445,4.10169e-20,0.25005552
testing11163.jpg,Outside,1.0,3.428076e-10,3.7640265e-22,1.0
testing11164.jpg,Intermediate,0.99999964,0.99999964,9.938765e-24,3.8474005e-07
testing11165.jpg,Intermediate,1.0,1.0,5.9837324e-28,1.3848591e-25
testing11166.jpg,Intermediate,0.98920023,0.98920023,4.134809e-19,0.010799737
testing11167.jpg,Intermediate,0.99776983,0.99776983,1.6359419e-19,0.0022301525
testing11168.jpg,Intermediate,1.0,1.0,9.0595185e-29,2.4577497e-30
testing11169.jpg,Intermediate,1.0,1.0,9.655975e-25,5.614598e-27
testing11170.jpg,Intermediate,1.0,1.0,3.1685822e-26,2.6083573e-31
testing11171.jpg,Intermediate,1.0,1.0,9.804306e-30,8.046338e-29
testing11172.jpg,Intermediate,1.0,1.0,9.245784e-21,9.541936e-28
testing11173.jpg,Intermediate,1.0,1.0,2.8823904e-31,7.029585e-28
testing11174.jpg,Nanodomain,1.0,2.1863582e-09,1.0,9.708258e-28
testing11175.jpg,Nanodomain,1.0,1.07477326e-29,1.0,0.0
testing11176.jpg,Nanodomain,1.0,0.0,1.0,0.0
testing11177.jpg,Nanodomain,1.0,0.0,1.0,0.0
testing11178.jpg,Nanodomain,1.0,0.0,1.0,0.0
testing11179.jpg,Nanodomain,1.0,0.0,1.0,0.0
testing11180.jpg,Nanodomain,1.0,0.0,1.0,0.0
testing11181.jpg,Nanodomain,1.0,7.602727e-38,1.0,0.0
testing11182.jpg,Nanodomain,1.0,0.0,1.0,0.0
testing11183.jpg,Nanodomain,1.0,0.0,1.0,0.0
testing11184.jpg,Nanodomain,1.0,0.0,1.0,0.0
testing11185.jpg,Nanodomain,1.0,0.0,1.0,0.0
testing11186.jpg,Nanodomain,1.0,0.0,1.0,0.0
testing11187.jpg,Nanodomain,1.0,0.0,1.0,0.0
testing11188.jpg,Nanodomain,1.0,3.317348e-37,1.0,0.0
testing11189.jpg,Nanodomain,1.0,2.4234491e-32,1.0,0.0
testing11190.jpg,Nanodomain,1.0,1.7216306e-34,1.0,0.0
testing11191.jpg,Nanodomain,1.0,9.953566e-24,1.0,0.0
testing11192.jpg,Nanodomain,1.0,3.9324272e-19,1.0,0.0
testing11193.jpg,Intermediate,1.0,1.0,6.825565e-34,1.4269099e-29
testing11194.jpg,Nanodomain,1.0,1.7911974e-14,1.0,1.6612324e-32
testing11195.jpg,Nanodomain,1.0,6.7033537e-13,1.0,3.0842318e-34
testing11196.jpg,Intermediate,0.9136456,0.9136456,0.08635435,3.6380744e-23
testing11197.jpg,Intermediate,1.0,1.0,6.0928096e-31,5.7842794e-27
testing11198.jpg,Intermediate,1.0,1.0,7.6723803e-25,6.875409e-24
testing11199.jpg,Intermediate,1.0,1.0,4.399919e-38,6.673333e-33
testing11200.jpg,Intermediate,1.0,1.0,4.5746825e-32,6.995177e-30
testing11201.jpg,Intermediate,1.0,1.0,1.8847925e-26,1.9866271e-25
testing11202.jpg,Nanodomain,1.0,0.0,1.0,0.0
testing11203.jpg,Nanodomain,1.0,0.0,1.0,0.0
testing11204.jpg,Nanodomain,1.0,0.0,1.0,0.0
testing11205.jpg,Nanodomain,1.0,0.0,1.0,0.0
testing11206.jpg,Nanodomain,1.0,0.0,1.0,0.0
testing11207.jpg,Nanodomain,1.0,0.0,1.0,0.0
testing11208.jpg,Nanodomain,1.0,5.592881e-34,1.0,0.0
testing11209.jpg,Nanodomain,1.0,1.4412101e-36,1.0,0.0
testing11210.jpg,Nanodomain,1.0,3.3525214e-38,1.0,0.0
testing11211.jpg,Intermediate,1.0,1.0,6.389066e-29,1.2271783e-19
testing11212.jpg,Intermediate,1.0,1.0,5.273438e-28,4.681432e-11
testing11213.jpg,Intermediate,1.0,1.0,4.3227656e-27,1.3483325e-14
testing11214.jpg,Intermediate,1.0,1.0,1.8943188e-29,8.732979e-15
testing11215.jpg,Intermediate,1.0,1.0,7.1312e-26,3.357354e-11
testing11216.jpg,Intermediate,1.0,1.0,3.2975377e-23,7.442417e-09
testing11217.jpg,Outside,0.99286556,0.007134438,1.1726773e-17,0.99286556
testing11218.jpg,Intermediate,0.68486786,0.68486786,3.0998494e-17,0.3151322
testing11219.jpg,Intermediate,0.9993135,0.9993135,1.1031592e-24,0.0006865394
testing11220.jpg,Outside,1.0,7.551624e-23,1.958515e-25,1.0
testing11221.jpg,Outside,1.0,1.6177139e-23,2.736313e-29,1.0
testing11222.jpg,Outside,1.0,1.5974646e-12,5.836177e-23,1.0
testing11223.jpg,Outside,1.0,1.9793098e-20,5.1714116e-24,1.0
testing11224.jpg,Outside,1.0,1.2609495e-30,1.1622812e-27,1.0
testing11225.jpg,Outside,1.0,2.7947688e-35,5.163045e-35,1.0
testing11226.jpg,Outside,1.0,1.2227177e-31,2.8689977e-30,1.0
testing11227.jpg,Outside,1.0,1.3406334e-34,1.3292785e-32,1.0
testing11228.jpg,Outside,1.0,4.3678718e-33,4.6687708e-33,1.0
testing11229.jpg,Outside,1.0,3.729526e-36,1.867894e-33,1.0
testing11230.jpg,Outside,1.0,3.960115e-32,2.1189945e-31,1.0
testing11231.jpg,Outside,1.0,1.32782345e-33,3.5064074e-32,1.0
testing11232.jpg,Outside,1.0,6.9179253e-31,3.851542e-28,1.0
testing11233.jpg,Outside,1.0,3.0693187e-31,1.0455268e-31,1.0
testing11234.jpg,Outside,1.0,1.1806789e-27,4.309612e-26,1.0
testing11235.jpg,Outside,1.0,3.7873402e-32,1.3168799e-29,1.0
testing11236.jpg,Outside,1.0,8.4950156e-32,5.3238023e-30,1.0
testing11237.jpg,Outside,1.0,1.1333363e-34,1.4461143e-32,1.0
testing11238.jpg,Outside,1.0,1.4168524e-31,1.3642959e-30,1.0
testing11239.jpg,Outside,1.0,5.324052e-28,2.0916589e-29,1.0
testing11240.jpg,Outside,1.0,4.8898816e-33,6.073589e-33,1.0
testing11241.jpg,Outside,1.0,1.8145336e-31,1.9972371e-30,1.0
testing11242.jpg,Outside,1.0,9.251537e-28,6.95124e-28,1.0
testing11243.jpg,Outside,1.0,3.0099168e-32,5.7986944e-31,1.0
testing11244.jpg,Outside,1.0,1.2381669e-35,2.3539645e-32,1.0
testing11245.jpg,Outside,1.0,2.4263225e-35,2.2757862e-32,1.0
testing11246.jpg,Outside,1.0,4.54066e-31,2.2643688e-28,1.0
testing11247.jpg,Outside,1.0,1.9760394e-31,8.329699e-30,1.0
testing11248.jpg,Outside,1.0,1.1089593e-34,2.5131834e-31,1.0
testing11249.jpg,Outside,1.0,3.0909822e-33,1.5164301e-30,1.0
testing11250.jpg,Nanodomain,1.0,0.0,1.0,0.0
testing11251.jpg,Nanodomain,1.0,0.0,1.0,0.0
testing11252.jpg,Nanodomain,1.0,0.0,1.0,0.0
testing11253.jpg,Nanodomain,1.0,0.0,1.0,0.0
testing11254.jpg,Nanodomain,1.0,0.0,1.0,0.0
testing11255.jpg,Nanodomain,1.0,0.0,1.0,0.0
testing11256.jpg,Nanodomain,1.0,0.0,1.0,0.0
testing11257.jpg,Nanodomain,1.0,0.0,1.0,0.0
testing11258.jpg,Nanodomain,1.0,0.0,1.0,0.0
testing11259.jpg,Nanodomain,1.0,0.0,1.0,0.0
testing11260.jpg,Nanodomain,1.0,0.0,1.0,0.0
testing11261.jpg,Nanodomain,1.0,0.0,1.0,0.0
testing11262.jpg,Nanodomain,1.0,0.0,1.0,0.0
testing11263.jpg,Nanodomain,1.0,0.0,1.0,0.0
testing11264.jpg,Nanodomain,1.0,0.0,1.0,0.0
testing11265.jpg,Nanodomain,1.0,0.0,1.0,0.0
testing11266.jpg,Nanodomain,1.0,0.0,1.0,0.0
testing11267.jpg,Nanodomain,1.0,0.0,1.0,0.0
testing11268.jpg,Nanodomain,1.0,0.0,1.0,0.0
testing11269.jpg,Nanodomain,1.0,0.0,1.0,0.0
testing11270.jpg,Nanodomain,1.0,0.0,1.0,0.0
testing11271.jpg,Nanodomain,1.0,0.0,1.0,0.0
testing11272.jpg,Nanodomain,1.0,0.0,1.0,0.0
testing11273.jpg,Nanodomain,1.0,0.0,1.0,0.0
testing11274.jpg,Nanodomain,1.0,0.0,1.0,0.0
testing11275.jpg,Outside,1.0,6.1164353e-27,9.178986e-27,1.0
testing11276.jpg,Outside,1.0,8.384519e-18,1.5283932e-23,1.0
testing11277.jpg,Outside,1.0,7.547689e-20,9.038282e-23,1.0
testing11278.jpg,Outside,1.0,1.6713642e-25,4.9318807e-26,1.0
testing11279.jpg,Outside,1.0,2.0250332e-29,6.1269844e-29,1.0
testing11280.jpg,Outside,1.0,7.252199e-29,5.8963104e-29,1.0
testing11281.jpg,Outside,0.9999993,7.0734063e-07,1.8544347e-22,0.9999993
testing11282.jpg,Outside,0.8809066,0.11909348,2.1216834e-14,0.8809066
testing11283.jpg,Outside,0.9999889,1.1114335e-05,5.2495528e-14,0.9999889
testing11284.jpg,Intermediate,1.0,1.0,8.1609115e-26,1.2532068e-12
testing11285.jpg,Intermediate,1.0,1.0,7.68712e-24,8.7196195e-10
testing11286.jpg,Intermediate,1.0,1.0,5.971968e-27,4.8529946e-18
testing11287.jpg,Intermediate,0.9977958,0.9977958,7.050441e-20,0.002204175
testing11288.jpg,Nanodomain,1.0,6.9131397e-34,1.0,0.0
testing11289.jpg,Intermediate,1.0,1.0,4.209343e-28,4.4980755e-17
testing11290.jpg,Outside,0.92918265,0.07081733,6.790804e-19,0.92918265
testing11291.jpg,Intermediate,1.0,1.0,3.3478976e-29,3.6359776e-23
testing11292.jpg,Intermediate,1.0,1.0,3.9731614e-23,7.7220944e-13
testing11293.jpg,Intermediate,1.0,1.0,4.107242e-27,8.788894e-22
testing11294.jpg,Outside,1.0,8.492892e-21,8.547739e-25,1.0
testing11295.jpg,Intermediate,1.0,1.0,1.0400227e-21,8.238522e-13
testing11296.jpg,Intermediate,1.0,1.0,3.560961e-31,2.6600226e-26
testing11297.jpg,Intermediate,1.0,1.0,1.3010526e-27,2.2009353e-24
testing11298.jpg,Intermediate,1.0,1.0,6.598094e-28,9.401193e-16
testing11299.jpg,Outside,1.0,1.0960985e-11,9.629236e-17,1.0
testing11300.jpg,Intermediate,0.9999925,0.9999925,1.8046993e-21,7.533484e-06
testing11301.jpg,Intermediate,1.0,1.0,1.2068494e-26,1.5364219e-12
testing11302.jpg,Nanodomain,1.0,3.1036315e-36,1.0,0.0
testing11303.jpg,Nanodomain,1.0,3.9874352e-30,1.0,0.0
testing11304.jpg,Nanodomain,1.0,2.6334756e-36,1.0,0.0
testing11305.jpg,Nanodomain,1.0,0.0,1.0,0.0
testing11306.jpg,Nanodomain,1.0,0.0,1.0,0.0
testing11307.jpg,Nanodomain,1.0,0.0,1.0,0.0
testing11308.jpg,Nanodomain,1.0,0.0,1.0,0.0
testing11309.jpg,Nanodomain,1.0,0.0,1.0,0.0
testing11310.jpg,Nanodomain,1.0,0.0,1.0,0.0
testing11311.jpg,Nanodomain,1.0,0.0,1.0,0.0
testing11312.jpg,Nanodomain,1.0,0.0,1.0,0.0
testing11313.jpg,Nanodomain,1.0,0.0,1.0,0.0
testing11314.jpg,Nanodomain,1.0,0.0,1.0,0.0
testing11315.jpg,Nanodomain,1.0,0.0,1.0,0.0
testing11316.jpg,Nanodomain,1.0,0.0,1.0,0.0
testing11317.jpg,Intermediate,0.99999785,0.99999785,4.0110588e-22,2.1716694e-06
testing11318.jpg,Nanodomain,1.0,5.017333e-25,1.0,0.0
testing11319.jpg,Nanodomain,1.0,5.590292e-22,1.0,0.0
testing11320.jpg,Nanodomain,1.0,2.7800855e-08,1.0,5.5756917e-26
testing11321.jpg,Intermediate,0.99978596,0.99978596,0.0002140479,9.088484e-22
testing11322.jpg,Intermediate,1.0,1.0,1.0189544e-28,5.112618e-27
testing11323.jpg,Intermediate,1.0,1.0,1.8572652e-10,9.0810676e-23
testing11324.jpg,Intermediate,0.99994016,0.99994016,5.9817154e-05,1.328258e-22
testing11325.jpg,Intermediate,1.0,1.0,1.2837025e-22,5.217124e-24
testing11326.jpg,Intermediate,1.0,1.0,2.9390804e-33,2.937341e-27
testing11327.jpg,Intermediate,1.0,1.0,4.309271e-32,5.0278273e-27
testing11328.jpg,Nanodomain,1.0,0.0,1.0,0.0
testing11329.jpg,Intermediate,1.0,1.0,1.4136286e-32,3.3069755e-29
testing11330.jpg,Nanodomain,1.0,0.0,1.0,0.0
testing11331.jpg,Nanodomain,1.0,0.0,1.0,0.0
testing11332.jpg,Nanodomain,1.0,0.0,1.0,0.0
testing11333.jpg,Nanodomain,1.0,0.0,1.0,0.0
testing11334.jpg,Nanodomain,1.0,0.0,1.0,0.0
testing11335.jpg,Nanodomain,1.0,2.949057e-38,1.0,0.0
testing11336.jpg,Nanodomain,1.0,0.0,1.0,0.0
testing11337.jpg,Nanodomain,1.0,0.0,1.0,0.0
testing11338.jpg,Nanodomain,1.0,6.982293e-17,1.0,0.0
testing11339.jpg,Nanodomain,1.0,6.581657e-12,1.0,1.066963e-36
testing11340.jpg,Nanodomain,1.0,2.3133033e-30,1.0,0.0
testing11341.jpg,Outside,0.9999963,3.7372097e-06,7.12465e-18,0.9999963
testing11342.jpg,Outside,1.0,5.158893e-08,5.7667595e-21,1.0
testing11343.jpg,Intermediate,0.99149466,0.99149466,1.7353634e-20,0.008505342
testing11344.jpg,Outside,0.9999999,8.4299415e-08,1.3732043e-21,0.9999999
testing11345.jpg,Outside,1.0,2.933373e-22,5.816914e-28,1.0
testing11346.jpg,Intermediate,0.99994636,0.99994636,8.137882e-24,5.365297e-05
testing11347.jpg,Outside,1.0,2.5167624e-23,1.7600331e-26,1.0
testing11348.jpg,Outside,1.0,1.6582584e-30,2.5291013e-30,1.0
testing11349.jpg,Outside,1.0,7.5251556e-26,8.2127847e-26,1.0
testing11350.jpg,Outside,1.0,2.8339227e-27,2.5754049e-30,1.0
testing11351.jpg,Outside,1.0,4.8210165e-26,1.5103885e-26,1.0
testing11352.jpg,Outside,1.0,4.391745e-34,6.990978e-33,1.0
testing11353.jpg,Outside,1.0,1.219421e-29,1.2440698e-29,1.0
testing11354.jpg,Outside,1.0,5.232509e-32,2.2071578e-31,1.0
testing11355.jpg,Outside,1.0,1.6421627e-29,6.1788094e-29,1.0
testing11356.jpg,Outside,1.0,3.3277797e-29,4.7525535e-29,1.0
testing11357.jpg,Outside,1.0,3.2987968e-30,4.702973e-30,1.0
testing11358.jpg,Outside,1.0,4.0312866e-36,7.5730116e-35,1.0
testing11359.jpg,Outside,1.0,3.803125e-30,1.86722e-30,1.0
testing11360.jpg,Outside,1.0,1.22556086e-32,5.6810734e-31,1.0
testing11361.jpg,Outside,1.0,2.6689817e-30,5.814737e-29,1.0
testing11362.jpg,Outside,1.0,2.3148063e-28,1.7340405e-28,1.0
testing11363.jpg,Outside,1.0,5.6630954e-30,6.556509e-31,1.0
testing11364.jpg,Outside,1.0,1.9890086e-32,5.8466072e-30,1.0
testing11365.jpg,Outside,1.0,5.705236e-34,3.373402e-33,1.0
testing11366.jpg,Outside,1.0,1.1995543e-29,1.1486118e-29,1.0
testing11367.jpg,Outside,1.0,4.4155555e-31,5.414098e-31,1.0
testing11368.jpg,Outside,1.0,5.2584994e-33,4.618061e-32,1.0
testing11369.jpg,Outside,1.0,1.0182474e-35,1.3321825e-32,1.0
testing11370.jpg,Outside,1.0,5.7658357e-36,7.602734e-36,1.0
testing11371.jpg,Outside,1.0,2.2329344e-33,1.3941945e-31,1.0
testing11372.jpg,Outside,1.0,1.8262997e-36,5.2913964e-34,1.0
testing11373.jpg,Outside,1.0,2.407535e-33,1.476135e-30,1.0
testing11374.jpg,Outside,1.0,3.2601913e-37,8.1856565e-36,1.0
testing11375.jpg,Outside,1.0,3.527359e-34,7.437544e-33,1.0
testing11376.jpg,Outside,1.0,0.0,1.9067372e-37,1.0
testing11377.jpg,Intermediate,1.0,1.0,8.3324423e-35,1.17529166e-26
testing11378.jpg,Intermediate,1.0,1.0,1.114409e-26,2.3506355e-17
testing11379.jpg,Nanodomain,1.0,0.0,1.0,0.0
testing11380.jpg,Nanodomain,1.0,0.0,1.0,0.0
testing11381.jpg,Nanodomain,1.0,0.0,1.0,0.0
testing11382.jpg,Nanodomain,1.0,0.0,1.0,0.0
testing11383.jpg,Nanodomain,1.0,0.0,1.0,0.0
testing11384.jpg,Nanodomain,1.0,0.0,1.0,0.0
testing11385.jpg,Nanodomain,1.0,0.0,1.0,0.0
testing11386.jpg,Nanodomain,1.0,0.0,1.0,0.0
testing11387.jpg,Nanodomain,1.0,0.0,1.0,0.0
testing11388.jpg,Nanodomain,1.0,0.0,1.0,0.0
testing11389.jpg,Nanodomain,1.0,0.0,1.0,0.0
testing11390.jpg,Nanodomain,1.0,0.0,1.0,0.0
testing11391.jpg,Nanodomain,1.0,0.0,1.0,0.0
testing11392.jpg,Nanodomain,1.0,0.0,1.0,0.0
testing11393.jpg,Nanodomain,1.0,0.0,1.0,0.0
testing11394.jpg,Nanodomain,1.0,0.0,1.0,0.0
testing11395.jpg,Nanodomain,1.0,0.0,1.0,0.0
testing11396.jpg,Nanodomain,1.0,0.0,1.0,0.0
testing11397.jpg,Nanodomain,1.0,0.0,1.0,0.0
testing11398.jpg,Nanodomain,1.0,0.0,1.0,0.0
testing11399.jpg,Nanodomain,1.0,0.0,1.0,0.0
testing11400.jpg,Nanodomain,1.0,0.0,1.0,0.0
testing11401.jpg,Nanodomain,1.0,0.0,1.0,0.0
testing11402.jpg,Nanodomain,1.0,0.0,1.0,0.0
testing11403.jpg,Intermediate,1.0,1.0,6.9367994e-29,2.7539734e-18
testing11404.jpg,Intermediate,1.0,1.0,1.1537571e-24,4.7115147e-25
testing11405.jpg,Outside,1.0,1.9197114e-32,9.124228e-31,1.0
testing11406.jpg,Outside,1.0,6.705668e-32,2.4924381e-30,1.0
testing11407.jpg,Outside,1.0,3.5409756e-34,1.2618101e-31,1.0
testing11408.jpg,Intermediate,1.0,1.0,3.6425516e-34,2.2913798e-24
testing11409.jpg,Outside,1.0,4.1415163e-31,5.8221253e-30,1.0
testing11410.jpg,Outside,1.0,2.1430639e-32,4.703419e-31,1.0
testing11411.jpg,Outside,1.0,2.8231665e-26,6.690609e-27,1.0
testing11412.jpg,Intermediate,1.0,1.0,1.0612333e-25,1.7112713e-20
testing11413.jpg,Intermediate,0.9999945,0.9999945,6.6296134e-15,5.448634e-06
testing11414.jpg,Intermediate,1.0,1.0,9.761957e-28,7.883587e-19
testing11415.jpg,Intermediate,1.0,1.0,9.0578117e-32,4.6873647e-26
testing11416.jpg,Intermediate,1.0,1.0,1.4089831e-31,2.9422477e-23
testing11417.jpg,Intermediate,1.0,1.0,4.8610223e-31,5.859221e-23
testing11418.jpg,Intermediate,1.0,1.0,1.982437e-21,4.1408058e-12
testing11419.jpg,Intermediate,1.0,1.0,1.1456726e-34,7.671434e-20
testing11420.jpg,Outside,1.0,5.4996903e-17,8.283307e-23,1.0
testing11421.jpg,Intermediate,1.0,1.0,4.1652738e-20,2.5074374e-09
testing11422.jpg,Outside,0.9826498,0.017350225,3.1759634e-10,0.9826498
testing11423.jpg,Outside,1.0,9.976511e-12,5.2346628e-18,1.0
testing11424.jpg,Outside,1.0,3.4102627e-19,2.2829704e-23,1.0
testing11425.jpg,Outside,1.0,1.4535176e-35,4.338659e-34,1.0
testing11426.jpg,Outside,1.0,4.961619e-19,8.065134e-24,1.0
testing11427.jpg,Outside,1.0,5.8520366e-20,9.908739e-26,1.0
testing11428.jpg,Outside,1.0,1.25561445e-11,1.8141534e-23,1.0
testing11429.jpg,Nanodomain,1.0,0.0,1.0,0.0
testing11430.jpg,Nanodomain,1.0,0.0,1.0,0.0
testing11431.jpg,Nanodomain,1.0,0.0,1.0,0.0
testing11432.jpg,Nanodomain,1.0,0.0,1.0,0.0
testing11433.jpg,Nanodomain,1.0,0.0,1.0,0.0
testing11434.jpg,Nanodomain,1.0,0.0,1.0,0.0
testing11435.jpg,Nanodomain,1.0,0.0,1.0,0.0
testing11436.jpg,Nanodomain,1.0,0.0,1.0,0.0
testing11437.jpg,Nanodomain,1.0,0.0,1.0,0.0
testing11438.jpg,Nanodomain,1.0,0.0,1.0,0.0
testing11439.jpg,Nanodomain,1.0,0.0,1.0,0.0
testing11440.jpg,Nanodomain,1.0,0.0,1.0,0.0
testing11441.jpg,Nanodomain,1.0,0.0,1.0,0.0
testing11442.jpg,Nanodomain,1.0,0.0,1.0,0.0
testing11443.jpg,Nanodomain,1.0,0.0,1.0,0.0
testing11444.jpg,Nanodomain,1.0,0.0,1.0,0.0
testing11445.jpg,Intermediate,1.0,1.0,6.876655e-20,2.7788764e-27
testing11446.jpg,Intermediate,1.0,1.0,1.0908373e-28,8.2784277e-19
testing11447.jpg,Intermediate,1.0,1.0,5.373446e-29,1.6508933e-29
testing11448.jpg,Intermediate,1.0,1.0,7.266994e-27,2.3365977e-26
testing11449.jpg,Intermediate,1.0,1.0,3.5545245e-33,3.6523143e-29
testing11450.jpg,Intermediate,1.0,1.0,1.1621768e-31,4.1946073e-30
testing11451.jpg,Intermediate,1.0,1.0,5.5981137e-33,4.7317248e-32
testing11452.jpg,Intermediate,1.0,1.0,4.289917e-32,1.8241663e-24
testing11453.jpg,Intermediate,1.0,1.0,4.7867338e-32,7.117554e-27
testing11454.jpg,Intermediate,1.0,1.0,6.468608e-33,1.0885019e-27
testing11455.jpg,Intermediate,1.0,1.0,2.6222846e-31,2.60773e-24
testing11456.jpg,Nanodomain,1.0,5.1885096e-37,1.0,0.0
testing11457.jpg,Nanodomain,1.0,5.0504846e-37,1.0,0.0
testing11458.jpg,Intermediate,1.0,1.0,6.9199373e-29,1.0395963e-25
testing11459.jpg,Nanodomain,1.0,0.0,1.0,0.0
testing11460.jpg,Nanodomain,1.0,0.0,1.0,0.0
testing11461.jpg,Nanodomain,1.0,0.0,1.0,0.0
testing11462.jpg,Nanodomain,1.0,1.7208818e-27,1.0,0.0
testing11463.jpg,Nanodomain,1.0,1.216791e-29,1.0,0.0
testing11464.jpg,Nanodomain,1.0,8.610893e-12,1.0,6.502977e-32
testing11465.jpg,Nanodomain,1.0,6.0219615e-17,1.0,5.051387e-38
testing11466.jpg,Nanodomain,0.9998442,0.00015573863,0.9998442,4.5575056e-27
testing11467.jpg,Intermediate,1.0,1.0,1.6791978e-19,2.3868234e-25
testing11468.jpg,Intermediate,1.0,1.0,9.313217e-21,7.190168e-28
testing11469.jpg,Intermediate,1.0,1.0,8.978923e-18,1.6329388e-26
testing11470.jpg,Intermediate,1.0,1.0,9.441297e-32,4.784229e-26
testing11471.jpg,Outside,1.0,4.5774545e-26,6.214655e-26,1.0
testing11472.jpg,Outside,1.0,4.6192847e-21,1.28082076e-23,1.0
testing11473.jpg,Outside,1.0,5.465101e-24,1.3603846e-27,1.0
testing11474.jpg,Outside,1.0,2.3048653e-22,6.0815104e-28,1.0
testing11475.jpg,Outside,1.0,2.3242155e-25,8.018401e-27,1.0
testing11476.jpg,Outside,1.0,2.484134e-29,1.2979284e-29,1.0
testing11477.jpg,Outside,1.0,8.081132e-28,2.971318e-28,1.0
testing11478.jpg,Outside,1.0,9.004923e-33,2.8150614e-31,1.0
testing11479.jpg,Outside,1.0,2.2735424e-29,3.0790923e-28,1.0
testing11480.jpg,Outside,1.0,2.8367628e-30,1.2677362e-29,1.0
testing11481.jpg,Outside,1.0,4.0295252e-33,8.6465485e-33,1.0
testing11482.jpg,Outside,1.0,0.0,4.063556e-36,1.0
testing11483.jpg,Outside,1.0,0.0,3.6635026e-38,1.0
testing11484.jpg,Outside,1.0,2.189855e-32,6.7672166e-31,1.0
testing11485.jpg,Outside,1.0,5.0380155e-37,1.116655e-35,1.0
testing11486.jpg,Outside,1.0,3.4209097e-33,4.580056e-34,1.0
testing11487.jpg,Outside,1.0,2.7822343e-30,1.0273771e-28,1.0
testing11488.jpg,Outside,1.0,1.0953408e-28,2.9880153e-28,1.0
testing11489.jpg,Outside,1.0,3.5000342e-31,3.7434078e-29,1.0
testing11490.jpg,Outside,1.0,1.4445361e-34,3.9172776e-33,1.0
testing11491.jpg,Outside,1.0,9.582849e-31,4.1598558e-29,1.0
testing11492.jpg,Outside,1.0,0.0,4.1617296e-36,1.0
testing11493.jpg,Outside,1.0,1.9435387e-27,4.8223152e-29,1.0
testing11494.jpg,Outside,1.0,7.305416e-32,4.832607e-30,1.0
testing11495.jpg,Outside,1.0,5.5906868e-33,6.861598e-32,1.0
testing11496.jpg,Outside,1.0,4.129702e-30,5.297934e-29,1.0
testing11497.jpg,Outside,1.0,1.6996066e-35,2.715333e-34,1.0
testing11498.jpg,Outside,1.0,1.1768236e-30,4.8583948e-29,1.0
testing11499.jpg,Outside,1.0,1.4332319e-30,3.2813013e-30,1.0
testing11500.jpg,Outside,1.0,2.0733564e-36,8.769655e-33,1.0
testing11501.jpg,Outside,1.0,7.0691705e-35,1.3346398e-31,1.0
testing11502.jpg,Outside,1.0,6.1360344e-37,5.55145e-35,1.0
testing11503.jpg,Outside,1.0,1.7487367e-33,6.0402316e-31,1.0
testing11504.jpg,Outside,1.0,1.3667132e-37,2.632273e-34,1.0
testing11505.jpg,Nanodomain,1.0,0.0,1.0,0.0
testing11506.jpg,Nanodomain,1.0,0.0,1.0,0.0
testing11507.jpg,Nanodomain,1.0,0.0,1.0,0.0
testing11508.jpg,Nanodomain,1.0,0.0,1.0,0.0
testing11509.jpg,Nanodomain,1.0,0.0,1.0,0.0
testing11510.jpg,Nanodomain,1.0,0.0,1.0,0.0
testing11511.jpg,Nanodomain,1.0,0.0,1.0,0.0
testing11512.jpg,Nanodomain,1.0,0.0,1.0,0.0
testing11513.jpg,Nanodomain,1.0,0.0,1.0,0.0
testing11514.jpg,Nanodomain,1.0,0.0,1.0,0.0
testing11515.jpg,Nanodomain,1.0,0.0,1.0,0.0
testing11516.jpg,Nanodomain,1.0,0.0,1.0,0.0
testing11517.jpg,Nanodomain,1.0,0.0,1.0,0.0
testing11518.jpg,Nanodomain,1.0,0.0,1.0,0.0
testing11519.jpg,Nanodomain,1.0,0.0,1.0,0.0
testing11520.jpg,Nanodomain,1.0,0.0,1.0,0.0
testing11521.jpg,Nanodomain,1.0,0.0,1.0,0.0
testing11522.jpg,Nanodomain,1.0,0.0,1.0,0.0
testing11523.jpg,Nanodomain,1.0,0.0,1.0,0.0
testing11524.jpg,Nanodomain,1.0,0.0,1.0,0.0
testing11525.jpg,Nanodomain,1.0,0.0,1.0,0.0
testing11526.jpg,Nanodomain,1.0,0.0,1.0,0.0
testing11527.jpg,Nanodomain,1.0,0.0,1.0,0.0
testing11528.jpg,Nanodomain,1.0,0.0,1.0,0.0
testing11529.jpg,Nanodomain,1.0,0.0,1.0,0.0
testing11530.jpg,Nanodomain,1.0,0.0,1.0,0.0
testing11531.jpg,Intermediate,0.99998856,0.99998856,1.142825e-05,3.144319e-19
testing11532.jpg,Intermediate,1.0,1.0,1.9883709e-25,8.080288e-12
testing11533.jpg,Outside,1.0,1.0445508e-22,4.458002e-24,1.0
testing11534.jpg,Intermediate,1.0,1.0,1.5577673e-28,2.9881388e-14
testing11535.jpg,Outside,0.7359023,0.2640977,3.2516441e-19,0.7359023
testing11536.jpg,Outside,1.0,2.8066479e-21,4.0746502e-23,1.0
testing11537.jpg,Outside,1.0,1.4428236e-11,3.362271e-21,1.0
testing11538.jpg,Outside,1.0,9.9063225e-18,7.526718e-23,1.0
testing11539.jpg,Outside,1.0,1.611234e-24,7.860492e-27,1.0
testing11540.jpg,Outside,1.0,5.2941644e-11,4.7261094e-19,1.0
testing11541.jpg,Intermediate,1.0,1.0,9.528286e-30,2.8408005e-16
testing11542.jpg,Intermediate,1.0,1.0,1.0817281e-30,4.6639164e-12
testing11543.jpg,Intermediate,1.0,1.0,1.2006466e-32,2.1700817e-23
testing11544.jpg,Intermediate,1.0,1.0,1.1908561e-20,4.6425633e-08
testing11545.jpg,Intermediate,1.0,1.0,8.31766e-31,8.7793e-17
testing11546.jpg,Intermediate,1.0,1.0,1.5347751e-28,1.2976954e-22
testing11547.jpg,Intermediate,1.0,1.0,2.9761959e-28,1.9828107e-18
testing11548.jpg,Intermediate,0.9036784,0.9036784,1.4254917e-16,0.0963216
testing11549.jpg,Intermediate,0.63510424,0.63510424,6.4034354e-11,0.3648958
testing11550.jpg,Intermediate,1.0,1.0,4.473146e-24,2.2739863e-09
testing11551.jpg,Intermediate,1.0,1.0,7.482414e-20,2.399697e-13
testing11552.jpg,Outside,1.0,3.0809079e-24,2.066389e-24,1.0
testing11553.jpg,Outside,1.0,1.5819567e-18,1.5305754e-23,1.0
testing11554.jpg,Outside,1.0,3.7112134e-31,6.2147813e-31,1.0
testing11555.jpg,Outside,1.0,1.8005538e-27,6.736903e-30,1.0
testing11556.jpg,Outside,1.0,9.561429e-28,4.7372764e-29,1.0
testing11557.jpg,Nanodomain,1.0,0.0,1.0,0.0
testing11558.jpg,Nanodomain,1.0,0.0,1.0,0.0
testing11559.jpg,Nanodomain,1.0,0.0,1.0,0.0
testing11560.jpg,Nanodomain,1.0,0.0,1.0,0.0
testing11561.jpg,Nanodomain,1.0,0.0,1.0,0.0
testing11562.jpg,Nanodomain,1.0,0.0,1.0,0.0
testing11563.jpg,Nanodomain,1.0,0.0,1.0,0.0
testing11564.jpg,Nanodomain,1.0,0.0,1.0,0.0
testing11565.jpg,Nanodomain,1.0,0.0,1.0,0.0
testing11566.jpg,Nanodomain,1.0,0.0,1.0,0.0
testing11567.jpg,Nanodomain,1.0,0.0,1.0,0.0
testing11568.jpg,Nanodomain,1.0,0.0,1.0,0.0
testing11569.jpg,Nanodomain,1.0,0.0,1.0,0.0
testing11570.jpg,Nanodomain,1.0,0.0,1.0,0.0
testing11571.jpg,Nanodomain,1.0,0.0,1.0,0.0
testing11572.jpg,Nanodomain,0.99995196,4.7993453e-05,0.99995196,2.1456598e-25
testing11573.jpg,Nanodomain,1.0,1.4935246e-14,1.0,6.9324863e-37
testing11574.jpg,Intermediate,0.99974614,0.99974614,0.0002538464,1.8378033e-24
testing11575.jpg,Nanodomain,1.0,3.0763527e-08,1.0,1.6379282e-28
testing11576.jpg,Nanodomain,0.9699166,0.030083358,0.9699166,8.1562074e-25
testing11577.jpg,Nanodomain,0.9999517,4.827879e-05,0.9999517,7.495406e-24
testing11578.jpg,Intermediate,1.0,1.0,3.0144202e-25,8.271769e-26
testing11579.jpg,Intermediate,1.0,1.0,4.848287e-36,2.3040458e-31
testing11580.jpg,Intermediate,1.0,1.0,3.1810168e-28,4.8438703e-28
testing11581.jpg,Intermediate,1.0,1.0,4.808774e-30,2.4968943e-28
testing11582.jpg,Intermediate,1.0,1.0,3.2458347e-29,5.3712272e-31
testing11583.jpg,Intermediate,1.0,1.0,6.18145e-29,5.846518e-30
testing11584.jpg,Intermediate,1.0,1.0,4.8441623e-37,1.9976965e-28
testing11585.jpg,Nanodomain,1.0,9.71724e-25,1.0,0.0
testing11586.jpg,Intermediate,1.0,1.0,7.801392e-15,3.0622394e-26
testing11587.jpg,Intermediate,1.0,1.0,4.0259658e-38,1.4127999e-30
testing11588.jpg,Intermediate,1.0,1.0,5.3178038e-08,1.5668769e-24
testing11589.jpg,Intermediate,1.0,1.0,4.287928e-21,9.962385e-23
testing11590.jpg,Intermediate,1.0,1.0,5.1078897e-31,5.340346e-20
testing11591.jpg,Intermediate,1.0,1.0,3.7487608e-32,8.85649e-26
testing11592.jpg,Intermediate,1.0,1.0,6.8213537e-25,5.314792e-08
testing11593.jpg,Intermediate,1.0,1.0,2.8840966e-30,3.540812e-27
testing11594.jpg,Intermediate,1.0,1.0,5.43584e-34,6.6139193e-28
testing11595.jpg,Nanodomain,1.0,2.5172711e-12,1.0,1.953936e-37
testing11596.jpg,Nanodomain,1.0,1.6953026e-10,1.0,1.7245075e-29
testing11597.jpg,Nanodomain,1.0,1.5037864e-14,1.0,3.464756e-36
testing11598.jpg,Intermediate,0.99998534,0.99998534,1.4625664e-05,2.199258e-24
testing11599.jpg,Outside,1.0,1.4600027e-20,2.2351774e-24,1.0
testing11600.jpg,Outside,1.0,2.0492008e-21,4.570358e-24,1.0
testing11601.jpg,Outside,1.0,5.595946e-22,8.660146e-26,1.0
testing11602.jpg,Outside,1.0,6.963776e-33,2.4199572e-32,1.0
testing11603.jpg,Outside,1.0,3.673417e-27,2.9251722e-29,1.0
testing11604.jpg,Outside,1.0,1.8244368e-25,4.407575e-25,1.0
testing11605.jpg,Outside,1.0,2.400026e-32,4.7991875e-31,1.0
testing11606.jpg,Outside,1.0,3.1188668e-31,5.665843e-29,1.0
testing11607.jpg,Outside,1.0,1.6011509e-29,7.307573e-29,1.0
testing11608.jpg,Outside,1.0,1.2355903e-28,2.5872053e-27,1.0
testing11609.jpg,Outside,1.0,2.5944506e-34,2.1950834e-31,1.0
testing11610.jpg,Outside,1.0,1.5175643e-30,2.7719165e-30,1.0
testing11611.jpg,Outside,1.0,2.7554186e-29,8.137308e-28,1.0
testing11612.jpg,Outside,1.0,7.979476e-32,2.6845639e-30,1.0
testing11613.jpg,Outside,1.0,1.5278857e-31,5.502487e-30,1.0
testing11614.jpg,Outside,1.0,2.2399909e-32,2.0757684e-30,1.0
testing11615.jpg,Outside,1.0,3.1564087e-34,4.3355016e-33,1.0
testing11616.jpg,Outside,1.0,8.3761745e-33,1.3687999e-30,1.0
testing11617.jpg,Outside,1.0,4.326726e-34,4.092905e-32,1.0
testing11618.jpg,Outside,1.0,2.6678684e-33,7.3896124e-32,1.0
testing11619.jpg,Outside,1.0,1.5284433e-26,1.1460183e-26,1.0
testing11620.jpg,Outside,1.0,6.651628e-33,3.6943763e-31,1.0
testing11621.jpg,Outside,1.0,1.7009144e-30,5.6235763e-28,1.0
testing11622.jpg,Outside,1.0,9.189178e-35,8.342183e-33,1.0
testing11623.jpg,Outside,1.0,1.3004205e-30,4.6854803e-29,1.0
testing11624.jpg,Outside,1.0,4.235785e-31,2.956774e-30,1.0
testing11625.jpg,Outside,1.0,3.2356347e-37,1.1159322e-33,1.0
testing11626.jpg,Outside,1.0,5.6439815e-32,5.6972196e-31,1.0
testing11627.jpg,Outside,1.0,3.439164e-32,1.4880708e-29,1.0
testing11628.jpg,Outside,1.0,6.4055366e-37,5.1811176e-35,1.0
testing11629.jpg,Outside,1.0,1.9461674e-32,5.1369886e-30,1.0
testing11630.jpg,Outside,1.0,1.255556e-35,8.782041e-33,1.0
testing11631.jpg,Outside,1.0,1.9311317e-33,3.4025327e-33,1.0
testing11632.jpg,Outside,1.0,2.3530818e-27,7.6621066e-27,1.0
testing11633.jpg,Nanodomain,1.0,0.0,1.0,0.0
testing11634.jpg,Nanodomain,1.0,0.0,1.0,0.0
testing11635.jpg,Nanodomain,1.0,0.0,1.0,0.0
testing11636.jpg,Nanodomain,1.0,0.0,1.0,0.0
testing11637.jpg,Nanodomain,1.0,0.0,1.0,0.0
testing11638.jpg,Nanodomain,1.0,0.0,1.0,0.0
testing11639.jpg,Nanodomain,1.0,0.0,1.0,0.0
testing11640.jpg,Nanodomain,1.0,0.0,1.0,0.0
testing11641.jpg,Nanodomain,1.0,0.0,1.0,0.0
testing11642.jpg,Nanodomain,1.0,0.0,1.0,0.0
testing11643.jpg,Nanodomain,1.0,0.0,1.0,0.0
testing11644.jpg,Nanodomain,1.0,0.0,1.0,0.0
testing11645.jpg,Nanodomain,1.0,0.0,1.0,0.0
testing11646.jpg,Nanodomain,1.0,0.0,1.0,0.0
testing11647.jpg,Outside,1.0,1.5677264e-31,7.2654514e-32,1.0
testing11648.jpg,Outside,1.0,2.5255175e-13,1.7292724e-19,1.0
testing11649.jpg,Nanodomain,1.0,0.0,1.0,0.0
testing11650.jpg,Nanodomain,1.0,0.0,1.0,0.0
testing11651.jpg,Nanodomain,1.0,0.0,1.0,0.0
testing11652.jpg,Nanodomain,1.0,0.0,1.0,0.0
testing11653.jpg,Nanodomain,1.0,0.0,1.0,0.0
testing11654.jpg,Nanodomain,1.0,0.0,1.0,0.0
testing11655.jpg,Nanodomain,1.0,0.0,1.0,0.0
testing11656.jpg,Nanodomain,1.0,0.0,1.0,0.0
testing11657.jpg,Nanodomain,1.0,0.0,1.0,0.0
testing11658.jpg,Nanodomain,1.0,1.3618544e-19,1.0,0.0
testing11659.jpg,Intermediate,1.0,1.0,3.780447e-10,1.2411164e-22
testing11660.jpg,Nanodomain,1.0,0.0,1.0,0.0
testing11661.jpg,Outside,1.0,5.7013156e-13,1.2528965e-19,1.0
testing11662.jpg,Intermediate,0.9999993,0.9999993,2.1309764e-21,6.8559643e-07
testing11663.jpg,Intermediate,0.99999976,0.99999976,1.1797272e-22,2.2288823e-07
testing11664.jpg,Outside,1.0,1.6459734e-17,2.4811487e-23,1.0
testing11665.jpg,Outside,1.0,3.8059317e-12,3.1003557e-20,1.0
testing11666.jpg,Outside,1.0,2.3706273e-09,1.9157497e-21,1.0
testing11667.jpg,Outside,0.996509,0.0034909635,6.089324e-18,0.996509
testing11668.jpg,Intermediate,1.0,1.0,1.16538314e-29,1.5390526e-16
testing11669.jpg,Outside,1.0,4.616998e-27,1.7903965e-27,1.0
testing11670.jpg,Outside,1.0,8.196359e-17,1.7056628e-24,1.0
testing11671.jpg,Outside,1.0,5.536256e-16,1.585313e-21,1.0
testing11672.jpg,Intermediate,1.0,1.0,3.7956374e-27,4.7930264e-14
testing11673.jpg,Outside,1.0,7.701066e-23,7.7353876e-25,1.0
testing11674.jpg,Outside,1.0,1.4087356e-09,1.0411869e-19,1.0
testing11675.jpg,Intermediate,0.860225,0.860225,2.4439314e-17,0.13977505
testing11676.jpg,Intermediate,1.0,1.0,3.363868e-25,6.274553e-11
testing11677.jpg,Intermediate,1.0,1.0,8.296737e-33,3.5534533e-18
testing11678.jpg,Intermediate,1.0,1.0,2.3825708e-21,5.3858887e-08
testing11679.jpg,Intermediate,1.0,1.0,1.2027309e-27,3.801379e-14
testing11680.jpg,Outside,1.0,5.133583e-10,1.5348281e-20,1.0
testing11681.jpg,Outside,1.0,9.78526e-28,1.6241724e-27,1.0
testing11682.jpg,Outside,1.0,8.5506636e-20,2.2656879e-23,1.0
testing11683.jpg,Outside,1.0,8.893558e-27,1.5214866e-25,1.0
testing11684.jpg,Intermediate,0.9999999,0.9999999,7.830617e-21,1.1683685e-07
testing11685.jpg,Intermediate,1.0,1.0,1.7854127e-25,2.9862005e-11
testing11686.jpg,Nanodomain,1.0,0.0,1.0,0.0
testing11687.jpg,Nanodomain,1.0,0.0,1.0,0.0
testing11688.jpg,Nanodomain,1.0,0.0,1.0,0.0
testing11689.jpg,Nanodomain,1.0,0.0,1.0,0.0
testing11690.jpg,Nanodomain,1.0,0.0,1.0,0.0
testing11691.jpg,Nanodomain,1.0,0.0,1.0,0.0
testing11692.jpg,Nanodomain,1.0,0.0,1.0,0.0
testing11693.jpg,Nanodomain,1.0,0.0,1.0,0.0
testing11694.jpg,Nanodomain,1.0,0.0,1.0,0.0
testing11695.jpg,Nanodomain,1.0,0.0,1.0,0.0
testing11696.jpg,Nanodomain,1.0,0.0,1.0,0.0
testing11697.jpg,Nanodomain,1.0,0.0,1.0,0.0
testing11698.jpg,Nanodomain,1.0,0.0,1.0,0.0
testing11699.jpg,Nanodomain,1.0,0.0,1.0,0.0
testing11700.jpg,Nanodomain,1.0,0.0,1.0,0.0
testing11701.jpg,Nanodomain,1.0,0.0,1.0,0.0
testing11702.jpg,Nanodomain,1.0,0.0,1.0,0.0
testing11703.jpg,Intermediate,1.0,1.0,6.636159e-28,3.284274e-27
testing11704.jpg,Intermediate,1.0,1.0,2.9601145e-30,7.609468e-28
testing11705.jpg,Intermediate,1.0,1.0,6.043228e-31,1.4599444e-31
testing11706.jpg,Intermediate,1.0,1.0,5.635862e-35,9.494108e-30
testing11707.jpg,Intermediate,1.0,1.0,5.763348e-37,1.7936966e-29
testing11708.jpg,Intermediate,1.0,1.0,8.0555165e-30,3.0435927e-27
testing11709.jpg,Intermediate,1.0,1.0,1.2699365e-32,1.9533646e-27
testing11710.jpg,Intermediate,1.0,1.0,1.7904271e-31,2.9557387e-21
testing11711.jpg,Nanodomain,1.0,5.1424873e-19,1.0,0.0
testing11712.jpg,Nanodomain,1.0,0.0,1.0,0.0
testing11713.jpg,Nanodomain,1.0,8.090521e-25,1.0,0.0
testing11714.jpg,Nanodomain,1.0,7.97306e-31,1.0,0.0
testing11715.jpg,Nanodomain,1.0,3.5837406e-19,1.0,0.0
testing11716.jpg,Nanodomain,1.0,1.725396e-10,1.0,2.5335985e-32
testing11717.jpg,Intermediate,1.0,1.0,2.944136e-29,8.2371506e-29
testing11718.jpg,Intermediate,1.0,1.0,6.6767614e-28,9.732514e-27
testing11719.jpg,Intermediate,1.0,1.0,1.764885e-21,3.8496992e-24
testing11720.jpg,Intermediate,1.0,1.0,1.1884542e-22,1.954142e-25
testing11721.jpg,Intermediate,1.0,1.0,1.2293964e-31,1.4747792e-29
testing11722.jpg,Intermediate,1.0,1.0,3.4277084e-22,1.7467017e-27
testing11723.jpg,Intermediate,1.0,1.0,4.827606e-18,1.995681e-25
testing11724.jpg,Intermediate,1.0,1.0,8.4607987e-32,1.1226122e-29
testing11725.jpg,Intermediate,1.0,1.0,0.0,1.5198171e-31
testing11726.jpg,Intermediate,1.0,1.0,1.2400968e-33,6.6775444e-30
testing11727.jpg,Outside,1.0,4.256685e-29,7.579219e-29,1.0
testing11728.jpg,Outside,1.0,5.495025e-28,5.8471233e-29,1.0
testing11729.jpg,Outside,1.0,1.1281995e-33,2.7611791e-33,1.0
testing11730.jpg,Outside,1.0,2.1185716e-26,8.347616e-28,1.0
testing11731.jpg,Outside,1.0,6.0205003e-29,4.467952e-28,1.0
testing11732.jpg,Outside,1.0,1.4599095e-33,9.398709e-33,1.0
testing11733.jpg,Outside,1.0,6.5473268e-34,1.033409e-31,1.0
testing11734.jpg,Outside,1.0,3.503469e-30,1.0911157e-29,1.0
testing11735.jpg,Outside,1.0,1.4290078e-28,7.8172485e-28,1.0
testing11736.jpg,Outside,1.0,7.8611875e-33,4.8275954e-30,1.0
testing11737.jpg,Outside,1.0,7.030452e-33,1.6766097e-29,1.0
testing11738.jpg,Outside,1.0,8.1295624e-33,1.5767176e-30,1.0
testing11739.jpg,Outside,1.0,7.015105e-32,3.0379145e-31,1.0
testing11740.jpg,Outside,1.0,1.4301535e-35,3.7806264e-33,1.0
testing11741.jpg,Outside,1.0,7.2776097e-37,3.3036365e-35,1.0
testing11742.jpg,Outside,1.0,7.5758414e-28,1.5484503e-25,1.0
testing11743.jpg,Outside,1.0,1.0910957e-35,1.4112673e-34,1.0
testing11744.jpg,Outside,1.0,8.4989047e-32,5.4898238e-30,1.0
testing11745.jpg,Outside,1.0,1.0137956e-32,2.5124548e-31,1.0
testing11746.jpg,Outside,1.0,8.226037e-36,2.2487653e-33,1.0
testing11747.jpg,Outside,1.0,7.675879e-36,4.26116e-33,1.0
testing11748.jpg,Outside,1.0,2.444718e-35,8.022136e-34,1.0
testing11749.jpg,Outside,1.0,1.3891148e-30,8.984247e-30,1.0
testing11750.jpg,Outside,1.0,0.0,1.3884309e-38,1.0
testing11751.jpg,Outside,1.0,8.690661e-33,2.3457078e-33,1.0
testing11752.jpg,Outside,1.0,2.5078203e-31,7.1641305e-28,1.0
testing11753.jpg,Outside,1.0,2.9920848e-37,5.91463e-35,1.0
testing11754.jpg,Outside,1.0,3.3006454e-31,6.891382e-29,1.0
testing11755.jpg,Outside,1.0,1.13249036e-32,4.9289695e-32,1.0
testing11756.jpg,Outside,1.0,2.6901738e-36,3.0848333e-33,1.0
testing11757.jpg,Outside,1.0,2.6835694e-31,2.335606e-28,1.0
testing11758.jpg,Outside,1.0,3.4729675e-32,1.6747049e-29,1.0
testing11759.jpg,Outside,1.0,2.0859379e-29,1.9761858e-28,1.0
testing11760.jpg,Outside,1.0,2.098697e-32,1.6818735e-31,1.0
testing11761.jpg,Nanodomain,1.0,0.0,1.0,0.0
testing11762.jpg,Nanodomain,1.0,0.0,1.0,0.0
testing11763.jpg,Nanodomain,1.0,0.0,1.0,0.0
testing11764.jpg,Nanodomain,1.0,0.0,1.0,0.0
testing11765.jpg,Nanodomain,1.0,0.0,1.0,0.0
testing11766.jpg,Nanodomain,1.0,0.0,1.0,0.0
testing11767.jpg,Nanodomain,1.0,0.0,1.0,0.0
testing11768.jpg,Nanodomain,1.0,0.0,1.0,0.0
testing11769.jpg,Nanodomain,1.0,0.0,1.0,0.0
testing11770.jpg,Nanodomain,1.0,0.0,1.0,0.0
testing11771.jpg,Nanodomain,1.0,0.0,1.0,0.0
testing11772.jpg,Nanodomain,1.0,0.0,1.0,0.0
testing11773.jpg,Nanodomain,1.0,0.0,1.0,0.0
testing11774.jpg,Nanodomain,1.0,0.0,1.0,0.0
testing11775.jpg,Outside,1.0,7.018711e-19,2.4771684e-22,1.0
testing11776.jpg,Nanodomain,1.0,0.0,1.0,0.0
testing11777.jpg,Nanodomain,1.0,0.0,1.0,0.0
testing11778.jpg,Nanodomain,1.0,0.0,1.0,0.0
testing11779.jpg,Nanodomain,1.0,0.0,1.0,0.0
testing11780.jpg,Nanodomain,1.0,0.0,1.0,0.0
testing11781.jpg,Nanodomain,1.0,0.0,1.0,0.0
testing11782.jpg,Nanodomain,1.0,0.0,1.0,0.0
testing11783.jpg,Nanodomain,1.0,0.0,1.0,0.0
testing11784.jpg,Nanodomain,1.0,0.0,1.0,0.0
testing11785.jpg,Nanodomain,1.0,0.0,1.0,0.0
testing11786.jpg,Nanodomain,1.0,0.0,1.0,0.0
testing11787.jpg,Intermediate,1.0,1.0,5.914003e-26,1.004738e-29
testing11788.jpg,Intermediate,1.0,1.0,5.964663e-11,1.6427835e-21
testing11789.jpg,Outside,1.0,8.7344633e-26,6.326576e-26,1.0
testing11790.jpg,Outside,1.0,3.0565853e-22,5.122926e-27,1.0
testing11791.jpg,Outside,1.0,6.8914313e-15,8.1428873e-23,1.0
testing11792.jpg,Outside,1.0,2.0065595e-17,7.658681e-21,1.0
testing11793.jpg,Outside,1.0,6.4273603e-10,1.0215282e-18,1.0
testing11794.jpg,Outside,1.0,3.3010078e-10,1.0369887e-20,1.0
testing11795.jpg,Outside,1.0,3.9637274e-17,8.418876e-18,1.0
testing11796.jpg,Intermediate,0.99989915,0.99989915,1.2255576e-19,0.00010080749
testing11797.jpg,Intermediate,0.9921673,0.9921673,3.9384868e-19,0.007832627
testing11798.jpg,Outside,1.0,1.2815444e-15,8.0752315e-24,1.0
testing11799.jpg,Outside,1.0,1.3054886e-25,1.1675915e-27,1.0
testing11800.jpg,Outside,0.9677857,0.032214236,1.14346e-19,0.9677857
testing11801.jpg,Intermediate,1.0,1.0,3.6003898e-26,2.0724319e-13
testing11802.jpg,Intermediate,1.0,1.0,7.631385e-21,3.4242809e-09
testing11803.jpg,Nanodomain,1.0,2.9234996e-21,1.0,0.0
testing11804.jpg,Nanodomain,1.0,3.4534417e-13,1.0,2.2853088e-35
testing11805.jpg,Nanodomain,0.9999119,8.809812e-05,0.9999119,1.3159136e-24
testing11806.jpg,Intermediate,1.0,1.0,2.6255628e-35,5.8354526e-27
testing11807.jpg,Intermediate,0.9999995,0.9999995,7.975583e-23,5.0013773e-07
testing11808.jpg,Outside,0.99999213,7.920382e-06,2.8539603e-19,0.99999213
testing11809.jpg,Outside,1.0,5.655797e-23,8.883597e-25,1.0
testing11810.jpg,Intermediate,1.0,1.0,2.3889207e-23,9.930259e-28
testing11811.jpg,Intermediate,1.0,1.0,7.9184043e-25,4.8142536e-26
testing11812.jpg,Intermediate,1.0,1.0,1.0982709e-33,1.9463348e-28
testing11813.jpg,Nanodomain,1.0,2.7883382e-19,1.0,0.0
testing11814.jpg,Intermediate,1.0,1.0,1.2682073e-26,1.2453158e-26
testing11815.jpg,Intermediate,1.0,1.0,6.108673e-26,4.6197744e-15
testing11816.jpg,Intermediate,1.0,1.0,1.8344881e-23,1.0222691e-25
testing11817.jpg,Intermediate,1.0,1.0,2.643425e-32,6.986484e-30
testing11818.jpg,Nanodomain,1.0,0.0,1.0,0.0
testing11819.jpg,Nanodomain,1.0,2.9850037e-38,1.0,0.0
testing11820.jpg,Nanodomain,1.0,0.0,1.0,0.0
testing11821.jpg,Nanodomain,1.0,0.0,1.0,0.0
testing11822.jpg,Nanodomain,1.0,0.0,1.0,0.0
testing11823.jpg,Nanodomain,1.0,0.0,1.0,0.0
testing11824.jpg,Nanodomain,1.0,0.0,1.0,0.0
testing11825.jpg,Nanodomain,1.0,0.0,1.0,0.0
testing11826.jpg,Nanodomain,1.0,0.0,1.0,0.0
testing11827.jpg,Nanodomain,1.0,0.0,1.0,0.0
testing11828.jpg,Nanodomain,1.0,0.0,1.0,0.0
testing11829.jpg,Intermediate,1.0,1.0,2.2131871e-30,2.144267e-31
testing11830.jpg,Intermediate,1.0,1.0,6.9269805e-24,1.3923902e-27
testing11831.jpg,Intermediate,0.9920745,0.9920745,0.0079255,3.375514e-26
testing11832.jpg,Intermediate,1.0,1.0,1.4991748e-30,5.8930332e-27
testing11833.jpg,Intermediate,1.0,1.0,1.6971498e-29,5.7325237e-28
testing11834.jpg,Nanodomain,1.0,0.0,1.0,0.0
testing11835.jpg,Nanodomain,1.0,5.1123023e-36,1.0,0.0
testing11836.jpg,Intermediate,1.0,1.0,3.3092142e-26,1.4842172e-27
testing11837.jpg,Intermediate,1.0,1.0,1.3271045e-33,7.647144e-30
testing11838.jpg,Intermediate,1.0,1.0,3.5668723e-25,2.1029109e-26
testing11839.jpg,Intermediate,0.9787564,0.9787564,0.021243548,2.2457453e-21
testing11840.jpg,Intermediate,1.0,1.0,1.9799068e-27,2.1761862e-20
testing11841.jpg,Intermediate,1.0,1.0,8.1029706e-32,2.0767533e-20
testing11842.jpg,Intermediate,1.0,1.0,8.2547306e-30,8.198928e-16
testing11843.jpg,Intermediate,1.0,1.0,8.013771e-30,2.6955542e-15
testing11844.jpg,Outside,0.9997398,0.00026020381,7.3963846e-22,0.9997398
testing11845.jpg,Intermediate,1.0,1.0,8.202077e-26,8.198238e-09
testing11846.jpg,Intermediate,1.0,1.0,1.7322174e-26,7.275544e-14
testing11847.jpg,Intermediate,1.0,1.0,7.895009e-30,1.6873501e-22
testing11848.jpg,Intermediate,1.0,1.0,3.502659e-27,4.1428297e-15
testing11849.jpg,Intermediate,1.0,1.0,2.8042326e-26,4.8227587e-28
testing11850.jpg,Intermediate,1.0,1.0,1.5478463e-27,9.567892e-27
testing11851.jpg,Intermediate,1.0,1.0,5.0820415e-38,2.9390164e-31
testing11852.jpg,Intermediate,1.0,1.0,7.2229676e-27,4.35703e-22
testing11853.jpg,Intermediate,1.0,1.0,4.3926297e-28,3.8000021e-25
testing11854.jpg,Intermediate,1.0,1.0,6.5055623e-23,1.7369853e-22
testing11855.jpg,Intermediate,1.0,1.0,2.3986476e-29,6.815143e-16
testing11856.jpg,Intermediate,1.0,1.0,8.9104936e-29,1.520663e-17
testing11857.jpg,Outside,1.0,1.3048271e-09,1.0410394e-20,1.0
testing11858.jpg,Intermediate,0.9210295,0.9210295,1.7961671e-17,0.07897047
testing11859.jpg,Intermediate,0.9999999,0.9999999,3.9513614e-25,1.7165031e-07
testing11860.jpg,Intermediate,1.0,1.0,5.8202275e-26,3.740806e-16
testing11861.jpg,Outside,0.9885698,0.011430236,7.60245e-15,0.9885698
testing11862.jpg,Outside,1.0,3.529746e-24,4.924018e-28,1.0
testing11863.jpg,Intermediate,0.9288341,0.9288341,1.8015518e-19,0.07116597
testing11864.jpg,Outside,1.0,1.2962715e-28,6.052373e-28,1.0
testing11865.jpg,Outside,1.0,5.331299e-31,7.46706e-31,1.0
testing11866.jpg,Outside,1.0,3.7062863e-33,8.870022e-32,1.0
testing11867.jpg,Outside,1.0,9.238918e-34,1.5494803e-30,1.0
testing11868.jpg,Outside,1.0,4.3609605e-34,4.120463e-31,1.0
testing11869.jpg,Outside,1.0,1.5272599e-34,9.212703e-33,1.0
testing11870.jpg,Outside,1.0,1.518643e-28,1.1111309e-28,1.0
testing11871.jpg,Outside,1.0,9.85886e-33,7.6103277e-31,1.0
testing11872.jpg,Outside,1.0,1.4396262e-38,4.376455e-36,1.0
testing11873.jpg,Outside,1.0,1.7225784e-32,1.746405e-31,1.0
testing11874.jpg,Outside,1.0,2.753942e-33,2.556511e-32,1.0
testing11875.jpg,Outside,1.0,1.9826696e-38,3.3736932e-36,1.0
testing11876.jpg,Outside,1.0,2.232355e-33,8.950343e-31,1.0
testing11877.jpg,Outside,1.0,5.9785147e-33,2.6957998e-31,1.0
testing11878.jpg,Outside,1.0,2.6116382e-27,1.743094e-27,1.0
testing11879.jpg,Outside,1.0,1.1272933e-23,3.1410535e-22,1.0
testing11880.jpg,Outside,1.0,1.21831724e-32,6.5510093e-31,1.0
testing11881.jpg,Outside,1.0,8.378524e-37,1.644054e-31,1.0
testing11882.jpg,Outside,1.0,0.0,9.515171e-38,1.0
testing11883.jpg,Outside,1.0,2.6993168e-25,4.3477586e-25,1.0
testing11884.jpg,Outside,1.0,1.1513782e-32,1.4634636e-30,1.0
testing11885.jpg,Outside,1.0,1.7759923e-31,1.2468593e-28,1.0
testing11886.jpg,Outside,1.0,1.8506064e-29,4.541813e-27,1.0
testing11887.jpg,Outside,1.0,1.4171071e-30,7.010144e-28,1.0
testing11888.jpg,Nanodomain,1.0,0.0,1.0,0.0
testing11889.jpg,Nanodomain,1.0,0.0,1.0,0.0
testing11890.jpg,Nanodomain,1.0,0.0,1.0,0.0
testing11891.jpg,Nanodomain,1.0,0.0,1.0,0.0
testing11892.jpg,Nanodomain,1.0,0.0,1.0,0.0
testing11893.jpg,Nanodomain,1.0,0.0,1.0,0.0
testing11894.jpg,Nanodomain,1.0,0.0,1.0,0.0
testing11895.jpg,Nanodomain,1.0,0.0,1.0,0.0
testing11896.jpg,Nanodomain,1.0,0.0,1.0,0.0
testing11897.jpg,Nanodomain,1.0,0.0,1.0,0.0
testing11898.jpg,Nanodomain,1.0,0.0,1.0,0.0
testing11899.jpg,Nanodomain,1.0,0.0,1.0,0.0
testing11900.jpg,Nanodomain,1.0,0.0,1.0,0.0
testing11901.jpg,Nanodomain,1.0,0.0,1.0,0.0
testing11902.jpg,Nanodomain,1.0,0.0,1.0,0.0
testing11903.jpg,Nanodomain,1.0,0.0,1.0,0.0
testing11904.jpg,Nanodomain,1.0,0.0,1.0,0.0
testing11905.jpg,Nanodomain,1.0,0.0,1.0,0.0
testing11906.jpg,Nanodomain,1.0,0.0,1.0,0.0
testing11907.jpg,Nanodomain,1.0,0.0,1.0,0.0
testing11908.jpg,Nanodomain,1.0,0.0,1.0,0.0
testing11909.jpg,Nanodomain,1.0,0.0,1.0,0.0
testing11910.jpg,Nanodomain,1.0,0.0,1.0,0.0
testing11911.jpg,Nanodomain,1.0,0.0,1.0,0.0
testing11912.jpg,Nanodomain,1.0,0.0,1.0,0.0
testing11913.jpg,Nanodomain,1.0,0.0,1.0,0.0
testing11914.jpg,Intermediate,1.0,1.0,3.3620661e-21,3.7361235e-26
testing11915.jpg,Nanodomain,1.0,9.032974e-12,1.0,1.0680168e-30
testing11916.jpg,Nanodomain,1.0,1.6181944e-24,1.0,0.0
testing11917.jpg,Intermediate,1.0,1.0,2.6538933e-09,9.9210564e-21
testing11918.jpg,Outside,1.0,1.1401438e-20,1.3733609e-22,1.0
testing11919.jpg,Intermediate,1.0,1.0,2.0552662e-23,6.138343e-10
testing11920.jpg,Outside,1.0,2.8789618e-16,2.1511856e-20,1.0
testing11921.jpg,Outside,1.0,3.2299365e-30,3.0527172e-29,1.0
testing11922.jpg,Outside,1.0,7.65447e-15,4.1447478e-20,1.0
testing11923.jpg,Outside,1.0,2.7667647e-20,2.3153218e-25,1.0
testing11924.jpg,Outside,1.0,6.4249235e-13,6.5854004e-19,1.0
testing11925.jpg,Outside,1.0,1.3222741e-17,3.2529736e-22,1.0
testing11926.jpg,Intermediate,0.9716575,0.9716575,2.099616e-18,0.028342465
testing11927.jpg,Outside,1.0,3.7974623e-12,9.33674e-19,1.0
testing11928.jpg,Intermediate,1.0,1.0,1.2502231e-26,2.8084192e-18
testing11929.jpg,Intermediate,1.0,1.0,1.18913016e-29,2.2886205e-23
testing11930.jpg,Intermediate,1.0,1.0,2.9073188e-28,3.3029502e-16
testing11931.jpg,Intermediate,1.0,1.0,5.0959894e-27,1.09376024e-17
testing11932.jpg,Intermediate,1.0,1.0,7.983477e-29,1.2507927e-23
testing11933.jpg,Intermediate,1.0,1.0,2.3557558e-29,1.7481213e-20
testing11934.jpg,Intermediate,1.0,1.0,3.9258725e-29,3.342287e-19
testing11935.jpg,Outside,1.0,6.1036953e-24,9.211954e-28,1.0
testing11936.jpg,Intermediate,1.0,1.0,4.1349124e-26,1.0417283e-17
testing11937.jpg,Outside,1.0,9.455358e-16,3.039977e-24,1.0
testing11938.jpg,Outside,1.0,3.73314e-29,2.3446211e-29,1.0
testing11939.jpg,Outside,1.0,5.087626e-24,2.9175666e-25,1.0
testing11940.jpg,Outside,1.0,2.758423e-24,1.5964893e-24,1.0
testing11941.jpg,Intermediate,0.961614,0.961614,4.6269256e-20,0.03838599
testing11942.jpg,Intermediate,0.71243876,0.71243876,5.1850916e-21,0.28756127
testing11943.jpg,Nanodomain,1.0,0.0,1.0,0.0
testing11944.jpg,Nanodomain,1.0,0.0,1.0,0.0
testing11945.jpg,Nanodomain,1.0,0.0,1.0,0.0
testing11946.jpg,Nanodomain,1.0,0.0,1.0,0.0
testing11947.jpg,Nanodomain,1.0,0.0,1.0,0.0
testing11948.jpg,Nanodomain,1.0,0.0,1.0,0.0
testing11949.jpg,Nanodomain,1.0,0.0,1.0,0.0
testing11950.jpg,Nanodomain,1.0,0.0,1.0,0.0
testing11951.jpg,Nanodomain,1.0,0.0,1.0,0.0
testing11952.jpg,Nanodomain,1.0,0.0,1.0,0.0
testing11953.jpg,Nanodomain,1.0,0.0,1.0,0.0
testing11954.jpg,Nanodomain,1.0,0.0,1.0,0.0
testing11955.jpg,Nanodomain,1.0,0.0,1.0,0.0
testing11956.jpg,Nanodomain,1.0,0.0,1.0,0.0
testing11957.jpg,Outside,1.0,2.604122e-31,3.5347898e-29,1.0
testing11958.jpg,Outside,1.0,1.1050205e-17,4.321705e-22,1.0
testing11959.jpg,Intermediate,0.9968827,0.9968827,1.939525e-15,0.0031173371
testing11960.jpg,Intermediate,1.0,1.0,2.1233414e-37,1.4948918e-30
testing11961.jpg,Intermediate,1.0,1.0,4.6825724e-27,1.22816e-22
testing11962.jpg,Intermediate,1.0,1.0,3.4757772e-32,8.629403e-28
testing11963.jpg,Intermediate,1.0,1.0,0.0,1.3438107e-30
testing11964.jpg,Intermediate,1.0,1.0,6.996191e-30,5.981901e-22
testing11965.jpg,Intermediate,0.690512,0.690512,0.309488,1.941362e-20
testing11966.jpg,Intermediate,0.9998958,0.9998958,0.0001042181,5.6350755e-22
testing11967.jpg,Nanodomain,1.0,5.522644e-26,1.0,0.0
testing11968.jpg,Nanodomain,1.0,3.1900595e-27,1.0,0.0
testing11969.jpg,Nanodomain,1.0,3.189531e-30,1.0,0.0
testing11970.jpg,Intermediate,1.0,1.0,1.8886768e-36,5.6812784e-35
testing11971.jpg,Intermediate,1.0,1.0,1.160712e-28,2.7524768e-29
testing11972.jpg,Intermediate,0.98317796,0.98317796,9.335375e-19,0.016822012
testing11973.jpg,Intermediate,1.0,1.0,1.8234785e-23,3.288523e-20
testing11974.jpg,Intermediate,1.0,1.0,2.0634498e-25,3.640419e-23
testing11975.jpg,Intermediate,1.0,1.0,2.5780425e-35,9.2248686e-26
testing11976.jpg,Intermediate,1.0,1.0,2.4308274e-33,1.513616e-22
testing11977.jpg,Intermediate,1.0,1.0,2.2088614e-29,1.0238836e-20
testing11978.jpg,Intermediate,1.0,1.0,6.007937e-26,3.1949233e-24
testing11979.jpg,Intermediate,1.0,1.0,5.6082578e-36,4.3795643e-27
testing11980.jpg,Intermediate,1.0,1.0,1.7489519e-31,1.1496536e-24
testing11981.jpg,Intermediate,1.0,1.0,2.866391e-32,6.6965367e-26
testing11982.jpg,Intermediate,1.0,1.0,1.5810073e-28,1.9165012e-15
testing11983.jpg,Outside,1.0,4.429939e-27,2.9631423e-30,1.0
testing11984.jpg,Intermediate,1.0,1.0,3.5010465e-25,1.4892771e-11
testing11985.jpg,Intermediate,1.0,1.0,2.2736616e-31,3.1731432e-18
testing11986.jpg,Intermediate,1.0,1.0,1.5725416e-24,9.182067e-12
testing11987.jpg,Outside,0.9999999,1.5267987e-07,1.527382e-19,0.9999999
testing11988.jpg,Intermediate,1.0,1.0,2.9310155e-28,1.2134693e-11
testing11989.jpg,Intermediate,0.93042606,0.93042606,1.0866137e-21,0.06957396
testing11990.jpg,Intermediate,1.0,1.0,6.8666083e-22,1.0982964e-10
testing11991.jpg,Outside,0.99974245,0.00025758366,9.3707925e-20,0.99974245
testing11992.jpg,Outside,1.0,1.3300828e-28,1.2661866e-26,1.0
testing11993.jpg,Outside,1.0,3.571487e-33,5.655534e-32,1.0
testing11994.jpg,Outside,1.0,1.6695841e-35,8.861828e-34,1.0
testing11995.jpg,Outside,1.0,1.3837097e-30,3.0160213e-31,1.0
testing11996.jpg,Outside,1.0,4.6324584e-32,1.7022518e-30,1.0
testing11997.jpg,Outside,1.0,1.1004852e-33,1.1387422e-31,1.0
testing11998.jpg,Outside,1.0,2.9780243e-28,9.627959e-30,1.0
testing11999.jpg,Outside,1.0,4.830459e-34,6.11537e-32,1.0
testing12000.jpg,Outside,1.0,1.0072404e-36,3.1833604e-35,1.0
testing12001.jpg,Outside,1.0,1.3811591e-35,1.5022304e-32,1.0
testing12002.jpg,Outside,1.0,9.777499e-28,2.7141298e-28,1.0
testing12003.jpg,Outside,1.0,1.1507772e-31,8.859982e-31,1.0
testing12004.jpg,Outside,1.0,1.730103e-35,2.6788414e-33,1.0
testing12005.jpg,Outside,1.0,7.350887e-35,1.6406513e-32,1.0
testing12006.jpg,Outside,1.0,5.2825575e-36,1.8847264e-35,1.0
testing12007.jpg,Outside,1.0,1.1004527e-31,5.1813086e-30,1.0
testing12008.jpg,Outside,1.0,4.0517477e-35,5.311018e-32,1.0
testing12009.jpg,Outside,1.0,2.6145596e-34,9.527704e-30,1.0
testing12010.jpg,Outside,1.0,2.2107164e-36,1.05651566e-32,1.0
testing12011.jpg,Outside,1.0,1.8055221e-32,2.8883718e-28,1.0
testing12012.jpg,Outside,1.0,6.308613e-36,2.0012162e-32,1.0
testing12013.jpg,Outside,1.0,2.3193422e-34,2.8909132e-31,1.0
testing12014.jpg,Outside,1.0,2.0852038e-31,1.00342816e-29,1.0
testing12015.jpg,Nanodomain,1.0,0.0,1.0,0.0
testing12016.jpg,Nanodomain,1.0,0.0,1.0,0.0
testing12017.jpg,Nanodomain,1.0,0.0,1.0,0.0
testing12018.jpg,Nanodomain,1.0,0.0,1.0,0.0
testing12019.jpg,Nanodomain,1.0,0.0,1.0,0.0
testing12020.jpg,Nanodomain,1.0,0.0,1.0,0.0
testing12021.jpg,Nanodomain,1.0,0.0,1.0,0.0
testing12022.jpg,Nanodomain,1.0,0.0,1.0,0.0
testing12023.jpg,Nanodomain,1.0,0.0,1.0,0.0
testing12024.jpg,Nanodomain,1.0,0.0,1.0,0.0
testing12025.jpg,Nanodomain,1.0,0.0,1.0,0.0
testing12026.jpg,Nanodomain,1.0,0.0,1.0,0.0
testing12027.jpg,Nanodomain,1.0,0.0,1.0,0.0
testing12028.jpg,Nanodomain,1.0,0.0,1.0,0.0
testing12029.jpg,Nanodomain,1.0,0.0,1.0,0.0
testing12030.jpg,Nanodomain,1.0,0.0,1.0,0.0
testing12031.jpg,Nanodomain,1.0,0.0,1.0,0.0
testing12032.jpg,Nanodomain,1.0,0.0,1.0,0.0
testing12033.jpg,Outside,0.99622405,0.0037760052,8.5289283e-16,0.99622405
testing12034.jpg,Outside,1.0,1.2018821e-20,6.619508e-25,1.0
testing12035.jpg,Outside,0.9999999,1.5056672e-07,2.678804e-15,0.9999999
testing12036.jpg,Nanodomain,1.0,0.0,1.0,0.0
testing12037.jpg,Nanodomain,1.0,0.0,1.0,0.0
testing12038.jpg,Nanodomain,1.0,0.0,1.0,0.0
testing12039.jpg,Nanodomain,1.0,0.0,1.0,0.0
testing12040.jpg,Nanodomain,1.0,0.0,1.0,0.0
testing12041.jpg,Nanodomain,1.0,0.0,1.0,0.0
testing12042.jpg,Intermediate,1.0,1.0,9.6589534e-26,1.2060833e-22
testing12043.jpg,Intermediate,0.99999905,0.99999905,9.2276775e-07,6.2539425e-24
testing12044.jpg,Nanodomain,1.0,9.5124924e-14,1.0,1.197236e-30
testing12045.jpg,Outside,1.0,1.2716468e-11,2.4668666e-18,1.0
testing12046.jpg,Intermediate,1.0,1.0,7.8575384e-31,6.3394877e-15
testing12047.jpg,Outside,1.0,2.1612717e-11,8.952754e-19,1.0
testing12048.jpg,Nanodomain,1.0,0.0,1.0,0.0
testing12049.jpg,Nanodomain,1.0,0.0,1.0,0.0
testing12050.jpg,Nanodomain,1.0,0.0,1.0,0.0
testing12051.jpg,Nanodomain,1.0,0.0,1.0,0.0
testing12052.jpg,Nanodomain,1.0,0.0,1.0,0.0
testing12053.jpg,Outside,0.999382,0.00061791576,7.8325184e-16,0.999382
testing12054.jpg,Intermediate,0.9944806,0.9944806,1.3668507e-20,0.005519415
testing12055.jpg,Intermediate,1.0,1.0,8.4852796e-29,1.7014722e-23
testing12056.jpg,Outside,0.5439288,0.4560712,7.0077186e-17,0.5439288
testing12057.jpg,Intermediate,1.0,1.0,9.163156e-23,1.7685881e-25
testing12058.jpg,Intermediate,1.0,1.0,1.4772837e-23,2.490697e-24
testing12059.jpg,Intermediate,1.0,1.0,2.1541453e-32,5.4574816e-22
testing12060.jpg,Intermediate,1.0,1.0,6.272929e-21,2.0290177e-19
testing12061.jpg,Intermediate,1.0,1.0,5.3675054e-29,1.8280193e-23
testing12062.jpg,Intermediate,1.0,1.0,1.7672104e-27,3.4063346e-20
testing12063.jpg,Intermediate,1.0,1.0,5.1334403e-31,4.967812e-19
testing12064.jpg,Intermediate,1.0,1.0,2.1561085e-26,7.1708856e-20
testing12065.jpg,Outside,1.0,2.9025286e-30,6.662358e-29,1.0
testing12066.jpg,Intermediate,1.0,1.0,5.347995e-26,1.1111618e-18
testing12067.jpg,Intermediate,1.0,1.0,5.516184e-32,8.765945e-25
testing12068.jpg,Intermediate,1.0,1.0,2.4826857e-28,7.1825323e-17
testing12069.jpg,Intermediate,1.0,1.0,2.6973075e-34,2.9577464e-21
testing12070.jpg,Intermediate,1.0,1.0,5.620923e-26,1.5723992e-11
testing12071.jpg,Outside,1.0,7.2275637e-29,7.936559e-30,1.0
testing12072.jpg,Nanodomain,1.0,0.0,1.0,0.0
testing12073.jpg,Nanodomain,1.0,0.0,1.0,0.0
testing12074.jpg,Nanodomain,1.0,0.0,1.0,0.0
testing12075.jpg,Nanodomain,1.0,0.0,1.0,0.0
testing12076.jpg,Nanodomain,1.0,0.0,1.0,0.0
testing12077.jpg,Nanodomain,1.0,0.0,1.0,0.0
testing12078.jpg,Nanodomain,1.0,0.0,1.0,0.0
testing12079.jpg,Nanodomain,1.0,0.0,1.0,0.0
testing12080.jpg,Nanodomain,1.0,0.0,1.0,0.0
testing12081.jpg,Nanodomain,1.0,0.0,1.0,0.0
testing12082.jpg,Nanodomain,1.0,0.0,1.0,0.0
testing12083.jpg,Nanodomain,1.0,0.0,1.0,0.0
testing12084.jpg,Nanodomain,1.0,0.0,1.0,0.0
testing12085.jpg,Outside,1.0,4.6919838e-17,2.0472977e-18,1.0
testing12086.jpg,Nanodomain,1.0,8.422507e-33,1.0,0.0
testing12087.jpg,Nanodomain,1.0,0.0,1.0,0.0
testing12088.jpg,Nanodomain,1.0,1.8687533e-36,1.0,0.0
testing12089.jpg,Nanodomain,1.0,7.5372815e-33,1.0,0.0
testing12090.jpg,Nanodomain,1.0,0.0,1.0,0.0
testing12091.jpg,Intermediate,0.55717564,0.55717564,0.4428244,1.1286762e-17
testing12092.jpg,Nanodomain,1.0,0.0,1.0,0.0
testing12093.jpg,Intermediate,1.0,1.0,3.4326242e-17,3.176359e-29
testing12094.jpg,Intermediate,1.0,1.0,5.223171e-19,1.4911942e-24
testing12095.jpg,Nanodomain,1.0,2.7466067e-08,1.0,2.3167851e-28
testing12096.jpg,Intermediate,1.0,1.0,8.8305744e-20,8.0151675e-25
testing12097.jpg,Intermediate,1.0,1.0,3.006297e-28,2.5071953e-26
testing12098.jpg,Intermediate,1.0,1.0,8.195449e-33,3.363093e-28
testing12099.jpg,Intermediate,1.0,1.0,3.5795496e-32,7.072082e-28
testing12100.jpg,Intermediate,1.0,1.0,7.843413e-36,8.418645e-27
testing12101.jpg,Intermediate,1.0,1.0,2.4265123e-31,3.4045738e-24
testing12102.jpg,Intermediate,1.0,1.0,0.0,9.1140996e-32
testing12103.jpg,Intermediate,1.0,1.0,1.5710618e-30,4.0101436e-25
testing12104.jpg,Intermediate,1.0,1.0,0.0,6.465767e-34
testing12105.jpg,Nanodomain,1.0,0.0,1.0,0.0
testing12106.jpg,Intermediate,1.0,1.0,6.1358395e-32,3.004205e-24
testing12107.jpg,Intermediate,1.0,1.0,0.0,7.7897904e-31
testing12108.jpg,Intermediate,1.0,1.0,1.3102101e-37,7.050371e-28
testing12109.jpg,Intermediate,1.0,1.0,6.0690236e-34,2.420574e-26
testing12110.jpg,Intermediate,1.0,1.0,1.0309419e-28,4.2402633e-16
testing12111.jpg,Outside,1.0,5.528723e-23,3.075483e-24,1.0
testing12112.jpg,Outside,1.0,8.650015e-25,9.019458e-27,1.0
testing12113.jpg,Outside,1.0,1.17016044e-26,1.154473e-27,1.0
testing12114.jpg,Intermediate,1.0,1.0,3.8853727e-24,6.0616046e-09
testing12115.jpg,Intermediate,1.0,1.0,2.0918594e-28,2.7180566e-13
testing12116.jpg,Intermediate,1.0,1.0,7.8379e-31,1.5365368e-15
testing12117.jpg,Intermediate,0.73665583,0.73665583,3.0718108e-16,0.2633442
testing12118.jpg,Outside,1.0,6.614425e-09,2.5509484e-17,1.0
testing12119.jpg,Outside,1.0,1.453769e-25,1.3003153e-24,1.0
testing12120.jpg,Outside,1.0,8.7251785e-32,1.8520876e-31,1.0
testing12121.jpg,Outside,1.0,4.9518595e-35,1.0425796e-31,1.0
testing12122.jpg,Outside,1.0,7.927976e-35,4.6155047e-33,1.0
testing12123.jpg,Outside,1.0,2.568697e-35,5.2897242e-33,1.0
testing12124.jpg,Outside,1.0,5.2934895e-29,1.2216093e-29,1.0
testing12125.jpg,Outside,1.0,1.7064036e-33,9.5109183e-32,1.0
testing12126.jpg,Outside,1.0,1.1242395e-31,1.5618238e-30,1.0
testing12127.jpg,Outside,1.0,2.3528154e-32,2.9074807e-31,1.0
testing12128.jpg,Outside,1.0,5.9352684e-34,9.4874685e-33,1.0
testing12129.jpg,Outside,1.0,5.944468e-34,4.0881927e-32,1.0
testing12130.jpg,Outside,1.0,5.1802583e-31,1.8756869e-30,1.0
testing12131.jpg,Outside,1.0,3.9851592e-35,8.389158e-33,1.0
testing12132.jpg,Outside,1.0,3.476054e-33,9.605101e-31,1.0
testing12133.jpg,Outside,1.0,2.4800763e-33,8.6424966e-32,1.0
testing12134.jpg,Outside,1.0,6.080134e-38,4.7310494e-35,1.0
testing12135.jpg,Outside,1.0,2.987652e-27,2.320085e-27,1.0
testing12136.jpg,Outside,1.0,3.1960286e-34,2.2191293e-31,1.0
testing12137.jpg,Outside,1.0,2.465421e-38,7.3671935e-36,1.0
testing12138.jpg,Outside,1.0,4.4905057e-36,2.5092916e-33,1.0
testing12139.jpg,Outside,1.0,5.1798066e-30,3.5008943e-28,1.0
testing12140.jpg,Outside,1.0,8.075341e-35,3.5436394e-33,1.0
testing12141.jpg,Outside,1.0,1.9105546e-35,5.0726607e-33,1.0
testing12142.jpg,Outside,1.0,8.219718e-32,3.437766e-29,1.0
testing12143.jpg,Outside,1.0,1.4930221e-23,1.3923521e-21,1.0
testing12144.jpg,Nanodomain,1.0,0.0,1.0,0.0
testing12145.jpg,Nanodomain,1.0,0.0,1.0,0.0
testing12146.jpg,Nanodomain,1.0,0.0,1.0,0.0
testing12147.jpg,Nanodomain,1.0,0.0,1.0,0.0
testing12148.jpg,Nanodomain,1.0,0.0,1.0,0.0
testing12149.jpg,Nanodomain,1.0,0.0,1.0,0.0
testing12150.jpg,Nanodomain,1.0,0.0,1.0,0.0
testing12151.jpg,Nanodomain,1.0,0.0,1.0,0.0
testing12152.jpg,Nanodomain,1.0,0.0,1.0,0.0
testing12153.jpg,Nanodomain,1.0,0.0,1.0,0.0
testing12154.jpg,Nanodomain,1.0,0.0,1.0,0.0
testing12155.jpg,Nanodomain,1.0,0.0,1.0,0.0
testing12156.jpg,Nanodomain,1.0,0.0,1.0,0.0
testing12157.jpg,Intermediate,1.0,1.0,6.577385e-21,1.0116543e-08
testing12158.jpg,Intermediate,1.0,1.0,8.363576e-30,9.240807e-22
testing12159.jpg,Nanodomain,1.0,0.0,1.0,0.0
testing12160.jpg,Nanodomain,1.0,0.0,1.0,0.0
testing12161.jpg,Outside,1.0,4.798942e-34,2.026073e-32,1.0
testing12162.jpg,Nanodomain,1.0,1.3854227e-35,1.0,0.0
testing12163.jpg,Outside,1.0,2.776721e-30,9.329278e-31,1.0
testing12164.jpg,Intermediate,1.0,1.0,8.148582e-36,2.1594296e-30
testing12165.jpg,Outside,1.0,1.819919e-32,2.8676314e-29,1.0
testing12166.jpg,Nanodomain,1.0,9.8272444e-33,1.0,0.0
testing12167.jpg,Nanodomain,1.0,0.0,1.0,0.0
testing12168.jpg,Nanodomain,1.0,5.449019e-28,1.0,0.0
testing12169.jpg,Nanodomain,1.0,7.814434e-31,1.0,0.0
testing12170.jpg,Nanodomain,1.0,8.282972e-20,1.0,1.1182908e-37
testing12171.jpg,Intermediate,1.0,1.0,7.4771353e-35,1.3099357e-29
testing12172.jpg,Intermediate,1.0,1.0,2.920467e-29,8.194486e-24
testing12173.jpg,Nanodomain,1.0,0.0,1.0,0.0
testing12174.jpg,Nanodomain,1.0,0.0,1.0,0.0
testing12175.jpg,Nanodomain,1.0,0.0,1.0,0.0
testing12176.jpg,Nanodomain,1.0,0.0,1.0,0.0
testing12177.jpg,Nanodomain,1.0,0.0,1.0,0.0
testing12178.jpg,Nanodomain,1.0,0.0,1.0,0.0
testing12179.jpg,Nanodomain,1.0,0.0,1.0,0.0
testing12180.jpg,Nanodomain,1.0,0.0,1.0,0.0
testing12181.jpg,Nanodomain,1.0,0.0,1.0,0.0
testing12182.jpg,Intermediate,0.553724,0.553724,6.7053427e-19,0.446276
testing12183.jpg,Outside,0.999997,3.0000008e-06,1.1438881e-18,0.999997
testing12184.jpg,Intermediate,1.0,1.0,5.310972e-34,4.4794077e-26
testing12185.jpg,Intermediate,1.0,1.0,1.9270785e-24,2.2781946e-15
testing12186.jpg,Intermediate,1.0,1.0,5.953612e-27,2.0924698e-17
testing12187.jpg,Intermediate,1.0,1.0,1.4959528e-30,4.862465e-25
testing12188.jpg,Intermediate,1.0,1.0,4.583541e-31,2.658323e-15
testing12189.jpg,Outside,0.9444005,0.05559956,6.7780207e-15,0.9444005
testing12190.jpg,Intermediate,1.0,1.0,2.1912155e-26,1.2595028e-22
testing12191.jpg,Intermediate,1.0,1.0,1.1392496e-25,1.388657e-18
testing12192.jpg,Intermediate,1.0,1.0,3.1097562e-30,7.3620154e-23
testing12193.jpg,Intermediate,0.99658465,0.99658465,4.5515794e-20,0.003415344
testing12194.jpg,Outside,1.0,3.0645544e-14,1.271293e-18,1.0
testing12195.jpg,Intermediate,1.0,1.0,7.7644705e-27,6.2674696e-23
testing12196.jpg,Intermediate,1.0,1.0,2.4990807e-32,4.0872983e-27
testing12197.jpg,Intermediate,1.0,1.0,1.1208436e-24,1.1611627e-11
testing12198.jpg,Intermediate,1.0,1.0,1.7905973e-24,1.983392e-08
testing12199.jpg,Intermediate,1.0,1.0,2.8352108e-26,1.8261956e-13
testing12200.jpg,Intermediate,0.99997926,0.99997926,7.5222714e-19,2.0688485e-05
testing12201.jpg,Nanodomain,1.0,0.0,1.0,0.0
testing12202.jpg,Nanodomain,1.0,0.0,1.0,0.0
testing12203.jpg,Nanodomain,1.0,0.0,1.0,0.0
testing12204.jpg,Nanodomain,1.0,0.0,1.0,0.0
testing12205.jpg,Intermediate,1.0,1.0,2.333933e-27,3.3333338e-28
testing12206.jpg,Intermediate,1.0,1.0,6.731927e-28,5.363003e-29
testing12207.jpg,Intermediate,1.0,1.0,4.933908e-28,3.4788484e-28
testing12208.jpg,Nanodomain,1.0,0.0,1.0,0.0
testing12209.jpg,Nanodomain,1.0,0.0,1.0,0.0
testing12210.jpg,Nanodomain,1.0,0.0,1.0,0.0
testing12211.jpg,Nanodomain,1.0,0.0,1.0,0.0
testing12212.jpg,Nanodomain,1.0,5.0075573e-27,1.0,0.0
testing12213.jpg,Nanodomain,1.0,0.0,1.0,0.0
testing12214.jpg,Nanodomain,1.0,0.0,1.0,0.0
testing12215.jpg,Nanodomain,1.0,0.0,1.0,0.0
testing12216.jpg,Nanodomain,1.0,6.1944873e-19,1.0,3.4246404e-35
testing12217.jpg,Intermediate,0.999765,0.999765,0.00023502599,1.648152e-22
testing12218.jpg,Intermediate,1.0,1.0,1.7766963e-17,9.159643e-27
testing12219.jpg,Intermediate,0.99958485,0.99958485,0.00041514932,2.9796954e-21
testing12220.jpg,Nanodomain,0.999926,7.405985e-05,0.999926,2.396822e-23
testing12221.jpg,Nanodomain,1.0,0.0,1.0,0.0
testing12222.jpg,Nanodomain,1.0,0.0,1.0,0.0
testing12223.jpg,Nanodomain,1.0,5.4099416e-11,1.0,1.0816821e-31
testing12224.jpg,Nanodomain,1.0,2.0912872e-26,1.0,0.0
testing12225.jpg,Intermediate,1.0,1.0,3.0751718e-28,1.4594668e-22
testing12226.jpg,Intermediate,1.0,1.0,6.7211946e-30,9.2167396e-27
testing12227.jpg,Intermediate,1.0,1.0,2.9808815e-25,3.1327588e-23
testing12228.jpg,Intermediate,1.0,1.0,0.0,7.658545e-26
testing12229.jpg,Intermediate,1.0,1.0,5.7419284e-30,4.7320714e-23
testing12230.jpg,Intermediate,1.0,1.0,0.0,4.3138145e-30
testing12231.jpg,Nanodomain,1.0,0.0,1.0,0.0
testing12232.jpg,Nanodomain,1.0,0.0,1.0,0.0
testing12233.jpg,Nanodomain,1.0,0.0,1.0,0.0
testing12234.jpg,Nanodomain,1.0,0.0,1.0,0.0
testing12235.jpg,Nanodomain,1.0,0.0,1.0,0.0
testing12236.jpg,Intermediate,1.0,1.0,1.2094571e-35,9.4884e-35
testing12237.jpg,Intermediate,1.0,1.0,3.8020922e-24,3.230556e-28
testing12238.jpg,Outside,0.9999995,4.4939625e-07,2.4532862e-18,0.9999995
testing12239.jpg,Intermediate,1.0,1.0,9.116095e-29,1.3646967e-15
testing12240.jpg,Intermediate,1.0,1.0,1.985619e-33,5.5812657e-19
testing12241.jpg,Outside,0.9992601,0.00073985703,4.6499105e-19,0.9992601
testing12242.jpg,Intermediate,0.9890359,0.9890359,1.773679e-21,0.010964096
testing12243.jpg,Intermediate,0.99992895,0.99992895,1.1427699e-22,7.108764e-05
testing12244.jpg,Outside,1.0,9.660629e-15,2.7523055e-24,1.0
testing12245.jpg,Outside,1.0,2.864492e-30,2.9775e-29,1.0
testing12246.jpg,Outside,1.0,7.38577e-27,1.4869261e-27,1.0
testing12247.jpg,Outside,1.0,3.201237e-35,3.123388e-33,1.0
testing12248.jpg,Outside,1.0,1.3218152e-32,2.5446738e-29,1.0
testing12249.jpg,Outside,1.0,5.584841e-35,1.10299486e-32,1.0
testing12250.jpg,Outside,1.0,7.030328e-30,1.4087481e-29,1.0
testing12251.jpg,Outside,1.0,3.0692963e-38,9.380995e-37,1.0
testing12252.jpg,Outside,1.0,2.3384965e-34,3.8435627e-33,1.0
testing12253.jpg,Outside,1.0,1.0307678e-30,1.3578473e-30,1.0
testing12254.jpg,Outside,1.0,4.1978462e-35,5.944766e-33,1.0
testing12255.jpg,Outside,1.0,3.1592968e-36,1.6709165e-34,1.0
testing12256.jpg,Outside,1.0,8.523543e-33,2.0393257e-31,1.0
testing12257.jpg,Outside,1.0,2.4338046e-34,7.932945e-33,1.0
testing12258.jpg,Outside,1.0,1.3180117e-35,7.8738867e-32,1.0
testing12259.jpg,Outside,1.0,2.1332668e-33,1.6216377e-30,1.0
testing12260.jpg,Outside,1.0,5.6498035e-30,1.0202758e-30,1.0
testing12261.jpg,Outside,1.0,4.3166988e-36,6.7223597e-34,1.0
testing12262.jpg,Outside,1.0,1.4462545e-29,2.2814234e-28,1.0
testing12263.jpg,Outside,1.0,2.330423e-31,4.913634e-31,1.0
testing12264.jpg,Outside,1.0,1.02432605e-33,9.05042e-32,1.0
testing12265.jpg,Outside,1.0,0.0,2.092314e-36,1.0
testing12266.jpg,Outside,1.0,8.808912e-34,5.041569e-31,1.0
testing12267.jpg,Outside,1.0,1.6368291e-35,2.3226384e-32,1.0
testing12268.jpg,Outside,1.0,1.1956088e-34,3.5405506e-30,1.0
testing12269.jpg,Outside,1.0,5.277619e-30,4.2688156e-29,1.0
testing12270.jpg,Nanodomain,1.0,0.0,1.0,0.0
testing12271.jpg,Nanodomain,1.0,0.0,1.0,0.0
testing12272.jpg,Nanodomain,1.0,0.0,1.0,0.0
testing12273.jpg,Nanodomain,1.0,0.0,1.0,0.0
testing12274.jpg,Nanodomain,1.0,0.0,1.0,0.0
testing12275.jpg,Nanodomain,1.0,0.0,1.0,0.0
testing12276.jpg,Nanodomain,1.0,0.0,1.0,0.0
testing12277.jpg,Nanodomain,1.0,0.0,1.0,0.0
testing12278.jpg,Nanodomain,1.0,0.0,1.0,0.0
testing12279.jpg,Nanodomain,1.0,0.0,1.0,0.0
testing12280.jpg,Nanodomain,1.0,0.0,1.0,0.0
testing12281.jpg,Nanodomain,1.0,0.0,1.0,0.0
testing12282.jpg,Nanodomain,1.0,0.0,1.0,0.0
testing12283.jpg,Nanodomain,1.0,0.0,1.0,0.0
testing12284.jpg,Nanodomain,1.0,0.0,1.0,0.0
testing12285.jpg,Nanodomain,1.0,0.0,1.0,0.0
testing12286.jpg,Nanodomain,1.0,0.0,1.0,0.0
testing12287.jpg,Nanodomain,1.0,0.0,1.0,0.0
testing12288.jpg,Nanodomain,1.0,0.0,1.0,0.0
testing12289.jpg,Nanodomain,0.9999994,6.1867166e-07,0.9999994,2.7140232e-29
testing12290.jpg,Outside,1.0,2.756491e-29,7.7460946e-28,1.0
testing12291.jpg,Intermediate,1.0,1.0,6.3441783e-31,3.2951583e-17
testing12292.jpg,Outside,1.0,8.313979e-24,1.2238012e-22,1.0
testing12293.jpg,Intermediate,1.0,1.0,2.2402986e-32,1.0218447e-24
testing12294.jpg,Intermediate,1.0,1.0,2.1725665e-23,4.670774e-11
testing12295.jpg,Intermediate,1.0,1.0,1.2065693e-25,2.2215497e-25
testing12296.jpg,Outside,1.0,3.1275085e-21,3.728663e-26,1.0
testing12297.jpg,Outside,1.0,4.624829e-25,6.8654717e-25,1.0
testing12298.jpg,Outside,1.0,5.0848147e-23,2.253173e-23,1.0
testing12299.jpg,Outside,1.0,8.381583e-24,2.3742914e-25,1.0
testing12300.jpg,Intermediate,1.0,1.0,2.5255456e-10,1.1005304e-20
testing12301.jpg,Nanodomain,1.0,0.0,1.0,0.0
testing12302.jpg,Nanodomain,1.0,0.0,1.0,0.0
testing12303.jpg,Nanodomain,1.0,0.0,1.0,0.0
testing12304.jpg,Nanodomain,1.0,0.0,1.0,0.0
testing12305.jpg,Nanodomain,1.0,0.0,1.0,0.0
testing12306.jpg,Nanodomain,1.0,0.0,1.0,0.0
testing12307.jpg,Nanodomain,1.0,0.0,1.0,0.0
testing12308.jpg,Nanodomain,1.0,0.0,1.0,0.0
testing12309.jpg,Nanodomain,1.0,0.0,1.0,0.0
testing12310.jpg,Nanodomain,1.0,0.0,1.0,0.0
testing12311.jpg,Nanodomain,1.0,0.0,1.0,0.0
testing12312.jpg,Intermediate,1.0,1.0,2.905146e-28,7.7971656e-23
testing12313.jpg,Intermediate,1.0,1.0,3.4029662e-30,1.7140436e-25
testing12314.jpg,Intermediate,1.0,1.0,5.0720845e-24,5.1589158e-18
testing12315.jpg,Intermediate,1.0,1.0,5.150589e-29,1.2287776e-16
testing12316.jpg,Intermediate,1.0,1.0,3.771235e-33,2.6188877e-22
testing12317.jpg,Intermediate,1.0,1.0,3.813668e-32,3.9660594e-23
testing12318.jpg,Intermediate,1.0,1.0,3.0758513e-21,1.8937148e-26
testing12319.jpg,Intermediate,1.0,1.0,1.0587059e-33,1.7956135e-29
testing12320.jpg,Outside,1.0,8.1561477e-19,2.6987855e-22,1.0
testing12321.jpg,Intermediate,0.90926254,0.90926254,0.09073741,2.4104256e-25
testing12322.jpg,Intermediate,0.99999833,0.99999833,1.7200949e-06,8.818693e-24
testing12323.jpg,Intermediate,1.0,1.0,3.9063207e-35,7.458827e-25
testing12324.jpg,Intermediate,1.0,1.0,6.904644e-29,1.6363363e-27
testing12325.jpg,Intermediate,0.98779964,0.98779964,7.5050185e-15,0.012200326
testing12326.jpg,Outside,1.0,1.602184e-21,1.2245879e-26,1.0
testing12327.jpg,Outside,0.9999999,8.766756e-08,4.0955845e-20,0.9999999
testing12328.jpg,Outside,1.0,5.7274306e-28,8.0415553e-28,1.0
testing12329.jpg,Outside,1.0,4.152441e-34,4.6514918e-33,1.0
testing12330.jpg,Nanodomain,1.0,0.0,1.0,0.0
testing12331.jpg,Nanodomain,1.0,0.0,1.0,0.0
testing12332.jpg,Nanodomain,1.0,0.0,1.0,0.0
testing12333.jpg,Nanodomain,1.0,5.3363914e-29,1.0,0.0
testing12334.jpg,Nanodomain,1.0,0.0,1.0,0.0
testing12335.jpg,Nanodomain,1.0,0.0,1.0,0.0
testing12336.jpg,Nanodomain,1.0,0.0,1.0,0.0
testing12337.jpg,Nanodomain,1.0,0.0,1.0,0.0
testing12338.jpg,Nanodomain,1.0,0.0,1.0,0.0
testing12339.jpg,Intermediate,0.99999523,0.99999523,1.7100134e-24,4.790866e-06
testing12340.jpg,Nanodomain,1.0,0.0,1.0,0.0
testing12341.jpg,Nanodomain,1.0,0.0,1.0,0.0
testing12342.jpg,Nanodomain,1.0,0.0,1.0,0.0
testing12343.jpg,Nanodomain,1.0,0.0,1.0,0.0
testing12344.jpg,Nanodomain,1.0,0.0,1.0,0.0
testing12345.jpg,Nanodomain,1.0,0.0,1.0,0.0
testing12346.jpg,Nanodomain,1.0,0.0,1.0,0.0
testing12347.jpg,Nanodomain,1.0,0.0,1.0,0.0
testing12348.jpg,Nanodomain,1.0,0.0,1.0,0.0
testing12349.jpg,Nanodomain,1.0,0.0,1.0,0.0
testing12350.jpg,Nanodomain,1.0,6.1552185e-35,1.0,0.0
testing12351.jpg,Nanodomain,1.0,0.0,1.0,0.0
testing12352.jpg,Nanodomain,0.98307586,0.016924096,0.98307586,2.1976456e-21
testing12353.jpg,Nanodomain,1.0,3.6978862e-09,1.0,4.29269e-29
testing12354.jpg,Intermediate,0.96563727,0.96563727,0.034362674,5.8806915e-21
testing12355.jpg,Intermediate,1.0,1.0,2.3380081e-17,1.5388841e-29
testing12356.jpg,Intermediate,1.0,1.0,8.377739e-26,7.348049e-29
testing12357.jpg,Intermediate,1.0,1.0,3.3377073e-30,2.549533e-28
testing12358.jpg,Nanodomain,1.0,0.0,1.0,0.0
testing12359.jpg,Nanodomain,1.0,0.0,1.0,0.0
testing12360.jpg,Nanodomain,1.0,0.0,1.0,0.0
testing12361.jpg,Nanodomain,1.0,0.0,1.0,0.0
testing12362.jpg,Nanodomain,1.0,0.0,1.0,0.0
testing12363.jpg,Nanodomain,1.0,0.0,1.0,0.0
testing12364.jpg,Nanodomain,1.0,0.0,1.0,0.0
testing12365.jpg,Nanodomain,1.0,0.0,1.0,0.0
testing12366.jpg,Nanodomain,1.0,0.0,1.0,0.0
testing12367.jpg,Intermediate,1.0,1.0,1.809316e-30,8.8251874e-20
testing12368.jpg,Intermediate,0.99999833,0.99999833,1.4739625e-20,1.692967e-06
testing12369.jpg,Intermediate,1.0,1.0,1.2451185e-30,3.9451285e-24
testing12370.jpg,Outside,0.99999905,1.0056193e-06,5.3452556e-19,0.99999905
testing12371.jpg,Intermediate,1.0,1.0,2.2668131e-22,6.245729e-11
testing12372.jpg,Intermediate,1.0,1.0,1.1484191e-29,2.1029446e-17
testing12373.jpg,Outside,1.0,6.679959e-13,1.644136e-23,1.0
testing12374.jpg,Outside,1.0,1.358564e-35,8.0350336e-33,1.0
testing12375.jpg,Outside,1.0,5.6550535e-34,1.6150322e-30,1.0
testing12376.jpg,Outside,1.0,4.4848017e-30,8.642976e-28,1.0
testing12377.jpg,Outside,1.0,9.494099e-32,7.596521e-31,1.0
testing12378.jpg,Outside,1.0,1.8274184e-32,1.5721821e-31,1.0
testing12379.jpg,Outside,1.0,3.035406e-35,1.5333376e-33,1.0
testing12380.jpg,Outside,1.0,1.9188143e-36,1.0604798e-34,1.0
testing12381.jpg,Outside,1.0,1.8897659e-35,5.1581684e-33,1.0
testing12382.jpg,Outside,1.0,6.590304e-33,8.4720016e-33,1.0
testing12383.jpg,Outside,1.0,7.8431043e-31,8.01454e-29,1.0
testing12384.jpg,Outside,1.0,2.760734e-35,1.06044385e-33,1.0
testing12385.jpg,Outside,1.0,3.2901143e-29,4.371115e-29,1.0
testing12386.jpg,Outside,1.0,2.424628e-36,2.0898022e-35,1.0
testing12387.jpg,Outside,1.0,5.7688146e-33,2.8701361e-30,1.0
testing12388.jpg,Outside,1.0,2.0015128e-33,3.0161596e-31,1.0
testing12389.jpg,Outside,1.0,2.2659607e-34,1.5231071e-32,1.0
testing12390.jpg,Outside,1.0,1.8256366e-30,3.5269778e-29,1.0
testing12391.jpg,Outside,1.0,5.153807e-31,9.800866e-30,1.0
testing12392.jpg,Outside,1.0,5.320503e-34,5.997591e-32,1.0
testing12393.jpg,Outside,1.0,5.555179e-35,1.4092612e-33,1.0
testing12394.jpg,Outside,1.0,4.3730827e-29,2.713316e-25,1.0
testing12395.jpg,Outside,1.0,7.292273e-32,2.9152356e-29,1.0
testing12396.jpg,Outside,1.0,1.2808022e-29,3.1646924e-26,1.0
testing12397.jpg,Outside,1.0,2.562816e-34,4.931135e-31,1.0
testing12398.jpg,Outside,1.0,5.3325144e-33,3.5993646e-31,1.0
testing12399.jpg,Nanodomain,1.0,0.0,1.0,0.0
testing12400.jpg,Nanodomain,1.0,0.0,1.0,0.0
testing12401.jpg,Nanodomain,1.0,0.0,1.0,0.0
testing12402.jpg,Nanodomain,1.0,0.0,1.0,0.0
testing12403.jpg,Nanodomain,1.0,0.0,1.0,0.0
testing12404.jpg,Nanodomain,1.0,0.0,1.0,0.0
testing12405.jpg,Nanodomain,1.0,0.0,1.0,0.0
testing12406.jpg,Nanodomain,1.0,0.0,1.0,0.0
testing12407.jpg,Nanodomain,1.0,0.0,1.0,0.0
testing12408.jpg,Nanodomain,1.0,0.0,1.0,0.0
testing12409.jpg,Nanodomain,1.0,0.0,1.0,0.0
testing12410.jpg,Nanodomain,1.0,3.4200222e-33,1.0,0.0
testing12411.jpg,Nanodomain,1.0,0.0,1.0,0.0
testing12412.jpg,Nanodomain,1.0,0.0,1.0,0.0
testing12413.jpg,Nanodomain,1.0,0.0,1.0,0.0
testing12414.jpg,Nanodomain,1.0,0.0,1.0,0.0
testing12415.jpg,Nanodomain,1.0,0.0,1.0,0.0
testing12416.jpg,Nanodomain,1.0,0.0,1.0,0.0
testing12417.jpg,Outside,1.0,3.0268418e-25,2.9851812e-26,1.0
testing12418.jpg,Outside,1.0,8.894231e-28,8.2669935e-29,1.0
testing12419.jpg,Outside,1.0,1.852769e-09,1.1798721e-21,1.0
testing12420.jpg,Intermediate,0.99991465,0.99991465,3.602074e-19,8.537662e-05
testing12421.jpg,Intermediate,1.0,1.0,4.4082322e-32,1.7480297e-18
testing12422.jpg,Intermediate,1.0,1.0,1.5628372e-37,2.4928946e-30
testing12423.jpg,Intermediate,1.0,1.0,1.3668459e-26,9.546851e-28
testing12424.jpg,Outside,1.0,1.4570576e-30,1.0942214e-28,1.0
testing12425.jpg,Intermediate,1.0,1.0,6.468945e-28,1.1161842e-24
testing12426.jpg,Outside,1.0,3.1931842e-22,6.2000775e-23,1.0
testing12427.jpg,Nanodomain,1.0,0.0,1.0,0.0
testing12428.jpg,Nanodomain,1.0,0.0,1.0,0.0
testing12429.jpg,Nanodomain,1.0,0.0,1.0,0.0
testing12430.jpg,Nanodomain,1.0,0.0,1.0,0.0
testing12431.jpg,Nanodomain,1.0,0.0,1.0,0.0
testing12432.jpg,Nanodomain,1.0,0.0,1.0,0.0
testing12433.jpg,Nanodomain,1.0,0.0,1.0,0.0
testing12434.jpg,Nanodomain,1.0,0.0,1.0,0.0
testing12435.jpg,Nanodomain,1.0,0.0,1.0,0.0
testing12436.jpg,Nanodomain,1.0,0.0,1.0,0.0
testing12437.jpg,Nanodomain,1.0,0.0,1.0,0.0
testing12438.jpg,Nanodomain,1.0,0.0,1.0,0.0
testing12439.jpg,Nanodomain,1.0,0.0,1.0,0.0
testing12440.jpg,Nanodomain,1.0,0.0,1.0,0.0
testing12441.jpg,Intermediate,1.0,1.0,3.85248e-37,1.374629e-30
testing12442.jpg,Intermediate,1.0,1.0,6.10962e-29,8.655107e-23
testing12443.jpg,Intermediate,1.0,1.0,1.0433558e-30,3.006546e-30
testing12444.jpg,Intermediate,1.0,1.0,0.0,8.774072e-33
testing12445.jpg,Intermediate,1.0,1.0,7.375194e-32,1.3599301e-24
testing12446.jpg,Intermediate,1.0,1.0,1.3381894e-29,1.6461794e-26
testing12447.jpg,Intermediate,1.0,1.0,5.8811323e-34,6.460284e-22
testing12448.jpg,Intermediate,1.0,1.0,2.1060777e-30,3.946456e-15
testing12449.jpg,Intermediate,1.0,1.0,0.0,3.7401011e-34
testing12450.jpg,Intermediate,1.0,1.0,1.2603749e-26,3.107617e-18
testing12451.jpg,Intermediate,1.0,1.0,2.2908841e-22,1.9460628e-14
testing12452.jpg,Intermediate,1.0,1.0,1.5478983e-21,1.1119619e-28
testing12453.jpg,Intermediate,1.0,1.0,9.735856e-27,3.9182888e-28
testing12454.jpg,Intermediate,1.0,1.0,0.0,1.6930726e-33
testing12455.jpg,Intermediate,1.0,1.0,9.5991985e-32,1.270961e-29
testing12456.jpg,Intermediate,1.0,1.0,3.0591127e-32,1.1104045e-31
testing12457.jpg,Intermediate,1.0,1.0,1.2114265e-31,1.4433258e-17
testing12458.jpg,Intermediate,1.0,1.0,3.1369628e-34,2.4085956e-22
testing12459.jpg,Intermediate,1.0,1.0,3.836225e-25,1.0150912e-11
testing12460.jpg,Outside,1.0,4.292211e-12,8.583523e-24,1.0
testing12461.jpg,Nanodomain,1.0,0.0,1.0,0.0
testing12462.jpg,Nanodomain,1.0,0.0,1.0,0.0
testing12463.jpg,Nanodomain,1.0,0.0,1.0,0.0
testing12464.jpg,Nanodomain,1.0,0.0,1.0,0.0
testing12465.jpg,Nanodomain,1.0,0.0,1.0,0.0
testing12466.jpg,Outside,1.0,4.4136166e-32,7.597539e-30,1.0
testing12467.jpg,Outside,1.0,3.4389263e-18,1.2153394e-21,1.0
testing12468.jpg,Intermediate,1.0,1.0,1.4057326e-27,2.2074968e-14
testing12469.jpg,Nanodomain,1.0,3.2202287e-38,1.0,0.0
testing12470.jpg,Intermediate,1.0,1.0,1.7821641e-28,1.2133222e-17
testing12471.jpg,Nanodomain,1.0,0.0,1.0,0.0
testing12472.jpg,Nanodomain,1.0,0.0,1.0,0.0
testing12473.jpg,Nanodomain,1.0,0.0,1.0,0.0
testing12474.jpg,Nanodomain,1.0,0.0,1.0,0.0
testing12475.jpg,Nanodomain,1.0,0.0,1.0,0.0
testing12476.jpg,Nanodomain,1.0,0.0,1.0,0.0
testing12477.jpg,Nanodomain,1.0,0.0,1.0,0.0
testing12478.jpg,Nanodomain,1.0,0.0,1.0,0.0
testing12479.jpg,Nanodomain,1.0,0.0,1.0,0.0
testing12480.jpg,Nanodomain,0.9999974,2.6249159e-06,0.9999974,2.701843e-26
testing12481.jpg,Nanodomain,1.0,1.1214742e-13,1.0,3.042325e-36
testing12482.jpg,Intermediate,1.0,1.0,2.3690187e-31,2.083727e-29
testing12483.jpg,Intermediate,1.0,1.0,1.814213e-26,4.3681144e-29
testing12484.jpg,Intermediate,1.0,1.0,4.6094297e-20,1.6468334e-25
testing12485.jpg,Nanodomain,1.0,0.0,1.0,0.0
testing12486.jpg,Nanodomain,1.0,0.0,1.0,0.0
testing12487.jpg,Nanodomain,1.0,0.0,1.0,0.0
testing12488.jpg,Nanodomain,1.0,0.0,1.0,0.0
testing12489.jpg,Nanodomain,1.0,0.0,1.0,0.0
testing12490.jpg,Nanodomain,1.0,0.0,1.0,0.0
testing12491.jpg,Nanodomain,1.0,0.0,1.0,0.0
testing12492.jpg,Nanodomain,1.0,0.0,1.0,0.0
testing12493.jpg,Nanodomain,1.0,0.0,1.0,0.0
testing12494.jpg,Nanodomain,1.0,0.0,1.0,0.0
testing12495.jpg,Outside,1.0,1.7051944e-09,5.5942127e-16,1.0
testing12496.jpg,Outside,1.0,8.205346e-15,1.5750956e-21,1.0
testing12497.jpg,Outside,1.0,1.5267069e-26,5.1067533e-26,1.0
testing12498.jpg,Outside,1.0,3.9121523e-27,1.0313722e-25,1.0
testing12499.jpg,Outside,1.0,3.5161733e-31,9.0577516e-30,1.0
testing12500.jpg,Outside,1.0,1.1924766e-24,6.7592906e-25,1.0
testing12501.jpg,Outside,1.0,4.5172383e-29,1.5258269e-27,1.0
testing12502.jpg,Outside,1.0,1.4673642e-32,6.258768e-32,1.0
testing12503.jpg,Outside,1.0,1.8339927e-29,1.4666443e-29,1.0
testing12504.jpg,Outside,1.0,2.0004967e-34,2.821438e-30,1.0
testing12505.jpg,Outside,1.0,1.0117847e-36,7.951539e-35,1.0
testing12506.jpg,Outside,1.0,7.1431744e-35,1.4283121e-33,1.0
testing12507.jpg,Outside,1.0,3.725406e-34,2.8315152e-33,1.0
testing12508.jpg,Outside,1.0,6.394188e-36,5.995343e-34,1.0
testing12509.jpg,Outside,1.0,1.0471817e-34,8.868997e-34,1.0
testing12510.jpg,Outside,1.0,3.8652097e-31,8.012304e-30,1.0
testing12511.jpg,Outside,1.0,6.677349e-35,1.0810164e-34,1.0
testing12512.jpg,Outside,1.0,1.322037e-32,4.8814043e-32,1.0
testing12513.jpg,Outside,1.0,3.9926062e-32,6.0439917e-30,1.0
testing12514.jpg,Outside,1.0,1.4394204e-34,9.173177e-34,1.0
testing12515.jpg,Outside,1.0,9.414509e-38,2.492205e-34,1.0
testing12516.jpg,Outside,1.0,1.0898285e-32,1.3190619e-29,1.0
testing12517.jpg,Outside,1.0,3.5238613e-27,7.642702e-25,1.0
testing12518.jpg,Outside,1.0,1.755553e-27,8.297621e-26,1.0
testing12519.jpg,Outside,1.0,5.7783795e-31,5.3508003e-30,1.0
testing12520.jpg,Outside,1.0,6.1400814e-31,1.1129755e-29,1.0
testing12521.jpg,Outside,1.0,1.2988628e-24,3.0577585e-25,1.0
testing12522.jpg,Outside,1.0,1.3072445e-30,5.910047e-29,1.0
testing12523.jpg,Outside,1.0,3.7021962e-29,4.380114e-28,1.0
testing12524.jpg,Outside,1.0,7.3668466e-31,7.738441e-29,1.0
testing12525.jpg,Nanodomain,1.0,0.0,1.0,0.0
testing12526.jpg,Nanodomain,1.0,0.0,1.0,0.0
testing12527.jpg,Nanodomain,1.0,0.0,1.0,0.0
testing12528.jpg,Nanodomain,1.0,0.0,1.0,0.0
testing12529.jpg,Nanodomain,1.0,0.0,1.0,0.0
testing12530.jpg,Nanodomain,1.0,0.0,1.0,0.0
testing12531.jpg,Nanodomain,1.0,0.0,1.0,0.0
testing12532.jpg,Nanodomain,1.0,0.0,1.0,0.0
testing12533.jpg,Nanodomain,1.0,0.0,1.0,0.0
testing12534.jpg,Nanodomain,1.0,0.0,1.0,0.0
testing12535.jpg,Nanodomain,1.0,0.0,1.0,0.0
testing12536.jpg,Nanodomain,1.0,0.0,1.0,0.0
testing12537.jpg,Nanodomain,1.0,0.0,1.0,0.0
testing12538.jpg,Nanodomain,1.0,0.0,1.0,0.0
testing12539.jpg,Nanodomain,1.0,0.0,1.0,0.0
testing12540.jpg,Nanodomain,1.0,0.0,1.0,0.0
testing12541.jpg,Nanodomain,1.0,0.0,1.0,0.0
testing12542.jpg,Nanodomain,1.0,0.0,1.0,0.0
testing12543.jpg,Nanodomain,1.0,0.0,1.0,0.0
testing12544.jpg,Nanodomain,1.0,0.0,1.0,0.0
testing12545.jpg,Outside,1.0,9.208218e-23,3.712871e-23,1.0
testing12546.jpg,Outside,1.0,4.093391e-31,2.3531512e-29,1.0
testing12547.jpg,Outside,1.0,8.014259e-23,1.8458741e-23,1.0
testing12548.jpg,Outside,1.0,7.721987e-29,1.2322961e-27,1.0
testing12549.jpg,Intermediate,1.0,1.0,2.8690413e-30,3.8637994e-21
testing12550.jpg,Outside,1.0,2.8470654e-35,2.3628171e-32,1.0
testing12551.jpg,Intermediate,1.0,1.0,1.1519787e-27,7.895708e-21
testing12552.jpg,Intermediate,1.0,1.0,2.6920763e-26,8.715805e-23
testing12553.jpg,Outside,1.0,1.6771181e-18,1.542752e-21,1.0
testing12554.jpg,Nanodomain,1.0,0.0,1.0,0.0
testing12555.jpg,Nanodomain,1.0,0.0,1.0,0.0
testing12556.jpg,Intermediate,1.0,1.0,7.3630665e-35,7.743611e-21
testing12557.jpg,Nanodomain,1.0,0.0,1.0,0.0
testing12558.jpg,Nanodomain,1.0,0.0,1.0,0.0
testing12559.jpg,Nanodomain,1.0,0.0,1.0,0.0
testing12560.jpg,Nanodomain,1.0,0.0,1.0,0.0
testing12561.jpg,Nanodomain,1.0,0.0,1.0,0.0
testing12562.jpg,Nanodomain,1.0,0.0,1.0,0.0
testing12563.jpg,Nanodomain,1.0,0.0,1.0,0.0
testing12564.jpg,Nanodomain,1.0,0.0,1.0,0.0
testing12565.jpg,Nanodomain,1.0,0.0,1.0,0.0
testing12566.jpg,Nanodomain,1.0,0.0,1.0,0.0
testing12567.jpg,Nanodomain,1.0,0.0,1.0,0.0
testing12568.jpg,Nanodomain,1.0,0.0,1.0,0.0
testing12569.jpg,Outside,1.0,1.4865709e-13,1.07973824e-20,1.0
testing12570.jpg,Outside,1.0,1.771173e-26,1.683635e-28,1.0
testing12571.jpg,Outside,1.0,2.370106e-14,1.0927898e-22,1.0
testing12572.jpg,Outside,1.0,9.248021e-14,1.2659145e-21,1.0
testing12573.jpg,Intermediate,0.99989927,0.99989927,1.0011596e-21,0.000100687495
testing12574.jpg,Outside,1.0,5.71248e-22,6.703112e-24,1.0
testing12575.jpg,Intermediate,1.0,1.0,8.626759e-23,7.584257e-09
testing12576.jpg,Intermediate,1.0,1.0,5.91172e-20,1.9431433e-22
testing12577.jpg,Intermediate,0.99999464,0.99999464,3.7481142e-23,5.3229855e-06
testing12578.jpg,Intermediate,1.0,1.0,1.5769068e-34,1.4546811e-22
testing12579.jpg,Intermediate,1.0,1.0,1.0964734e-36,8.885055e-25
testing12580.jpg,Intermediate,1.0,1.0,1.413487e-34,1.5710163e-27
testing12581.jpg,Intermediate,1.0,1.0,3.792239e-33,3.077766e-20
testing12582.jpg,Intermediate,1.0,1.0,5.680596e-31,1.5045832e-15
testing12583.jpg,Intermediate,1.0,1.0,2.2634006e-29,3.4854857e-23
testing12584.jpg,Intermediate,1.0,1.0,1.35570824e-17,2.62743e-17
testing12585.jpg,Intermediate,1.0,1.0,3.4879543e-26,5.059742e-14
testing12586.jpg,Intermediate,0.97230035,0.97230035,5.6692064e-19,0.027699606
testing12587.jpg,Outside,1.0,1.5147789e-12,6.452994e-22,1.0
testing12588.jpg,Outside,1.0,6.5829725e-24,3.5348626e-26,1.0
testing12589.jpg,Outside,1.0,1.2243282e-23,6.514474e-24,1.0
testing12590.jpg,Outside,1.0,4.7356046e-33,9.287095e-31,1.0
testing12591.jpg,Outside,1.0,1.7748618e-23,9.3076134e-27,1.0
testing12592.jpg,Outside,0.9998317,0.00016835232,1.5692618e-18,0.9998317
testing12593.jpg,Intermediate,1.0,1.0,7.0407814e-34,1.3182838e-19
testing12594.jpg,Intermediate,1.0,1.0,2.0515037e-18,1.5593736e-08
testing12595.jpg,Nanodomain,1.0,3.4253083e-34,1.0,0.0
testing12596.jpg,Outside,1.0,2.0559949e-16,8.4590265e-24,1.0
testing12597.jpg,Nanodomain,1.0,8.1277015e-33,1.0,0.0
testing12598.jpg,Nanodomain,1.0,1.1240524e-36,1.0,0.0
testing12599.jpg,Nanodomain,1.0,0.0,1.0,0.0
testing12600.jpg,Nanodomain,1.0,0.0,1.0,0.0
testing12601.jpg,Nanodomain,1.0,0.0,1.0,0.0
testing12602.jpg,Nanodomain,1.0,0.0,1.0,0.0
testing12603.jpg,Nanodomain,1.0,0.0,1.0,0.0
testing12604.jpg,Nanodomain,1.0,0.0,1.0,0.0
testing12605.jpg,Nanodomain,1.0,0.0,1.0,0.0
testing12606.jpg,Nanodomain,1.0,0.0,1.0,0.0
testing12607.jpg,Nanodomain,1.0,0.0,1.0,0.0
testing12608.jpg,Nanodomain,1.0,0.0,1.0,0.0
testing12609.jpg,Nanodomain,1.0,0.0,1.0,0.0
testing12610.jpg,Intermediate,1.0,1.0,1.3577113e-32,9.738957e-31
testing12611.jpg,Intermediate,1.0,1.0,1.5922359e-34,2.3323006e-30
testing12612.jpg,Intermediate,1.0,1.0,2.8184907e-30,7.5082727e-32
testing12613.jpg,Nanodomain,1.0,0.0,1.0,0.0
testing12614.jpg,Nanodomain,1.0,0.0,1.0,0.0
testing12615.jpg,Nanodomain,1.0,0.0,1.0,0.0
testing12616.jpg,Nanodomain,1.0,0.0,1.0,0.0
testing12617.jpg,Nanodomain,1.0,0.0,1.0,0.0
testing12618.jpg,Nanodomain,1.0,0.0,1.0,0.0
testing12619.jpg,Nanodomain,1.0,0.0,1.0,0.0
testing12620.jpg,Nanodomain,1.0,0.0,1.0,0.0
testing12621.jpg,Nanodomain,1.0,0.0,1.0,0.0
testing12622.jpg,Nanodomain,1.0,0.0,1.0,0.0
testing12623.jpg,Nanodomain,1.0,0.0,1.0,0.0
testing12624.jpg,Nanodomain,1.0,0.0,1.0,0.0
testing12625.jpg,Nanodomain,1.0,0.0,1.0,0.0
testing12626.jpg,Nanodomain,1.0,0.0,1.0,0.0
testing12627.jpg,Nanodomain,1.0,0.0,1.0,0.0
testing12628.jpg,Nanodomain,1.0,0.0,1.0,0.0
testing12629.jpg,Nanodomain,1.0,0.0,1.0,0.0
testing12630.jpg,Nanodomain,1.0,0.0,1.0,0.0
testing12631.jpg,Nanodomain,1.0,0.0,1.0,0.0
testing12632.jpg,Nanodomain,1.0,0.0,1.0,0.0
testing12633.jpg,Nanodomain,1.0,0.0,1.0,0.0
testing12634.jpg,Outside,1.0,1.2944546e-33,4.6963395e-30,1.0
testing12635.jpg,Outside,1.0,3.0639884e-36,5.844792e-33,1.0
testing12636.jpg,Outside,1.0,1.019141e-28,2.0299365e-29,1.0
testing12637.jpg,Outside,1.0,4.8124028e-32,1.4103229e-30,1.0
testing12638.jpg,Outside,1.0,1.394436e-28,1.3376038e-27,1.0
testing12639.jpg,Outside,1.0,1.3732409e-29,4.832644e-30,1.0
testing12640.jpg,Outside,1.0,1.4858733e-32,4.0097012e-32,1.0
testing12641.jpg,Outside,1.0,7.460977e-36,6.7887953e-34,1.0
testing12642.jpg,Outside,1.0,7.966675e-31,2.6782922e-31,1.0
testing12643.jpg,Outside,1.0,1.1771316e-33,4.1618968e-32,1.0
testing12644.jpg,Outside,1.0,3.9062818e-32,4.3596012e-32,1.0
testing12645.jpg,Outside,1.0,4.3848572e-30,1.1484241e-28,1.0
testing12646.jpg,Outside,1.0,0.0,2.883528e-35,1.0
testing12647.jpg,Outside,1.0,6.0271e-35,2.1236303e-32,1.0
testing12648.jpg,Outside,1.0,1.922794e-35,4.0557857e-34,1.0
testing12649.jpg,Outside,1.0,3.4310023e-31,2.7230351e-30,1.0
testing12650.jpg,Outside,1.0,1.6402828e-31,3.4536554e-30,1.0
testing12651.jpg,Nanodomain,1.0,0.0,1.0,0.0
testing12652.jpg,Nanodomain,1.0,0.0,1.0,0.0
testing12653.jpg,Nanodomain,1.0,0.0,1.0,0.0
testing12654.jpg,Nanodomain,1.0,0.0,1.0,0.0
testing12655.jpg,Nanodomain,1.0,0.0,1.0,0.0
testing12656.jpg,Nanodomain,1.0,0.0,1.0,0.0
testing12657.jpg,Nanodomain,1.0,0.0,1.0,0.0
testing12658.jpg,Nanodomain,1.0,0.0,1.0,0.0
testing12659.jpg,Nanodomain,1.0,0.0,1.0,0.0
testing12660.jpg,Nanodomain,1.0,0.0,1.0,0.0
testing12661.jpg,Nanodomain,1.0,0.0,1.0,0.0
testing12662.jpg,Nanodomain,1.0,0.0,1.0,0.0
testing12663.jpg,Nanodomain,1.0,0.0,1.0,0.0
testing12664.jpg,Nanodomain,1.0,0.0,1.0,0.0
testing12665.jpg,Intermediate,1.0,1.0,0.0,1.6388765e-30
testing12666.jpg,Nanodomain,1.0,0.0,1.0,0.0
testing12667.jpg,Nanodomain,1.0,0.0,1.0,0.0
testing12668.jpg,Nanodomain,1.0,0.0,1.0,0.0
testing12669.jpg,Nanodomain,1.0,0.0,1.0,0.0
testing12670.jpg,Nanodomain,1.0,0.0,1.0,0.0
testing12671.jpg,Nanodomain,1.0,0.0,1.0,0.0
testing12672.jpg,Nanodomain,1.0,0.0,1.0,0.0
testing12673.jpg,Nanodomain,1.0,0.0,1.0,0.0
testing12674.jpg,Nanodomain,1.0,0.0,1.0,0.0
testing12675.jpg,Nanodomain,1.0,0.0,1.0,0.0
testing12676.jpg,Nanodomain,1.0,0.0,1.0,0.0
testing12677.jpg,Intermediate,1.0,1.0,1.4058693e-31,9.016216e-29
testing12678.jpg,Intermediate,0.99751735,0.99751735,4.051305e-20,0.0024826357
testing12679.jpg,Intermediate,1.0,1.0,8.659241e-29,2.4383704e-24
testing12680.jpg,Intermediate,1.0,1.0,1.6805947e-34,2.136538e-28
testing12681.jpg,Intermediate,1.0,1.0,2.392525e-29,8.917353e-16
testing12682.jpg,Nanodomain,1.0,0.0,1.0,0.0
testing12683.jpg,Nanodomain,1.0,0.0,1.0,0.0
testing12684.jpg,Nanodomain,1.0,0.0,1.0,0.0
testing12685.jpg,Nanodomain,1.0,0.0,1.0,0.0
testing12686.jpg,Nanodomain,1.0,0.0,1.0,0.0
testing12687.jpg,Nanodomain,1.0,0.0,1.0,0.0
testing12688.jpg,Nanodomain,1.0,0.0,1.0,0.0
testing12689.jpg,Nanodomain,1.0,0.0,1.0,0.0
testing12690.jpg,Nanodomain,1.0,0.0,1.0,0.0
testing12691.jpg,Nanodomain,1.0,0.0,1.0,0.0
testing12692.jpg,Nanodomain,1.0,0.0,1.0,0.0
testing12693.jpg,Nanodomain,1.0,0.0,1.0,0.0
testing12694.jpg,Nanodomain,1.0,0.0,1.0,0.0
testing12695.jpg,Nanodomain,1.0,0.0,1.0,0.0
testing12696.jpg,Nanodomain,1.0,0.0,1.0,0.0
testing12697.jpg,Nanodomain,1.0,0.0,1.0,0.0
testing12698.jpg,Intermediate,1.0,1.0,5.315085e-27,1.0212766e-11
testing12699.jpg,Intermediate,0.9999938,0.9999938,4.624296e-22,6.231267e-06
testing12700.jpg,Intermediate,1.0,1.0,1.4811638e-26,3.4858987e-15
testing12701.jpg,Outside,0.76284546,0.23715451,5.3323774e-21,0.76284546
testing12702.jpg,Intermediate,0.99999976,0.99999976,3.92119e-20,2.053566e-07
testing12703.jpg,Outside,1.0,9.392702e-15,6.540748e-23,1.0
testing12704.jpg,Intermediate,1.0,1.0,2.6270874e-26,1.5125752e-13
testing12705.jpg,Intermediate,1.0,1.0,3.2775266e-28,1.5307606e-25
testing12706.jpg,Intermediate,1.0,1.0,6.742327e-38,7.544399e-30
testing12707.jpg,Intermediate,1.0,1.0,0.0,2.32558e-26
testing12708.jpg,Intermediate,1.0,1.0,3.4703936e-27,1.1390222e-20
testing12709.jpg,Intermediate,1.0,1.0,3.7101133e-29,9.2995214e-27
testing12710.jpg,Intermediate,1.0,1.0,9.820861e-28,3.5328127e-19
testing12711.jpg,Intermediate,1.0,1.0,8.117485e-31,1.0871769e-14
testing12712.jpg,Intermediate,1.0,1.0,1.5653937e-26,7.5703166e-11
testing12713.jpg,Intermediate,0.9999995,0.9999995,2.2237703e-25,4.8357686e-07
testing12714.jpg,Outside,0.99400324,0.00599677,1.2938713e-21,0.99400324
testing12715.jpg,Outside,0.99993265,6.740237e-05,4.6626724e-18,0.99993265
testing12716.jpg,Outside,0.99999475,5.20153e-06,2.4798388e-16,0.99999475
testing12717.jpg,Outside,1.0,6.8380407e-10,1.0873245e-17,1.0
testing12718.jpg,Outside,1.0,8.280887e-20,3.953494e-22,1.0
testing12719.jpg,Outside,1.0,1.7794341e-12,2.0670939e-21,1.0
testing12720.jpg,Outside,1.0,8.246184e-19,4.3831906e-20,1.0
testing12721.jpg,Outside,1.0,1.2193665e-27,9.7037885e-26,1.0
testing12722.jpg,Nanodomain,1.0,4.80148e-37,1.0,0.0
testing12723.jpg,Intermediate,1.0,1.0,0.0,2.3626068e-27
testing12724.jpg,Intermediate,1.0,1.0,6.5438724e-29,1.9857672e-21
testing12725.jpg,Intermediate,1.0,1.0,1.075862e-26,2.237604e-28
testing12726.jpg,Nanodomain,1.0,0.0,1.0,0.0
testing12727.jpg,Nanodomain,1.0,1.1885891e-24,1.0,0.0
testing12728.jpg,Nanodomain,1.0,4.6379242e-31,1.0,0.0
testing12729.jpg,Nanodomain,1.0,1.5329425e-22,1.0,0.0
testing12730.jpg,Nanodomain,1.0,1.2435697e-17,1.0,0.0
testing12731.jpg,Nanodomain,1.0,9.2501026e-14,1.0,0.0
testing12732.jpg,Nanodomain,1.0,1.1428371e-16,1.0,6.9405e-38
testing12733.jpg,Nanodomain,0.99999976,2.1699312e-07,0.99999976,6.4448364e-26
testing12734.jpg,Nanodomain,1.0,6.903322e-38,1.0,0.0
testing12735.jpg,Nanodomain,1.0,0.0,1.0,0.0
testing12736.jpg,Nanodomain,1.0,0.0,1.0,0.0
testing12737.jpg,Intermediate,1.0,1.0,1.136006e-21,5.0972673e-29
testing12738.jpg,Intermediate,1.0,1.0,6.163652e-28,9.718683e-33
testing12739.jpg,Intermediate,1.0,1.0,5.222298e-25,3.2574745e-26
testing12740.jpg,Intermediate,1.0,1.0,1.08266105e-30,1.6982562e-30
testing12741.jpg,Intermediate,1.0,1.0,1.3592451e-32,1.7216793e-31
testing12742.jpg,Nanodomain,1.0,0.0,1.0,0.0
testing12743.jpg,Nanodomain,1.0,0.0,1.0,0.0
testing12744.jpg,Nanodomain,1.0,0.0,1.0,0.0
testing12745.jpg,Nanodomain,1.0,0.0,1.0,0.0
testing12746.jpg,Nanodomain,1.0,0.0,1.0,0.0
testing12747.jpg,Nanodomain,1.0,0.0,1.0,0.0
testing12748.jpg,Nanodomain,1.0,0.0,1.0,0.0
testing12749.jpg,Nanodomain,1.0,2.2692922e-33,1.0,0.0
testing12750.jpg,Nanodomain,1.0,1.0843648e-21,1.0,0.0
testing12751.jpg,Nanodomain,1.0,0.0,1.0,0.0
testing12752.jpg,Nanodomain,1.0,0.0,1.0,0.0
testing12753.jpg,Nanodomain,1.0,0.0,1.0,0.0
testing12754.jpg,Nanodomain,1.0,0.0,1.0,0.0
testing12755.jpg,Nanodomain,1.0,0.0,1.0,0.0
testing12756.jpg,Nanodomain,1.0,0.0,1.0,0.0
testing12757.jpg,Nanodomain,1.0,0.0,1.0,0.0
testing12758.jpg,Nanodomain,1.0,0.0,1.0,0.0
testing12759.jpg,Nanodomain,1.0,0.0,1.0,0.0
testing12760.jpg,Nanodomain,1.0,0.0,1.0,0.0
testing12761.jpg,Nanodomain,1.0,0.0,1.0,0.0
testing12762.jpg,Nanodomain,1.0,0.0,1.0,0.0
testing12763.jpg,Nanodomain,1.0,0.0,1.0,0.0
testing12764.jpg,Outside,1.0,2.376477e-31,2.4783873e-30,1.0
testing12765.jpg,Outside,1.0,2.4668742e-27,2.547058e-25,1.0
testing12766.jpg,Outside,1.0,4.17566e-36,9.460353e-35,1.0
testing12767.jpg,Outside,1.0,1.3767176e-30,2.1247718e-33,1.0
testing12768.jpg,Outside,1.0,4.4062293e-33,7.9152316e-33,1.0
testing12769.jpg,Outside,1.0,3.4352306e-32,2.6568503e-32,1.0
testing12770.jpg,Outside,1.0,1.6940545e-33,1.7914382e-31,1.0
testing12771.jpg,Outside,1.0,6.666215e-31,4.370681e-29,1.0
testing12772.jpg,Outside,1.0,5.0059236e-31,2.8716035e-30,1.0
testing12773.jpg,Outside,1.0,9.750704e-31,2.3859785e-31,1.0
testing12774.jpg,Outside,1.0,2.3551022e-27,1.1420631e-28,1.0
testing12775.jpg,Outside,1.0,3.91243e-30,4.9147802e-30,1.0
testing12776.jpg,Outside,1.0,5.0942905e-30,2.258125e-27,1.0
testing12777.jpg,Outside,1.0,7.706677e-31,1.9083752e-29,1.0
testing12778.jpg,Nanodomain,1.0,0.0,1.0,0.0
testing12779.jpg,Nanodomain,1.0,0.0,1.0,0.0
testing12780.jpg,Nanodomain,1.0,0.0,1.0,0.0
testing12781.jpg,Nanodomain,1.0,0.0,1.0,0.0
testing12782.jpg,Nanodomain,1.0,0.0,1.0,0.0
testing12783.jpg,Nanodomain,1.0,0.0,1.0,0.0
testing12784.jpg,Nanodomain,1.0,0.0,1.0,0.0
testing12785.jpg,Nanodomain,1.0,0.0,1.0,0.0
testing12786.jpg,Nanodomain,1.0,0.0,1.0,0.0
testing12787.jpg,Nanodomain,1.0,0.0,1.0,0.0
testing12788.jpg,Nanodomain,1.0,0.0,1.0,0.0
testing12789.jpg,Nanodomain,1.0,0.0,1.0,0.0
testing12790.jpg,Nanodomain,1.0,0.0,1.0,0.0
testing12791.jpg,Nanodomain,1.0,0.0,1.0,0.0
testing12792.jpg,Intermediate,1.0,1.0,1.9952918e-26,1.5571391e-11
testing12793.jpg,Nanodomain,1.0,0.0,1.0,0.0
testing12794.jpg,Nanodomain,1.0,0.0,1.0,0.0
testing12795.jpg,Nanodomain,1.0,0.0,1.0,0.0
testing12796.jpg,Nanodomain,1.0,0.0,1.0,0.0
testing12797.jpg,Nanodomain,1.0,0.0,1.0,0.0
testing12798.jpg,Nanodomain,1.0,0.0,1.0,0.0
testing12799.jpg,Nanodomain,1.0,0.0,1.0,0.0
testing12800.jpg,Nanodomain,1.0,0.0,1.0,0.0
testing12801.jpg,Nanodomain,1.0,0.0,1.0,0.0
testing12802.jpg,Nanodomain,1.0,0.0,1.0,0.0
testing12803.jpg,Nanodomain,1.0,0.0,1.0,0.0
testing12804.jpg,Nanodomain,1.0,0.0,1.0,0.0
testing12805.jpg,Nanodomain,1.0,0.0,1.0,0.0
testing12806.jpg,Nanodomain,1.0,0.0,1.0,0.0
testing12807.jpg,Nanodomain,1.0,0.0,1.0,0.0
testing12808.jpg,Intermediate,1.0,1.0,1.4993083e-20,2.7373653e-23
testing12809.jpg,Intermediate,1.0,1.0,3.3567394e-26,1.190075e-20
testing12810.jpg,Nanodomain,1.0,0.0,1.0,0.0
testing12811.jpg,Nanodomain,1.0,0.0,1.0,0.0
testing12812.jpg,Nanodomain,1.0,0.0,1.0,0.0
testing12813.jpg,Nanodomain,1.0,0.0,1.0,0.0
testing12814.jpg,Nanodomain,1.0,0.0,1.0,0.0
testing12815.jpg,Nanodomain,1.0,0.0,1.0,0.0
testing12816.jpg,Nanodomain,1.0,0.0,1.0,0.0
testing12817.jpg,Nanodomain,1.0,0.0,1.0,0.0
testing12818.jpg,Nanodomain,1.0,0.0,1.0,0.0
testing12819.jpg,Nanodomain,1.0,0.0,1.0,0.0
testing12820.jpg,Nanodomain,1.0,0.0,1.0,0.0
testing12821.jpg,Nanodomain,1.0,0.0,1.0,0.0
testing12822.jpg,Nanodomain,1.0,0.0,1.0,0.0
testing12823.jpg,Nanodomain,1.0,0.0,1.0,0.0
testing12824.jpg,Nanodomain,1.0,0.0,1.0,0.0
testing12825.jpg,Nanodomain,1.0,0.0,1.0,0.0
testing12826.jpg,Intermediate,1.0,1.0,4.3996216e-36,6.439813e-22
testing12827.jpg,Intermediate,0.99999964,0.99999964,2.7867578e-23,3.581151e-07
testing12828.jpg,Intermediate,0.9815694,0.9815694,5.87352e-19,0.018430648
testing12829.jpg,Intermediate,1.0,1.0,0.0,3.85557e-28
testing12830.jpg,Outside,0.999938,6.1998624e-05,8.865876e-19,0.999938
testing12831.jpg,Outside,1.0,4.91581e-23,6.812531e-27,1.0
testing12832.jpg,Outside,1.0,4.82378e-13,3.1660422e-20,1.0
testing12833.jpg,Intermediate,1.0,1.0,5.1446145e-31,3.956929e-17
testing12834.jpg,Outside,0.99585307,0.004146992,2.0602925e-18,0.99585307
testing12835.jpg,Intermediate,1.0,1.0,1.1004002e-35,5.80286e-29
testing12836.jpg,Intermediate,1.0,1.0,1.0464296e-29,9.905403e-28
testing12837.jpg,Intermediate,0.983288,0.983288,1.4593084e-18,0.01671199
testing12838.jpg,Intermediate,1.0,1.0,9.9078496e-30,5.194958e-25
testing12839.jpg,Intermediate,1.0,1.0,2.0662272e-28,7.988166e-22
testing12840.jpg,Intermediate,1.0,1.0,4.184958e-28,5.1575926e-20
testing12841.jpg,Intermediate,1.0,1.0,1.0430216e-30,2.6530934e-24
testing12842.jpg,Intermediate,1.0,1.0,3.1599956e-36,5.532286e-24
testing12843.jpg,Intermediate,1.0,1.0,1.9717842e-32,5.5536727e-28
testing12844.jpg,Outside,1.0,4.0153723e-28,2.6811293e-27,1.0
testing12845.jpg,Outside,1.0,9.8668637e-20,9.5304287e-23,1.0
testing12846.jpg,Intermediate,1.0,1.0,7.949673e-24,9.551419e-10
testing12847.jpg,Intermediate,0.999263,0.999263,2.889499e-16,0.0007369596
testing12848.jpg,Outside,1.0,5.2707554e-31,2.2211374e-30,1.0
testing12849.jpg,Outside,1.0,4.2069228e-26,4.088891e-26,1.0
testing12850.jpg,Nanodomain,0.57697046,0.42302954,0.57697046,6.102908e-24
testing12851.jpg,Intermediate,1.0,1.0,7.8654294e-30,1.08002465e-16
testing12852.jpg,Intermediate,1.0,1.0,8.470905e-25,3.749098e-09
testing12853.jpg,Intermediate,1.0,1.0,6.1388067e-19,2.3097246e-10
testing12854.jpg,Intermediate,1.0,1.0,2.2067097e-25,2.4914698e-14
testing12855.jpg,Intermediate,1.0,1.0,9.535682e-27,3.1296868e-17
testing12856.jpg,Intermediate,1.0,1.0,2.09245e-28,6.015318e-27
testing12857.jpg,Nanodomain,1.0,3.4145336e-26,1.0,0.0
testing12858.jpg,Nanodomain,1.0,1.2119618e-25,1.0,0.0
testing12859.jpg,Nanodomain,1.0,0.0,1.0,0.0
testing12860.jpg,Nanodomain,0.9886436,0.011356397,0.9886436,1.1085735e-28
testing12861.jpg,Nanodomain,0.9999999,6.4802975e-08,0.9999999,4.689644e-30
testing12862.jpg,Intermediate,0.98687786,0.98687786,0.013122117,1.8063575e-25
testing12863.jpg,Intermediate,1.0,1.0,1.0178491e-13,1.118522e-28
testing12864.jpg,Intermediate,0.9958189,0.9958189,0.004181136,1.0347791e-26
testing12865.jpg,Intermediate,1.0,1.0,3.6448375e-23,4.930355e-27
testing12866.jpg,Intermediate,1.0,1.0,5.6329533e-15,8.579806e-28
testing12867.jpg,Intermediate,1.0,1.0,2.6725111e-27,8.248974e-29
testing12868.jpg,Intermediate,1.0,1.0,2.074321e-29,9.047461e-30
testing12869.jpg,Intermediate,1.0,1.0,1.8930922e-20,9.010324e-24
testing12870.jpg,Nanodomain,1.0,0.0,1.0,0.0
testing12871.jpg,Nanodomain,1.0,0.0,1.0,0.0
testing12872.jpg,Nanodomain,1.0,0.0,1.0,0.0
testing12873.jpg,Nanodomain,1.0,0.0,1.0,0.0
testing12874.jpg,Nanodomain,1.0,0.0,1.0,0.0
testing12875.jpg,Nanodomain,1.0,0.0,1.0,0.0
testing12876.jpg,Nanodomain,1.0,1.4095301e-33,1.0,0.0
testing12877.jpg,Nanodomain,1.0,4.4935216e-36,1.0,0.0
testing12878.jpg,Nanodomain,1.0,1.859202e-23,1.0,0.0
testing12879.jpg,Nanodomain,1.0,0.0,1.0,0.0
testing12880.jpg,Nanodomain,1.0,0.0,1.0,0.0
testing12881.jpg,Nanodomain,1.0,0.0,1.0,0.0
testing12882.jpg,Nanodomain,1.0,0.0,1.0,0.0
testing12883.jpg,Nanodomain,1.0,0.0,1.0,0.0
testing12884.jpg,Nanodomain,1.0,0.0,1.0,0.0
testing12885.jpg,Nanodomain,1.0,0.0,1.0,0.0
testing12886.jpg,Nanodomain,1.0,0.0,1.0,0.0
testing12887.jpg,Nanodomain,1.0,0.0,1.0,0.0
testing12888.jpg,Nanodomain,1.0,0.0,1.0,0.0
testing12889.jpg,Nanodomain,1.0,0.0,1.0,0.0
testing12890.jpg,Nanodomain,1.0,0.0,1.0,0.0
testing12891.jpg,Nanodomain,1.0,0.0,1.0,0.0
testing12892.jpg,Nanodomain,1.0,0.0,1.0,0.0
testing12893.jpg,Outside,1.0,3.207055e-35,8.095988e-32,1.0
testing12894.jpg,Outside,1.0,3.6682768e-35,2.0574342e-35,1.0
testing12895.jpg,Outside,1.0,7.9001486e-33,6.421284e-32,1.0
testing12896.jpg,Outside,1.0,2.8804714e-28,1.1440339e-28,1.0
testing12897.jpg,Outside,1.0,2.4939904e-36,1.3870741e-33,1.0
testing12898.jpg,Outside,1.0,2.1101608e-32,2.2680036e-32,1.0
testing12899.jpg,Outside,1.0,1.5444997e-30,3.2356586e-30,1.0
testing12900.jpg,Outside,1.0,1.4731121e-33,5.805663e-32,1.0
testing12901.jpg,Outside,1.0,5.0913054e-35,1.5579542e-32,1.0
testing12902.jpg,Outside,1.0,3.5910264e-31,5.6039122e-30,1.0
testing12903.jpg,Outside,1.0,2.0455276e-31,1.7347591e-31,1.0
testing12904.jpg,Outside,1.0,1.4247032e-27,1.1399707e-26,1.0
testing12905.jpg,Outside,1.0,2.0759246e-32,1.3517237e-29,1.0
testing12906.jpg,Nanodomain,1.0,0.0,1.0,0.0
testing12907.jpg,Nanodomain,1.0,0.0,1.0,0.0
testing12908.jpg,Nanodomain,1.0,0.0,1.0,0.0
testing12909.jpg,Nanodomain,1.0,0.0,1.0,0.0
testing12910.jpg,Nanodomain,1.0,0.0,1.0,0.0
testing12911.jpg,Nanodomain,1.0,0.0,1.0,0.0
testing12912.jpg,Nanodomain,1.0,0.0,1.0,0.0
testing12913.jpg,Nanodomain,1.0,0.0,1.0,0.0
testing12914.jpg,Nanodomain,1.0,0.0,1.0,0.0
testing12915.jpg,Nanodomain,1.0,0.0,1.0,0.0
testing12916.jpg,Nanodomain,1.0,0.0,1.0,0.0
testing12917.jpg,Nanodomain,1.0,0.0,1.0,0.0
testing12918.jpg,Nanodomain,1.0,0.0,1.0,0.0
testing12919.jpg,Intermediate,1.0,1.0,1.7496596e-38,6.670255e-25
testing12920.jpg,Outside,1.0,6.427107e-20,1.5650336e-21,1.0
testing12921.jpg,Intermediate,1.0,1.0,1.20737434e-26,1.0576856e-16
testing12922.jpg,Intermediate,1.0,1.0,3.8864955e-26,2.45024e-13
testing12923.jpg,Intermediate,1.0,1.0,1.8296566e-33,2.3833864e-23
testing12924.jpg,Nanodomain,1.0,0.0,1.0,0.0
testing12925.jpg,Nanodomain,1.0,0.0,1.0,0.0
testing12926.jpg,Nanodomain,1.0,0.0,1.0,0.0
testing12927.jpg,Nanodomain,1.0,0.0,1.0,0.0
testing12928.jpg,Nanodomain,1.0,0.0,1.0,0.0
testing12929.jpg,Nanodomain,1.0,0.0,1.0,0.0
testing12930.jpg,Nanodomain,1.0,0.0,1.0,0.0
testing12931.jpg,Nanodomain,1.0,0.0,1.0,0.0
testing12932.jpg,Nanodomain,1.0,0.0,1.0,0.0
testing12933.jpg,Nanodomain,1.0,0.0,1.0,0.0
testing12934.jpg,Nanodomain,1.0,0.0,1.0,0.0
testing12935.jpg,Nanodomain,1.0,0.0,1.0,0.0
testing12936.jpg,Outside,1.0,1.5382067e-32,1.919977e-30,1.0
testing12937.jpg,Outside,1.0,3.8830732e-18,5.5029955e-21,1.0
testing12938.jpg,Nanodomain,1.0,0.0,1.0,0.0
testing12939.jpg,Nanodomain,1.0,0.0,1.0,0.0
testing12940.jpg,Nanodomain,1.0,0.0,1.0,0.0
testing12941.jpg,Nanodomain,1.0,0.0,1.0,0.0
testing12942.jpg,Nanodomain,1.0,0.0,1.0,0.0
testing12943.jpg,Nanodomain,1.0,0.0,1.0,0.0
testing12944.jpg,Nanodomain,1.0,0.0,1.0,0.0
testing12945.jpg,Nanodomain,1.0,0.0,1.0,0.0
testing12946.jpg,Nanodomain,1.0,0.0,1.0,0.0
testing12947.jpg,Nanodomain,1.0,0.0,1.0,0.0
testing12948.jpg,Nanodomain,1.0,6.193188e-19,1.0,0.0
testing12949.jpg,Nanodomain,1.0,0.0,1.0,0.0
testing12950.jpg,Nanodomain,1.0,0.0,1.0,0.0
testing12951.jpg,Nanodomain,1.0,0.0,1.0,0.0
testing12952.jpg,Nanodomain,1.0,0.0,1.0,0.0
testing12953.jpg,Nanodomain,1.0,0.0,1.0,0.0
testing12954.jpg,Outside,1.0,5.765067e-13,4.8452094e-17,1.0
testing12955.jpg,Intermediate,0.99725014,0.99725014,2.3767456e-20,0.0027498102
testing12956.jpg,Intermediate,0.9999989,0.9999989,2.458912e-21,1.1087286e-06
testing12957.jpg,Intermediate,0.9999999,0.9999999,3.6284053e-19,1.376664e-07
testing12958.jpg,Outside,0.9999995,4.881669e-07,3.640357e-18,0.9999995
testing12959.jpg,Outside,1.0,2.958828e-11,6.8673226e-20,1.0
testing12960.jpg,Intermediate,1.0,1.0,1.9159491e-34,7.8597683e-28
testing12961.jpg,Intermediate,1.0,1.0,3.2393882e-30,7.1387217e-31
testing12962.jpg,Intermediate,1.0,1.0,3.0108354e-32,6.091939e-27
testing12963.jpg,Intermediate,1.0,1.0,4.5659047e-28,7.25532e-23
testing12964.jpg,Intermediate,1.0,1.0,2.1260943e-32,8.680703e-22
testing12965.jpg,Intermediate,1.0,1.0,9.490258e-25,1.2903472e-19
testing12966.jpg,Outside,1.0,6.9201164e-12,3.4723297e-18,1.0
testing12967.jpg,Intermediate,1.0,1.0,3.123945e-20,1.4154024e-19
testing12968.jpg,Intermediate,1.0,1.0,7.350322e-21,4.5864948e-17
testing12969.jpg,Intermediate,1.0,1.0,1.0139194e-32,1.8158802e-20
testing12970.jpg,Intermediate,1.0,1.0,4.5365835e-27,1.0431577e-21
testing12971.jpg,Outside,1.0,1.2480966e-28,3.005504e-29,1.0
testing12972.jpg,Outside,1.0,8.149158e-32,4.2436636e-30,1.0
testing12973.jpg,Intermediate,1.0,1.0,3.9688615e-37,7.86831e-30
testing12974.jpg,Outside,1.0,1.9859392e-31,1.8789525e-30,1.0
testing12975.jpg,Outside,1.0,2.898157e-31,7.852178e-30,1.0
testing12976.jpg,Outside,1.0,3.2407429e-18,9.8488356e-23,1.0
testing12977.jpg,Intermediate,0.9732127,0.9732127,3.7385736e-13,0.026787225
testing12978.jpg,Intermediate,1.0,1.0,1.0903298e-28,7.1710975e-22
testing12979.jpg,Intermediate,1.0,1.0,4.460667e-34,2.677855e-22
testing12980.jpg,Nanodomain,1.0,2.597459e-13,1.0,7.935843e-35
testing12981.jpg,Nanodomain,1.0,2.655198e-25,1.0,0.0
testing12982.jpg,Nanodomain,1.0,1.4328557e-21,1.0,0.0
testing12983.jpg,Nanodomain,1.0,4.975126e-29,1.0,0.0
testing12984.jpg,Nanodomain,0.9999999,7.0739745e-08,0.9999999,1.15452706e-32
testing12985.jpg,Nanodomain,1.0,3.853663e-33,1.0,0.0
testing12986.jpg,Intermediate,0.578301,0.578301,0.421699,6.863473e-20
testing12987.jpg,Nanodomain,1.0,1.6634446e-33,1.0,0.0
testing12988.jpg,Nanodomain,0.99999905,9.100293e-07,0.99999905,1.6824768e-29
testing12989.jpg,Intermediate,0.9999939,0.9999939,6.0640455e-06,5.4306526e-24
testing12990.jpg,Nanodomain,0.92443687,0.0755631,0.92443687,1.1117699e-24
testing12991.jpg,Intermediate,0.99492574,0.99492574,0.0050743,5.145345e-25
testing12992.jpg,Intermediate,0.9999999,0.9999999,6.083707e-08,2.7619513e-23
testing12993.jpg,Outside,1.0,2.845402e-29,1.042351e-27,1.0
testing12994.jpg,Outside,1.0,3.1646826e-32,3.4025216e-32,1.0
testing12995.jpg,Outside,1.0,1.15422555e-36,1.5718499e-34,1.0
testing12996.jpg,Outside,1.0,5.773334e-12,3.3904876e-23,1.0
testing12997.jpg,Intermediate,1.0,1.0,4.349661e-20,4.072827e-18
testing12998.jpg,Intermediate,1.0,1.0,5.1338966e-10,3.341592e-23
testing12999.jpg,Nanodomain,0.9989574,0.0010426453,0.9989574,1.1686607e-24
testing13000.jpg,Nanodomain,1.0,6.2215033e-13,1.0,5.4782936e-31
testing13001.jpg,Intermediate,1.0,1.0,4.798637e-24,1.0210604e-26
testing13002.jpg,Outside,1.0,1.0643174e-27,1.21438164e-26,1.0
testing13003.jpg,Outside,1.0,5.607529e-29,3.3103866e-27,1.0
testing13004.jpg,Outside,1.0,3.1909956e-35,3.3871884e-32,1.0
testing13005.jpg,Nanodomain,1.0,0.0,1.0,0.0
testing13006.jpg,Nanodomain,1.0,0.0,1.0,0.0
testing13007.jpg,Nanodomain,1.0,0.0,1.0,0.0
testing13008.jpg,Nanodomain,1.0,0.0,1.0,0.0
testing13009.jpg,Nanodomain,1.0,0.0,1.0,0.0
testing13010.jpg,Nanodomain,1.0,0.0,1.0,0.0
testing13011.jpg,Nanodomain,1.0,0.0,1.0,0.0
testing13012.jpg,Nanodomain,1.0,0.0,1.0,0.0
testing13013.jpg,Nanodomain,1.0,0.0,1.0,0.0
testing13014.jpg,Nanodomain,1.0,0.0,1.0,0.0
testing13015.jpg,Nanodomain,1.0,0.0,1.0,0.0
testing13016.jpg,Nanodomain,1.0,0.0,1.0,0.0
testing13017.jpg,Nanodomain,1.0,0.0,1.0,0.0
testing13018.jpg,Nanodomain,1.0,0.0,1.0,0.0
testing13019.jpg,Nanodomain,1.0,0.0,1.0,0.0
testing13020.jpg,Nanodomain,1.0,0.0,1.0,0.0
testing13021.jpg,Outside,1.0,7.965497e-37,4.848461e-33,1.0
testing13022.jpg,Outside,1.0,3.481601e-33,3.300861e-30,1.0
testing13023.jpg,Outside,1.0,1.6404472e-29,5.29854e-29,1.0
testing13024.jpg,Outside,1.0,5.5713496e-35,2.4135513e-31,1.0
testing13025.jpg,Outside,1.0,1.1715716e-34,3.6130232e-32,1.0
testing13026.jpg,Outside,1.0,7.599089e-34,7.8264526e-32,1.0
testing13027.jpg,Outside,1.0,5.413143e-33,8.000916e-29,1.0
testing13028.jpg,Outside,1.0,0.0,1.8037955e-38,1.0
testing13029.jpg,Outside,1.0,2.0852266e-32,1.1539914e-30,1.0
testing13030.jpg,Outside,1.0,9.2009215e-29,1.980208e-28,1.0
testing13031.jpg,Nanodomain,1.0,0.0,1.0,0.0
testing13032.jpg,Nanodomain,1.0,0.0,1.0,0.0
testing13033.jpg,Outside,1.0,2.7674245e-31,2.8593325e-27,1.0
testing13034.jpg,Nanodomain,1.0,0.0,1.0,0.0
testing13035.jpg,Nanodomain,1.0,0.0,1.0,0.0
testing13036.jpg,Nanodomain,1.0,0.0,1.0,0.0
testing13037.jpg,Nanodomain,1.0,0.0,1.0,0.0
testing13038.jpg,Nanodomain,1.0,0.0,1.0,0.0
testing13039.jpg,Nanodomain,1.0,0.0,1.0,0.0
testing13040.jpg,Nanodomain,1.0,0.0,1.0,0.0
testing13041.jpg,Nanodomain,1.0,0.0,1.0,0.0
testing13042.jpg,Nanodomain,1.0,0.0,1.0,0.0
testing13043.jpg,Nanodomain,1.0,0.0,1.0,0.0
testing13044.jpg,Nanodomain,1.0,0.0,1.0,0.0
testing13045.jpg,Outside,1.0,2.5426443e-30,5.5832995e-30,1.0
testing13046.jpg,Outside,1.0,6.609077e-28,1.6879058e-27,1.0
testing13047.jpg,Outside,1.0,1.8397661e-22,1.5026919e-28,1.0
testing13048.jpg,Outside,1.0,7.135688e-19,3.8631637e-22,1.0
testing13049.jpg,Nanodomain,1.0,0.0,1.0,0.0
testing13050.jpg,Nanodomain,1.0,0.0,1.0,0.0
testing13051.jpg,Nanodomain,1.0,0.0,1.0,0.0
testing13052.jpg,Nanodomain,1.0,0.0,1.0,0.0
testing13053.jpg,Nanodomain,1.0,0.0,1.0,0.0
testing13054.jpg,Nanodomain,1.0,0.0,1.0,0.0
testing13055.jpg,Nanodomain,1.0,0.0,1.0,0.0
testing13056.jpg,Nanodomain,1.0,0.0,1.0,0.0
testing13057.jpg,Nanodomain,1.0,0.0,1.0,0.0
testing13058.jpg,Nanodomain,1.0,0.0,1.0,0.0
testing13059.jpg,Nanodomain,1.0,0.0,1.0,0.0
testing13060.jpg,Nanodomain,1.0,0.0,1.0,0.0
testing13061.jpg,Nanodomain,1.0,0.0,1.0,0.0
testing13062.jpg,Nanodomain,1.0,0.0,1.0,0.0
testing13063.jpg,Nanodomain,1.0,0.0,1.0,0.0
testing13064.jpg,Outside,1.0,2.9640074e-26,6.7519976e-25,1.0
testing13065.jpg,Outside,1.0,1.8445568e-24,6.097333e-27,1.0
testing13066.jpg,Nanodomain,1.0,0.0,1.0,0.0
testing13067.jpg,Nanodomain,1.0,0.0,1.0,0.0
testing13068.jpg,Nanodomain,1.0,0.0,1.0,0.0
testing13069.jpg,Nanodomain,1.0,0.0,1.0,0.0
testing13070.jpg,Nanodomain,1.0,0.0,1.0,0.0
testing13071.jpg,Nanodomain,1.0,0.0,1.0,0.0
testing13072.jpg,Nanodomain,1.0,0.0,1.0,0.0
testing13073.jpg,Nanodomain,1.0,0.0,1.0,0.0
testing13074.jpg,Nanodomain,1.0,0.0,1.0,0.0
testing13075.jpg,Nanodomain,1.0,0.0,1.0,0.0
testing13076.jpg,Nanodomain,1.0,0.0,1.0,0.0
testing13077.jpg,Nanodomain,1.0,0.0,1.0,0.0
testing13078.jpg,Nanodomain,1.0,0.0,1.0,0.0
testing13079.jpg,Nanodomain,1.0,0.0,1.0,0.0
testing13080.jpg,Nanodomain,1.0,0.0,1.0,0.0
testing13081.jpg,Nanodomain,1.0,7.744257e-37,1.0,0.0
testing13082.jpg,Outside,1.0,3.1245415e-27,5.518595e-28,1.0
testing13083.jpg,Outside,1.0,5.447951e-31,1.7063793e-31,1.0
testing13084.jpg,Outside,1.0,1.3566017e-27,7.4392934e-28,1.0
testing13085.jpg,Intermediate,1.0,1.0,0.0,2.3185655e-25
testing13086.jpg,Intermediate,1.0,1.0,3.4006652e-25,5.966663e-12
testing13087.jpg,Intermediate,1.0,1.0,2.9154905e-37,3.9946518e-30
testing13088.jpg,Intermediate,1.0,1.0,1.5748785e-37,1.0348326e-32
testing13089.jpg,Intermediate,1.0,1.0,1.144568e-33,1.9074887e-20
testing13090.jpg,Intermediate,1.0,1.0,1.3443746e-30,6.013148e-24
testing13091.jpg,Intermediate,0.9999155,0.9999155,2.4494177e-23,8.456837e-05
testing13092.jpg,Intermediate,1.0,1.0,2.7881661e-28,6.5620285e-19
testing13093.jpg,Intermediate,1.0,1.0,2.516833e-28,2.0098092e-23
testing13094.jpg,Intermediate,1.0,1.0,8.029596e-29,4.8617466e-23
testing13095.jpg,Intermediate,1.0,1.0,1.4648387e-21,2.1537284e-15
testing13096.jpg,Intermediate,1.0,1.0,2.090549e-30,1.0682091e-21
testing13097.jpg,Intermediate,1.0,1.0,3.212862e-26,5.0928177e-21
testing13098.jpg,Intermediate,1.0,1.0,8.417677e-28,1.00079555e-19
testing13099.jpg,Intermediate,1.0,1.0,8.59455e-27,5.4814667e-14
testing13100.jpg,Intermediate,1.0,1.0,2.1557163e-31,4.972379e-20
testing13101.jpg,Intermediate,0.99999964,0.99999964,7.1638764e-22,2.9872425e-07
testing13102.jpg,Intermediate,0.99999976,0.99999976,5.636401e-19,2.9159628e-07
testing13103.jpg,Outside,1.0,1.6247283e-29,8.2372415e-30,1.0
testing13104.jpg,Outside,1.0,8.562098e-25,1.9590679e-25,1.0
testing13105.jpg,Outside,1.0,1.1979786e-26,2.5834987e-26,1.0
testing13106.jpg,Outside,1.0,5.3073587e-22,4.4302284e-26,1.0
testing13107.jpg,Nanodomain,1.0,2.0455636e-34,1.0,0.0
testing13108.jpg,Nanodomain,1.0,1.1711986e-15,1.0,7.938534e-36
testing13109.jpg,Nanodomain,1.0,2.3822357e-20,1.0,0.0
testing13110.jpg,Nanodomain,1.0,3.7489135e-27,1.0,0.0
testing13111.jpg,Nanodomain,1.0,4.46592e-15,1.0,5.1181167e-36
testing13112.jpg,Nanodomain,1.0,3.7318042e-28,1.0,0.0
testing13113.jpg,Nanodomain,1.0,1.8825622e-29,1.0,0.0
testing13114.jpg,Nanodomain,1.0,6.264945e-35,1.0,0.0
testing13115.jpg,Nanodomain,1.0,1.7995566e-10,1.0,3.765546e-31
testing13116.jpg,Nanodomain,1.0,3.309819e-19,1.0,0.0
testing13117.jpg,Nanodomain,0.6409508,0.3590492,0.6409508,1.7460196e-20
testing13118.jpg,Intermediate,0.9987348,0.9987348,0.0012652249,1.7056653e-22
testing13119.jpg,Intermediate,1.0,1.0,2.14721e-12,1.1273393e-25
testing13120.jpg,Outside,1.0,1.1980428e-33,1.875041e-32,1.0
testing13121.jpg,Outside,1.0,1.8693742e-28,4.973402e-28,1.0
testing13122.jpg,Outside,1.0,3.5714207e-32,3.8549354e-29,1.0
testing13123.jpg,Outside,1.0,1.1809236e-32,1.6063932e-30,1.0
testing13124.jpg,Outside,1.0,7.164515e-35,5.86056e-31,1.0
testing13125.jpg,Intermediate,0.99871814,0.99871814,0.0012818989,2.1293834e-21
testing13126.jpg,Nanodomain,1.0,8.01695e-23,1.0,0.0
testing13127.jpg,Nanodomain,0.99997604,2.4007046e-05,0.99997604,3.3561358e-25
testing13128.jpg,Intermediate,1.0,1.0,1.3349362e-22,3.5331408e-24
testing13129.jpg,Intermediate,1.0,1.0,3.41056e-20,4.9936227e-23
testing13130.jpg,Outside,1.0,2.3918418e-28,4.89707e-25,1.0
testing13131.jpg,Outside,1.0,1.0366831e-37,2.6467924e-34,1.0
testing13132.jpg,Outside,1.0,5.839075e-37,3.7006917e-33,1.0
testing13133.jpg,Nanodomain,1.0,0.0,1.0,0.0
testing13134.jpg,Nanodomain,1.0,0.0,1.0,0.0
testing13135.jpg,Nanodomain,1.0,0.0,1.0,0.0
testing13136.jpg,Nanodomain,1.0,0.0,1.0,0.0
testing13137.jpg,Nanodomain,1.0,0.0,1.0,0.0
testing13138.jpg,Nanodomain,1.0,0.0,1.0,0.0
testing13139.jpg,Nanodomain,1.0,0.0,1.0,0.0
testing13140.jpg,Nanodomain,1.0,0.0,1.0,0.0
testing13141.jpg,Nanodomain,1.0,0.0,1.0,0.0
testing13142.jpg,Nanodomain,1.0,0.0,1.0,0.0
testing13143.jpg,Nanodomain,1.0,0.0,1.0,0.0
testing13144.jpg,Nanodomain,1.0,0.0,1.0,0.0
testing13145.jpg,Nanodomain,1.0,0.0,1.0,0.0
testing13146.jpg,Nanodomain,1.0,0.0,1.0,0.0
testing13147.jpg,Nanodomain,1.0,0.0,1.0,0.0
testing13148.jpg,Nanodomain,1.0,0.0,1.0,0.0
testing13149.jpg,Outside,1.0,8.349909e-28,1.5993685e-29,1.0
testing13150.jpg,Outside,1.0,3.714508e-34,5.27506e-31,1.0
testing13151.jpg,Outside,1.0,1.7998655e-29,5.934678e-27,1.0
testing13152.jpg,Outside,1.0,2.9757226e-33,8.364753e-31,1.0
testing13153.jpg,Outside,1.0,1.1392213e-29,3.6330846e-28,1.0
testing13154.jpg,Outside,1.0,2.2552646e-29,8.0133786e-29,1.0
testing13155.jpg,Outside,1.0,3.8487348e-29,7.673773e-28,1.0
testing13156.jpg,Outside,1.0,1.7658936e-30,1.426322e-29,1.0
testing13157.jpg,Outside,1.0,2.1127447e-26,2.924327e-27,1.0
testing13158.jpg,Outside,1.0,8.222979e-32,6.660471e-31,1.0
testing13159.jpg,Nanodomain,1.0,0.0,1.0,0.0
testing13160.jpg,Nanodomain,1.0,0.0,1.0,0.0
testing13161.jpg,Nanodomain,1.0,0.0,1.0,0.0
testing13162.jpg,Nanodomain,1.0,0.0,1.0,0.0
testing13163.jpg,Nanodomain,1.0,0.0,1.0,0.0
testing13164.jpg,Nanodomain,1.0,0.0,1.0,0.0
testing13165.jpg,Nanodomain,1.0,0.0,1.0,0.0
testing13166.jpg,Nanodomain,1.0,0.0,1.0,0.0
testing13167.jpg,Nanodomain,1.0,0.0,1.0,0.0
testing13168.jpg,Nanodomain,1.0,0.0,1.0,0.0
testing13169.jpg,Nanodomain,1.0,0.0,1.0,0.0
testing13170.jpg,Nanodomain,1.0,0.0,1.0,0.0
testing13171.jpg,Nanodomain,1.0,0.0,1.0,0.0
testing13172.jpg,Nanodomain,1.0,0.0,1.0,0.0
testing13173.jpg,Outside,1.0,8.990782e-33,2.0133318e-30,1.0
testing13174.jpg,Outside,1.0,1.1879332e-29,5.6065638e-30,1.0
testing13175.jpg,Nanodomain,1.0,0.0,1.0,0.0
testing13176.jpg,Nanodomain,1.0,0.0,1.0,0.0
testing13177.jpg,Nanodomain,1.0,0.0,1.0,0.0
testing13178.jpg,Nanodomain,1.0,0.0,1.0,0.0
testing13179.jpg,Nanodomain,1.0,0.0,1.0,0.0
testing13180.jpg,Nanodomain,1.0,6.6219494e-35,1.0,0.0
testing13181.jpg,Nanodomain,1.0,0.0,1.0,0.0
testing13182.jpg,Nanodomain,1.0,0.0,1.0,0.0
testing13183.jpg,Nanodomain,1.0,0.0,1.0,0.0
testing13184.jpg,Nanodomain,1.0,0.0,1.0,0.0
testing13185.jpg,Nanodomain,1.0,0.0,1.0,0.0
testing13186.jpg,Nanodomain,1.0,0.0,1.0,0.0
testing13187.jpg,Nanodomain,1.0,0.0,1.0,0.0
testing13188.jpg,Nanodomain,1.0,0.0,1.0,0.0
testing13189.jpg,Nanodomain,1.0,0.0,1.0,0.0
testing13190.jpg,Nanodomain,1.0,0.0,1.0,0.0
testing13191.jpg,Outside,1.0,1.3705286e-16,1.9323226e-21,1.0
testing13192.jpg,Outside,0.9998233,0.00017676772,1.3431604e-19,0.9998233
testing13193.jpg,Intermediate,1.0,1.0,4.4923358e-30,1.7335533e-18
testing13194.jpg,Outside,1.0,9.32648e-28,1.4355486e-27,1.0
testing13195.jpg,Outside,1.0,1.749969e-13,7.787097e-21,1.0
testing13196.jpg,Nanodomain,1.0,0.0,1.0,0.0
testing13197.jpg,Nanodomain,1.0,0.0,1.0,0.0
testing13198.jpg,Nanodomain,1.0,0.0,1.0,0.0
testing13199.jpg,Nanodomain,1.0,0.0,1.0,0.0
testing13200.jpg,Nanodomain,1.0,0.0,1.0,0.0
testing13201.jpg,Nanodomain,1.0,0.0,1.0,0.0
testing13202.jpg,Nanodomain,1.0,0.0,1.0,0.0
testing13203.jpg,Nanodomain,1.0,0.0,1.0,0.0
testing13204.jpg,Nanodomain,1.0,0.0,1.0,0.0
testing13205.jpg,Nanodomain,1.0,0.0,1.0,0.0
testing13206.jpg,Nanodomain,1.0,0.0,1.0,0.0
testing13207.jpg,Nanodomain,1.0,0.0,1.0,0.0
testing13208.jpg,Nanodomain,1.0,0.0,1.0,0.0
testing13209.jpg,Intermediate,1.0,1.0,2.8260663e-25,6.6078295e-13
testing13210.jpg,Intermediate,1.0,1.0,1.7557399e-35,3.8039527e-22
testing13211.jpg,Intermediate,1.0,1.0,4.451137e-24,3.848605e-13
testing13212.jpg,Intermediate,0.9999999,0.9999999,4.956187e-20,7.573563e-08
testing13213.jpg,Intermediate,1.0,1.0,1.7688374e-33,3.2357812e-23
testing13214.jpg,Outside,0.93187857,0.06812143,1.6791996e-17,0.93187857
testing13215.jpg,Intermediate,1.0,1.0,1.2908431e-21,3.5369048e-08
testing13216.jpg,Intermediate,1.0,1.0,4.1283934e-38,1.7212008e-30
testing13217.jpg,Intermediate,1.0,1.0,5.6927993e-27,3.370888e-14
testing13218.jpg,Intermediate,1.0,1.0,6.9929126e-29,5.648294e-23
testing13219.jpg,Intermediate,1.0,1.0,3.403987e-33,4.4784066e-23
testing13220.jpg,Intermediate,1.0,1.0,2.25599e-34,1.813096e-22
testing13221.jpg,Intermediate,1.0,1.0,5.3573235e-27,5.93745e-24
testing13222.jpg,Nanodomain,1.0,0.0,1.0,0.0
testing13223.jpg,Nanodomain,1.0,0.0,1.0,0.0
testing13224.jpg,Nanodomain,1.0,0.0,1.0,0.0
testing13225.jpg,Nanodomain,1.0,0.0,1.0,0.0
testing13226.jpg,Nanodomain,1.0,0.0,1.0,0.0
testing13227.jpg,Nanodomain,1.0,0.0,1.0,0.0
testing13228.jpg,Intermediate,1.0,1.0,6.9429e-26,1.9841968e-24
testing13229.jpg,Intermediate,1.0,1.0,1.7991321e-35,4.7270795e-28
testing13230.jpg,Intermediate,1.0,1.0,1.7418883e-30,7.7748425e-20
testing13231.jpg,Intermediate,0.9999975,0.9999975,2.213025e-19,2.465121e-06
testing13232.jpg,Outside,1.0,1.0171548e-12,5.0166837e-17,1.0
testing13233.jpg,Intermediate,1.0,1.0,2.811691e-24,4.043342e-08
testing13234.jpg,Intermediate,0.9999981,0.9999981,2.556781e-23,1.9048626e-06
testing13235.jpg,Outside,1.0,2.2493738e-11,1.9162239e-22,1.0
testing13236.jpg,Outside,1.0,1.7074731e-16,1.0351717e-18,1.0
testing13237.jpg,Outside,1.0,1.1773211e-24,2.133013e-27,1.0
testing13238.jpg,Outside,1.0,9.565036e-14,4.5658516e-21,1.0
testing13239.jpg,Nanodomain,1.0,2.571662e-17,1.0,0.0
testing13240.jpg,Nanodomain,1.0,3.951837e-36,1.0,0.0
testing13241.jpg,Nanodomain,1.0,4.2056778e-38,1.0,0.0
testing13242.jpg,Nanodomain,1.0,5.060683e-31,1.0,0.0
testing13243.jpg,Nanodomain,1.0,3.476303e-27,1.0,0.0
testing13244.jpg,Intermediate,0.9982358,0.9982358,0.0017641757,1.5386907e-22
testing13245.jpg,Intermediate,0.9999987,0.9999987,1.2572671e-06,4.450214e-24
testing13246.jpg,Outside,1.0,3.114406e-10,3.1028118e-23,1.0
testing13247.jpg,Outside,1.0,1.1968591e-34,3.9434124e-32,1.0
testing13248.jpg,Outside,1.0,1.8300353e-31,3.367315e-29,1.0
testing13249.jpg,Outside,1.0,2.1200272e-33,1.8012982e-32,1.0
testing13250.jpg,Outside,1.0,7.5356546e-30,7.47933e-28,1.0
testing13251.jpg,Outside,1.0,7.716419e-37,1.5952028e-34,1.0
testing13252.jpg,Outside,1.0,1.6489585e-32,5.112568e-31,1.0
testing13253.jpg,Intermediate,1.0,1.0,2.7513432e-29,1.63416185e-24
testing13254.jpg,Nanodomain,1.0,0.0,1.0,0.0
testing13255.jpg,Nanodomain,1.0,0.0,1.0,0.0
testing13256.jpg,Nanodomain,1.0,0.0,1.0,0.0
testing13257.jpg,Nanodomain,1.0,9.460216e-26,1.0,0.0
testing13258.jpg,Nanodomain,1.0,1.7475438e-32,1.0,0.0
testing13259.jpg,Nanodomain,1.0,0.0,1.0,0.0
testing13260.jpg,Nanodomain,1.0,0.0,1.0,0.0
testing13261.jpg,Nanodomain,1.0,0.0,1.0,0.0
testing13262.jpg,Nanodomain,1.0,0.0,1.0,0.0
testing13263.jpg,Nanodomain,1.0,0.0,1.0,0.0
testing13264.jpg,Nanodomain,1.0,0.0,1.0,0.0
testing13265.jpg,Nanodomain,1.0,0.0,1.0,0.0
testing13266.jpg,Nanodomain,1.0,0.0,1.0,0.0
testing13267.jpg,Nanodomain,1.0,0.0,1.0,0.0
testing13268.jpg,Nanodomain,1.0,0.0,1.0,0.0
testing13269.jpg,Nanodomain,1.0,0.0,1.0,0.0
testing13270.jpg,Nanodomain,1.0,0.0,1.0,0.0
testing13271.jpg,Nanodomain,1.0,0.0,1.0,0.0
testing13272.jpg,Nanodomain,1.0,0.0,1.0,0.0
testing13273.jpg,Nanodomain,1.0,0.0,1.0,0.0
testing13274.jpg,Nanodomain,1.0,0.0,1.0,0.0
testing13275.jpg,Nanodomain,1.0,0.0,1.0,0.0
testing13276.jpg,Nanodomain,1.0,0.0,1.0,0.0
testing13277.jpg,Outside,1.0,8.3798737e-35,2.050293e-31,1.0
testing13278.jpg,Outside,1.0,9.4624784e-36,3.2107831e-31,1.0
testing13279.jpg,Outside,1.0,4.0065022e-26,2.1929894e-25,1.0
testing13280.jpg,Outside,1.0,1.1873612e-31,1.4816475e-29,1.0
testing13281.jpg,Outside,1.0,3.878554e-35,2.9392149e-33,1.0
testing13282.jpg,Outside,1.0,3.2906598e-33,2.0386813e-30,1.0
testing13283.jpg,Outside,1.0,9.484397e-32,2.2560735e-29,1.0
testing13284.jpg,Outside,1.0,1.1832944e-34,1.1101154e-33,1.0
testing13285.jpg,Outside,1.0,1.8816006e-36,5.023934e-35,1.0
testing13286.jpg,Outside,1.0,3.6365334e-30,1.366266e-28,1.0
testing13287.jpg,Nanodomain,1.0,0.0,1.0,0.0
testing13288.jpg,Nanodomain,1.0,0.0,1.0,0.0
testing13289.jpg,Nanodomain,1.0,0.0,1.0,0.0
testing13290.jpg,Nanodomain,1.0,0.0,1.0,0.0
testing13291.jpg,Nanodomain,1.0,0.0,1.0,0.0
testing13292.jpg,Nanodomain,1.0,0.0,1.0,0.0
testing13293.jpg,Nanodomain,1.0,0.0,1.0,0.0
testing13294.jpg,Nanodomain,1.0,0.0,1.0,0.0
testing13295.jpg,Nanodomain,1.0,0.0,1.0,0.0
testing13296.jpg,Nanodomain,1.0,0.0,1.0,0.0
testing13297.jpg,Nanodomain,1.0,0.0,1.0,0.0
testing13298.jpg,Nanodomain,1.0,0.0,1.0,0.0
testing13299.jpg,Nanodomain,1.0,0.0,1.0,0.0
testing13300.jpg,Nanodomain,1.0,0.0,1.0,0.0
testing13301.jpg,Outside,1.0,7.329269e-28,7.876873e-29,1.0
testing13302.jpg,Outside,1.0,7.035479e-30,7.1103586e-28,1.0
testing13303.jpg,Outside,0.9987446,0.0012553703,1.484231e-14,0.9987446
testing13304.jpg,Nanodomain,1.0,0.0,1.0,0.0
testing13305.jpg,Nanodomain,1.0,0.0,1.0,0.0
testing13306.jpg,Nanodomain,1.0,1.4846318e-33,1.0,0.0
testing13307.jpg,Nanodomain,1.0,9.171997e-32,1.0,0.0
testing13308.jpg,Nanodomain,1.0,0.0,1.0,0.0
testing13309.jpg,Nanodomain,1.0,0.0,1.0,0.0
testing13310.jpg,Nanodomain,1.0,0.0,1.0,0.0
testing13311.jpg,Nanodomain,1.0,0.0,1.0,0.0
testing13312.jpg,Nanodomain,1.0,3.3650856e-26,1.0,0.0
testing13313.jpg,Nanodomain,1.0,0.0,1.0,0.0
testing13314.jpg,Nanodomain,1.0,0.0,1.0,0.0
testing13315.jpg,Nanodomain,1.0,0.0,1.0,0.0
testing13316.jpg,Nanodomain,1.0,0.0,1.0,0.0
testing13317.jpg,Nanodomain,1.0,0.0,1.0,0.0
testing13318.jpg,Intermediate,1.0,1.0,7.74149e-27,4.5513554e-18
testing13319.jpg,Nanodomain,1.0,0.0,1.0,0.0
testing13320.jpg,Nanodomain,1.0,0.0,1.0,0.0
testing13321.jpg,Intermediate,1.0,1.0,2.0960312e-26,3.3734092e-29
testing13322.jpg,Intermediate,1.0,1.0,2.4363328e-25,3.565881e-24
testing13323.jpg,Nanodomain,1.0,0.0,1.0,0.0
testing13324.jpg,Nanodomain,1.0,0.0,1.0,0.0
testing13325.jpg,Nanodomain,1.0,0.0,1.0,0.0
testing13326.jpg,Nanodomain,1.0,0.0,1.0,0.0
testing13327.jpg,Nanodomain,1.0,0.0,1.0,0.0
testing13328.jpg,Nanodomain,1.0,0.0,1.0,0.0
testing13329.jpg,Nanodomain,1.0,0.0,1.0,0.0
testing13330.jpg,Nanodomain,1.0,0.0,1.0,0.0
testing13331.jpg,Nanodomain,1.0,0.0,1.0,0.0
testing13332.jpg,Nanodomain,1.0,0.0,1.0,0.0
testing13333.jpg,Nanodomain,1.0,0.0,1.0,0.0
testing13334.jpg,Nanodomain,1.0,8.891694e-34,1.0,0.0
testing13335.jpg,Nanodomain,1.0,0.0,1.0,0.0
testing13336.jpg,Nanodomain,1.0,0.0,1.0,0.0
testing13337.jpg,Outside,0.9999827,1.7323282e-05,1.3434748e-15,0.9999827
testing13338.jpg,Intermediate,1.0,1.0,4.685883e-25,8.151426e-10
testing13339.jpg,Outside,1.0,7.780874e-14,1.1592339e-21,1.0
testing13340.jpg,Outside,1.0,1.8769784e-08,1.0805382e-19,1.0
testing13341.jpg,Intermediate,1.0,1.0,1.1915391e-25,1.7454364e-12
testing13342.jpg,Intermediate,1.0,1.0,4.2706757e-20,3.3973866e-09
testing13343.jpg,Intermediate,1.0,1.0,2.1142215e-32,7.372535e-21
testing13344.jpg,Intermediate,1.0,1.0,5.3091717e-33,2.4623332e-27
testing13345.jpg,Intermediate,1.0,1.0,9.1465906e-33,3.956628e-24
testing13346.jpg,Intermediate,1.0,1.0,2.4317145e-28,6.589072e-18
testing13347.jpg,Intermediate,1.0,1.0,2.8150514e-23,6.2816505e-12
testing13348.jpg,Intermediate,1.0,1.0,3.0996625e-32,5.0711486e-19
testing13349.jpg,Intermediate,1.0,1.0,4.3334976e-27,2.054514e-15
testing13350.jpg,Nanodomain,1.0,0.0,1.0,0.0
testing13351.jpg,Nanodomain,1.0,0.0,1.0,0.0
testing13352.jpg,Nanodomain,1.0,0.0,1.0,0.0
testing13353.jpg,Nanodomain,1.0,0.0,1.0,0.0
testing13354.jpg,Nanodomain,1.0,0.0,1.0,0.0
testing13355.jpg,Nanodomain,1.0,0.0,1.0,0.0
testing13356.jpg,Intermediate,1.0,1.0,3.3608755e-20,2.921328e-12
testing13357.jpg,Intermediate,1.0,1.0,4.3522e-35,2.7654947e-30
testing13358.jpg,Outside,1.0,4.5318385e-22,3.0715655e-25,1.0
testing13359.jpg,Outside,1.0,3.6889452e-21,8.194642e-24,1.0
testing13360.jpg,Intermediate,1.0,1.0,2.8146155e-20,1.7665908e-08
testing13361.jpg,Outside,0.99999416,5.8952487e-06,2.6511335e-18,0.99999416
testing13362.jpg,Intermediate,1.0,1.0,1.1640462e-21,3.418637e-27
testing13363.jpg,Nanodomain,1.0,4.7569366e-09,1.0,6.597555e-31
testing13364.jpg,Nanodomain,1.0,7.8599155e-10,1.0,3.241077e-33
testing13365.jpg,Nanodomain,1.0,4.880352e-21,1.0,0.0
testing13366.jpg,Nanodomain,1.0,9.337288e-16,1.0,0.0
testing13367.jpg,Nanodomain,0.99997103,2.9006109e-05,0.99997103,2.4651364e-28
testing13368.jpg,Nanodomain,1.0,1.1913381e-27,1.0,0.0
testing13369.jpg,Intermediate,0.9996985,0.9996985,0.0003015389,2.7863408e-25
testing13370.jpg,Nanodomain,1.0,1.5586431e-18,1.0,7.1993805e-38
testing13371.jpg,Intermediate,0.99394095,0.99394095,0.006059087,4.631368e-21
testing13372.jpg,Intermediate,1.0,1.0,2.129289e-09,2.0255028e-23
testing13373.jpg,Intermediate,1.0,1.0,3.7198706e-25,5.43327e-26
testing13374.jpg,Intermediate,1.0,1.0,9.637144e-23,6.35213e-28
testing13375.jpg,Intermediate,1.0,1.0,1.3413728e-30,6.56995e-32
testing13376.jpg,Intermediate,1.0,1.0,7.5107996e-23,1.1941226e-27
testing13377.jpg,Outside,1.0,8.6915606e-32,1.5075313e-29,1.0
testing13378.jpg,Outside,1.0,6.3104345e-31,6.0289254e-32,1.0
testing13379.jpg,Nanodomain,1.0,0.0,1.0,0.0
testing13380.jpg,Nanodomain,1.0,0.0,1.0,0.0
testing13381.jpg,Nanodomain,1.0,0.0,1.0,0.0
testing13382.jpg,Nanodomain,1.0,0.0,1.0,0.0
testing13383.jpg,Nanodomain,1.0,0.0,1.0,0.0
testing13384.jpg,Nanodomain,1.0,0.0,1.0,0.0
testing13385.jpg,Nanodomain,1.0,0.0,1.0,0.0
testing13386.jpg,Nanodomain,1.0,0.0,1.0,0.0
testing13387.jpg,Nanodomain,1.0,0.0,1.0,0.0
testing13388.jpg,Nanodomain,1.0,0.0,1.0,0.0
testing13389.jpg,Nanodomain,1.0,0.0,1.0,0.0
testing13390.jpg,Nanodomain,1.0,0.0,1.0,0.0
testing13391.jpg,Nanodomain,1.0,0.0,1.0,0.0
testing13392.jpg,Nanodomain,1.0,0.0,1.0,0.0
testing13393.jpg,Nanodomain,1.0,0.0,1.0,0.0
testing13394.jpg,Nanodomain,1.0,0.0,1.0,0.0
testing13395.jpg,Nanodomain,1.0,0.0,1.0,0.0
testing13396.jpg,Nanodomain,1.0,0.0,1.0,0.0
testing13397.jpg,Nanodomain,1.0,0.0,1.0,0.0
testing13398.jpg,Nanodomain,1.0,0.0,1.0,0.0
testing13399.jpg,Nanodomain,1.0,0.0,1.0,0.0
testing13400.jpg,Nanodomain,1.0,0.0,1.0,0.0
testing13401.jpg,Nanodomain,1.0,0.0,1.0,0.0
testing13402.jpg,Nanodomain,1.0,0.0,1.0,0.0
testing13403.jpg,Nanodomain,1.0,0.0,1.0,0.0
testing13404.jpg,Nanodomain,1.0,0.0,1.0,0.0
testing13405.jpg,Outside,1.0,3.772328e-33,3.681855e-31,1.0
testing13406.jpg,Outside,1.0,8.461593e-35,4.0284976e-32,1.0
testing13407.jpg,Outside,1.0,1.7641742e-33,7.4380304e-32,1.0
testing13408.jpg,Outside,1.0,2.1647504e-29,3.4492353e-28,1.0
testing13409.jpg,Outside,1.0,3.07341e-37,5.3700462e-36,1.0
testing13410.jpg,Outside,1.0,4.0471484e-33,1.5893628e-30,1.0
testing13411.jpg,Outside,1.0,2.1363637e-31,1.9003986e-29,1.0
testing13412.jpg,Outside,1.0,2.0059523e-27,7.3777336e-30,1.0
testing13413.jpg,Outside,1.0,1.2796891e-36,4.087703e-35,1.0
testing13414.jpg,Outside,1.0,3.688736e-35,3.651734e-34,1.0
testing13415.jpg,Nanodomain,1.0,0.0,1.0,0.0
testing13416.jpg,Nanodomain,1.0,0.0,1.0,0.0
testing13417.jpg,Nanodomain,1.0,0.0,1.0,0.0
testing13418.jpg,Intermediate,1.0,1.0,8.764827e-28,1.9638507e-31
testing13419.jpg,Nanodomain,1.0,0.0,1.0,0.0
testing13420.jpg,Intermediate,1.0,1.0,1.9801726e-33,1.3211642e-33
testing13421.jpg,Nanodomain,1.0,0.0,1.0,0.0
testing13422.jpg,Nanodomain,1.0,0.0,1.0,0.0
testing13423.jpg,Nanodomain,1.0,0.0,1.0,0.0
testing13424.jpg,Nanodomain,1.0,0.0,1.0,0.0
testing13425.jpg,Nanodomain,1.0,0.0,1.0,0.0
testing13426.jpg,Nanodomain,1.0,0.0,1.0,0.0
testing13427.jpg,Nanodomain,1.0,0.0,1.0,0.0
testing13428.jpg,Nanodomain,1.0,0.0,1.0,0.0
testing13429.jpg,Nanodomain,1.0,0.0,1.0,0.0
testing13430.jpg,Nanodomain,1.0,0.0,1.0,0.0
testing13431.jpg,Nanodomain,1.0,0.0,1.0,0.0
testing13432.jpg,Nanodomain,1.0,0.0,1.0,0.0
testing13433.jpg,Outside,1.0,5.84286e-23,2.09128e-25,1.0
testing13434.jpg,Intermediate,1.0,1.0,4.1127546e-30,6.690992e-27
testing13435.jpg,Nanodomain,1.0,0.0,1.0,0.0
testing13436.jpg,Nanodomain,1.0,0.0,1.0,0.0
testing13437.jpg,Nanodomain,1.0,0.0,1.0,0.0
testing13438.jpg,Outside,1.0,1.38896e-09,1.054522e-18,1.0
testing13439.jpg,Outside,1.0,1.3401102e-14,5.260739e-21,1.0
testing13440.jpg,Outside,1.0,2.3801926e-12,9.626456e-22,1.0
testing13441.jpg,Nanodomain,1.0,0.0,1.0,0.0
testing13442.jpg,Nanodomain,1.0,0.0,1.0,0.0
testing13443.jpg,Nanodomain,1.0,0.0,1.0,0.0
testing13444.jpg,Nanodomain,1.0,0.0,1.0,0.0
testing13445.jpg,Nanodomain,1.0,0.0,1.0,0.0
testing13446.jpg,Nanodomain,1.0,0.0,1.0,0.0
testing13447.jpg,Outside,1.0,1.739344e-24,3.437271e-27,1.0
testing13448.jpg,Intermediate,1.0,1.0,9.2667417e-32,1.3238161e-28
testing13449.jpg,Intermediate,1.0,1.0,2.0992757e-30,4.6694572e-29
testing13450.jpg,Intermediate,1.0,1.0,3.127044e-28,1.2517599e-26
testing13451.jpg,Intermediate,1.0,1.0,9.8122796e-29,3.5212274e-27
testing13452.jpg,Nanodomain,1.0,0.0,1.0,0.0
testing13453.jpg,Nanodomain,1.0,0.0,1.0,0.0
testing13454.jpg,Nanodomain,1.0,0.0,1.0,0.0
testing13455.jpg,Nanodomain,1.0,0.0,1.0,0.0
testing13456.jpg,Nanodomain,1.0,0.0,1.0,0.0
testing13457.jpg,Nanodomain,1.0,0.0,1.0,0.0
testing13458.jpg,Nanodomain,1.0,0.0,1.0,0.0
testing13459.jpg,Nanodomain,1.0,0.0,1.0,0.0
testing13460.jpg,Nanodomain,1.0,0.0,1.0,0.0
testing13461.jpg,Nanodomain,1.0,0.0,1.0,0.0
testing13462.jpg,Nanodomain,1.0,8.273305e-36,1.0,0.0
testing13463.jpg,Nanodomain,1.0,4.898033e-36,1.0,0.0
testing13464.jpg,Outside,1.0,3.8430776e-26,2.8045417e-27,1.0
testing13465.jpg,Intermediate,1.0,1.0,1.3994787e-26,3.9484277e-23
testing13466.jpg,Outside,1.0,2.946642e-10,1.5854917e-17,1.0
testing13467.jpg,Outside,1.0,1.4102282e-12,4.6441753e-23,1.0
testing13468.jpg,Outside,1.0,1.65723e-27,1.4286652e-27,1.0
testing13469.jpg,Nanodomain,1.0,0.0,1.0,0.0
testing13470.jpg,Nanodomain,1.0,0.0,1.0,0.0
testing13471.jpg,Intermediate,1.0,1.0,4.8464e-29,2.0265606e-24
testing13472.jpg,Intermediate,1.0,1.0,7.7840104e-28,2.9418152e-27
testing13473.jpg,Intermediate,1.0,1.0,3.9801497e-33,6.079025e-29
testing13474.jpg,Intermediate,1.0,1.0,9.7976487e-23,1.1539266e-09
testing13475.jpg,Intermediate,1.0,1.0,3.4299335e-36,4.1903075e-29
testing13476.jpg,Intermediate,1.0,1.0,6.1467504e-34,3.323206e-33
testing13477.jpg,Intermediate,1.0,1.0,3.5542725e-30,3.880548e-22
testing13478.jpg,Nanodomain,1.0,0.0,1.0,0.0
testing13479.jpg,Nanodomain,1.0,0.0,1.0,0.0
testing13480.jpg,Nanodomain,1.0,0.0,1.0,0.0
testing13481.jpg,Nanodomain,1.0,0.0,1.0,0.0
testing13482.jpg,Nanodomain,1.0,0.0,1.0,0.0
testing13483.jpg,Nanodomain,1.0,0.0,1.0,0.0
testing13484.jpg,Nanodomain,1.0,0.0,1.0,0.0
testing13485.jpg,Nanodomain,1.0,4.758681e-38,1.0,0.0
testing13486.jpg,Outside,1.0,1.7764374e-26,1.9176386e-26,1.0
testing13487.jpg,Outside,1.0,5.0817613e-19,4.2601417e-23,1.0
testing13488.jpg,Outside,1.0,4.0691486e-17,9.7807323e-23,1.0
testing13489.jpg,Outside,0.9524619,0.047538172,1.0126534e-15,0.9524619
testing13490.jpg,Intermediate,0.9999082,0.9999082,2.9486028e-18,9.178184e-05
testing13491.jpg,Nanodomain,0.9982743,0.0017256817,0.9982743,6.921064e-26
testing13492.jpg,Intermediate,0.5612633,0.5612633,0.4387367,1.30150595e-23
testing13493.jpg,Intermediate,0.999081,0.999081,0.00091896113,9.850333e-24
testing13494.jpg,Nanodomain,1.0,1.1716763e-12,1.0,3.15161e-33
testing13495.jpg,Nanodomain,0.99999547,4.4925414e-06,0.99999547,2.2143594e-30
testing13496.jpg,Nanodomain,0.99992,8.000373e-05,0.99992,3.1263305e-27
testing13497.jpg,Intermediate,0.9999236,0.9999236,7.6358214e-05,2.6205038e-24
testing13498.jpg,Intermediate,0.91190225,0.91190225,0.0880977,3.681613e-21
testing13499.jpg,Nanodomain,0.99260485,0.0073951487,0.99260485,1.4791895e-25
testing13500.jpg,Intermediate,1.0,1.0,2.1353255e-08,2.826604e-26
testing13501.jpg,Intermediate,0.84379786,0.84379786,0.15620212,6.6992295e-22
testing13502.jpg,Intermediate,1.0,1.0,1.0808899e-24,1.7224094e-30
testing13503.jpg,Outside,1.0,1.0388128e-37,4.6515224e-35,1.0
testing13504.jpg,Outside,1.0,2.8322712e-33,1.3730732e-29,1.0
testing13505.jpg,Outside,1.0,0.0,1.0160512e-35,1.0
testing13506.jpg,Nanodomain,1.0,0.0,1.0,0.0
testing13507.jpg,Nanodomain,1.0,0.0,1.0,0.0
testing13508.jpg,Intermediate,1.0,1.0,9.519613e-28,5.2332478e-17
testing13509.jpg,Nanodomain,1.0,0.0,1.0,0.0
testing13510.jpg,Nanodomain,1.0,0.0,1.0,0.0
testing13511.jpg,Nanodomain,1.0,0.0,1.0,0.0
testing13512.jpg,Nanodomain,1.0,0.0,1.0,0.0
testing13513.jpg,Nanodomain,1.0,0.0,1.0,0.0
testing13514.jpg,Nanodomain,1.0,0.0,1.0,0.0
testing13515.jpg,Nanodomain,1.0,0.0,1.0,0.0
testing13516.jpg,Nanodomain,1.0,0.0,1.0,0.0
testing13517.jpg,Nanodomain,1.0,0.0,1.0,0.0
testing13518.jpg,Nanodomain,1.0,0.0,1.0,0.0
testing13519.jpg,Nanodomain,1.0,0.0,1.0,0.0
testing13520.jpg,Nanodomain,1.0,0.0,1.0,0.0
testing13521.jpg,Nanodomain,1.0,0.0,1.0,0.0
testing13522.jpg,Nanodomain,1.0,0.0,1.0,0.0
testing13523.jpg,Nanodomain,1.0,0.0,1.0,0.0
testing13524.jpg,Nanodomain,1.0,0.0,1.0,0.0
testing13525.jpg,Nanodomain,1.0,0.0,1.0,0.0
testing13526.jpg,Nanodomain,1.0,0.0,1.0,0.0
testing13527.jpg,Nanodomain,1.0,0.0,1.0,0.0
testing13528.jpg,Nanodomain,1.0,0.0,1.0,0.0
testing13529.jpg,Nanodomain,1.0,0.0,1.0,0.0
testing13530.jpg,Nanodomain,1.0,0.0,1.0,0.0
testing13531.jpg,Nanodomain,1.0,0.0,1.0,0.0
testing13532.jpg,Nanodomain,1.0,0.0,1.0,0.0
testing13533.jpg,Outside,1.0,2.320948e-31,8.983699e-30,1.0
testing13534.jpg,Outside,1.0,1.9376672e-28,8.431709e-31,1.0
testing13535.jpg,Outside,1.0,6.251746e-34,4.9015567e-32,1.0
testing13536.jpg,Outside,1.0,1.3235627e-37,5.5002276e-35,1.0
testing13537.jpg,Outside,1.0,2.3708655e-29,8.852162e-27,1.0
testing13538.jpg,Outside,1.0,0.0,3.2740144e-36,1.0
testing13539.jpg,Outside,1.0,6.7896694e-36,1.5160236e-32,1.0
testing13540.jpg,Outside,1.0,4.7042196e-34,8.415477e-32,1.0
testing13541.jpg,Outside,1.0,3.7585486e-28,3.1022106e-29,1.0
testing13542.jpg,Outside,1.0,2.8750482e-28,8.921591e-27,1.0
testing13543.jpg,Outside,1.0,7.6521477e-34,3.4992484e-30,1.0
testing13544.jpg,Outside,1.0,3.260837e-30,1.2134245e-31,1.0
testing13545.jpg,Nanodomain,1.0,0.0,1.0,0.0
testing13546.jpg,Nanodomain,1.0,0.0,1.0,0.0
testing13547.jpg,Nanodomain,1.0,0.0,1.0,0.0
testing13548.jpg,Nanodomain,1.0,0.0,1.0,0.0
testing13549.jpg,Nanodomain,1.0,0.0,1.0,0.0
testing13550.jpg,Nanodomain,1.0,0.0,1.0,0.0
testing13551.jpg,Nanodomain,1.0,0.0,1.0,0.0
testing13552.jpg,Nanodomain,1.0,2.5529037e-18,1.0,0.0
testing13553.jpg,Nanodomain,1.0,0.0,1.0,0.0
testing13554.jpg,Nanodomain,1.0,0.0,1.0,0.0
testing13555.jpg,Nanodomain,1.0,0.0,1.0,0.0
testing13556.jpg,Nanodomain,1.0,0.0,1.0,0.0
testing13557.jpg,Nanodomain,1.0,0.0,1.0,0.0
testing13558.jpg,Nanodomain,1.0,0.0,1.0,0.0
testing13559.jpg,Nanodomain,1.0,0.0,1.0,0.0
testing13560.jpg,Nanodomain,1.0,0.0,1.0,0.0
testing13561.jpg,Outside,0.99994516,5.488807e-05,3.655663e-17,0.99994516
testing13562.jpg,Outside,1.0,4.3153597e-12,1.061239e-22,1.0
testing13563.jpg,Outside,0.9999933,6.6488083e-06,3.8553577e-18,0.9999933
testing13564.jpg,Outside,1.0,2.080088e-08,2.8847717e-20,1.0
testing13565.jpg,Outside,1.0,1.5762089e-08,5.31138e-18,1.0
testing13566.jpg,Intermediate,0.9955258,0.9955258,4.486996e-17,0.0044741957
testing13567.jpg,Intermediate,0.9998105,0.9998105,8.694016e-19,0.00018950012
testing13568.jpg,Outside,0.9993051,0.00069481716,1.5147689e-16,0.9993051
testing13569.jpg,Outside,1.0,1.2095357e-27,4.191035e-25,1.0
testing13570.jpg,Intermediate,1.0,1.0,8.7156914e-11,4.576923e-22
testing13571.jpg,Nanodomain,1.0,1.632556e-22,1.0,0.0
testing13572.jpg,Nanodomain,0.9999968,3.164639e-06,0.9999968,5.5011733e-28
testing13573.jpg,Intermediate,1.0,1.0,2.9731415e-14,3.0851536e-24
testing13574.jpg,Outside,1.0,1.9188202e-30,1.1761298e-27,1.0
testing13575.jpg,Outside,1.0,5.937326e-35,5.1577577e-32,1.0
testing13576.jpg,Outside,1.0,2.1594409e-27,6.4753925e-27,1.0
testing13577.jpg,Outside,1.0,4.8763744e-34,4.5474855e-33,1.0
testing13578.jpg,Outside,1.0,4.194958e-23,3.2462267e-24,1.0
testing13579.jpg,Outside,1.0,2.0225343e-19,1.02312745e-25,1.0
testing13580.jpg,Outside,1.0,6.281118e-10,1.4835482e-21,1.0
testing13581.jpg,Nanodomain,1.0,0.0,1.0,0.0
testing13582.jpg,Nanodomain,1.0,0.0,1.0,0.0
testing13583.jpg,Nanodomain,1.0,0.0,1.0,0.0
testing13584.jpg,Nanodomain,1.0,0.0,1.0,0.0
testing13585.jpg,Nanodomain,1.0,0.0,1.0,0.0
testing13586.jpg,Nanodomain,1.0,0.0,1.0,0.0
testing13587.jpg,Nanodomain,1.0,0.0,1.0,0.0
testing13588.jpg,Nanodomain,1.0,0.0,1.0,0.0
testing13589.jpg,Nanodomain,1.0,1.74402e-33,1.0,0.0
testing13590.jpg,Intermediate,1.0,1.0,4.250121e-33,1.2504224e-20
testing13591.jpg,Nanodomain,1.0,0.0,1.0,0.0
testing13592.jpg,Intermediate,1.0,1.0,1.2357763e-32,2.1355565e-24
testing13593.jpg,Outside,1.0,4.1477214e-20,1.0571691e-24,1.0
testing13594.jpg,Nanodomain,1.0,0.0,1.0,0.0
testing13595.jpg,Nanodomain,1.0,0.0,1.0,0.0
testing13596.jpg,Nanodomain,1.0,0.0,1.0,0.0
testing13597.jpg,Nanodomain,1.0,0.0,1.0,0.0
testing13598.jpg,Nanodomain,1.0,0.0,1.0,0.0
testing13599.jpg,Nanodomain,1.0,0.0,1.0,0.0
testing13600.jpg,Intermediate,1.0,1.0,1.5978508e-13,2.0271503e-22
testing13601.jpg,Intermediate,1.0,1.0,2.2588882e-30,2.3510463e-26
testing13602.jpg,Outside,0.99996305,3.700964e-05,7.139186e-18,0.99996305
testing13603.jpg,Intermediate,1.0,1.0,7.1456252e-28,9.540363e-22
testing13604.jpg,Intermediate,1.0,1.0,6.1046637e-27,1.6154799e-25
testing13605.jpg,Intermediate,1.0,1.0,1.2570905e-26,2.0591537e-20
testing13606.jpg,Intermediate,1.0,1.0,1.4613546e-23,4.0604916e-19
testing13607.jpg,Nanodomain,1.0,0.0,1.0,0.0
testing13608.jpg,Nanodomain,1.0,0.0,1.0,0.0
testing13609.jpg,Nanodomain,1.0,0.0,1.0,0.0
testing13610.jpg,Nanodomain,1.0,0.0,1.0,0.0
testing13611.jpg,Nanodomain,1.0,0.0,1.0,0.0
testing13612.jpg,Intermediate,0.9971318,0.9971318,0.0028681129,9.268957e-20
testing13613.jpg,Intermediate,1.0,1.0,1.6112661e-15,2.3586328e-22
testing13614.jpg,Outside,1.0,9.029598e-23,5.1522618e-28,1.0
testing13615.jpg,Nanodomain,1.0,0.0,1.0,0.0
testing13616.jpg,Nanodomain,1.0,0.0,1.0,0.0
testing13617.jpg,Nanodomain,1.0,0.0,1.0,0.0
testing13618.jpg,Nanodomain,1.0,0.0,1.0,0.0
testing13619.jpg,Nanodomain,1.0,0.0,1.0,0.0
testing13620.jpg,Nanodomain,1.0,0.0,1.0,0.0
testing13621.jpg,Nanodomain,1.0,0.0,1.0,0.0
testing13622.jpg,Nanodomain,1.0,0.0,1.0,0.0
testing13623.jpg,Nanodomain,1.0,0.0,1.0,0.0
testing13624.jpg,Nanodomain,1.0,0.0,1.0,0.0
testing13625.jpg,Nanodomain,1.0,0.0,1.0,0.0
testing13626.jpg,Outside,1.0,4.845999e-34,1.0966596e-32,1.0
testing13627.jpg,Outside,1.0,3.4816232e-28,1.572588e-26,1.0
testing13628.jpg,Intermediate,1.0,1.0,2.1464642e-20,5.0243593e-26
testing13629.jpg,Outside,1.0,0.0,1.2941781e-33,1.0
testing13630.jpg,Outside,1.0,5.7569813e-35,7.7240417e-31,1.0
testing13631.jpg,Outside,1.0,3.4857925e-30,6.2794974e-26,1.0
testing13632.jpg,Outside,1.0,1.4734154e-33,1.3748433e-31,1.0
testing13633.jpg,Nanodomain,1.0,0.0,1.0,0.0
testing13634.jpg,Nanodomain,1.0,0.0,1.0,0.0
testing13635.jpg,Nanodomain,1.0,0.0,1.0,0.0
testing13636.jpg,Nanodomain,1.0,0.0,1.0,0.0
testing13637.jpg,Nanodomain,1.0,0.0,1.0,0.0
testing13638.jpg,Nanodomain,1.0,0.0,1.0,0.0
testing13639.jpg,Nanodomain,1.0,0.0,1.0,0.0
testing13640.jpg,Nanodomain,1.0,0.0,1.0,0.0
testing13641.jpg,Nanodomain,1.0,0.0,1.0,0.0
testing13642.jpg,Nanodomain,1.0,0.0,1.0,0.0
testing13643.jpg,Nanodomain,1.0,0.0,1.0,0.0
testing13644.jpg,Nanodomain,1.0,0.0,1.0,0.0
testing13645.jpg,Nanodomain,1.0,0.0,1.0,0.0
testing13646.jpg,Nanodomain,1.0,0.0,1.0,0.0
testing13647.jpg,Nanodomain,1.0,0.0,1.0,0.0
testing13648.jpg,Nanodomain,1.0,0.0,1.0,0.0
testing13649.jpg,Nanodomain,1.0,0.0,1.0,0.0
testing13650.jpg,Nanodomain,1.0,0.0,1.0,0.0
testing13651.jpg,Nanodomain,1.0,0.0,1.0,0.0
testing13652.jpg,Nanodomain,1.0,0.0,1.0,0.0
testing13653.jpg,Nanodomain,1.0,0.0,1.0,0.0
testing13654.jpg,Nanodomain,1.0,0.0,1.0,0.0
testing13655.jpg,Nanodomain,1.0,0.0,1.0,0.0
testing13656.jpg,Nanodomain,1.0,0.0,1.0,0.0
testing13657.jpg,Nanodomain,1.0,0.0,1.0,0.0
testing13658.jpg,Nanodomain,1.0,0.0,1.0,0.0
testing13659.jpg,Nanodomain,1.0,0.0,1.0,0.0
testing13660.jpg,Outside,1.0,7.951479e-35,4.171925e-33,1.0
testing13661.jpg,Outside,1.0,1.981019e-33,5.510295e-32,1.0
testing13662.jpg,Outside,1.0,3.4957953e-36,2.2664794e-34,1.0
testing13663.jpg,Outside,1.0,5.7305e-32,3.4746254e-31,1.0
testing13664.jpg,Outside,1.0,3.4731526e-32,6.7842236e-31,1.0
testing13665.jpg,Outside,1.0,1.6645889e-31,1.7405276e-29,1.0
testing13666.jpg,Outside,1.0,1.1596133e-30,1.9186089e-29,1.0
testing13667.jpg,Outside,1.0,1.1952658e-28,4.3862817e-29,1.0
testing13668.jpg,Outside,1.0,1.56315e-26,1.8659937e-24,1.0
testing13669.jpg,Outside,1.0,3.868776e-33,1.5682288e-31,1.0
testing13670.jpg,Outside,1.0,2.883779e-29,7.402203e-30,1.0
testing13671.jpg,Nanodomain,1.0,0.0,1.0,0.0
testing13672.jpg,Nanodomain,1.0,0.0,1.0,0.0
testing13673.jpg,Nanodomain,1.0,0.0,1.0,0.0
testing13674.jpg,Nanodomain,1.0,0.0,1.0,0.0
testing13675.jpg,Nanodomain,1.0,0.0,1.0,0.0
testing13676.jpg,Nanodomain,1.0,0.0,1.0,0.0
testing13677.jpg,Nanodomain,1.0,0.0,1.0,0.0
testing13678.jpg,Nanodomain,1.0,0.0,1.0,0.0
testing13679.jpg,Nanodomain,1.0,0.0,1.0,0.0
testing13680.jpg,Nanodomain,1.0,0.0,1.0,0.0
testing13681.jpg,Nanodomain,1.0,0.0,1.0,0.0
testing13682.jpg,Nanodomain,1.0,0.0,1.0,0.0
testing13683.jpg,Nanodomain,1.0,0.0,1.0,0.0
testing13684.jpg,Nanodomain,1.0,0.0,1.0,0.0
testing13685.jpg,Nanodomain,1.0,0.0,1.0,0.0
testing13686.jpg,Nanodomain,1.0,0.0,1.0,0.0
testing13687.jpg,Nanodomain,1.0,0.0,1.0,0.0
testing13688.jpg,Nanodomain,1.0,0.0,1.0,0.0
testing13689.jpg,Intermediate,1.0,1.0,2.565904e-29,1.8483946e-14
testing13690.jpg,Outside,1.0,2.659853e-16,9.1840216e-21,1.0
testing13691.jpg,Intermediate,0.99362385,0.99362385,9.313269e-19,0.0063761533
testing13692.jpg,Outside,1.0,4.6612844e-12,9.317427e-25,1.0
testing13693.jpg,Outside,1.0,8.4101786e-14,5.242003e-23,1.0
testing13694.jpg,Outside,1.0,4.9764537e-22,8.218407e-23,1.0
testing13695.jpg,Outside,1.0,1.6632109e-13,2.1001033e-20,1.0
testing13696.jpg,Outside,1.0,1.9506939e-17,2.18863e-22,1.0
testing13697.jpg,Nanodomain,1.0,1.7383285e-32,1.0,0.0
testing13698.jpg,Nanodomain,1.0,1.9362161e-16,1.0,2.1257306e-31
testing13699.jpg,Outside,1.0,4.5082108e-17,3.182202e-23,1.0
testing13700.jpg,Outside,1.0,1.1064418e-25,1.50255e-26,1.0
testing13701.jpg,Outside,1.0,1.5593638e-24,3.4209477e-26,1.0
testing13702.jpg,Outside,1.0,4.2374473e-32,5.863819e-33,1.0
testing13703.jpg,Outside,1.0,6.491074e-34,2.1218487e-32,1.0
testing13704.jpg,Outside,1.0,3.4017057e-31,3.116631e-31,1.0
testing13705.jpg,Outside,1.0,6.028689e-34,3.5419368e-33,1.0
testing13706.jpg,Outside,1.0,1.4491233e-33,3.848731e-31,1.0
testing13707.jpg,Outside,1.0,2.2264478e-30,2.889549e-29,1.0
testing13708.jpg,Outside,1.0,1.6373398e-37,1.0611075e-33,1.0
testing13709.jpg,Outside,1.0,6.367869e-30,7.685337e-30,1.0
testing13710.jpg,Outside,1.0,2.50673e-31,3.2730286e-28,1.0
testing13711.jpg,Outside,1.0,9.303349e-13,3.1522181e-21,1.0
testing13712.jpg,Nanodomain,1.0,0.0,1.0,0.0
testing13713.jpg,Nanodomain,1.0,0.0,1.0,0.0
testing13714.jpg,Nanodomain,1.0,6.921361e-22,1.0,0.0
testing13715.jpg,Outside,1.0,2.2276225e-28,1.7292012e-25,1.0
testing13716.jpg,Nanodomain,1.0,6.449212e-27,1.0,0.0
testing13717.jpg,Outside,1.0,1.817067e-33,3.2621136e-33,1.0
testing13718.jpg,Outside,1.0,3.869297e-23,4.5792405e-24,1.0
testing13719.jpg,Outside,1.0,8.432168e-29,2.9790807e-28,1.0
testing13720.jpg,Outside,1.0,1.5368371e-21,2.1969112e-22,1.0
testing13721.jpg,Nanodomain,1.0,3.925959e-38,1.0,0.0
testing13722.jpg,Nanodomain,1.0,0.0,1.0,0.0
testing13723.jpg,Nanodomain,1.0,0.0,1.0,0.0
testing13724.jpg,Nanodomain,1.0,0.0,1.0,0.0
testing13725.jpg,Nanodomain,1.0,0.0,1.0,0.0
testing13726.jpg,Nanodomain,1.0,0.0,1.0,0.0
testing13727.jpg,Nanodomain,1.0,7.274168e-37,1.0,0.0
testing13728.jpg,Intermediate,1.0,1.0,5.9045123e-26,1.3083716e-23
testing13729.jpg,Intermediate,1.0,1.0,4.3576813e-28,2.5522143e-24
testing13730.jpg,Intermediate,0.9999851,0.9999851,1.4873432e-05,2.2985092e-22
testing13731.jpg,Intermediate,1.0,1.0,1.0580806e-32,1.7975493e-18
testing13732.jpg,Intermediate,1.0,1.0,2.8000304e-27,5.458114e-19
testing13733.jpg,Intermediate,1.0,1.0,2.435775e-18,5.7184736e-15
testing13734.jpg,Intermediate,1.0,1.0,4.0835893e-27,4.796354e-22
testing13735.jpg,Intermediate,1.0,1.0,4.2300128e-27,2.14482e-19
testing13736.jpg,Intermediate,1.0,1.0,4.6801913e-22,5.289567e-24
testing13737.jpg,Intermediate,1.0,1.0,9.3617784e-26,1.2899417e-22
testing13738.jpg,Intermediate,1.0,1.0,1.3009323e-29,5.329699e-21
testing13739.jpg,Intermediate,1.0,1.0,1.0001503e-27,2.632434e-26
testing13740.jpg,Intermediate,1.0,1.0,1.6786855e-34,1.5254794e-25
testing13741.jpg,Outside,1.0,2.9289714e-27,5.2876826e-27,1.0
testing13742.jpg,Outside,1.0,8.188867e-30,1.1754955e-30,1.0
testing13743.jpg,Nanodomain,1.0,0.0,1.0,0.0
testing13744.jpg,Nanodomain,1.0,0.0,1.0,0.0
testing13745.jpg,Nanodomain,1.0,0.0,1.0,0.0
testing13746.jpg,Nanodomain,1.0,0.0,1.0,0.0
testing13747.jpg,Nanodomain,1.0,0.0,1.0,0.0
testing13748.jpg,Nanodomain,1.0,0.0,1.0,0.0
testing13749.jpg,Nanodomain,1.0,0.0,1.0,0.0
testing13750.jpg,Nanodomain,1.0,0.0,1.0,0.0
testing13751.jpg,Nanodomain,1.0,0.0,1.0,0.0
testing13752.jpg,Nanodomain,1.0,0.0,1.0,0.0
testing13753.jpg,Nanodomain,1.0,0.0,1.0,0.0
testing13754.jpg,Nanodomain,1.0,0.0,1.0,0.0
testing13755.jpg,Outside,1.0,2.663359e-29,5.5278414e-29,1.0
testing13756.jpg,Outside,1.0,1.734309e-31,2.0453649e-30,1.0
testing13757.jpg,Nanodomain,1.0,0.0,1.0,0.0
testing13758.jpg,Nanodomain,1.0,0.0,1.0,0.0
testing13759.jpg,Nanodomain,1.0,0.0,1.0,0.0
testing13760.jpg,Nanodomain,1.0,0.0,1.0,0.0
testing13761.jpg,Nanodomain,1.0,0.0,1.0,0.0
testing13762.jpg,Nanodomain,1.0,0.0,1.0,0.0
testing13763.jpg,Nanodomain,1.0,0.0,1.0,0.0
testing13764.jpg,Nanodomain,1.0,0.0,1.0,0.0
testing13765.jpg,Nanodomain,1.0,0.0,1.0,0.0
testing13766.jpg,Nanodomain,1.0,0.0,1.0,0.0
testing13767.jpg,Nanodomain,1.0,0.0,1.0,0.0
testing13768.jpg,Nanodomain,1.0,0.0,1.0,0.0
testing13769.jpg,Nanodomain,1.0,0.0,1.0,0.0
testing13770.jpg,Nanodomain,1.0,4.8236656e-26,1.0,0.0
testing13771.jpg,Nanodomain,1.0,0.0,1.0,0.0
testing13772.jpg,Nanodomain,1.0,5.2376974e-26,1.0,0.0
testing13773.jpg,Nanodomain,1.0,0.0,1.0,0.0
testing13774.jpg,Nanodomain,1.0,0.0,1.0,0.0
testing13775.jpg,Nanodomain,1.0,0.0,1.0,0.0
testing13776.jpg,Nanodomain,1.0,0.0,1.0,0.0
testing13777.jpg,Nanodomain,1.0,0.0,1.0,0.0
testing13778.jpg,Nanodomain,1.0,0.0,1.0,0.0
testing13779.jpg,Nanodomain,1.0,0.0,1.0,0.0
testing13780.jpg,Nanodomain,1.0,0.0,1.0,0.0
testing13781.jpg,Nanodomain,1.0,0.0,1.0,0.0
testing13782.jpg,Nanodomain,1.0,0.0,1.0,0.0
testing13783.jpg,Nanodomain,1.0,0.0,1.0,0.0
testing13784.jpg,Nanodomain,1.0,0.0,1.0,0.0
testing13785.jpg,Nanodomain,1.0,0.0,1.0,0.0
testing13786.jpg,Nanodomain,1.0,0.0,1.0,0.0
testing13787.jpg,Outside,1.0,1.3876804e-36,3.5380707e-35,1.0
testing13788.jpg,Outside,1.0,7.919864e-30,9.774282e-30,1.0
testing13789.jpg,Outside,1.0,2.4283855e-29,9.047461e-30,1.0
testing13790.jpg,Outside,1.0,3.0338842e-31,1.0136918e-31,1.0
testing13791.jpg,Outside,1.0,2.591607e-30,1.3168498e-29,1.0
testing13792.jpg,Outside,1.0,5.8517523e-33,1.6171105e-29,1.0
testing13793.jpg,Outside,1.0,3.148307e-32,3.2382869e-31,1.0
testing13794.jpg,Outside,1.0,2.7627862e-29,7.5556633e-29,1.0
testing13795.jpg,Outside,1.0,1.0918937e-30,8.264056e-30,1.0
testing13796.jpg,Outside,1.0,4.747185e-31,2.6332424e-30,1.0
testing13797.jpg,Outside,1.0,8.7277554e-29,9.980117e-29,1.0
testing13798.jpg,Outside,1.0,1.034254e-29,1.962282e-27,1.0
testing13799.jpg,Outside,1.0,5.6110566e-30,1.417141e-28,1.0
testing13800.jpg,Outside,1.0,2.9982766e-30,5.8128243e-31,1.0
testing13801.jpg,Outside,1.0,4.7835042e-24,1.1669821e-26,1.0
testing13802.jpg,Outside,1.0,2.540631e-35,1.23297e-32,1.0
testing13803.jpg,Nanodomain,1.0,0.0,1.0,0.0
testing13804.jpg,Nanodomain,1.0,0.0,1.0,0.0
testing13805.jpg,Nanodomain,1.0,0.0,1.0,0.0
testing13806.jpg,Nanodomain,1.0,0.0,1.0,0.0
testing13807.jpg,Nanodomain,1.0,0.0,1.0,0.0
testing13808.jpg,Nanodomain,1.0,0.0,1.0,0.0
testing13809.jpg,Nanodomain,1.0,0.0,1.0,0.0
testing13810.jpg,Nanodomain,1.0,0.0,1.0,0.0
testing13811.jpg,Nanodomain,1.0,0.0,1.0,0.0
testing13812.jpg,Nanodomain,1.0,0.0,1.0,0.0
testing13813.jpg,Nanodomain,1.0,0.0,1.0,0.0
testing13814.jpg,Nanodomain,1.0,0.0,1.0,0.0
testing13815.jpg,Nanodomain,1.0,0.0,1.0,0.0
testing13816.jpg,Nanodomain,1.0,0.0,1.0,0.0
testing13817.jpg,Nanodomain,1.0,0.0,1.0,0.0
testing13818.jpg,Outside,1.0,1.5773953e-10,1.5139985e-20,1.0
testing13819.jpg,Outside,1.0,8.122168e-22,1.8337026e-25,1.0
testing13820.jpg,Outside,1.0,2.345809e-08,2.9544724e-16,1.0
testing13821.jpg,Outside,1.0,4.699207e-15,9.1565614e-21,1.0
testing13822.jpg,Outside,1.0,2.4532794e-17,1.7134625e-24,1.0
testing13823.jpg,Outside,1.0,8.5042406e-13,1.6038594e-21,1.0
testing13824.jpg,Outside,1.0,3.3310139e-13,1.4255673e-20,1.0
testing13825.jpg,Intermediate,1.0,1.0,8.440613e-11,1.6030358e-26
testing13826.jpg,Outside,1.0,8.059287e-25,2.3327503e-26,1.0
testing13827.jpg,Outside,1.0,2.5749615e-31,4.8811695e-29,1.0
testing13828.jpg,Outside,1.0,1.5038858e-19,8.8828956e-23,1.0
testing13829.jpg,Outside,1.0,5.761832e-29,2.6356482e-27,1.0
testing13830.jpg,Intermediate,1.0,1.0,8.78459e-25,7.589048e-16
testing13831.jpg,Outside,1.0,9.4000404e-32,2.0230564e-29,1.0
testing13832.jpg,Outside,1.0,5.070196e-36,2.8810588e-32,1.0
testing13833.jpg,Outside,1.0,1.4514988e-30,9.034424e-30,1.0
testing13834.jpg,Outside,1.0,5.2921342e-30,2.419849e-30,1.0
testing13835.jpg,Outside,1.0,4.3190792e-32,1.3173265e-30,1.0
testing13836.jpg,Outside,1.0,5.6563853e-36,9.221704e-33,1.0
testing13837.jpg,Outside,1.0,1.2495121e-27,3.4725142e-26,1.0
testing13838.jpg,Outside,1.0,1.09879276e-29,2.5542072e-27,1.0
testing13839.jpg,Outside,1.0,7.388075e-36,4.5546035e-33,1.0
testing13840.jpg,Outside,1.0,8.5151584e-33,1.2655081e-30,1.0
testing13841.jpg,Outside,1.0,2.6706778e-26,8.0269787e-25,1.0
testing13842.jpg,Outside,1.0,1.1007371e-33,3.015193e-31,1.0
testing13843.jpg,Outside,1.0,7.613397e-33,2.8424702e-31,1.0
testing13844.jpg,Outside,1.0,1.1861015e-33,4.422178e-32,1.0
testing13845.jpg,Outside,0.99995327,4.6726906e-05,3.2156706e-16,0.99995327
testing13846.jpg,Outside,1.0,3.555423e-31,1.2729934e-30,1.0
testing13847.jpg,Outside,1.0,8.671679e-27,4.8139596e-26,1.0
testing13848.jpg,Outside,1.0,7.1525905e-25,8.2284016e-26,1.0
testing13849.jpg,Outside,1.0,3.893522e-22,2.3327872e-25,1.0
testing13850.jpg,Nanodomain,1.0,0.0,1.0,0.0
testing13851.jpg,Nanodomain,1.0,4.0327327e-36,1.0,0.0
testing13852.jpg,Nanodomain,1.0,2.4851557e-38,1.0,0.0
testing13853.jpg,Nanodomain,1.0,5.5145685e-38,1.0,0.0
testing13854.jpg,Nanodomain,1.0,0.0,1.0,0.0
testing13855.jpg,Nanodomain,1.0,0.0,1.0,0.0
testing13856.jpg,Intermediate,1.0,1.0,1.0803516e-21,4.2077274e-25
testing13857.jpg,Nanodomain,1.0,2.0282019e-11,1.0,6.1572293e-30
testing13858.jpg,Nanodomain,1.0,7.6295413e-16,1.0,1.5777785e-35
testing13859.jpg,Outside,0.99999595,4.031717e-06,4.861753e-20,0.99999595
testing13860.jpg,Nanodomain,1.0,0.0,1.0,0.0
testing13861.jpg,Nanodomain,1.0,0.0,1.0,0.0
testing13862.jpg,Nanodomain,1.0,0.0,1.0,0.0
testing13863.jpg,Nanodomain,1.0,0.0,1.0,0.0
testing13864.jpg,Nanodomain,1.0,0.0,1.0,0.0
testing13865.jpg,Nanodomain,1.0,0.0,1.0,0.0
testing13866.jpg,Intermediate,1.0,1.0,2.0223254e-27,2.3750164e-25
testing13867.jpg,Outside,1.0,2.8951065e-24,3.6601881e-25,1.0
testing13868.jpg,Outside,1.0,5.602654e-29,2.2813963e-29,1.0
testing13869.jpg,Nanodomain,1.0,0.0,1.0,0.0
testing13870.jpg,Nanodomain,1.0,0.0,1.0,0.0
testing13871.jpg,Nanodomain,1.0,0.0,1.0,0.0
testing13872.jpg,Nanodomain,1.0,0.0,1.0,0.0
testing13873.jpg,Nanodomain,1.0,0.0,1.0,0.0
testing13874.jpg,Nanodomain,1.0,0.0,1.0,0.0
testing13875.jpg,Nanodomain,1.0,0.0,1.0,0.0
testing13876.jpg,Nanodomain,1.0,0.0,1.0,0.0
testing13877.jpg,Nanodomain,1.0,0.0,1.0,0.0
testing13878.jpg,Nanodomain,1.0,0.0,1.0,0.0
testing13879.jpg,Nanodomain,1.0,0.0,1.0,0.0
testing13880.jpg,Nanodomain,1.0,0.0,1.0,0.0
testing13881.jpg,Nanodomain,1.0,0.0,1.0,0.0
testing13882.jpg,Nanodomain,1.0,0.0,1.0,0.0
testing13883.jpg,Nanodomain,1.0,0.0,1.0,0.0
testing13884.jpg,Nanodomain,1.0,0.0,1.0,0.0
testing13885.jpg,Nanodomain,1.0,0.0,1.0,0.0
testing13886.jpg,Nanodomain,1.0,0.0,1.0,0.0
testing13887.jpg,Nanodomain,1.0,7.0417025e-32,1.0,0.0
testing13888.jpg,Nanodomain,1.0,3.646997e-36,1.0,0.0
testing13889.jpg,Nanodomain,1.0,6.597757e-31,1.0,0.0
testing13890.jpg,Nanodomain,1.0,4.858391e-38,1.0,0.0
testing13891.jpg,Nanodomain,1.0,0.0,1.0,0.0
testing13892.jpg,Nanodomain,1.0,0.0,1.0,0.0
testing13893.jpg,Nanodomain,1.0,0.0,1.0,0.0
testing13894.jpg,Nanodomain,1.0,1.3727893e-38,1.0,0.0
testing13895.jpg,Nanodomain,1.0,5.6515523e-29,1.0,0.0
testing13896.jpg,Nanodomain,1.0,1.4615338e-37,1.0,0.0
testing13897.jpg,Nanodomain,1.0,4.539807e-18,1.0,0.0
testing13898.jpg,Nanodomain,1.0,6.0672705e-17,1.0,3.7498973e-36
testing13899.jpg,Nanodomain,1.0,0.0,1.0,0.0
testing13900.jpg,Outside,1.0,2.539177e-28,2.3473875e-28,1.0
testing13901.jpg,Nanodomain,1.0,0.0,1.0,0.0
testing13902.jpg,Nanodomain,1.0,0.0,1.0,0.0
testing13903.jpg,Nanodomain,1.0,0.0,1.0,0.0
testing13904.jpg,Nanodomain,1.0,0.0,1.0,0.0
testing13905.jpg,Nanodomain,1.0,0.0,1.0,0.0
testing13906.jpg,Nanodomain,1.0,0.0,1.0,0.0
testing13907.jpg,Nanodomain,1.0,0.0,1.0,0.0
testing13908.jpg,Nanodomain,1.0,0.0,1.0,0.0
testing13909.jpg,Nanodomain,1.0,0.0,1.0,0.0
testing13910.jpg,Nanodomain,1.0,0.0,1.0,0.0
testing13911.jpg,Nanodomain,1.0,0.0,1.0,0.0
testing13912.jpg,Nanodomain,1.0,0.0,1.0,0.0
testing13913.jpg,Nanodomain,1.0,0.0,1.0,0.0
testing13914.jpg,Outside,1.0,2.515472e-34,6.6103243e-32,1.0
testing13915.jpg,Outside,1.0,3.5769907e-28,1.6468176e-29,1.0
testing13916.jpg,Outside,1.0,4.013496e-32,2.228736e-28,1.0
testing13917.jpg,Outside,1.0,5.689197e-34,2.388729e-31,1.0
testing13918.jpg,Outside,1.0,8.6202187e-29,5.614954e-30,1.0
testing13919.jpg,Outside,1.0,6.6530776e-32,2.3760988e-29,1.0
testing13920.jpg,Outside,1.0,1.5250506e-30,9.425544e-30,1.0
testing13921.jpg,Outside,1.0,2.741654e-35,7.1587305e-33,1.0
testing13922.jpg,Outside,1.0,2.3371052e-34,9.5207913e-32,1.0
testing13923.jpg,Outside,1.0,3.2976249e-31,4.710678e-29,1.0
testing13924.jpg,Nanodomain,1.0,0.0,1.0,0.0
testing13925.jpg,Outside,1.0,2.052195e-23,1.3918135e-24,1.0
testing13926.jpg,Nanodomain,1.0,0.0,1.0,0.0
testing13927.jpg,Nanodomain,1.0,0.0,1.0,0.0
testing13928.jpg,Nanodomain,1.0,0.0,1.0,0.0
testing13929.jpg,Nanodomain,1.0,0.0,1.0,0.0
testing13930.jpg,Outside,1.0,1.31474564e-23,7.514624e-27,1.0
testing13931.jpg,Nanodomain,1.0,0.0,1.0,0.0
testing13932.jpg,Nanodomain,1.0,0.0,1.0,0.0
testing13933.jpg,Nanodomain,1.0,0.0,1.0,0.0
testing13934.jpg,Outside,1.0,1.6472561e-23,3.508574e-25,1.0
testing13935.jpg,Nanodomain,1.0,0.0,1.0,0.0
testing13936.jpg,Nanodomain,1.0,0.0,1.0,0.0
testing13937.jpg,Nanodomain,1.0,0.0,1.0,0.0
testing13938.jpg,Nanodomain,1.0,0.0,1.0,0.0
testing13939.jpg,Nanodomain,1.0,0.0,1.0,0.0
testing13940.jpg,Nanodomain,1.0,0.0,1.0,0.0
testing13941.jpg,Nanodomain,1.0,0.0,1.0,0.0
testing13942.jpg,Nanodomain,1.0,0.0,1.0,0.0
testing13943.jpg,Nanodomain,1.0,0.0,1.0,0.0
testing13944.jpg,Nanodomain,1.0,0.0,1.0,0.0
testing13945.jpg,Nanodomain,1.0,0.0,1.0,0.0
testing13946.jpg,Outside,1.0,1.998799e-12,3.8052138e-23,1.0
testing13947.jpg,Outside,1.0,4.5652783e-13,9.352548e-23,1.0
testing13948.jpg,Outside,0.99999964,3.0414725e-07,2.6623523e-14,0.99999964
testing13949.jpg,Outside,1.0,1.2941524e-12,1.2998065e-21,1.0
testing13950.jpg,Outside,1.0,1.9283357e-13,3.18267e-19,1.0
testing13951.jpg,Outside,1.0,7.353237e-14,1.0456339e-17,1.0
testing13952.jpg,Outside,1.0,6.702472e-13,9.9284974e-17,1.0
testing13953.jpg,Intermediate,1.0,1.0,1.0526411e-18,5.649673e-23
testing13954.jpg,Outside,1.0,1.0011744e-25,4.20513e-24,1.0
testing13955.jpg,Outside,1.0,1.2980984e-34,1.1394275e-33,1.0
testing13956.jpg,Intermediate,1.0,1.0,8.531088e-26,2.9091447e-16
testing13957.jpg,Outside,1.0,2.2585044e-34,4.5831717e-32,1.0
testing13958.jpg,Outside,1.0,8.929335e-31,4.027048e-27,1.0
testing13959.jpg,Outside,1.0,9.1302064e-33,9.7288885e-32,1.0
testing13960.jpg,Outside,1.0,4.6253903e-34,1.0414585e-31,1.0
testing13961.jpg,Outside,1.0,1.387499e-38,4.452759e-35,1.0
testing13962.jpg,Outside,1.0,4.970456e-38,3.2056746e-34,1.0
testing13963.jpg,Outside,1.0,1.3167997e-29,3.6865003e-27,1.0
testing13964.jpg,Outside,1.0,1.6586869e-32,1.6547251e-31,1.0
testing13965.jpg,Outside,1.0,1.2716927e-30,1.1365311e-27,1.0
testing13966.jpg,Outside,1.0,1.3385952e-33,2.4203556e-31,1.0
testing13967.jpg,Outside,1.0,5.5557536e-34,1.4546791e-32,1.0
testing13968.jpg,Intermediate,1.0,1.0,4.113266e-33,1.9061402e-23
testing13969.jpg,Outside,1.0,1.9321232e-29,5.847129e-27,1.0
testing13970.jpg,Outside,1.0,1.3229565e-30,1.2724012e-30,1.0
testing13971.jpg,Outside,1.0,2.8782722e-37,7.638207e-34,1.0
testing13972.jpg,Outside,1.0,2.3205182e-20,1.4905247e-22,1.0
testing13973.jpg,Outside,1.0,2.765983e-28,1.0939507e-27,1.0
testing13974.jpg,Outside,1.0,6.2497166e-35,6.000429e-32,1.0
testing13975.jpg,Outside,1.0,1.9292565e-23,9.389573e-25,1.0
testing13976.jpg,Outside,1.0,1.1245466e-19,1.0749252e-21,1.0
testing13977.jpg,Outside,1.0,9.4934055e-18,4.3118969e-19,1.0
testing13978.jpg,Intermediate,1.0,1.0,3.0639554e-27,8.32186e-21
testing13979.jpg,Nanodomain,1.0,3.0173617e-20,1.0,0.0
testing13980.jpg,Nanodomain,0.9999999,9.947421e-08,0.9999999,2.5577897e-31
testing13981.jpg,Nanodomain,1.0,1.1322981e-21,1.0,0.0
testing13982.jpg,Nanodomain,1.0,0.0,1.0,0.0
testing13983.jpg,Nanodomain,1.0,3.0291382e-19,1.0,2.0458337e-37
testing13984.jpg,Intermediate,1.0,1.0,4.3157172e-18,2.9715278e-24
testing13985.jpg,Intermediate,1.0,1.0,4.796512e-25,4.632315e-14
testing13986.jpg,Intermediate,0.9999994,0.9999994,6.130872e-07,2.495293e-21
testing13987.jpg,Nanodomain,1.0,0.0,1.0,0.0
testing13988.jpg,Nanodomain,1.0,0.0,1.0,0.0
testing13989.jpg,Nanodomain,1.0,0.0,1.0,0.0
testing13990.jpg,Nanodomain,1.0,0.0,1.0,0.0
testing13991.jpg,Nanodomain,1.0,0.0,1.0,0.0
testing13992.jpg,Nanodomain,1.0,0.0,1.0,0.0
testing13993.jpg,Nanodomain,1.0,0.0,1.0,0.0
testing13994.jpg,Nanodomain,1.0,0.0,1.0,0.0
testing13995.jpg,Nanodomain,1.0,0.0,1.0,0.0
testing13996.jpg,Nanodomain,1.0,0.0,1.0,0.0
testing13997.jpg,Nanodomain,1.0,0.0,1.0,0.0
testing13998.jpg,Nanodomain,1.0,0.0,1.0,0.0
testing13999.jpg,Nanodomain,1.0,0.0,1.0,0.0
testing14000.jpg,Nanodomain,1.0,0.0,1.0,0.0
testing14001.jpg,Nanodomain,1.0,0.0,1.0,0.0
testing14002.jpg,Nanodomain,1.0,0.0,1.0,0.0
testing14003.jpg,Nanodomain,1.0,0.0,1.0,0.0
testing14004.jpg,Nanodomain,1.0,0.0,1.0,0.0
testing14005.jpg,Nanodomain,1.0,0.0,1.0,0.0
testing14006.jpg,Nanodomain,1.0,0.0,1.0,0.0
testing14007.jpg,Nanodomain,1.0,0.0,1.0,0.0
testing14008.jpg,Nanodomain,1.0,0.0,1.0,0.0
testing14009.jpg,Nanodomain,1.0,0.0,1.0,0.0
testing14010.jpg,Nanodomain,1.0,0.0,1.0,0.0
testing14011.jpg,Outside,1.0,6.0727548e-33,5.9630066e-32,1.0
testing14012.jpg,Nanodomain,1.0,3.5018576e-27,1.0,0.0
testing14013.jpg,Nanodomain,1.0,3.9433663e-25,1.0,0.0
testing14014.jpg,Nanodomain,1.0,5.313878e-31,1.0,0.0
testing14015.jpg,Nanodomain,1.0,2.8058506e-32,1.0,0.0
testing14016.jpg,Nanodomain,1.0,0.0,1.0,0.0
testing14017.jpg,Nanodomain,1.0,1.8586939e-28,1.0,0.0
testing14018.jpg,Nanodomain,1.0,0.0,1.0,0.0
testing14019.jpg,Nanodomain,1.0,0.0,1.0,0.0
testing14020.jpg,Nanodomain,1.0,4.9547105e-36,1.0,0.0
testing14021.jpg,Nanodomain,1.0,1.0092479e-29,1.0,0.0
testing14022.jpg,Nanodomain,1.0,5.416756e-26,1.0,0.0
testing14023.jpg,Nanodomain,1.0,2.3426112e-20,1.0,0.0
testing14024.jpg,Intermediate,0.9998809,0.9998809,0.00011903027,2.9267621e-24
testing14025.jpg,Intermediate,1.0,1.0,5.9399113e-08,1.8053977e-25
testing14026.jpg,Outside,1.0,3.9138383e-35,1.2031213e-34,1.0
testing14027.jpg,Nanodomain,1.0,0.0,1.0,0.0
testing14028.jpg,Nanodomain,1.0,0.0,1.0,0.0
testing14029.jpg,Nanodomain,1.0,0.0,1.0,0.0
testing14030.jpg,Nanodomain,1.0,0.0,1.0,0.0
testing14031.jpg,Nanodomain,1.0,0.0,1.0,0.0
testing14032.jpg,Nanodomain,1.0,0.0,1.0,0.0
testing14033.jpg,Nanodomain,1.0,0.0,1.0,0.0
testing14034.jpg,Nanodomain,1.0,0.0,1.0,0.0
testing14035.jpg,Nanodomain,1.0,0.0,1.0,0.0
testing14036.jpg,Nanodomain,1.0,0.0,1.0,0.0
testing14037.jpg,Nanodomain,1.0,0.0,1.0,0.0
testing14038.jpg,Nanodomain,1.0,0.0,1.0,0.0
testing14039.jpg,Nanodomain,1.0,0.0,1.0,0.0
testing14040.jpg,Nanodomain,1.0,0.0,1.0,0.0
testing14041.jpg,Outside,1.0,5.847672e-32,1.10308e-30,1.0
testing14042.jpg,Outside,1.0,8.374969e-31,1.0679481e-29,1.0
testing14043.jpg,Outside,1.0,1.8934393e-27,2.9981625e-30,1.0
testing14044.jpg,Outside,1.0,5.2606664e-33,1.0299099e-32,1.0
testing14045.jpg,Outside,1.0,1.1126917e-28,1.0691128e-31,1.0
testing14046.jpg,Outside,1.0,1.3743371e-35,1.1933266e-33,1.0
testing14047.jpg,Outside,1.0,2.2165232e-31,4.451957e-29,1.0
testing14048.jpg,Outside,1.0,5.8955263e-28,3.159141e-28,1.0
testing14049.jpg,Outside,1.0,1.1950175e-24,1.2180434e-24,1.0
testing14050.jpg,Outside,1.0,4.068896e-34,3.5597234e-32,1.0
testing14051.jpg,Nanodomain,1.0,0.0,1.0,0.0
testing14052.jpg,Nanodomain,1.0,0.0,1.0,0.0
testing14053.jpg,Nanodomain,1.0,0.0,1.0,0.0
testing14054.jpg,Nanodomain,1.0,0.0,1.0,0.0
testing14055.jpg,Nanodomain,1.0,0.0,1.0,0.0
testing14056.jpg,Nanodomain,1.0,0.0,1.0,0.0
testing14057.jpg,Nanodomain,1.0,0.0,1.0,0.0
testing14058.jpg,Nanodomain,1.0,0.0,1.0,0.0
testing14059.jpg,Nanodomain,1.0,0.0,1.0,0.0
testing14060.jpg,Nanodomain,1.0,0.0,1.0,0.0
testing14061.jpg,Outside,1.0,5.0122277e-24,4.8703173e-25,1.0
testing14062.jpg,Nanodomain,1.0,0.0,1.0,0.0
testing14063.jpg,Nanodomain,1.0,0.0,1.0,0.0
testing14064.jpg,Nanodomain,1.0,0.0,1.0,0.0
testing14065.jpg,Nanodomain,1.0,0.0,1.0,0.0
testing14066.jpg,Nanodomain,1.0,0.0,1.0,0.0
testing14067.jpg,Nanodomain,1.0,0.0,1.0,0.0
testing14068.jpg,Nanodomain,1.0,0.0,1.0,0.0
testing14069.jpg,Nanodomain,1.0,0.0,1.0,0.0
testing14070.jpg,Nanodomain,1.0,0.0,1.0,0.0
testing14071.jpg,Nanodomain,1.0,0.0,1.0,0.0
testing14072.jpg,Nanodomain,1.0,0.0,1.0,0.0
testing14073.jpg,Nanodomain,1.0,0.0,1.0,0.0
testing14074.jpg,Outside,1.0,2.0365963e-13,5.882874e-22,1.0
testing14075.jpg,Outside,1.0,7.307103e-13,1.09649656e-17,1.0
testing14076.jpg,Outside,0.99999833,1.6636076e-06,1.1169993e-18,0.99999833
testing14077.jpg,Outside,1.0,2.3994456e-20,5.8708203e-27,1.0
testing14078.jpg,Intermediate,0.9999969,0.9999969,6.1189355e-20,3.1360407e-06
testing14079.jpg,Outside,1.0,2.0076477e-16,2.5236075e-23,1.0
testing14080.jpg,Outside,1.0,2.5210066e-18,9.167011e-21,1.0
testing14081.jpg,Outside,0.9999987,1.3357004e-06,1.489186e-16,0.9999987
testing14082.jpg,Intermediate,1.0,1.0,6.116712e-28,3.100513e-25
testing14083.jpg,Intermediate,1.0,1.0,4.2322956e-24,5.102882e-17
testing14084.jpg,Intermediate,1.0,1.0,3.866831e-24,1.1944182e-09
testing14085.jpg,Outside,1.0,9.007789e-30,9.1265336e-29,1.0
testing14086.jpg,Outside,1.0,4.9213477e-37,2.3271313e-35,1.0
testing14087.jpg,Outside,1.0,3.1896912e-29,1.7446774e-27,1.0
testing14088.jpg,Outside,1.0,5.9931027e-34,5.2836966e-32,1.0
testing14089.jpg,Outside,1.0,5.3266764e-34,8.58172e-32,1.0
testing14090.jpg,Outside,1.0,1.4824213e-30,2.6879277e-28,1.0
testing14091.jpg,Outside,1.0,6.633469e-30,1.4696092e-26,1.0
testing14092.jpg,Outside,1.0,0.0,2.4568261e-34,1.0
testing14093.jpg,Outside,1.0,7.222777e-34,1.512149e-31,1.0
testing14094.jpg,Outside,1.0,2.3106949e-28,1.5816467e-28,1.0
testing14095.jpg,Outside,1.0,8.266621e-20,6.060715e-20,1.0
testing14096.jpg,Outside,1.0,2.4434357e-24,4.88297e-24,1.0
testing14097.jpg,Outside,1.0,9.368019e-36,5.2413337e-34,1.0
testing14098.jpg,Outside,1.0,3.0533198e-31,1.2586158e-27,1.0
testing14099.jpg,Outside,0.99385405,0.0061459513,2.1166477e-19,0.99385405
testing14100.jpg,Intermediate,1.0,1.0,5.513832e-23,2.5808313e-13
testing14101.jpg,Nanodomain,1.0,0.0,1.0,0.0
testing14102.jpg,Nanodomain,1.0,0.0,1.0,0.0
testing14103.jpg,Outside,1.0,4.2818632e-29,8.656136e-29,1.0
testing14104.jpg,Intermediate,1.0,1.0,6.677587e-25,3.3445667e-21
testing14105.jpg,Outside,1.0,8.044576e-17,7.047653e-21,1.0
testing14106.jpg,Intermediate,0.993164,0.993164,2.321265e-16,0.006835981
testing14107.jpg,Intermediate,1.0,1.0,5.7430956e-28,4.1743952e-13
testing14108.jpg,Nanodomain,1.0,3.200511e-31,1.0,0.0
testing14109.jpg,Nanodomain,1.0,8.593128e-30,1.0,0.0
testing14110.jpg,Nanodomain,1.0,1.7213418e-19,1.0,0.0
testing14111.jpg,Intermediate,1.0,1.0,4.600562e-26,4.8308683e-25
testing14112.jpg,Intermediate,1.0,1.0,5.0971677e-30,2.5735722e-27
testing14113.jpg,Intermediate,1.0,1.0,2.7574233e-24,1.5095515e-21
testing14114.jpg,Nanodomain,1.0,0.0,1.0,0.0
testing14115.jpg,Nanodomain,1.0,0.0,1.0,0.0
testing14116.jpg,Nanodomain,1.0,0.0,1.0,0.0
testing14117.jpg,Nanodomain,1.0,0.0,1.0,0.0
testing14118.jpg,Nanodomain,1.0,0.0,1.0,0.0
testing14119.jpg,Nanodomain,1.0,0.0,1.0,0.0
testing14120.jpg,Nanodomain,1.0,0.0,1.0,0.0
testing14121.jpg,Nanodomain,1.0,0.0,1.0,0.0
testing14122.jpg,Nanodomain,1.0,0.0,1.0,0.0
testing14123.jpg,Nanodomain,1.0,0.0,1.0,0.0
testing14124.jpg,Nanodomain,1.0,0.0,1.0,0.0
testing14125.jpg,Nanodomain,1.0,0.0,1.0,0.0
testing14126.jpg,Nanodomain,1.0,0.0,1.0,0.0
testing14127.jpg,Nanodomain,1.0,0.0,1.0,0.0
testing14128.jpg,Nanodomain,1.0,0.0,1.0,0.0
testing14129.jpg,Nanodomain,1.0,0.0,1.0,0.0
testing14130.jpg,Nanodomain,1.0,0.0,1.0,0.0
testing14131.jpg,Nanodomain,1.0,0.0,1.0,0.0
testing14132.jpg,Nanodomain,1.0,0.0,1.0,0.0
testing14133.jpg,Nanodomain,1.0,0.0,1.0,0.0
testing14134.jpg,Nanodomain,1.0,0.0,1.0,0.0
testing14135.jpg,Nanodomain,1.0,0.0,1.0,0.0
testing14136.jpg,Nanodomain,1.0,0.0,1.0,0.0
testing14137.jpg,Nanodomain,1.0,0.0,1.0,0.0
testing14138.jpg,Nanodomain,1.0,0.0,1.0,0.0
testing14139.jpg,Nanodomain,1.0,0.0,1.0,0.0
testing14140.jpg,Nanodomain,1.0,7.549172e-24,1.0,0.0
testing14141.jpg,Nanodomain,1.0,1.05307e-27,1.0,0.0
testing14142.jpg,Nanodomain,1.0,1.46867e-38,1.0,0.0
testing14143.jpg,Nanodomain,1.0,0.0,1.0,0.0
testing14144.jpg,Nanodomain,1.0,0.0,1.0,0.0
testing14145.jpg,Nanodomain,1.0,0.0,1.0,0.0
testing14146.jpg,Nanodomain,1.0,4.8487264e-38,1.0,0.0
testing14147.jpg,Nanodomain,1.0,1.3887884e-27,1.0,0.0
testing14148.jpg,Nanodomain,1.0,6.7531376e-38,1.0,0.0
testing14149.jpg,Nanodomain,1.0,4.7281603e-21,1.0,0.0
testing14150.jpg,Nanodomain,1.0,1.02069486e-25,1.0,0.0
testing14151.jpg,Nanodomain,1.0,1.3118119e-20,1.0,0.0
testing14152.jpg,Nanodomain,1.0,2.2822672e-21,1.0,0.0
testing14153.jpg,Intermediate,0.9878847,0.9878847,0.012115261,9.667176e-23
testing14154.jpg,Outside,1.0,1.437603e-28,1.3933665e-29,1.0
testing14155.jpg,Outside,1.0,1.4483256e-28,5.2158366e-29,1.0
testing14156.jpg,Nanodomain,1.0,0.0,1.0,0.0
testing14157.jpg,Nanodomain,1.0,0.0,1.0,0.0
testing14158.jpg,Nanodomain,1.0,0.0,1.0,0.0
testing14159.jpg,Nanodomain,1.0,0.0,1.0,0.0
testing14160.jpg,Nanodomain,1.0,0.0,1.0,0.0
testing14161.jpg,Nanodomain,1.0,0.0,1.0,0.0
testing14162.jpg,Nanodomain,1.0,0.0,1.0,0.0
testing14163.jpg,Nanodomain,1.0,0.0,1.0,0.0
testing14164.jpg,Nanodomain,1.0,0.0,1.0,0.0
testing14165.jpg,Nanodomain,1.0,0.0,1.0,0.0
testing14166.jpg,Nanodomain,1.0,0.0,1.0,0.0
testing14167.jpg,Outside,1.0,1.09970205e-30,1.2853247e-29,1.0
testing14168.jpg,Intermediate,1.0,1.0,2.869661e-33,2.9449407e-17
testing14169.jpg,Outside,1.0,7.361018e-27,5.178138e-26,1.0
testing14170.jpg,Outside,1.0,2.5380317e-30,1.1640187e-30,1.0
testing14171.jpg,Outside,1.0,7.2018425e-33,7.657361e-30,1.0
testing14172.jpg,Outside,1.0,2.3530362e-35,6.80381e-33,1.0
testing14173.jpg,Outside,1.0,3.1023564e-34,5.0728543e-33,1.0
testing14174.jpg,Outside,1.0,2.8434215e-33,5.679965e-32,1.0
testing14175.jpg,Outside,1.0,2.4486162e-30,2.8734502e-26,1.0
testing14176.jpg,Outside,1.0,1.1930638e-31,6.5667e-30,1.0
testing14177.jpg,Nanodomain,1.0,0.0,1.0,0.0
testing14178.jpg,Nanodomain,1.0,0.0,1.0,0.0
testing14179.jpg,Nanodomain,1.0,0.0,1.0,0.0
testing14180.jpg,Nanodomain,1.0,0.0,1.0,0.0
testing14181.jpg,Nanodomain,1.0,0.0,1.0,0.0
testing14182.jpg,Nanodomain,1.0,0.0,1.0,0.0
testing14183.jpg,Nanodomain,1.0,0.0,1.0,0.0
testing14184.jpg,Nanodomain,1.0,0.0,1.0,0.0
testing14185.jpg,Nanodomain,1.0,0.0,1.0,0.0
testing14186.jpg,Nanodomain,1.0,0.0,1.0,0.0
testing14187.jpg,Nanodomain,1.0,0.0,1.0,0.0
testing14188.jpg,Nanodomain,1.0,0.0,1.0,0.0
testing14189.jpg,Nanodomain,1.0,0.0,1.0,0.0
testing14190.jpg,Nanodomain,1.0,0.0,1.0,0.0
testing14191.jpg,Nanodomain,1.0,0.0,1.0,0.0
testing14192.jpg,Nanodomain,1.0,0.0,1.0,0.0
testing14193.jpg,Nanodomain,1.0,0.0,1.0,0.0
testing14194.jpg,Nanodomain,1.0,0.0,1.0,0.0
testing14195.jpg,Nanodomain,1.0,0.0,1.0,0.0
testing14196.jpg,Nanodomain,1.0,0.0,1.0,0.0
testing14197.jpg,Nanodomain,1.0,0.0,1.0,0.0
testing14198.jpg,Nanodomain,1.0,0.0,1.0,0.0
testing14199.jpg,Nanodomain,1.0,0.0,1.0,0.0
testing14200.jpg,Nanodomain,1.0,0.0,1.0,0.0
testing14201.jpg,Nanodomain,1.0,0.0,1.0,0.0
testing14202.jpg,Outside,1.0,2.8794689e-11,2.4642374e-22,1.0
testing14203.jpg,Outside,1.0,1.7300623e-10,3.1072908e-22,1.0
testing14204.jpg,Outside,1.0,5.5616876e-09,2.7912315e-20,1.0
testing14205.jpg,Outside,0.9999987,1.2770308e-06,4.4732797e-15,0.9999987
testing14206.jpg,Outside,1.0,2.1405296e-11,6.397519e-17,1.0
testing14207.jpg,Outside,0.9999988,1.2387553e-06,1.06013064e-19,0.9999988
testing14208.jpg,Outside,1.0,1.7337314e-11,5.7253727e-22,1.0
testing14209.jpg,Outside,1.0,2.3500725e-23,1.01602084e-19,1.0
testing14210.jpg,Intermediate,1.0,1.0,3.6158914e-32,6.2466353e-22
testing14211.jpg,Intermediate,1.0,1.0,2.7158151e-30,2.8080586e-23
testing14212.jpg,Intermediate,1.0,1.0,5.4864865e-33,6.4179305e-24
testing14213.jpg,Intermediate,1.0,1.0,1.6644312e-30,3.604495e-21
testing14214.jpg,Outside,1.0,7.4741766e-33,7.1898825e-31,1.0
testing14215.jpg,Nanodomain,0.9999995,4.719349e-07,0.9999995,2.4872575e-25
testing14216.jpg,Nanodomain,1.0,1.9760295e-26,1.0,0.0
testing14217.jpg,Intermediate,0.99999964,0.99999964,3.147424e-07,2.818392e-23
testing14218.jpg,Intermediate,1.0,1.0,1.7671428e-20,4.3359635e-26
testing14219.jpg,Intermediate,1.0,1.0,3.0140707e-28,3.928556e-28
testing14220.jpg,Intermediate,1.0,1.0,1.7944884e-24,1.3834271e-19
testing14221.jpg,Intermediate,1.0,1.0,1.5783512e-34,3.7710787e-32
testing14222.jpg,Intermediate,1.0,1.0,1.1979764e-37,2.2264383e-31
testing14223.jpg,Intermediate,1.0,1.0,8.920074e-24,3.316741e-14
testing14224.jpg,Intermediate,1.0,1.0,2.3445752e-30,5.550962e-28
testing14225.jpg,Intermediate,1.0,1.0,3.9685666e-33,4.6004974e-31
testing14226.jpg,Intermediate,1.0,1.0,1.2253659e-30,6.9648905e-26
testing14227.jpg,Intermediate,1.0,1.0,0.0,1.5896105e-31
testing14228.jpg,Intermediate,1.0,1.0,1.0149162e-20,3.54613e-24
testing14229.jpg,Intermediate,1.0,1.0,4.964807e-31,5.7424e-26
testing14230.jpg,Intermediate,1.0,1.0,3.3199627e-33,1.1860677e-29
testing14231.jpg,Intermediate,1.0,1.0,2.4220414e-27,2.1463544e-23
testing14232.jpg,Intermediate,1.0,1.0,1.9520689e-34,1.142645e-24
testing14233.jpg,Intermediate,1.0,1.0,1.8267748e-27,2.9132404e-25
testing14234.jpg,Intermediate,1.0,1.0,2.1119378e-27,8.6959785e-23
testing14235.jpg,Intermediate,1.0,1.0,4.5169164e-19,1.5866037e-26
testing14236.jpg,Intermediate,1.0,1.0,8.069884e-29,3.2466526e-21
testing14237.jpg,Intermediate,1.0,1.0,2.6387467e-27,1.1109483e-21
testing14238.jpg,Intermediate,1.0,1.0,2.311222e-37,2.124266e-21
testing14239.jpg,Intermediate,1.0,1.0,7.1245585e-28,4.049814e-21
testing14240.jpg,Intermediate,1.0,1.0,2.6355705e-25,1.07305e-19
testing14241.jpg,Intermediate,0.99999166,0.99999166,2.4967313e-20,8.353652e-06
testing14242.jpg,Nanodomain,1.0,0.0,1.0,0.0
testing14243.jpg,Nanodomain,1.0,0.0,1.0,0.0
testing14244.jpg,Nanodomain,1.0,1.3821559e-34,1.0,0.0
testing14245.jpg,Nanodomain,1.0,0.0,1.0,0.0
testing14246.jpg,Nanodomain,1.0,0.0,1.0,0.0
testing14247.jpg,Nanodomain,1.0,0.0,1.0,0.0
testing14248.jpg,Nanodomain,1.0,0.0,1.0,0.0
testing14249.jpg,Nanodomain,1.0,7.432165e-38,1.0,0.0
testing14250.jpg,Nanodomain,1.0,0.0,1.0,0.0
testing14251.jpg,Nanodomain,1.0,4.699673e-30,1.0,0.0
testing14252.jpg,Nanodomain,1.0,0.0,1.0,0.0
testing14253.jpg,Nanodomain,1.0,0.0,1.0,0.0
testing14254.jpg,Nanodomain,1.0,0.0,1.0,0.0
testing14255.jpg,Nanodomain,1.0,0.0,1.0,0.0
testing14256.jpg,Nanodomain,1.0,0.0,1.0,0.0
testing14257.jpg,Nanodomain,1.0,0.0,1.0,0.0
testing14258.jpg,Nanodomain,1.0,0.0,1.0,0.0
testing14259.jpg,Nanodomain,1.0,0.0,1.0,0.0
testing14260.jpg,Nanodomain,1.0,0.0,1.0,0.0
testing14261.jpg,Nanodomain,1.0,0.0,1.0,0.0
testing14262.jpg,Nanodomain,1.0,0.0,1.0,0.0
testing14263.jpg,Nanodomain,1.0,0.0,1.0,0.0
testing14264.jpg,Nanodomain,1.0,0.0,1.0,0.0
testing14265.jpg,Nanodomain,1.0,0.0,1.0,0.0
testing14266.jpg,Nanodomain,1.0,0.0,1.0,0.0
testing14267.jpg,Nanodomain,1.0,0.0,1.0,0.0
testing14268.jpg,Outside,1.0,3.1513206e-26,8.048494e-27,1.0
testing14269.jpg,Nanodomain,0.9999974,2.637314e-06,0.9999974,5.7620844e-28
testing14270.jpg,Nanodomain,1.0,3.2149723e-25,1.0,0.0
testing14271.jpg,Intermediate,1.0,1.0,1.5596365e-14,5.3965284e-24
testing14272.jpg,Nanodomain,1.0,1.3973132e-33,1.0,0.0
testing14273.jpg,Nanodomain,1.0,2.5451215e-28,1.0,0.0
testing14274.jpg,Nanodomain,1.0,6.8837993e-26,1.0,0.0
testing14275.jpg,Nanodomain,1.0,3.9962177e-17,1.0,0.0
testing14276.jpg,Nanodomain,1.0,2.4600322e-20,1.0,0.0
testing14277.jpg,Nanodomain,1.0,3.5065678e-32,1.0,0.0
testing14278.jpg,Nanodomain,1.0,1.300282e-22,1.0,0.0
testing14279.jpg,Nanodomain,1.0,3.4708292e-09,1.0,2.808197e-31
testing14280.jpg,Nanodomain,1.0,6.9068345e-28,1.0,0.0
testing14281.jpg,Nanodomain,1.0,2.0759153e-11,1.0,1.0389339e-33
testing14282.jpg,Outside,1.0,3.6502894e-32,8.5348384e-32,1.0
testing14283.jpg,Outside,1.0,1.2668289e-34,5.8646247e-33,1.0
testing14284.jpg,Outside,1.0,6.149213e-19,3.9563393e-25,1.0
testing14285.jpg,Nanodomain,1.0,0.0,1.0,0.0
testing14286.jpg,Nanodomain,1.0,0.0,1.0,0.0
testing14287.jpg,Nanodomain,1.0,0.0,1.0,0.0
testing14288.jpg,Nanodomain,1.0,0.0,1.0,0.0
testing14289.jpg,Nanodomain,1.0,0.0,1.0,0.0
testing14290.jpg,Nanodomain,1.0,0.0,1.0,0.0
testing14291.jpg,Nanodomain,1.0,0.0,1.0,0.0
testing14292.jpg,Nanodomain,1.0,0.0,1.0,0.0
testing14293.jpg,Nanodomain,1.0,0.0,1.0,0.0
testing14294.jpg,Intermediate,1.0,1.0,3.533068e-27,2.1343551e-13
testing14295.jpg,Nanodomain,1.0,1.1978804e-22,1.0,0.0
testing14296.jpg,Nanodomain,1.0,0.0,1.0,0.0
testing14297.jpg,Nanodomain,1.0,0.0,1.0,0.0
testing14298.jpg,Nanodomain,1.0,0.0,1.0,0.0
testing14299.jpg,Nanodomain,1.0,0.0,1.0,0.0
testing14300.jpg,Nanodomain,1.0,0.0,1.0,0.0
testing14301.jpg,Outside,1.0,2.898428e-27,8.4858715e-27,1.0
testing14302.jpg,Outside,1.0,7.772667e-30,1.2696e-28,1.0
testing14303.jpg,Outside,1.0,6.965813e-28,1.117748e-24,1.0
testing14304.jpg,Nanodomain,1.0,0.0,1.0,0.0
testing14305.jpg,Nanodomain,1.0,0.0,1.0,0.0
testing14306.jpg,Nanodomain,1.0,0.0,1.0,0.0
testing14307.jpg,Nanodomain,1.0,0.0,1.0,0.0
testing14308.jpg,Nanodomain,1.0,0.0,1.0,0.0
testing14309.jpg,Nanodomain,1.0,0.0,1.0,0.0
testing14310.jpg,Nanodomain,1.0,0.0,1.0,0.0
testing14311.jpg,Nanodomain,1.0,0.0,1.0,0.0
testing14312.jpg,Nanodomain,1.0,0.0,1.0,0.0
testing14313.jpg,Nanodomain,1.0,0.0,1.0,0.0
testing14314.jpg,Nanodomain,1.0,0.0,1.0,0.0
testing14315.jpg,Nanodomain,1.0,0.0,1.0,0.0
testing14316.jpg,Nanodomain,1.0,0.0,1.0,0.0
testing14317.jpg,Nanodomain,1.0,0.0,1.0,0.0
testing14318.jpg,Nanodomain,1.0,0.0,1.0,0.0
testing14319.jpg,Nanodomain,1.0,0.0,1.0,0.0
testing14320.jpg,Nanodomain,1.0,0.0,1.0,0.0
testing14321.jpg,Nanodomain,1.0,0.0,1.0,0.0
testing14322.jpg,Nanodomain,1.0,0.0,1.0,0.0
testing14323.jpg,Nanodomain,1.0,0.0,1.0,0.0
testing14324.jpg,Nanodomain,1.0,0.0,1.0,0.0
testing14325.jpg,Nanodomain,1.0,0.0,1.0,0.0
testing14326.jpg,Nanodomain,1.0,0.0,1.0,0.0
testing14327.jpg,Nanodomain,1.0,0.0,1.0,0.0
testing14328.jpg,Nanodomain,1.0,0.0,1.0,0.0
testing14329.jpg,Outside,1.0,2.0143876e-08,7.921532e-21,1.0
testing14330.jpg,Outside,0.9999999,8.300339e-08,9.008284e-19,0.9999999
testing14331.jpg,Outside,1.0,3.530314e-15,9.271041e-20,1.0
testing14332.jpg,Outside,1.0,7.186206e-13,5.606494e-17,1.0
testing14333.jpg,Outside,1.0,1.6084514e-10,2.5519724e-23,1.0
testing14334.jpg,Outside,1.0,8.187298e-13,7.874754e-18,1.0
testing14335.jpg,Outside,1.0,6.8879435e-09,1.8495953e-16,1.0
testing14336.jpg,Outside,0.7797503,0.22024973,1.7309615e-15,0.7797503
testing14337.jpg,Intermediate,1.0,1.0,5.0445727e-11,2.8778097e-23
testing14338.jpg,Nanodomain,1.0,0.0,1.0,0.0
testing14339.jpg,Nanodomain,1.0,0.0,1.0,0.0
testing14340.jpg,Nanodomain,1.0,0.0,1.0,0.0
testing14341.jpg,Intermediate,1.0,1.0,7.306146e-23,5.7424437e-11
testing14342.jpg,Intermediate,1.0,1.0,2.3437446e-29,7.3269336e-17
testing14343.jpg,Intermediate,0.9999703,0.9999703,5.925413e-18,2.972038e-05
testing14344.jpg,Intermediate,1.0,1.0,3.0512668e-26,7.701912e-17
testing14345.jpg,Intermediate,1.0,1.0,2.1739902e-25,1.3214572e-17
testing14346.jpg,Intermediate,1.0,1.0,8.182518e-25,1.0576958e-12
testing14347.jpg,Intermediate,1.0,1.0,2.4041545e-28,3.793532e-23
testing14348.jpg,Intermediate,1.0,1.0,5.042106e-24,2.210002e-19
testing14349.jpg,Intermediate,1.0,1.0,9.3018345e-33,1.71593e-30
testing14350.jpg,Intermediate,1.0,1.0,7.963524e-29,1.9905433e-23
testing14351.jpg,Intermediate,1.0,1.0,5.7558565e-29,1.4747984e-26
testing14352.jpg,Intermediate,1.0,1.0,4.2703607e-30,6.4458166e-20
testing14353.jpg,Intermediate,1.0,1.0,6.11605e-31,9.888482e-22
testing14354.jpg,Intermediate,1.0,1.0,2.3939086e-25,5.574882e-19
testing14355.jpg,Intermediate,1.0,1.0,1.7462413e-28,5.0563693e-20
testing14356.jpg,Intermediate,1.0,1.0,3.1598976e-22,4.1509366e-19
testing14357.jpg,Intermediate,1.0,1.0,1.0826787e-28,1.8655962e-23
testing14358.jpg,Intermediate,1.0,1.0,9.7978424e-29,8.7279044e-18
testing14359.jpg,Intermediate,1.0,1.0,3.74544e-27,9.029894e-26
testing14360.jpg,Intermediate,1.0,1.0,2.5094222e-28,5.621822e-19
testing14361.jpg,Intermediate,1.0,1.0,9.644312e-31,6.080357e-26
testing14362.jpg,Intermediate,1.0,1.0,2.8195509e-33,2.262219e-28
testing14363.jpg,Intermediate,1.0,1.0,3.5444956e-23,8.289005e-21
testing14364.jpg,Intermediate,1.0,1.0,7.649395e-29,1.270673e-17
testing14365.jpg,Intermediate,1.0,1.0,4.539704e-25,3.889881e-24
testing14366.jpg,Intermediate,1.0,1.0,1.0832111e-29,2.1528018e-21
testing14367.jpg,Outside,0.82741714,0.17258286,7.785116e-17,0.82741714
testing14368.jpg,Nanodomain,1.0,0.0,1.0,0.0
testing14369.jpg,Nanodomain,1.0,0.0,1.0,0.0
testing14370.jpg,Nanodomain,1.0,0.0,1.0,0.0
testing14371.jpg,Nanodomain,1.0,0.0,1.0,0.0
testing14372.jpg,Nanodomain,1.0,0.0,1.0,0.0
testing14373.jpg,Nanodomain,1.0,0.0,1.0,0.0
testing14374.jpg,Nanodomain,1.0,0.0,1.0,0.0
testing14375.jpg,Nanodomain,1.0,0.0,1.0,0.0
testing14376.jpg,Nanodomain,1.0,0.0,1.0,0.0
testing14377.jpg,Nanodomain,1.0,0.0,1.0,0.0
testing14378.jpg,Nanodomain,1.0,0.0,1.0,0.0
testing14379.jpg,Nanodomain,1.0,0.0,1.0,0.0
testing14380.jpg,Nanodomain,1.0,0.0,1.0,0.0
testing14381.jpg,Nanodomain,1.0,0.0,1.0,0.0
testing14382.jpg,Nanodomain,1.0,0.0,1.0,0.0
testing14383.jpg,Nanodomain,1.0,0.0,1.0,0.0
testing14384.jpg,Nanodomain,1.0,0.0,1.0,0.0
testing14385.jpg,Nanodomain,1.0,0.0,1.0,0.0
testing14386.jpg,Nanodomain,1.0,0.0,1.0,0.0
testing14387.jpg,Nanodomain,1.0,0.0,1.0,0.0
testing14388.jpg,Nanodomain,1.0,0.0,1.0,0.0
testing14389.jpg,Nanodomain,1.0,0.0,1.0,0.0
testing14390.jpg,Nanodomain,1.0,0.0,1.0,0.0
testing14391.jpg,Nanodomain,1.0,0.0,1.0,0.0
testing14392.jpg,Nanodomain,1.0,0.0,1.0,0.0
testing14393.jpg,Nanodomain,1.0,0.0,1.0,0.0
testing14394.jpg,Nanodomain,1.0,0.0,1.0,0.0
testing14395.jpg,Outside,1.0,4.6115226e-35,7.375644e-32,1.0
testing14396.jpg,Outside,1.0,8.493682e-33,2.354765e-31,1.0
testing14397.jpg,Outside,1.0,2.4571822e-34,4.8049184e-32,1.0
testing14398.jpg,Outside,1.0,6.2200796e-28,4.264049e-28,1.0
testing14399.jpg,Intermediate,1.0,1.0,5.5383094e-22,1.3714309e-27
testing14400.jpg,Intermediate,0.9992361,0.9992361,0.0007639258,1.2842207e-21
testing14401.jpg,Nanodomain,0.8937916,0.10620837,0.8937916,1.8358177e-22
testing14402.jpg,Nanodomain,0.9890372,0.010962855,0.9890372,7.555069e-21
testing14403.jpg,Intermediate,1.0,1.0,1.8815681e-10,3.1441415e-25
testing14404.jpg,Nanodomain,1.0,4.9784196e-18,1.0,4.0749943e-37
testing14405.jpg,Nanodomain,1.0,1.4255182e-20,1.0,0.0
testing14406.jpg,Nanodomain,0.9999988,1.1556956e-06,0.9999988,2.2205925e-30
testing14407.jpg,Nanodomain,0.9988427,0.0011571958,0.9988427,4.4342768e-26
testing14408.jpg,Intermediate,1.0,1.0,1.1550629e-20,2.1671488e-27
testing14409.jpg,Nanodomain,1.0,0.0,1.0,0.0
testing14410.jpg,Nanodomain,0.92269146,0.07730852,0.92269146,7.436555e-23
testing14411.jpg,Intermediate,1.0,1.0,1.2418043e-20,6.1827903e-30
testing14412.jpg,Intermediate,1.0,1.0,1.6536532e-15,1.6530267e-25
testing14413.jpg,Intermediate,1.0,1.0,2.7722927e-18,4.2921558e-26
testing14414.jpg,Intermediate,1.0,1.0,3.5401722e-30,2.7939643e-31
testing14415.jpg,Outside,1.0,1.556159e-34,3.4008493e-31,1.0
testing14416.jpg,Nanodomain,1.0,0.0,1.0,0.0
testing14417.jpg,Nanodomain,1.0,0.0,1.0,0.0
testing14418.jpg,Nanodomain,1.0,0.0,1.0,0.0
testing14419.jpg,Nanodomain,1.0,0.0,1.0,0.0
testing14420.jpg,Nanodomain,1.0,0.0,1.0,0.0
testing14421.jpg,Nanodomain,1.0,0.0,1.0,0.0
testing14422.jpg,Nanodomain,1.0,0.0,1.0,0.0
testing14423.jpg,Nanodomain,1.0,0.0,1.0,0.0
testing14424.jpg,Nanodomain,1.0,0.0,1.0,0.0
testing14425.jpg,Nanodomain,1.0,0.0,1.0,0.0
testing14426.jpg,Nanodomain,1.0,0.0,1.0,0.0
testing14427.jpg,Nanodomain,1.0,0.0,1.0,0.0
testing14428.jpg,Nanodomain,1.0,0.0,1.0,0.0
testing14429.jpg,Nanodomain,1.0,3.0040117e-38,1.0,0.0
testing14430.jpg,Nanodomain,1.0,0.0,1.0,0.0
testing14431.jpg,Nanodomain,1.0,0.0,1.0,0.0
testing14432.jpg,Nanodomain,1.0,0.0,1.0,0.0
testing14433.jpg,Nanodomain,1.0,0.0,1.0,0.0
testing14434.jpg,Nanodomain,1.0,0.0,1.0,0.0
testing14435.jpg,Nanodomain,1.0,0.0,1.0,0.0
testing14436.jpg,Nanodomain,1.0,0.0,1.0,0.0
testing14437.jpg,Nanodomain,1.0,0.0,1.0,0.0
testing14438.jpg,Nanodomain,1.0,0.0,1.0,0.0
testing14439.jpg,Nanodomain,1.0,0.0,1.0,0.0
testing14440.jpg,Nanodomain,1.0,0.0,1.0,0.0
testing14441.jpg,Nanodomain,1.0,0.0,1.0,0.0
testing14442.jpg,Nanodomain,1.0,0.0,1.0,0.0
testing14443.jpg,Nanodomain,1.0,0.0,1.0,0.0
testing14444.jpg,Nanodomain,1.0,0.0,1.0,0.0
testing14445.jpg,Nanodomain,1.0,0.0,1.0,0.0
testing14446.jpg,Nanodomain,1.0,0.0,1.0,0.0
testing14447.jpg,Nanodomain,1.0,0.0,1.0,0.0
testing14448.jpg,Nanodomain,1.0,0.0,1.0,0.0
testing14449.jpg,Nanodomain,1.0,0.0,1.0,0.0
testing14450.jpg,Nanodomain,1.0,0.0,1.0,0.0
testing14451.jpg,Nanodomain,1.0,0.0,1.0,0.0
testing14452.jpg,Nanodomain,1.0,0.0,1.0,0.0
testing14453.jpg,Nanodomain,1.0,0.0,1.0,0.0
testing14454.jpg,Nanodomain,1.0,0.0,1.0,0.0
testing14455.jpg,Nanodomain,1.0,0.0,1.0,0.0
testing14456.jpg,Nanodomain,1.0,0.0,1.0,0.0
testing14457.jpg,Nanodomain,1.0,0.0,1.0,0.0
testing14458.jpg,Outside,0.99999785,2.157621e-06,1.708903e-16,0.99999785
testing14459.jpg,Outside,1.0,6.2068674e-16,6.7708142e-21,1.0
testing14460.jpg,Outside,1.0,4.5897577e-10,5.191824e-19,1.0
testing14461.jpg,Outside,1.0,9.470411e-16,2.7610759e-24,1.0
testing14462.jpg,Intermediate,0.9817514,0.9817514,3.0963943e-14,0.018248657
testing14463.jpg,Intermediate,1.0,1.0,4.4449896e-26,7.7326204e-16
testing14464.jpg,Intermediate,1.0,1.0,5.3873606e-22,1.7640743e-13
testing14465.jpg,Nanodomain,1.0,0.0,1.0,0.0
testing14466.jpg,Nanodomain,1.0,0.0,1.0,0.0
testing14467.jpg,Nanodomain,1.0,0.0,1.0,0.0
testing14468.jpg,Nanodomain,1.0,0.0,1.0,0.0
testing14469.jpg,Nanodomain,1.0,0.0,1.0,0.0
testing14470.jpg,Nanodomain,1.0,0.0,1.0,0.0
testing14471.jpg,Nanodomain,1.0,3.9674465e-18,1.0,0.0
testing14472.jpg,Nanodomain,1.0,0.0,1.0,0.0
testing14473.jpg,Intermediate,0.7903719,0.7903719,8.1541705e-17,0.20962812
testing14474.jpg,Intermediate,1.0,1.0,1.7797667e-27,2.0396518e-13
testing14475.jpg,Intermediate,1.0,1.0,6.1619243e-24,1.6834948e-08
testing14476.jpg,Intermediate,1.0,1.0,5.9464714e-24,6.0829464e-10
testing14477.jpg,Intermediate,1.0,1.0,2.4588132e-27,7.258529e-16
testing14478.jpg,Intermediate,1.0,1.0,3.86403e-31,4.4873233e-20
testing14479.jpg,Intermediate,1.0,1.0,9.304836e-36,6.726786e-30
testing14480.jpg,Intermediate,1.0,1.0,2.9769057e-24,8.6094464e-20
testing14481.jpg,Intermediate,1.0,1.0,2.4271284e-27,1.2920986e-22
testing14482.jpg,Intermediate,1.0,1.0,2.5868482e-21,5.389627e-20
testing14483.jpg,Intermediate,1.0,1.0,1.1471018e-28,1.0902818e-17
testing14484.jpg,Intermediate,1.0,1.0,2.1488688e-31,1.1177369e-21
testing14485.jpg,Intermediate,1.0,1.0,1.2623852e-35,7.3414425e-20
testing14486.jpg,Intermediate,1.0,1.0,1.3672015e-32,4.0761334e-20
testing14487.jpg,Intermediate,1.0,1.0,3.2236554e-32,7.6066437e-23
testing14488.jpg,Intermediate,1.0,1.0,4.506458e-24,2.2135316e-09
testing14489.jpg,Intermediate,0.9866044,0.9866044,9.686599e-22,0.013395559
testing14490.jpg,Intermediate,1.0,1.0,3.2305206e-27,5.625475e-17
testing14491.jpg,Intermediate,0.9179779,0.9179779,3.195306e-15,0.08202203
testing14492.jpg,Intermediate,1.0,1.0,2.9014917e-35,8.034059e-24
testing14493.jpg,Intermediate,1.0,1.0,3.2334763e-29,8.98743e-16
testing14494.jpg,Outside,1.0,1.902986e-09,2.5452025e-18,1.0
testing14495.jpg,Intermediate,1.0,1.0,1.560833e-25,2.5573453e-13
testing14496.jpg,Nanodomain,1.0,0.0,1.0,0.0
testing14497.jpg,Nanodomain,1.0,0.0,1.0,0.0
testing14498.jpg,Nanodomain,1.0,0.0,1.0,0.0
testing14499.jpg,Nanodomain,1.0,0.0,1.0,0.0
testing14500.jpg,Nanodomain,1.0,0.0,1.0,0.0
testing14501.jpg,Nanodomain,1.0,0.0,1.0,0.0
testing14502.jpg,Nanodomain,1.0,0.0,1.0,0.0
testing14503.jpg,Nanodomain,1.0,0.0,1.0,0.0
testing14504.jpg,Nanodomain,1.0,1.0641374e-37,1.0,0.0
testing14505.jpg,Nanodomain,1.0,2.6580033e-34,1.0,0.0
testing14506.jpg,Nanodomain,1.0,0.0,1.0,0.0
testing14507.jpg,Nanodomain,1.0,1.22687065e-32,1.0,0.0
testing14508.jpg,Nanodomain,1.0,0.0,1.0,0.0
testing14509.jpg,Nanodomain,1.0,0.0,1.0,0.0
testing14510.jpg,Nanodomain,1.0,0.0,1.0,0.0
testing14511.jpg,Nanodomain,1.0,0.0,1.0,0.0
testing14512.jpg,Nanodomain,1.0,0.0,1.0,0.0
testing14513.jpg,Nanodomain,1.0,0.0,1.0,0.0
testing14514.jpg,Nanodomain,1.0,0.0,1.0,0.0
testing14515.jpg,Nanodomain,1.0,0.0,1.0,0.0
testing14516.jpg,Nanodomain,1.0,0.0,1.0,0.0
testing14517.jpg,Nanodomain,1.0,0.0,1.0,0.0
testing14518.jpg,Nanodomain,1.0,0.0,1.0,0.0
testing14519.jpg,Nanodomain,1.0,0.0,1.0,0.0
testing14520.jpg,Nanodomain,1.0,0.0,1.0,0.0
testing14521.jpg,Nanodomain,1.0,0.0,1.0,0.0
testing14522.jpg,Nanodomain,1.0,0.0,1.0,0.0
testing14523.jpg,Outside,1.0,1.4709797e-31,1.1508964e-30,1.0
testing14524.jpg,Outside,1.0,1.7107892e-34,1.4550232e-32,1.0
testing14525.jpg,Outside,1.0,6.5667867e-34,1.8079007e-31,1.0
testing14526.jpg,Outside,1.0,1.7366641e-33,4.6240542e-32,1.0
testing14527.jpg,Intermediate,1.0,1.0,2.7157936e-08,8.236409e-26
testing14528.jpg,Nanodomain,1.0,1.4275088e-29,1.0,0.0
testing14529.jpg,Nanodomain,1.0,6.2847633e-13,1.0,5.4260142e-36
testing14530.jpg,Nanodomain,1.0,2.8503968e-12,1.0,2.8586447e-35
testing14531.jpg,Nanodomain,1.0,2.766989e-18,1.0,0.0
testing14532.jpg,Nanodomain,0.9999994,5.3944416e-07,0.9999994,4.3543077e-27
testing14533.jpg,Intermediate,0.995484,0.995484,0.004516005,7.792745e-24
testing14534.jpg,Intermediate,1.0,1.0,3.4994442e-25,1.723465e-14
testing14535.jpg,Outside,1.0,2.6310482e-34,1.4755044e-30,1.0
testing14536.jpg,Outside,1.0,2.906685e-29,7.958779e-31,1.0
testing14537.jpg,Intermediate,1.0,1.0,4.1111683e-31,4.9316073e-30
testing14538.jpg,Intermediate,1.0,1.0,7.949375e-15,2.1334568e-23
testing14539.jpg,Nanodomain,0.99981636,0.00018362184,0.99981636,2.0197205e-25
testing14540.jpg,Intermediate,1.0,1.0,2.4546253e-26,1.397476e-29
testing14541.jpg,Intermediate,1.0,1.0,1.6006937e-28,1.1876795e-29
testing14542.jpg,Intermediate,1.0,1.0,1.0482512e-22,1.1858038e-24
testing14543.jpg,Intermediate,1.0,1.0,5.066278e-26,6.022108e-29
testing14544.jpg,Nanodomain,1.0,0.0,1.0,0.0
testing14545.jpg,Nanodomain,1.0,0.0,1.0,0.0
testing14546.jpg,Nanodomain,1.0,0.0,1.0,0.0
testing14547.jpg,Nanodomain,1.0,0.0,1.0,0.0
testing14548.jpg,Nanodomain,1.0,0.0,1.0,0.0
testing14549.jpg,Nanodomain,1.0,0.0,1.0,0.0
testing14550.jpg,Nanodomain,1.0,0.0,1.0,0.0
testing14551.jpg,Intermediate,1.0,1.0,6.445587e-30,5.646256e-20
testing14552.jpg,Nanodomain,1.0,0.0,1.0,0.0
testing14553.jpg,Nanodomain,1.0,0.0,1.0,0.0
testing14554.jpg,Nanodomain,1.0,0.0,1.0,0.0
testing14555.jpg,Nanodomain,1.0,0.0,1.0,0.0
testing14556.jpg,Nanodomain,1.0,9.773158e-16,1.0,1.5501378e-36
testing14557.jpg,Intermediate,1.0,1.0,5.2700022e-27,4.92995e-12
testing14558.jpg,Nanodomain,1.0,0.0,1.0,0.0
testing14559.jpg,Nanodomain,1.0,0.0,1.0,0.0
testing14560.jpg,Nanodomain,1.0,0.0,1.0,0.0
testing14561.jpg,Nanodomain,1.0,0.0,1.0,0.0
testing14562.jpg,Nanodomain,1.0,0.0,1.0,0.0
testing14563.jpg,Nanodomain,1.0,0.0,1.0,0.0
testing14564.jpg,Nanodomain,1.0,0.0,1.0,0.0
testing14565.jpg,Nanodomain,1.0,0.0,1.0,0.0
testing14566.jpg,Nanodomain,1.0,0.0,1.0,0.0
testing14567.jpg,Nanodomain,1.0,0.0,1.0,0.0
testing14568.jpg,Nanodomain,1.0,0.0,1.0,0.0
testing14569.jpg,Nanodomain,1.0,0.0,1.0,0.0
testing14570.jpg,Nanodomain,1.0,0.0,1.0,0.0
testing14571.jpg,Nanodomain,1.0,0.0,1.0,0.0
testing14572.jpg,Nanodomain,1.0,0.0,1.0,0.0
testing14573.jpg,Nanodomain,1.0,0.0,1.0,0.0
testing14574.jpg,Intermediate,1.0,1.0,2.1010388e-37,8.99386e-35
testing14575.jpg,Nanodomain,1.0,0.0,1.0,0.0
testing14576.jpg,Nanodomain,1.0,0.0,1.0,0.0
testing14577.jpg,Intermediate,0.9999999,0.9999999,3.873039e-20,6.992734e-08
testing14578.jpg,Intermediate,1.0,1.0,0.0,1.1723558e-31
testing14579.jpg,Nanodomain,1.0,0.0,1.0,0.0
testing14580.jpg,Nanodomain,1.0,0.0,1.0,0.0
testing14581.jpg,Nanodomain,1.0,0.0,1.0,0.0
testing14582.jpg,Nanodomain,1.0,0.0,1.0,0.0
testing14583.jpg,Nanodomain,1.0,0.0,1.0,0.0
testing14584.jpg,Nanodomain,1.0,0.0,1.0,0.0
testing14585.jpg,Outside,1.0,4.952269e-15,2.0084526e-23,1.0
testing14586.jpg,Outside,0.99999857,1.4092974e-06,3.2396893e-17,0.99999857
testing14587.jpg,Outside,1.0,1.2603047e-08,7.154421e-17,1.0
testing14588.jpg,Outside,1.0,2.2490369e-13,2.4884665e-23,1.0
testing14589.jpg,Outside,0.9988024,0.0011976167,2.1581563e-11,0.9988024
testing14590.jpg,Outside,1.0,4.1721646e-10,2.9099302e-14,1.0
testing14591.jpg,Outside,1.0,2.4263706e-11,6.5038073e-21,1.0
testing14592.jpg,Intermediate,1.0,1.0,1.2234925e-23,3.6765835e-13
testing14593.jpg,Nanodomain,1.0,0.0,1.0,0.0
testing14594.jpg,Nanodomain,1.0,0.0,1.0,0.0
testing14595.jpg,Nanodomain,1.0,0.0,1.0,0.0
testing14596.jpg,Nanodomain,1.0,0.0,1.0,0.0
testing14597.jpg,Nanodomain,1.0,0.0,1.0,0.0
testing14598.jpg,Nanodomain,1.0,0.0,1.0,0.0
testing14599.jpg,Nanodomain,1.0,0.0,1.0,0.0
testing14600.jpg,Nanodomain,1.0,0.0,1.0,0.0
testing14601.jpg,Nanodomain,1.0,0.0,1.0,0.0
testing14602.jpg,Intermediate,1.0,1.0,1.3946459e-32,1.4895232e-16
testing14603.jpg,Intermediate,1.0,1.0,1.1778874e-31,7.247353e-23
testing14604.jpg,Intermediate,1.0,1.0,3.8105137e-24,5.546147e-13
testing14605.jpg,Intermediate,1.0,1.0,7.7026714e-33,1.4792768e-20
testing14606.jpg,Intermediate,1.0,1.0,1.5201886e-23,4.8592324e-20
testing14607.jpg,Intermediate,1.0,1.0,9.1923123e-32,6.918979e-24
testing14608.jpg,Outside,0.9999999,7.513665e-08,2.590356e-19,0.9999999
testing14609.jpg,Outside,1.0,1.6629455e-08,8.472737e-20,1.0
testing14610.jpg,Intermediate,1.0,1.0,3.1906337e-33,6.984906e-24
testing14611.jpg,Intermediate,1.0,1.0,1.845109e-28,3.1523176e-19
testing14612.jpg,Intermediate,1.0,1.0,3.3731526e-36,1.0136121e-28
testing14613.jpg,Intermediate,1.0,1.0,2.534247e-24,1.3890727e-22
testing14614.jpg,Intermediate,1.0,1.0,4.5848704e-31,3.7102748e-26
testing14615.jpg,Intermediate,1.0,1.0,3.0902137e-27,7.7764497e-26
testing14616.jpg,Intermediate,1.0,1.0,1.1039375e-25,5.932874e-25
testing14617.jpg,Intermediate,1.0,1.0,2.1315065e-21,6.338664e-23
testing14618.jpg,Intermediate,1.0,1.0,7.8560394e-31,4.8148547e-28
testing14619.jpg,Intermediate,1.0,1.0,6.245793e-17,4.0608358e-25
testing14620.jpg,Intermediate,1.0,1.0,6.9455424e-09,8.3442627e-23
testing14621.jpg,Intermediate,1.0,1.0,1.5515624e-15,8.566083e-25
testing14622.jpg,Intermediate,1.0,1.0,5.4335287e-30,4.881752e-27
testing14623.jpg,Intermediate,1.0,1.0,4.1288378e-29,8.068016e-19
testing14624.jpg,Nanodomain,1.0,0.0,1.0,0.0
testing14625.jpg,Nanodomain,1.0,0.0,1.0,0.0
testing14626.jpg,Nanodomain,1.0,0.0,1.0,0.0
testing14627.jpg,Nanodomain,1.0,0.0,1.0,0.0
testing14628.jpg,Nanodomain,1.0,0.0,1.0,0.0
testing14629.jpg,Nanodomain,1.0,0.0,1.0,0.0
testing14630.jpg,Nanodomain,1.0,1.2811515e-33,1.0,0.0
testing14631.jpg,Nanodomain,1.0,0.0,1.0,0.0
testing14632.jpg,Nanodomain,1.0,0.0,1.0,0.0
testing14633.jpg,Nanodomain,1.0,0.0,1.0,0.0
testing14634.jpg,Nanodomain,1.0,6.9881205e-27,1.0,0.0
testing14635.jpg,Nanodomain,1.0,3.4044715e-23,1.0,0.0
testing14636.jpg,Nanodomain,1.0,0.0,1.0,0.0
testing14637.jpg,Nanodomain,1.0,0.0,1.0,0.0
testing14638.jpg,Nanodomain,1.0,0.0,1.0,0.0
testing14639.jpg,Nanodomain,1.0,0.0,1.0,0.0
testing14640.jpg,Nanodomain,1.0,0.0,1.0,0.0
testing14641.jpg,Nanodomain,1.0,0.0,1.0,0.0
testing14642.jpg,Nanodomain,1.0,0.0,1.0,0.0
testing14643.jpg,Nanodomain,1.0,0.0,1.0,0.0
testing14644.jpg,Nanodomain,1.0,0.0,1.0,0.0
testing14645.jpg,Nanodomain,1.0,0.0,1.0,0.0
testing14646.jpg,Nanodomain,1.0,0.0,1.0,0.0
testing14647.jpg,Nanodomain,1.0,0.0,1.0,0.0
testing14648.jpg,Nanodomain,1.0,0.0,1.0,0.0
testing14649.jpg,Nanodomain,1.0,0.0,1.0,0.0
testing14650.jpg,Outside,1.0,9.688116e-24,6.105159e-25,1.0
testing14651.jpg,Outside,1.0,7.508355e-33,1.58809e-30,1.0
testing14652.jpg,Outside,1.0,5.9056295e-29,1.57748765e-30,1.0
testing14653.jpg,Outside,1.0,1.108418e-34,1.9257972e-34,1.0
testing14654.jpg,Outside,1.0,1.0285726e-29,7.897117e-30,1.0
testing14655.jpg,Outside,1.0,0.0,2.7059826e-36,1.0
testing14656.jpg,Outside,1.0,3.2623768e-32,1.8536728e-29,1.0
testing14657.jpg,Outside,1.0,1.3755194e-32,5.307337e-30,1.0
testing14658.jpg,Outside,1.0,9.592368e-29,2.8384422e-29,1.0
testing14659.jpg,Intermediate,1.0,1.0,9.3962205e-36,5.9140147e-22
testing14660.jpg,Intermediate,1.0,1.0,1.320745e-27,3.0875325e-16
testing14661.jpg,Outside,1.0,7.8081145e-24,3.7427386e-28,1.0
testing14662.jpg,Outside,1.0,1.568017e-19,1.7182154e-23,1.0
testing14663.jpg,Intermediate,1.0,1.0,7.302096e-33,1.3571475e-31
testing14664.jpg,Intermediate,1.0,1.0,1.8386122e-33,3.4926337e-30
testing14665.jpg,Intermediate,1.0,1.0,2.5902508e-24,8.357123e-25
testing14666.jpg,Intermediate,1.0,1.0,1.7750272e-35,5.5028314e-27
testing14667.jpg,Intermediate,1.0,1.0,3.2565103e-23,2.4063616e-24
testing14668.jpg,Intermediate,1.0,1.0,2.616831e-29,1.4220798e-28
testing14669.jpg,Intermediate,1.0,1.0,4.974757e-25,1.3794001e-28
testing14670.jpg,Intermediate,1.0,1.0,9.133199e-26,9.494644e-24
testing14671.jpg,Intermediate,1.0,1.0,8.493821e-31,1.1155077e-31
testing14672.jpg,Intermediate,1.0,1.0,7.246597e-33,3.433415e-29
testing14673.jpg,Intermediate,1.0,1.0,4.1702775e-22,9.1560836e-26
testing14674.jpg,Intermediate,1.0,1.0,2.4133094e-33,4.2163106e-31
testing14675.jpg,Nanodomain,1.0,1.9501473e-28,1.0,0.0
testing14676.jpg,Nanodomain,1.0,0.0,1.0,0.0
testing14677.jpg,Nanodomain,1.0,0.0,1.0,0.0
testing14678.jpg,Nanodomain,1.0,0.0,1.0,0.0
testing14679.jpg,Nanodomain,1.0,0.0,1.0,0.0
testing14680.jpg,Nanodomain,1.0,0.0,1.0,0.0
testing14681.jpg,Nanodomain,1.0,0.0,1.0,0.0
testing14682.jpg,Nanodomain,1.0,5.5426e-37,1.0,0.0
testing14683.jpg,Nanodomain,1.0,3.0961037e-33,1.0,0.0
testing14684.jpg,Nanodomain,1.0,0.0,1.0,0.0
testing14685.jpg,Outside,1.0,9.3691124e-24,6.658699e-29,1.0
testing14686.jpg,Outside,1.0,9.9871775e-26,1.4364641e-26,1.0
testing14687.jpg,Nanodomain,1.0,0.0,1.0,0.0
testing14688.jpg,Nanodomain,1.0,0.0,1.0,0.0
testing14689.jpg,Nanodomain,1.0,0.0,1.0,0.0
testing14690.jpg,Nanodomain,1.0,0.0,1.0,0.0
testing14691.jpg,Nanodomain,1.0,0.0,1.0,0.0
testing14692.jpg,Nanodomain,1.0,0.0,1.0,0.0
testing14693.jpg,Nanodomain,1.0,0.0,1.0,0.0
testing14694.jpg,Nanodomain,1.0,0.0,1.0,0.0
testing14695.jpg,Nanodomain,1.0,0.0,1.0,0.0
testing14696.jpg,Nanodomain,1.0,0.0,1.0,0.0
testing14697.jpg,Nanodomain,1.0,0.0,1.0,0.0
testing14698.jpg,Nanodomain,1.0,0.0,1.0,0.0
testing14699.jpg,Nanodomain,1.0,0.0,1.0,0.0
testing14700.jpg,Nanodomain,1.0,0.0,1.0,0.0
testing14701.jpg,Nanodomain,1.0,0.0,1.0,0.0
testing14702.jpg,Nanodomain,1.0,0.0,1.0,0.0
testing14703.jpg,Nanodomain,1.0,0.0,1.0,0.0
testing14704.jpg,Nanodomain,1.0,0.0,1.0,0.0
testing14705.jpg,Nanodomain,1.0,2.3873263e-38,1.0,0.0
testing14706.jpg,Nanodomain,1.0,0.0,1.0,0.0
testing14707.jpg,Nanodomain,1.0,0.0,1.0,0.0
testing14708.jpg,Nanodomain,1.0,0.0,1.0,0.0
testing14709.jpg,Nanodomain,1.0,0.0,1.0,0.0
testing14710.jpg,Nanodomain,1.0,0.0,1.0,0.0
testing14711.jpg,Nanodomain,1.0,0.0,1.0,0.0
testing14712.jpg,Outside,1.0,2.1931941e-14,4.4904007e-22,1.0
testing14713.jpg,Outside,1.0,5.6731815e-19,8.190427e-23,1.0
testing14714.jpg,Outside,0.99999964,3.718825e-07,6.1024605e-16,0.99999964
testing14715.jpg,Outside,1.0,3.471382e-11,2.902575e-21,1.0
testing14716.jpg,Intermediate,0.9977518,0.9977518,6.397536e-19,0.0022482818
testing14717.jpg,Outside,1.0,7.335088e-20,3.013834e-25,1.0
testing14718.jpg,Outside,1.0,6.3139503e-16,2.9835867e-19,1.0
testing14719.jpg,Intermediate,1.0,1.0,5.8684315e-17,5.576513e-10
testing14720.jpg,Intermediate,0.99769324,0.99769324,6.157205e-20,0.0023067873
testing14721.jpg,Nanodomain,1.0,0.0,1.0,0.0
testing14722.jpg,Nanodomain,1.0,0.0,1.0,0.0
testing14723.jpg,Nanodomain,1.0,0.0,1.0,0.0
testing14724.jpg,Nanodomain,1.0,0.0,1.0,0.0
testing14725.jpg,Nanodomain,1.0,0.0,1.0,0.0
testing14726.jpg,Nanodomain,1.0,0.0,1.0,0.0
testing14727.jpg,Nanodomain,1.0,0.0,1.0,0.0
testing14728.jpg,Nanodomain,1.0,0.0,1.0,0.0
testing14729.jpg,Nanodomain,1.0,0.0,1.0,0.0
testing14730.jpg,Intermediate,1.0,1.0,1.6822407e-22,1.0720576e-23
testing14731.jpg,Intermediate,1.0,1.0,2.816286e-31,2.8768965e-17
testing14732.jpg,Intermediate,1.0,1.0,4.1997543e-34,3.4851985e-20
testing14733.jpg,Intermediate,1.0,1.0,5.248634e-35,1.9345357e-28
testing14734.jpg,Intermediate,1.0,1.0,1.1520522e-29,1.0647411e-17
testing14735.jpg,Intermediate,1.0,1.0,2.1441363e-31,1.388948e-26
testing14736.jpg,Intermediate,1.0,1.0,6.621934e-32,1.0171264e-18
testing14737.jpg,Intermediate,1.0,1.0,3.325311e-33,3.2995592e-18
testing14738.jpg,Intermediate,1.0,1.0,8.361953e-29,2.9064048e-16
testing14739.jpg,Intermediate,1.0,1.0,7.917464e-26,9.766258e-17
testing14740.jpg,Intermediate,1.0,1.0,4.092036e-37,5.1312463e-24
testing14741.jpg,Intermediate,1.0,1.0,8.703216e-22,1.0051629e-08
testing14742.jpg,Intermediate,1.0,1.0,1.8420929e-27,5.0733395e-25
testing14743.jpg,Intermediate,1.0,1.0,1.0196898e-27,5.313292e-23
testing14744.jpg,Intermediate,1.0,1.0,1.0471941e-33,1.7906922e-25
testing14745.jpg,Intermediate,1.0,1.0,2.631099e-26,2.5032894e-24
testing14746.jpg,Intermediate,1.0,1.0,2.0251828e-26,4.643588e-24
testing14747.jpg,Intermediate,1.0,1.0,4.1382723e-34,3.86383e-28
testing14748.jpg,Intermediate,1.0,1.0,8.508024e-31,1.839938e-26
testing14749.jpg,Intermediate,1.0,1.0,1.8719326e-24,4.7807933e-21
testing14750.jpg,Intermediate,1.0,1.0,7.843347e-15,4.2939902e-26
testing14751.jpg,Nanodomain,1.0,1.4907513e-38,1.0,0.0
testing14752.jpg,Nanodomain,1.0,1.5000806e-35,1.0,0.0
testing14753.jpg,Nanodomain,1.0,0.0,1.0,0.0
testing14754.jpg,Nanodomain,1.0,0.0,1.0,0.0
testing14755.jpg,Nanodomain,1.0,0.0,1.0,0.0
testing14756.jpg,Nanodomain,1.0,0.0,1.0,0.0
testing14757.jpg,Nanodomain,1.0,9.3989745e-30,1.0,0.0
testing14758.jpg,Nanodomain,1.0,2.3165259e-38,1.0,0.0
testing14759.jpg,Nanodomain,1.0,0.0,1.0,0.0
testing14760.jpg,Nanodomain,1.0,0.0,1.0,0.0
testing14761.jpg,Nanodomain,1.0,2.2798731e-37,1.0,0.0
testing14762.jpg,Nanodomain,1.0,1.1211184e-37,1.0,0.0
testing14763.jpg,Nanodomain,1.0,2.7312212e-31,1.0,0.0
testing14764.jpg,Nanodomain,1.0,1.7962862e-20,1.0,0.0
testing14765.jpg,Nanodomain,1.0,0.0,1.0,0.0
testing14766.jpg,Nanodomain,1.0,0.0,1.0,0.0
testing14767.jpg,Nanodomain,1.0,0.0,1.0,0.0
testing14768.jpg,Nanodomain,1.0,0.0,1.0,0.0
testing14769.jpg,Nanodomain,1.0,0.0,1.0,0.0
testing14770.jpg,Nanodomain,1.0,0.0,1.0,0.0
testing14771.jpg,Nanodomain,1.0,0.0,1.0,0.0
testing14772.jpg,Nanodomain,1.0,0.0,1.0,0.0
testing14773.jpg,Nanodomain,1.0,0.0,1.0,0.0
testing14774.jpg,Nanodomain,1.0,0.0,1.0,0.0
testing14775.jpg,Nanodomain,1.0,0.0,1.0,0.0
testing14776.jpg,Nanodomain,1.0,0.0,1.0,0.0
testing14777.jpg,Nanodomain,1.0,0.0,1.0,0.0
testing14778.jpg,Outside,1.0,6.6045353e-22,8.548223e-26,1.0
testing14779.jpg,Outside,1.0,2.1122696e-18,5.976733e-19,1.0
testing14780.jpg,Outside,1.0,8.8388587e-29,9.223272e-29,1.0
testing14781.jpg,Outside,1.0,1.8295304e-26,1.6906519e-26,1.0
testing14782.jpg,Outside,1.0,7.673578e-33,1.2320537e-31,1.0
testing14783.jpg,Outside,1.0,3.620811e-21,1.2127632e-23,1.0
testing14784.jpg,Outside,1.0,1.0124518e-30,9.7752515e-30,1.0
testing14785.jpg,Outside,1.0,1.0402957e-30,2.0662193e-28,1.0
testing14786.jpg,Outside,0.9990362,0.00096385874,3.4745717e-18,0.9990362
testing14787.jpg,Outside,1.0,0.0,3.6314448e-38,1.0
testing14788.jpg,Outside,1.0,3.0343874e-35,9.6499696e-33,1.0
testing14789.jpg,Outside,1.0,1.0562185e-30,1.3005806e-28,1.0
testing14790.jpg,Outside,1.0,6.37514e-14,2.0148352e-25,1.0
testing14791.jpg,Outside,1.0,2.4231577e-21,3.6304542e-27,1.0
testing14792.jpg,Intermediate,1.0,1.0,3.406087e-28,1.0327302e-18
testing14793.jpg,Intermediate,1.0,1.0,3.0258622e-24,3.412446e-21
testing14794.jpg,Intermediate,1.0,1.0,2.2500427e-34,8.430909e-30
testing14795.jpg,Intermediate,1.0,1.0,1.2091077e-33,6.852566e-27
testing14796.jpg,Intermediate,1.0,1.0,8.147293e-32,5.699013e-27
testing14797.jpg,Intermediate,1.0,1.0,7.6147993e-31,1.5235026e-24
testing14798.jpg,Intermediate,1.0,1.0,5.991266e-29,4.4969467e-23
testing14799.jpg,Nanodomain,1.0,0.0,1.0,0.0
testing14800.jpg,Nanodomain,1.0,0.0,1.0,0.0
testing14801.jpg,Nanodomain,1.0,0.0,1.0,0.0
testing14802.jpg,Nanodomain,1.0,0.0,1.0,0.0
testing14803.jpg,Nanodomain,1.0,0.0,1.0,0.0
testing14804.jpg,Nanodomain,1.0,0.0,1.0,0.0
testing14805.jpg,Nanodomain,1.0,0.0,1.0,0.0
testing14806.jpg,Nanodomain,1.0,0.0,1.0,0.0
testing14807.jpg,Nanodomain,1.0,0.0,1.0,0.0
testing14808.jpg,Nanodomain,1.0,0.0,1.0,0.0
testing14809.jpg,Nanodomain,1.0,0.0,1.0,0.0
testing14810.jpg,Nanodomain,1.0,1.6899002e-38,1.0,0.0
testing14811.jpg,Nanodomain,1.0,2.0081184e-35,1.0,0.0
testing14812.jpg,Nanodomain,1.0,4.5889857e-37,1.0,0.0
testing14813.jpg,Outside,1.0,5.1071316e-23,4.3694185e-27,1.0
testing14814.jpg,Nanodomain,1.0,0.0,1.0,0.0
testing14815.jpg,Nanodomain,1.0,0.0,1.0,0.0
testing14816.jpg,Nanodomain,1.0,0.0,1.0,0.0
testing14817.jpg,Nanodomain,1.0,0.0,1.0,0.0
testing14818.jpg,Nanodomain,1.0,0.0,1.0,0.0
testing14819.jpg,Nanodomain,1.0,0.0,1.0,0.0
testing14820.jpg,Nanodomain,1.0,0.0,1.0,0.0
testing14821.jpg,Nanodomain,1.0,0.0,1.0,0.0
testing14822.jpg,Nanodomain,1.0,0.0,1.0,0.0
testing14823.jpg,Nanodomain,1.0,0.0,1.0,0.0
testing14824.jpg,Nanodomain,1.0,0.0,1.0,0.0
testing14825.jpg,Nanodomain,1.0,0.0,1.0,0.0
testing14826.jpg,Nanodomain,1.0,0.0,1.0,0.0
testing14827.jpg,Nanodomain,1.0,0.0,1.0,0.0
testing14828.jpg,Nanodomain,1.0,0.0,1.0,0.0
testing14829.jpg,Nanodomain,1.0,4.047708e-31,1.0,0.0
testing14830.jpg,Nanodomain,1.0,1.7026283e-15,1.0,0.0
testing14831.jpg,Nanodomain,1.0,0.0,1.0,0.0
testing14832.jpg,Nanodomain,1.0,0.0,1.0,0.0
testing14833.jpg,Nanodomain,1.0,0.0,1.0,0.0
testing14834.jpg,Nanodomain,1.0,0.0,1.0,0.0
testing14835.jpg,Nanodomain,1.0,0.0,1.0,0.0
testing14836.jpg,Nanodomain,1.0,5.7335007e-38,1.0,0.0
testing14837.jpg,Nanodomain,1.0,0.0,1.0,0.0
testing14838.jpg,Nanodomain,1.0,0.0,1.0,0.0
testing14839.jpg,Outside,0.9999596,4.0432154e-05,3.657449e-15,0.9999596
testing14840.jpg,Intermediate,0.9785907,0.9785907,1.5590329e-12,0.021409312
testing14841.jpg,Outside,0.9997756,0.00022439625,4.3336545e-17,0.9997756
testing14842.jpg,Outside,1.0,8.091818e-10,7.260966e-16,1.0
testing14843.jpg,Outside,1.0,9.919598e-10,1.5718336e-17,1.0
testing14844.jpg,Intermediate,0.99979943,0.99979943,7.8033195e-20,0.00020064764
testing14845.jpg,Outside,1.0,2.4106397e-08,2.0722545e-16,1.0
testing14846.jpg,Outside,1.0,7.6531156e-18,6.990747e-23,1.0
testing14847.jpg,Outside,1.0,1.1516469e-12,2.7094545e-20,1.0
testing14848.jpg,Outside,0.9999999,8.650782e-08,2.556647e-17,0.9999999
testing14849.jpg,Intermediate,1.0,1.0,1.4714205e-27,7.743083e-20
testing14850.jpg,Nanodomain,0.9950063,0.0049936343,0.9950063,2.3917705e-24
testing14851.jpg,Nanodomain,1.0,0.0,1.0,0.0
testing14852.jpg,Nanodomain,1.0,1.332014e-33,1.0,0.0
testing14853.jpg,Intermediate,1.0,1.0,1.1191244e-27,1.3960874e-26
testing14854.jpg,Nanodomain,1.0,0.0,1.0,0.0
testing14855.jpg,Nanodomain,1.0,0.0,1.0,0.0
testing14856.jpg,Nanodomain,1.0,0.0,1.0,0.0
testing14857.jpg,Nanodomain,1.0,6.740614e-35,1.0,0.0
testing14858.jpg,Nanodomain,1.0,2.3765301e-17,1.0,3.1068877e-37
testing14859.jpg,Intermediate,1.0,1.0,4.464051e-28,1.4211192e-14
testing14860.jpg,Intermediate,1.0,1.0,2.736507e-32,1.4427844e-27
testing14861.jpg,Intermediate,1.0,1.0,2.8929463e-29,1.72887e-19
testing14862.jpg,Intermediate,1.0,1.0,6.761972e-25,2.2332511e-09
testing14863.jpg,Intermediate,0.99989736,0.99989736,9.91298e-18,0.00010258383
testing14864.jpg,Outside,0.9508148,0.04918526,3.8742751e-19,0.9508148
testing14865.jpg,Intermediate,1.0,1.0,3.722392e-28,4.0967318e-17
testing14866.jpg,Intermediate,0.99984527,0.99984527,8.372771e-18,0.00015475348
testing14867.jpg,Intermediate,1.0,1.0,2.938337e-28,2.3686755e-16
testing14868.jpg,Intermediate,1.0,1.0,1.2507482e-33,3.876682e-24
testing14869.jpg,Intermediate,1.0,1.0,1.5111383e-18,6.674848e-14
testing14870.jpg,Intermediate,1.0,1.0,5.2640443e-31,1.480725e-16
testing14871.jpg,Intermediate,1.0,1.0,3.569845e-22,9.750463e-12
testing14872.jpg,Intermediate,1.0,1.0,2.7563664e-28,7.9601785e-15
testing14873.jpg,Intermediate,1.0,1.0,6.292721e-30,1.294083e-20
testing14874.jpg,Intermediate,1.0,1.0,9.631898e-36,4.0906912e-23
testing14875.jpg,Intermediate,1.0,1.0,1.0584011e-29,1.6259154e-18
testing14876.jpg,Intermediate,1.0,1.0,3.6627956e-35,4.124559e-20
testing14877.jpg,Intermediate,0.9999999,0.9999999,4.884611e-23,6.510539e-08
testing14878.jpg,Intermediate,1.0,1.0,5.753005e-36,3.581685e-22
testing14879.jpg,Intermediate,1.0,1.0,8.492348e-27,1.1549496e-18
testing14880.jpg,Nanodomain,1.0,0.0,1.0,0.0
testing14881.jpg,Nanodomain,1.0,0.0,1.0,0.0
testing14882.jpg,Nanodomain,1.0,0.0,1.0,0.0
testing14883.jpg,Nanodomain,1.0,0.0,1.0,0.0
testing14884.jpg,Nanodomain,1.0,0.0,1.0,0.0
testing14885.jpg,Nanodomain,1.0,2.6856585e-31,1.0,0.0
testing14886.jpg,Nanodomain,1.0,6.143436e-37,1.0,0.0
testing14887.jpg,Nanodomain,1.0,3.9528012e-29,1.0,0.0
testing14888.jpg,Nanodomain,1.0,0.0,1.0,0.0
testing14889.jpg,Nanodomain,1.0,5.4595595e-31,1.0,0.0
testing14890.jpg,Nanodomain,1.0,0.0,1.0,0.0
testing14891.jpg,Nanodomain,1.0,0.0,1.0,0.0
testing14892.jpg,Nanodomain,1.0,0.0,1.0,0.0
testing14893.jpg,Nanodomain,1.0,9.542867e-31,1.0,0.0
testing14894.jpg,Nanodomain,1.0,7.307653e-30,1.0,0.0
testing14895.jpg,Nanodomain,1.0,6.4906875e-16,1.0,3.9013853e-38
testing14896.jpg,Nanodomain,1.0,0.0,1.0,0.0
testing14897.jpg,Nanodomain,1.0,0.0,1.0,0.0
testing14898.jpg,Nanodomain,1.0,0.0,1.0,0.0
testing14899.jpg,Nanodomain,1.0,0.0,1.0,0.0
testing14900.jpg,Nanodomain,1.0,0.0,1.0,0.0
testing14901.jpg,Nanodomain,1.0,0.0,1.0,0.0
testing14902.jpg,Nanodomain,1.0,0.0,1.0,0.0
testing14903.jpg,Nanodomain,1.0,0.0,1.0,0.0
testing14904.jpg,Outside,1.0,8.126642e-27,3.7470853e-26,1.0
testing14905.jpg,Outside,1.0,9.512432e-34,1.1790922e-31,1.0
testing14906.jpg,Nanodomain,1.0,0.0,1.0,0.0
testing14907.jpg,Nanodomain,1.0,0.0,1.0,0.0
testing14908.jpg,Nanodomain,1.0,0.0,1.0,0.0
testing14909.jpg,Nanodomain,1.0,0.0,1.0,0.0
testing14910.jpg,Nanodomain,1.0,0.0,1.0,0.0
testing14911.jpg,Nanodomain,1.0,0.0,1.0,0.0
testing14912.jpg,Outside,1.0,5.988526e-36,4.9399408e-33,1.0
testing14913.jpg,Outside,1.0,2.5606076e-34,3.667709e-32,1.0
testing14914.jpg,Outside,1.0,1.8673406e-38,4.660916e-36,1.0
testing14915.jpg,Outside,1.0,2.3644581e-32,1.697692e-31,1.0
testing14916.jpg,Intermediate,1.0,1.0,1.8885201e-34,4.7385874e-25
testing14917.jpg,Intermediate,1.0,1.0,1.0194612e-33,3.4622446e-29
testing14918.jpg,Intermediate,1.0,1.0,3.5935677e-35,7.0035894e-22
testing14919.jpg,Intermediate,1.0,1.0,7.300321e-31,2.2264008e-19
testing14920.jpg,Intermediate,1.0,1.0,8.161152e-28,2.0183511e-17
testing14921.jpg,Intermediate,1.0,1.0,3.922165e-34,2.2015063e-24
testing14922.jpg,Intermediate,1.0,1.0,7.456211e-32,1.701676e-20
testing14923.jpg,Intermediate,1.0,1.0,1.3509581e-33,1.1676868e-24
testing14924.jpg,Outside,1.0,2.2269263e-20,1.9457988e-22,1.0
testing14925.jpg,Intermediate,1.0,1.0,3.0429543e-27,5.282108e-16
testing14926.jpg,Nanodomain,1.0,0.0,1.0,0.0
testing14927.jpg,Nanodomain,1.0,0.0,1.0,0.0
testing14928.jpg,Nanodomain,1.0,0.0,1.0,0.0
testing14929.jpg,Nanodomain,1.0,0.0,1.0,0.0
testing14930.jpg,Nanodomain,1.0,0.0,1.0,0.0
testing14931.jpg,Nanodomain,1.0,0.0,1.0,0.0
testing14932.jpg,Nanodomain,1.0,0.0,1.0,0.0
testing14933.jpg,Nanodomain,1.0,0.0,1.0,0.0
testing14934.jpg,Nanodomain,1.0,0.0,1.0,0.0
testing14935.jpg,Nanodomain,1.0,0.0,1.0,0.0
testing14936.jpg,Nanodomain,1.0,0.0,1.0,0.0
testing14937.jpg,Nanodomain,1.0,0.0,1.0,0.0
testing14938.jpg,Nanodomain,1.0,0.0,1.0,0.0
testing14939.jpg,Nanodomain,1.0,0.0,1.0,0.0
testing14940.jpg,Nanodomain,1.0,2.7481733e-38,1.0,0.0
testing14941.jpg,Nanodomain,1.0,0.0,1.0,0.0
testing14942.jpg,Nanodomain,1.0,0.0,1.0,0.0
testing14943.jpg,Nanodomain,1.0,0.0,1.0,0.0
testing14944.jpg,Nanodomain,1.0,0.0,1.0,0.0
testing14945.jpg,Nanodomain,1.0,0.0,1.0,0.0
testing14946.jpg,Nanodomain,1.0,0.0,1.0,0.0
testing14947.jpg,Nanodomain,1.0,0.0,1.0,0.0
testing14948.jpg,Nanodomain,1.0,0.0,1.0,0.0
testing14949.jpg,Nanodomain,1.0,0.0,1.0,0.0
testing14950.jpg,Nanodomain,1.0,0.0,1.0,0.0
testing14951.jpg,Nanodomain,1.0,0.0,1.0,0.0
testing14952.jpg,Nanodomain,1.0,0.0,1.0,0.0
testing14953.jpg,Nanodomain,1.0,0.0,1.0,0.0
testing14954.jpg,Nanodomain,1.0,0.0,1.0,0.0
testing14955.jpg,Nanodomain,1.0,0.0,1.0,0.0
testing14956.jpg,Nanodomain,1.0,4.780324e-19,1.0,0.0
testing14957.jpg,Nanodomain,1.0,2.9420092e-25,1.0,0.0
testing14958.jpg,Nanodomain,1.0,3.7976208e-35,1.0,0.0
testing14959.jpg,Nanodomain,0.9999907,9.293931e-06,0.9999907,3.6872705e-33
testing14960.jpg,Intermediate,0.99996865,0.99996865,3.1303065e-05,9.233975e-27
testing14961.jpg,Nanodomain,1.0,0.0,1.0,0.0
testing14962.jpg,Nanodomain,1.0,0.0,1.0,0.0
testing14963.jpg,Intermediate,1.0,1.0,0.0,1.4843357e-35
testing14964.jpg,Outside,1.0,1.33024754e-17,2.2683442e-22,1.0
testing14965.jpg,Outside,0.99996996,3.0001585e-05,1.4295331e-19,0.99996996
testing14966.jpg,Outside,1.0,2.2667946e-08,1.885165e-20,1.0
testing14967.jpg,Outside,1.0,1.5205994e-13,6.953224e-22,1.0
testing14968.jpg,Outside,1.0,2.1660153e-13,6.3907215e-22,1.0
testing14969.jpg,Outside,1.0,1.0557463e-13,1.8796832e-23,1.0
testing14970.jpg,Outside,1.0,5.058616e-09,1.1268533e-18,1.0
testing14971.jpg,Outside,1.0,7.6913926e-19,2.8419272e-24,1.0
testing14972.jpg,Outside,1.0,2.9847266e-18,1.7416183e-20,1.0
testing14973.jpg,Outside,1.0,1.1502737e-14,1.7313613e-23,1.0
testing14974.jpg,Outside,1.0,7.945877e-18,6.219156e-20,1.0
testing14975.jpg,Outside,1.0,2.2633997e-11,1.709937e-16,1.0
testing14976.jpg,Nanodomain,1.0,0.0,1.0,0.0
testing14977.jpg,Nanodomain,1.0,0.0,1.0,0.0
testing14978.jpg,Nanodomain,1.0,0.0,1.0,0.0
testing14979.jpg,Nanodomain,1.0,0.0,1.0,0.0
testing14980.jpg,Nanodomain,1.0,0.0,1.0,0.0
testing14981.jpg,Nanodomain,1.0,0.0,1.0,0.0
testing14982.jpg,Nanodomain,1.0,2.676761e-38,1.0,0.0
testing14983.jpg,Nanodomain,1.0,1.4985672e-32,1.0,0.0
testing14984.jpg,Nanodomain,1.0,1.682105e-08,1.0,4.2770774e-30
testing14985.jpg,Nanodomain,1.0,3.0855833e-09,1.0,1.5812848e-28
testing14986.jpg,Intermediate,0.9999857,0.9999857,3.0477294e-21,1.4311139e-05
testing14987.jpg,Intermediate,1.0,1.0,2.0325665e-26,6.496986e-14
testing14988.jpg,Intermediate,1.0,1.0,7.9107356e-25,3.3838469e-15
testing14989.jpg,Outside,1.0,3.4796543e-15,5.190625e-23,1.0
testing14990.jpg,Outside,1.0,3.2583894e-14,5.515768e-23,1.0
testing14991.jpg,Outside,1.0,2.9400245e-13,2.112463e-18,1.0
testing14992.jpg,Intermediate,0.9445905,0.9445905,1.3161049e-15,0.05540945
testing14993.jpg,Outside,1.0,3.1569473e-21,7.8876235e-25,1.0
testing14994.jpg,Outside,1.0,3.2885274e-25,4.6759884e-26,1.0
testing14995.jpg,Intermediate,1.0,1.0,3.2653896e-32,2.0685777e-20
testing14996.jpg,Intermediate,1.0,1.0,2.797749e-32,2.4327026e-17
testing14997.jpg,Intermediate,0.99999964,0.99999964,3.7693618e-19,3.8938254e-07
testing14998.jpg,Intermediate,1.0,1.0,2.3999022e-21,2.0013236e-24
testing14999.jpg,Nanodomain,1.0,4.1685215e-25,1.0,0.0
testing15000.jpg,Intermediate,1.0,1.0,1.7102703e-23,2.6191062e-08
testing15001.jpg,Intermediate,1.0,1.0,3.6246754e-24,2.6037785e-13
testing15002.jpg,Intermediate,1.0,1.0,2.5389995e-23,8.35959e-11
testing15003.jpg,Intermediate,1.0,1.0,3.687844e-23,2.0946862e-13
testing15004.jpg,Intermediate,1.0,1.0,3.1919203e-28,6.715739e-14
testing15005.jpg,Intermediate,0.9978866,0.9978866,9.313738e-19,0.002113367
testing15006.jpg,Intermediate,1.0,1.0,3.8103758e-20,1.3166559e-11
testing15007.jpg,Nanodomain,1.0,0.0,1.0,0.0
testing15008.jpg,Nanodomain,1.0,0.0,1.0,0.0
testing15009.jpg,Nanodomain,1.0,0.0,1.0,0.0
testing15010.jpg,Nanodomain,1.0,0.0,1.0,0.0
testing15011.jpg,Nanodomain,1.0,0.0,1.0,0.0
testing15012.jpg,Nanodomain,1.0,0.0,1.0,0.0
testing15013.jpg,Nanodomain,1.0,0.0,1.0,0.0
testing15014.jpg,Nanodomain,1.0,0.0,1.0,0.0
testing15015.jpg,Nanodomain,1.0,0.0,1.0,0.0
testing15016.jpg,Nanodomain,1.0,0.0,1.0,0.0
testing15017.jpg,Nanodomain,1.0,0.0,1.0,0.0
testing15018.jpg,Nanodomain,1.0,4.7743754e-37,1.0,0.0
testing15019.jpg,Nanodomain,1.0,7.6126557e-22,1.0,0.0
testing15020.jpg,Nanodomain,1.0,9.737414e-20,1.0,0.0
testing15021.jpg,Nanodomain,1.0,2.8526185e-29,1.0,0.0
testing15022.jpg,Nanodomain,1.0,4.5511497e-32,1.0,0.0
testing15023.jpg,Nanodomain,1.0,2.5571066e-24,1.0,0.0
testing15024.jpg,Intermediate,0.93991894,0.93991894,0.060081135,3.9608623e-22
testing15025.jpg,Intermediate,0.999941,0.999941,5.9049875e-05,2.2650876e-23
testing15026.jpg,Outside,1.0,2.1677417e-29,6.656283e-30,1.0
testing15027.jpg,Intermediate,0.9999999,0.9999999,1.0009504e-07,2.0306406e-22
testing15028.jpg,Outside,1.0,2.1124933e-20,1.4483854e-22,1.0
testing15029.jpg,Outside,1.0,5.989256e-29,9.253963e-30,1.0
testing15030.jpg,Outside,1.0,1.3269029e-24,6.400956e-26,1.0
testing15031.jpg,Nanodomain,1.0,0.0,1.0,0.0
testing15032.jpg,Nanodomain,1.0,0.0,1.0,0.0
testing15033.jpg,Nanodomain,1.0,0.0,1.0,0.0
testing15034.jpg,Nanodomain,1.0,0.0,1.0,0.0
testing15035.jpg,Nanodomain,1.0,0.0,1.0,0.0
testing15036.jpg,Nanodomain,1.0,0.0,1.0,0.0
testing15037.jpg,Nanodomain,1.0,0.0,1.0,0.0
testing15038.jpg,Nanodomain,1.0,0.0,1.0,0.0
testing15039.jpg,Nanodomain,1.0,0.0,1.0,0.0
testing15040.jpg,Nanodomain,1.0,0.0,1.0,0.0
testing15041.jpg,Nanodomain,1.0,0.0,1.0,0.0
testing15042.jpg,Nanodomain,1.0,0.0,1.0,0.0
testing15043.jpg,Outside,1.0,2.3611552e-13,1.351753e-24,1.0
testing15044.jpg,Intermediate,1.0,1.0,2.928813e-21,1.6687361e-10
testing15045.jpg,Intermediate,1.0,1.0,1.0286343e-31,3.3337363e-23
testing15046.jpg,Intermediate,1.0,1.0,4.9730123e-32,4.0597443e-21
testing15047.jpg,Outside,1.0,4.812876e-11,4.9966032e-20,1.0
testing15048.jpg,Intermediate,1.0,1.0,7.947476e-35,6.212659e-20
testing15049.jpg,Intermediate,0.9999865,0.9999865,3.051034e-22,1.3429205e-05
testing15050.jpg,Intermediate,1.0,1.0,3.396982e-33,1.204513e-26
testing15051.jpg,Intermediate,1.0,1.0,3.370209e-35,7.730896e-27
testing15052.jpg,Intermediate,1.0,1.0,0.0,2.0097254e-30
testing15053.jpg,Intermediate,1.0,1.0,3.598737e-29,6.2146563e-18
testing15054.jpg,Nanodomain,1.0,0.0,1.0,0.0
testing15055.jpg,Nanodomain,1.0,0.0,1.0,0.0
testing15056.jpg,Nanodomain,1.0,0.0,1.0,0.0
testing15057.jpg,Nanodomain,1.0,0.0,1.0,0.0
testing15058.jpg,Nanodomain,1.0,0.0,1.0,0.0
testing15059.jpg,Nanodomain,1.0,0.0,1.0,0.0
testing15060.jpg,Nanodomain,1.0,0.0,1.0,0.0
testing15061.jpg,Nanodomain,1.0,0.0,1.0,0.0
testing15062.jpg,Nanodomain,1.0,0.0,1.0,0.0
testing15063.jpg,Nanodomain,1.0,0.0,1.0,0.0
testing15064.jpg,Nanodomain,1.0,0.0,1.0,0.0
testing15065.jpg,Nanodomain,1.0,7.3601384e-37,1.0,0.0
testing15066.jpg,Nanodomain,1.0,0.0,1.0,0.0
testing15067.jpg,Nanodomain,1.0,4.2361683e-33,1.0,0.0
testing15068.jpg,Nanodomain,1.0,9.876273e-21,1.0,0.0
testing15069.jpg,Nanodomain,1.0,0.0,1.0,0.0
testing15070.jpg,Nanodomain,1.0,0.0,1.0,0.0
testing15071.jpg,Nanodomain,1.0,0.0,1.0,0.0
testing15072.jpg,Nanodomain,1.0,0.0,1.0,0.0
testing15073.jpg,Nanodomain,1.0,0.0,1.0,0.0
testing15074.jpg,Nanodomain,1.0,0.0,1.0,0.0
testing15075.jpg,Nanodomain,1.0,0.0,1.0,0.0
testing15076.jpg,Nanodomain,1.0,0.0,1.0,0.0
testing15077.jpg,Nanodomain,1.0,0.0,1.0,0.0
testing15078.jpg,Nanodomain,1.0,0.0,1.0,0.0
testing15079.jpg,Nanodomain,1.0,0.0,1.0,0.0
testing15080.jpg,Nanodomain,1.0,0.0,1.0,0.0
testing15081.jpg,Nanodomain,1.0,0.0,1.0,0.0
testing15082.jpg,Nanodomain,1.0,0.0,1.0,0.0
testing15083.jpg,Nanodomain,1.0,0.0,1.0,0.0
testing15084.jpg,Nanodomain,1.0,2.2217419e-20,1.0,0.0
testing15085.jpg,Nanodomain,0.59505737,0.4049426,0.59505737,1.7112764e-27
testing15086.jpg,Intermediate,1.0,1.0,5.7993033e-12,2.8171283e-28
testing15087.jpg,Intermediate,1.0,1.0,1.1283507e-32,7.052525e-35
testing15088.jpg,Intermediate,1.0,1.0,3.2653633e-18,4.0952515e-30
testing15089.jpg,Intermediate,1.0,1.0,0.0,0.0
testing15090.jpg,Intermediate,1.0,1.0,0.0,9.420883e-35
testing15091.jpg,Intermediate,1.0,1.0,0.0,0.0
testing15092.jpg,Intermediate,1.0,1.0,1.2537947e-35,1.5441799e-32
testing15093.jpg,Intermediate,1.0,1.0,6.686117e-35,2.5775672e-30
testing15094.jpg,Intermediate,1.0,1.0,0.0,1.3065937e-34
testing15095.jpg,Outside,1.0,2.4511435e-12,1.0659912e-20,1.0
testing15096.jpg,Outside,1.0,9.763997e-15,5.3387978e-20,1.0
testing15097.jpg,Outside,0.99999964,4.0749035e-07,2.722573e-18,0.99999964
testing15098.jpg,Outside,1.0,1.2128597e-09,4.4012164e-21,1.0
testing15099.jpg,Outside,1.0,2.0959654e-09,3.9914598e-19,1.0
testing15100.jpg,Outside,1.0,2.7816813e-16,7.758095e-22,1.0
testing15101.jpg,Nanodomain,1.0,0.0,1.0,0.0
testing15102.jpg,Nanodomain,1.0,0.0,1.0,0.0
testing15103.jpg,Nanodomain,1.0,0.0,1.0,0.0
testing15104.jpg,Nanodomain,1.0,0.0,1.0,0.0
testing15105.jpg,Nanodomain,1.0,1.0501739e-34,1.0,0.0
testing15106.jpg,Nanodomain,1.0,1.0100392e-18,1.0,0.0
testing15107.jpg,Nanodomain,1.0,0.0,1.0,0.0
testing15108.jpg,Nanodomain,1.0,4.840394e-37,1.0,0.0
testing15109.jpg,Nanodomain,1.0,6.027081e-26,1.0,0.0
testing15110.jpg,Nanodomain,1.0,6.659702e-18,1.0,8.5329324e-36
testing15111.jpg,Nanodomain,1.0,6.607195e-18,1.0,0.0
testing15112.jpg,Nanodomain,0.9963586,0.0036414305,0.9963586,6.759665e-26
testing15113.jpg,Intermediate,0.9999248,0.9999248,7.516329e-05,1.6787287e-23
testing15114.jpg,Nanodomain,0.9999471,5.2886677e-05,0.9999471,8.9855035e-26
testing15115.jpg,Intermediate,0.89788735,0.89788735,0.10211258,1.0752294e-22
testing15116.jpg,Intermediate,1.0,1.0,1.8115873e-31,7.108762e-27
testing15117.jpg,Outside,1.0,4.938763e-22,1.6174063e-22,1.0
testing15118.jpg,Intermediate,1.0,1.0,9.1635054e-38,3.096893e-27
testing15119.jpg,Outside,1.0,2.1047628e-09,2.0274548e-19,1.0
testing15120.jpg,Outside,1.0,5.1621484e-24,1.4702556e-24,1.0
testing15121.jpg,Outside,1.0,8.056253e-15,1.4096162e-18,1.0
testing15122.jpg,Outside,0.99986994,0.00013007263,2.748413e-16,0.99986994
testing15123.jpg,Intermediate,0.99997914,0.99997914,2.1712424e-18,2.0812104e-05
testing15124.jpg,Nanodomain,1.0,8.99242e-27,1.0,0.0
testing15125.jpg,Nanodomain,1.0,1.0195814e-26,1.0,0.0
testing15126.jpg,Nanodomain,1.0,7.6991975e-20,1.0,0.0
testing15127.jpg,Nanodomain,1.0,3.794741e-34,1.0,0.0
testing15128.jpg,Intermediate,1.0,1.0,2.952516e-21,1.7527063e-15
testing15129.jpg,Intermediate,1.0,1.0,1.4438044e-25,2.7090969e-17
testing15130.jpg,Intermediate,1.0,1.0,2.623921e-27,3.3178733e-18
testing15131.jpg,Intermediate,1.0,1.0,2.02359e-28,4.6404966e-21
testing15132.jpg,Intermediate,1.0,1.0,1.8647992e-23,5.9774097e-10
testing15133.jpg,Intermediate,1.0,1.0,5.3434677e-26,4.208664e-15
testing15134.jpg,Intermediate,0.87049884,0.87049884,2.0890686e-17,0.12950118
testing15135.jpg,Intermediate,1.0,1.0,8.208141e-28,5.211599e-11
testing15136.jpg,Nanodomain,1.0,9.702545e-38,1.0,0.0
testing15137.jpg,Nanodomain,1.0,0.0,1.0,0.0
testing15138.jpg,Nanodomain,1.0,0.0,1.0,0.0
testing15139.jpg,Nanodomain,1.0,5.262003e-36,1.0,0.0
testing15140.jpg,Nanodomain,1.0,0.0,1.0,0.0
testing15141.jpg,Nanodomain,1.0,0.0,1.0,0.0
testing15142.jpg,Nanodomain,1.0,0.0,1.0,0.0
testing15143.jpg,Nanodomain,1.0,0.0,1.0,0.0
testing15144.jpg,Nanodomain,1.0,7.163047e-33,1.0,0.0
testing15145.jpg,Nanodomain,1.0,1.03398274e-35,1.0,0.0
testing15146.jpg,Nanodomain,1.0,2.1790694e-27,1.0,0.0
testing15147.jpg,Nanodomain,1.0,7.452181e-30,1.0,0.0
testing15148.jpg,Nanodomain,1.0,8.302689e-33,1.0,0.0
testing15149.jpg,Nanodomain,1.0,1.8292272e-22,1.0,0.0
testing15150.jpg,Nanodomain,0.99995244,4.7536727e-05,0.99995244,1.7777426e-26
testing15151.jpg,Outside,0.9896488,0.010351115,1.8167609e-22,0.9896488
testing15152.jpg,Outside,1.0,7.602963e-22,3.6898368e-26,1.0
testing15153.jpg,Intermediate,1.0,1.0,1.5883425e-25,7.8001584e-11
testing15154.jpg,Outside,1.0,1.25229755e-14,2.6798401e-20,1.0
testing15155.jpg,Outside,0.9952696,0.004730378,2.042851e-18,0.9952696
testing15156.jpg,Outside,1.0,4.4455216e-12,3.2566097e-23,1.0
testing15157.jpg,Outside,1.0,1.2475422e-24,6.572528e-26,1.0
testing15158.jpg,Outside,1.0,8.6241763e-19,3.8934628e-22,1.0
testing15159.jpg,Nanodomain,1.0,0.0,1.0,0.0
testing15160.jpg,Nanodomain,1.0,0.0,1.0,0.0
testing15161.jpg,Nanodomain,1.0,0.0,1.0,0.0
testing15162.jpg,Nanodomain,1.0,0.0,1.0,0.0
testing15163.jpg,Nanodomain,1.0,0.0,1.0,0.0
testing15164.jpg,Nanodomain,1.0,0.0,1.0,0.0
testing15165.jpg,Nanodomain,1.0,0.0,1.0,0.0
testing15166.jpg,Nanodomain,1.0,0.0,1.0,0.0
testing15167.jpg,Nanodomain,1.0,0.0,1.0,0.0
testing15168.jpg,Nanodomain,1.0,0.0,1.0,0.0
testing15169.jpg,Nanodomain,1.0,0.0,1.0,0.0
testing15170.jpg,Nanodomain,1.0,0.0,1.0,0.0
testing15171.jpg,Nanodomain,1.0,0.0,1.0,0.0
testing15172.jpg,Outside,0.99991965,8.0344566e-05,8.893838e-17,0.99991965
testing15173.jpg,Outside,1.0,6.768954e-10,1.1692365e-19,1.0
testing15174.jpg,Outside,1.0,5.7477955e-17,2.202376e-20,1.0
testing15175.jpg,Intermediate,1.0,1.0,9.319636e-24,1.3369013e-10
testing15176.jpg,Intermediate,1.0,1.0,1.9152236e-21,1.5553685e-09
testing15177.jpg,Intermediate,1.0,1.0,3.7783588e-20,5.245425e-15
testing15178.jpg,Intermediate,1.0,1.0,3.346661e-28,5.545865e-19
testing15179.jpg,Intermediate,1.0,1.0,2.0473627e-23,1.6124575e-13
testing15180.jpg,Intermediate,1.0,1.0,2.8313075e-27,7.851725e-16
testing15181.jpg,Intermediate,1.0,1.0,1.7069374e-33,3.6254036e-19
testing15182.jpg,Intermediate,1.0,1.0,6.466162e-34,1.9159609e-22
testing15183.jpg,Intermediate,0.9999274,0.9999274,9.237578e-19,7.2637486e-05
testing15184.jpg,Nanodomain,1.0,0.0,1.0,0.0
testing15185.jpg,Nanodomain,1.0,0.0,1.0,0.0
testing15186.jpg,Nanodomain,1.0,0.0,1.0,0.0
testing15187.jpg,Nanodomain,1.0,0.0,1.0,0.0
testing15188.jpg,Nanodomain,1.0,0.0,1.0,0.0
testing15189.jpg,Nanodomain,1.0,5.4376705e-32,1.0,0.0
testing15190.jpg,Nanodomain,1.0,1.7863321e-33,1.0,0.0
testing15191.jpg,Nanodomain,1.0,0.0,1.0,0.0
testing15192.jpg,Nanodomain,1.0,0.0,1.0,0.0
testing15193.jpg,Nanodomain,1.0,0.0,1.0,0.0
testing15194.jpg,Nanodomain,1.0,1.1293314e-34,1.0,0.0
testing15195.jpg,Nanodomain,1.0,3.6006566e-38,1.0,0.0
testing15196.jpg,Outside,1.0,2.4092352e-25,1.60191e-27,1.0
testing15197.jpg,Nanodomain,1.0,0.0,1.0,0.0
testing15198.jpg,Nanodomain,1.0,0.0,1.0,0.0
testing15199.jpg,Nanodomain,1.0,0.0,1.0,0.0
testing15200.jpg,Nanodomain,1.0,0.0,1.0,0.0
testing15201.jpg,Nanodomain,1.0,0.0,1.0,0.0
testing15202.jpg,Nanodomain,1.0,0.0,1.0,0.0
testing15203.jpg,Nanodomain,1.0,0.0,1.0,0.0
testing15204.jpg,Nanodomain,1.0,0.0,1.0,0.0
testing15205.jpg,Nanodomain,1.0,0.0,1.0,0.0
testing15206.jpg,Nanodomain,1.0,0.0,1.0,0.0
testing15207.jpg,Nanodomain,1.0,0.0,1.0,0.0
testing15208.jpg,Nanodomain,1.0,0.0,1.0,0.0
testing15209.jpg,Nanodomain,1.0,0.0,1.0,0.0
testing15210.jpg,Intermediate,1.0,1.0,9.411726e-27,3.1330928e-16
testing15211.jpg,Nanodomain,1.0,9.3169816e-29,1.0,0.0
testing15212.jpg,Nanodomain,1.0,6.2371694e-26,1.0,0.0
testing15213.jpg,Intermediate,1.0,1.0,2.527697e-12,3.4935666e-30
testing15214.jpg,Intermediate,1.0,1.0,0.0,2.4060243e-37
testing15215.jpg,Intermediate,1.0,1.0,9.993192e-35,3.0032876e-32
testing15216.jpg,Intermediate,1.0,1.0,0.0,1.6063777e-34
testing15217.jpg,Intermediate,1.0,1.0,0.0,0.0
testing15218.jpg,Intermediate,1.0,1.0,0.0,3.2520785e-38
testing15219.jpg,Intermediate,1.0,1.0,0.0,0.0
testing15220.jpg,Intermediate,1.0,1.0,0.0,3.3460967e-37
testing15221.jpg,Intermediate,1.0,1.0,0.0,7.0785002e-37
testing15222.jpg,Outside,0.9979765,0.0020234843,1.3580044e-20,0.9979765
testing15223.jpg,Outside,0.9999697,3.0270005e-05,9.148656e-17,0.9999697
testing15224.jpg,Outside,1.0,1.6927669e-13,3.453971e-23,1.0
testing15225.jpg,Outside,1.0,5.4883538e-09,2.965251e-19,1.0
testing15226.jpg,Outside,0.99768627,0.0023136784,6.750242e-17,0.99768627
testing15227.jpg,Nanodomain,1.0,0.0,1.0,0.0
testing15228.jpg,Nanodomain,1.0,0.0,1.0,0.0
testing15229.jpg,Nanodomain,1.0,0.0,1.0,0.0
testing15230.jpg,Nanodomain,1.0,0.0,1.0,0.0
testing15231.jpg,Nanodomain,1.0,0.0,1.0,0.0
testing15232.jpg,Nanodomain,1.0,0.0,1.0,0.0
testing15233.jpg,Nanodomain,0.9992655,0.0007345575,0.9992655,1.8785953e-24
testing15234.jpg,Nanodomain,1.0,0.0,1.0,0.0
testing15235.jpg,Nanodomain,1.0,7.35778e-37,1.0,0.0
testing15236.jpg,Nanodomain,1.0,3.0134912e-31,1.0,0.0
testing15237.jpg,Nanodomain,1.0,4.9940385e-13,1.0,3.6287224e-35
testing15238.jpg,Nanodomain,1.0,5.2114364e-16,1.0,7.321589e-34
testing15239.jpg,Intermediate,1.0,1.0,8.1256144e-13,5.2500974e-27
testing15240.jpg,Intermediate,1.0,1.0,3.5087773e-16,1.1769235e-28
testing15241.jpg,Intermediate,1.0,1.0,8.625772e-23,3.0211664e-25
testing15242.jpg,Intermediate,1.0,1.0,5.093972e-18,1.1014898e-24
testing15243.jpg,Intermediate,1.0,1.0,4.72789e-21,1.5297981e-24
testing15244.jpg,Intermediate,1.0,1.0,1.638957e-31,2.1651049e-22
testing15245.jpg,Intermediate,1.0,1.0,1.5058388e-25,3.1578563e-25
testing15246.jpg,Outside,1.0,1.2753822e-34,4.2917825e-32,1.0
testing15247.jpg,Outside,1.0,5.436152e-26,3.0509627e-27,1.0
testing15248.jpg,Outside,1.0,3.1630465e-10,8.4362606e-20,1.0
testing15249.jpg,Outside,1.0,1.4321761e-24,1.2526537e-25,1.0
testing15250.jpg,Outside,1.0,8.011271e-21,2.4073556e-22,1.0
testing15251.jpg,Outside,0.9998381,0.0001618838,2.2015956e-16,0.9998381
testing15252.jpg,Nanodomain,1.0,1.1038148e-26,1.0,0.0
testing15253.jpg,Nanodomain,1.0,5.4285567e-30,1.0,0.0
testing15254.jpg,Nanodomain,1.0,2.2068693e-18,1.0,0.0
testing15255.jpg,Nanodomain,1.0,2.4549014e-15,1.0,6.5573965e-35
testing15256.jpg,Nanodomain,1.0,1.8581169e-31,1.0,0.0
testing15257.jpg,Intermediate,1.0,1.0,1.01148e-28,1.3429583e-25
testing15258.jpg,Intermediate,1.0,1.0,1.1470644e-32,1.1386966e-27
testing15259.jpg,Intermediate,1.0,1.0,3.5740056e-27,2.4149227e-24
testing15260.jpg,Intermediate,1.0,1.0,4.642849e-22,3.01286e-08
testing15261.jpg,Outside,1.0,1.4359459e-08,2.39075e-18,1.0
testing15262.jpg,Outside,1.0,2.6862385e-19,9.160804e-25,1.0
testing15263.jpg,Outside,1.0,9.494642e-13,1.0643873e-18,1.0
testing15264.jpg,Outside,1.0,2.1072268e-15,1.02038655e-19,1.0
testing15265.jpg,Nanodomain,1.0,2.7394407e-33,1.0,0.0
testing15266.jpg,Nanodomain,1.0,3.7794376e-10,1.0,1.5836396e-35
testing15267.jpg,Nanodomain,1.0,5.641449e-37,1.0,0.0
testing15268.jpg,Nanodomain,1.0,3.357502e-37,1.0,0.0
testing15269.jpg,Nanodomain,1.0,1.0794147e-24,1.0,0.0
testing15270.jpg,Nanodomain,1.0,0.0,1.0,0.0
testing15271.jpg,Nanodomain,1.0,1.966779e-34,1.0,0.0
testing15272.jpg,Nanodomain,1.0,0.0,1.0,0.0
testing15273.jpg,Nanodomain,1.0,5.656138e-32,1.0,0.0
testing15274.jpg,Nanodomain,1.0,1.1114931e-32,1.0,0.0
testing15275.jpg,Nanodomain,1.0,4.0179505e-26,1.0,0.0
testing15276.jpg,Intermediate,1.0,1.0,1.5895862e-31,3.3185696e-18
testing15277.jpg,Nanodomain,1.0,4.6182367e-32,1.0,0.0
testing15278.jpg,Intermediate,0.99999976,0.99999976,2.690151e-07,8.160077e-24
testing15279.jpg,Outside,1.0,5.6433216e-22,1.6864134e-26,1.0
testing15280.jpg,Outside,1.0,2.547535e-32,1.2456398e-32,1.0
testing15281.jpg,Intermediate,1.0,1.0,3.7131505e-25,1.5970951e-13
testing15282.jpg,Intermediate,1.0,1.0,2.5087185e-17,5.2783816e-16
testing15283.jpg,Outside,1.0,1.4403666e-32,2.781001e-32,1.0
testing15284.jpg,Outside,1.0,9.587088e-09,4.26534e-18,1.0
testing15285.jpg,Nanodomain,1.0,0.0,1.0,0.0
testing15286.jpg,Nanodomain,1.0,0.0,1.0,0.0
testing15287.jpg,Nanodomain,1.0,0.0,1.0,0.0
testing15288.jpg,Nanodomain,1.0,0.0,1.0,0.0
testing15289.jpg,Nanodomain,1.0,0.0,1.0,0.0
testing15290.jpg,Nanodomain,1.0,0.0,1.0,0.0
testing15291.jpg,Nanodomain,1.0,0.0,1.0,0.0
testing15292.jpg,Nanodomain,1.0,0.0,1.0,0.0
testing15293.jpg,Nanodomain,1.0,0.0,1.0,0.0
testing15294.jpg,Nanodomain,1.0,0.0,1.0,0.0
testing15295.jpg,Nanodomain,1.0,0.0,1.0,0.0
testing15296.jpg,Nanodomain,1.0,0.0,1.0,0.0
testing15297.jpg,Nanodomain,1.0,0.0,1.0,0.0
testing15298.jpg,Nanodomain,1.0,0.0,1.0,0.0
testing15299.jpg,Outside,0.99999,9.965659e-06,1.4607426e-17,0.99999
testing15300.jpg,Outside,1.0,2.7677536e-11,3.740779e-15,1.0
testing15301.jpg,Intermediate,1.0,1.0,9.311308e-34,4.970902e-19
testing15302.jpg,Outside,0.99993515,6.4799e-05,1.7277386e-16,0.99993515
testing15303.jpg,Intermediate,1.0,1.0,2.9925726e-24,4.859424e-10
testing15304.jpg,Outside,1.0,3.0865442e-23,1.158403e-28,1.0
testing15305.jpg,Intermediate,1.0,1.0,6.39491e-24,4.3639015e-10
testing15306.jpg,Outside,1.0,1.3540826e-21,1.9240869e-26,1.0
testing15307.jpg,Intermediate,1.0,1.0,1.1305607e-25,1.2181753e-10
testing15308.jpg,Intermediate,1.0,1.0,4.7748915e-27,1.2403743e-13
testing15309.jpg,Intermediate,0.9997861,0.9997861,1.8440314e-21,0.00021390794
testing15310.jpg,Intermediate,0.999764,0.999764,1.027393e-21,0.00023599672
testing15311.jpg,Outside,0.99999607,3.9048355e-06,1.9428174e-14,0.99999607
testing15312.jpg,Intermediate,0.999728,0.999728,2.5463233e-20,0.00027196165
testing15313.jpg,Nanodomain,1.0,0.0,1.0,0.0
testing15314.jpg,Nanodomain,1.0,0.0,1.0,0.0
testing15315.jpg,Nanodomain,1.0,0.0,1.0,0.0
testing15316.jpg,Nanodomain,1.0,4.7424117e-29,1.0,0.0
testing15317.jpg,Nanodomain,1.0,1.1056359e-25,1.0,0.0
testing15318.jpg,Nanodomain,1.0,8.783245e-26,1.0,0.0
testing15319.jpg,Nanodomain,1.0,0.0,1.0,0.0
testing15320.jpg,Nanodomain,1.0,6.439918e-20,1.0,0.0
testing15321.jpg,Nanodomain,1.0,5.7847874e-08,1.0,6.6243524e-34
testing15322.jpg,Nanodomain,1.0,1.413853e-20,1.0,0.0
testing15323.jpg,Nanodomain,0.99841785,0.0015821373,0.99841785,4.054553e-31
testing15324.jpg,Outside,1.0,3.1603572e-21,5.3809004e-26,1.0
testing15325.jpg,Outside,1.0,5.7686144e-26,6.0443462e-27,1.0
testing15326.jpg,Nanodomain,1.0,0.0,1.0,0.0
testing15327.jpg,Nanodomain,1.0,0.0,1.0,0.0
testing15328.jpg,Nanodomain,1.0,0.0,1.0,0.0
testing15329.jpg,Nanodomain,1.0,0.0,1.0,0.0
testing15330.jpg,Nanodomain,1.0,0.0,1.0,0.0
testing15331.jpg,Nanodomain,1.0,0.0,1.0,0.0
testing15332.jpg,Nanodomain,1.0,0.0,1.0,0.0
testing15333.jpg,Nanodomain,1.0,0.0,1.0,0.0
testing15334.jpg,Nanodomain,1.0,0.0,1.0,0.0
testing15335.jpg,Nanodomain,1.0,0.0,1.0,0.0
testing15336.jpg,Nanodomain,1.0,0.0,1.0,0.0
testing15337.jpg,Outside,1.0,5.326322e-11,1.6710341e-23,1.0
testing15338.jpg,Intermediate,1.0,1.0,6.9539155e-29,9.440225e-15
testing15339.jpg,Intermediate,1.0,1.0,6.5708514e-25,1.0666801e-10
testing15340.jpg,Intermediate,1.0,1.0,0.0,6.961619e-27
testing15341.jpg,Intermediate,1.0,1.0,4.31476e-34,1.3167722e-25
testing15342.jpg,Intermediate,1.0,1.0,4.8706964e-37,9.245522e-24
testing15343.jpg,Intermediate,1.0,1.0,0.0,4.504809e-31
testing15344.jpg,Intermediate,1.0,1.0,4.1674985e-35,1.8276449e-21
testing15345.jpg,Intermediate,1.0,1.0,1.2022706e-22,2.5817586e-08
testing15346.jpg,Intermediate,1.0,1.0,0.0,6.671878e-34
testing15347.jpg,Intermediate,1.0,1.0,0.0,9.407749e-33
testing15348.jpg,Intermediate,1.0,1.0,0.0,0.0
testing15349.jpg,Intermediate,1.0,1.0,0.0,2.297429e-38
testing15350.jpg,Intermediate,1.0,1.0,0.0,2.980949e-33
testing15351.jpg,Outside,1.0,7.069367e-18,2.0787246e-22,1.0
testing15352.jpg,Outside,1.0,1.5364305e-16,6.2414695e-21,1.0
testing15353.jpg,Outside,1.0,3.4582532e-17,5.4909014e-19,1.0
testing15354.jpg,Nanodomain,1.0,0.0,1.0,0.0
testing15355.jpg,Nanodomain,1.0,0.0,1.0,0.0
testing15356.jpg,Nanodomain,1.0,0.0,1.0,0.0
testing15357.jpg,Nanodomain,1.0,0.0,1.0,0.0
testing15358.jpg,Nanodomain,1.0,0.0,1.0,0.0
testing15359.jpg,Nanodomain,1.0,0.0,1.0,0.0
testing15360.jpg,Nanodomain,1.0,0.0,1.0,0.0
testing15361.jpg,Intermediate,1.0,1.0,4.6485753e-21,8.976907e-32
testing15362.jpg,Intermediate,1.0,1.0,2.1506492e-23,6.5259433e-23
testing15363.jpg,Intermediate,1.0,1.0,1.6628475e-19,1.6428517e-22
testing15364.jpg,Intermediate,1.0,1.0,1.4731813e-23,2.7756435e-28
testing15365.jpg,Intermediate,1.0,1.0,1.1959226e-28,2.8077408e-28
testing15366.jpg,Intermediate,1.0,1.0,6.7340534e-22,2.6792406e-25
testing15367.jpg,Intermediate,1.0,1.0,1.3643954e-29,2.5125023e-24
testing15368.jpg,Intermediate,1.0,1.0,4.238996e-26,1.3032227e-28
testing15369.jpg,Intermediate,1.0,1.0,6.448284e-25,2.974438e-27
testing15370.jpg,Intermediate,1.0,1.0,1.0440219e-09,4.8281942e-26
testing15371.jpg,Intermediate,1.0,1.0,2.0242802e-25,4.579411e-26
testing15372.jpg,Nanodomain,0.9999471,5.2946172e-05,0.9999471,1.2321703e-26
testing15373.jpg,Intermediate,1.0,1.0,1.568096e-25,3.2923742e-29
testing15374.jpg,Outside,1.0,1.6801104e-23,3.2469977e-22,1.0
testing15375.jpg,Outside,1.0,3.7264488e-24,9.8268075e-23,1.0
testing15376.jpg,Intermediate,0.9998832,0.9998832,4.0573545e-19,0.00011678797
testing15377.jpg,Intermediate,1.0,1.0,1.965473e-20,2.2061006e-09
testing15378.jpg,Intermediate,0.98967326,0.98967326,6.817658e-17,0.010326749
testing15379.jpg,Outside,0.9979808,0.0020192205,1.2626305e-14,0.9979808
testing15380.jpg,Outside,1.0,3.8238176e-19,2.9735234e-24,1.0
testing15381.jpg,Nanodomain,1.0,1.15872305e-10,1.0,8.578867e-33
testing15382.jpg,Nanodomain,1.0,1.564011e-16,1.0,5.1047237e-35
testing15383.jpg,Nanodomain,1.0,6.245731e-29,1.0,0.0
testing15384.jpg,Nanodomain,1.0,1.8806792e-09,1.0,3.1204035e-30
testing15385.jpg,Outside,1.0,1.6937147e-15,9.129874e-22,1.0
testing15386.jpg,Intermediate,1.0,1.0,9.937556e-24,1.5618709e-23
testing15387.jpg,Intermediate,1.0,1.0,1.8461562e-30,5.07787e-25
testing15388.jpg,Intermediate,1.0,1.0,6.3024666e-25,2.8837843e-14
testing15389.jpg,Nanodomain,1.0,0.0,1.0,0.0
testing15390.jpg,Nanodomain,1.0,0.0,1.0,0.0
testing15391.jpg,Nanodomain,1.0,0.0,1.0,0.0
testing15392.jpg,Nanodomain,0.99495727,0.005042801,0.99495727,6.1795133e-28
testing15393.jpg,Nanodomain,1.0,0.0,1.0,0.0
testing15394.jpg,Nanodomain,1.0,0.0,1.0,0.0
testing15395.jpg,Nanodomain,1.0,0.0,1.0,0.0
testing15396.jpg,Nanodomain,1.0,0.0,1.0,0.0
testing15397.jpg,Nanodomain,1.0,0.0,1.0,0.0
testing15398.jpg,Nanodomain,1.0,0.0,1.0,0.0
testing15399.jpg,Nanodomain,1.0,0.0,1.0,0.0
testing15400.jpg,Nanodomain,1.0,0.0,1.0,0.0
testing15401.jpg,Outside,1.0,1.4772943e-24,1.8951973e-25,1.0
testing15402.jpg,Nanodomain,1.0,0.0,1.0,0.0
testing15403.jpg,Nanodomain,1.0,0.0,1.0,0.0
testing15404.jpg,Nanodomain,1.0,1.1968579e-36,1.0,0.0
testing15405.jpg,Outside,1.0,1.7531757e-36,4.6141425e-36,1.0
testing15406.jpg,Outside,1.0,2.7720557e-21,9.088717e-25,1.0
testing15407.jpg,Outside,1.0,2.1716168e-20,1.7143499e-26,1.0
testing15408.jpg,Outside,1.0,1.8506807e-25,5.684987e-27,1.0
testing15409.jpg,Outside,0.8595675,0.14043246,6.954206e-13,0.8595675
testing15410.jpg,Outside,1.0,6.305917e-29,2.4517487e-29,1.0
testing15411.jpg,Outside,1.0,5.661805e-28,1.0044818e-28,1.0
testing15412.jpg,Nanodomain,1.0,0.0,1.0,0.0
testing15413.jpg,Nanodomain,1.0,0.0,1.0,0.0
testing15414.jpg,Nanodomain,1.0,0.0,1.0,0.0
testing15415.jpg,Nanodomain,1.0,0.0,1.0,0.0
testing15416.jpg,Nanodomain,1.0,0.0,1.0,0.0
testing15417.jpg,Nanodomain,1.0,0.0,1.0,0.0
testing15418.jpg,Nanodomain,1.0,0.0,1.0,0.0
testing15419.jpg,Nanodomain,1.0,0.0,1.0,0.0
testing15420.jpg,Nanodomain,1.0,0.0,1.0,0.0
testing15421.jpg,Nanodomain,1.0,0.0,1.0,0.0
testing15422.jpg,Nanodomain,1.0,0.0,1.0,0.0
testing15423.jpg,Nanodomain,1.0,0.0,1.0,0.0
testing15424.jpg,Nanodomain,1.0,0.0,1.0,0.0
testing15425.jpg,Nanodomain,1.0,0.0,1.0,0.0
testing15426.jpg,Nanodomain,1.0,0.0,1.0,0.0
testing15427.jpg,Nanodomain,1.0,0.0,1.0,0.0
testing15428.jpg,Intermediate,1.0,1.0,4.6402143e-28,2.2612214e-14
testing15429.jpg,Intermediate,1.0,1.0,8.035445e-30,2.87033e-17
testing15430.jpg,Intermediate,0.9999043,0.9999043,1.9782502e-22,9.57119e-05
testing15431.jpg,Intermediate,1.0,1.0,1.5056546e-33,7.705846e-18
testing15432.jpg,Intermediate,1.0,1.0,7.193072e-29,8.0889227e-16
testing15433.jpg,Intermediate,0.91217387,0.91217387,8.240199e-18,0.087826155
testing15434.jpg,Intermediate,0.9999995,0.9999995,1.2470148e-22,5.2695304e-07
testing15435.jpg,Intermediate,0.65707743,0.65707743,8.0139605e-19,0.3429226
testing15436.jpg,Intermediate,0.6090506,0.6090506,1.4115216e-16,0.3909494
testing15437.jpg,Outside,0.99999046,9.510916e-06,1.4457059e-21,0.99999046
testing15438.jpg,Outside,1.0,7.243257e-17,7.7521234e-21,1.0
testing15439.jpg,Outside,1.0,3.7672496e-08,3.2597484e-19,1.0
testing15440.jpg,Outside,1.0,6.566749e-23,7.0920615e-24,1.0
testing15441.jpg,Outside,1.0,1.9450817e-19,4.1280222e-20,1.0
testing15442.jpg,Outside,1.0,2.9440088e-24,5.801073e-27,1.0
testing15443.jpg,Intermediate,1.0,1.0,7.894563e-36,1.4156559e-27
testing15444.jpg,Nanodomain,1.0,0.0,1.0,0.0
testing15445.jpg,Nanodomain,1.0,0.0,1.0,0.0
testing15446.jpg,Nanodomain,1.0,0.0,1.0,0.0
testing15447.jpg,Nanodomain,1.0,7.501575e-24,1.0,0.0
testing15448.jpg,Nanodomain,1.0,7.188311e-18,1.0,0.0
testing15449.jpg,Nanodomain,0.9999989,1.0455967e-06,0.9999989,1.0391647e-29
testing15450.jpg,Intermediate,1.0,1.0,8.861406e-15,5.375655e-31
testing15451.jpg,Outside,1.0,2.2935908e-33,4.8903183e-30,1.0
testing15452.jpg,Outside,1.0,2.1631874e-24,8.466535e-27,1.0
testing15453.jpg,Outside,1.0,6.696106e-25,2.1721405e-26,1.0
testing15454.jpg,Outside,1.0,2.051356e-17,3.4071663e-20,1.0
testing15455.jpg,Outside,1.0,1.6228609e-25,8.492709e-26,1.0
testing15456.jpg,Outside,1.0,5.5458302e-24,1.5409667e-25,1.0
testing15457.jpg,Outside,1.0,1.2330718e-27,3.0701432e-28,1.0
testing15458.jpg,Outside,1.0,5.6260787e-31,4.6418384e-30,1.0
testing15459.jpg,Outside,1.0,9.168086e-23,2.3868338e-24,1.0
testing15460.jpg,Outside,1.0,5.2879125e-24,4.242826e-28,1.0
testing15461.jpg,Outside,1.0,2.6958353e-20,2.639867e-25,1.0
testing15462.jpg,Outside,1.0,3.017384e-28,5.84518e-30,1.0
testing15463.jpg,Outside,1.0,6.0165194e-17,7.628346e-24,1.0
testing15464.jpg,Intermediate,1.0,1.0,1.3357311e-29,8.105652e-19
testing15465.jpg,Intermediate,1.0,1.0,4.8511373e-28,4.6387913e-16
testing15466.jpg,Intermediate,1.0,1.0,2.640631e-26,8.340365e-19
testing15467.jpg,Intermediate,1.0,1.0,1.4822372e-19,8.856841e-12
testing15468.jpg,Intermediate,0.99992156,0.99992156,7.3880315e-21,7.837471e-05
testing15469.jpg,Intermediate,1.0,1.0,4.657955e-33,6.499546e-27
testing15470.jpg,Intermediate,1.0,1.0,0.0,1.542617e-28
testing15471.jpg,Intermediate,1.0,1.0,7.6174825e-36,2.014947e-21
testing15472.jpg,Intermediate,1.0,1.0,4.9350873e-38,9.446791e-28
testing15473.jpg,Intermediate,1.0,1.0,0.0,8.0829246e-27
testing15474.jpg,Intermediate,1.0,1.0,2.1179784e-29,8.008747e-18
testing15475.jpg,Outside,0.9547994,0.045200586,1.2636961e-18,0.9547994
testing15476.jpg,Intermediate,1.0,1.0,0.0,2.5806255e-31
testing15477.jpg,Intermediate,0.99676216,0.99676216,4.151147e-12,0.0032377613
testing15478.jpg,Outside,1.0,1.9528376e-10,1.5728344e-18,1.0
testing15479.jpg,Outside,1.0,1.5575337e-08,5.080906e-20,1.0
testing15480.jpg,Outside,0.9999994,5.833272e-07,7.863444e-15,0.9999994
testing15481.jpg,Outside,1.0,3.510682e-14,1.7695635e-21,1.0
testing15482.jpg,Nanodomain,1.0,0.0,1.0,0.0
testing15483.jpg,Nanodomain,1.0,0.0,1.0,0.0
testing15484.jpg,Nanodomain,1.0,0.0,1.0,0.0
testing15485.jpg,Nanodomain,1.0,0.0,1.0,0.0
testing15486.jpg,Nanodomain,1.0,0.0,1.0,0.0
testing15487.jpg,Nanodomain,1.0,0.0,1.0,0.0
testing15488.jpg,Nanodomain,1.0,0.0,1.0,0.0
testing15489.jpg,Intermediate,1.0,1.0,1.1679007e-24,3.9886125e-27
testing15490.jpg,Intermediate,1.0,1.0,1.4002824e-22,6.2702404e-24
testing15491.jpg,Intermediate,1.0,1.0,6.0067833e-36,8.081424e-32
testing15492.jpg,Intermediate,1.0,1.0,0.0,2.3085733e-34
testing15493.jpg,Intermediate,1.0,1.0,1.6175181e-36,2.0381836e-30
testing15494.jpg,Intermediate,1.0,1.0,4.596157e-27,1.1771698e-29
testing15495.jpg,Intermediate,1.0,1.0,6.643251e-28,3.2064427e-28
testing15496.jpg,Intermediate,1.0,1.0,1.469752e-30,7.879536e-32
testing15497.jpg,Nanodomain,1.0,0.0,1.0,0.0
testing15498.jpg,Nanodomain,1.0,0.0,1.0,0.0
testing15499.jpg,Nanodomain,1.0,0.0,1.0,0.0
testing15500.jpg,Nanodomain,1.0,0.0,1.0,0.0
testing15501.jpg,Nanodomain,1.0,0.0,1.0,0.0
testing15502.jpg,Nanodomain,1.0,1.0861796e-26,1.0,0.0
testing15503.jpg,Nanodomain,1.0,1.1351669e-26,1.0,0.0
testing15504.jpg,Nanodomain,1.0,1.1082802e-31,1.0,0.0
testing15505.jpg,Nanodomain,1.0,8.646334e-22,1.0,0.0
testing15506.jpg,Nanodomain,1.0,1.6792943e-26,1.0,0.0
testing15507.jpg,Nanodomain,1.0,0.0,1.0,0.0
testing15508.jpg,Intermediate,1.0,1.0,2.217198e-25,1.0295737e-14
testing15509.jpg,Intermediate,1.0,1.0,3.3304216e-29,7.97711e-30
testing15510.jpg,Intermediate,1.0,1.0,5.893149e-26,8.762513e-22
testing15511.jpg,Outside,1.0,4.634175e-31,3.398774e-31,1.0
testing15512.jpg,Outside,1.0,5.2459215e-24,4.171512e-25,1.0
testing15513.jpg,Outside,1.0,2.5534266e-28,5.2478895e-29,1.0
testing15514.jpg,Outside,1.0,4.1667845e-27,6.22462e-26,1.0
testing15515.jpg,Outside,1.0,1.1551411e-22,3.804339e-25,1.0
testing15516.jpg,Outside,1.0,3.9482542e-27,7.5104936e-28,1.0
testing15517.jpg,Outside,1.0,7.845873e-27,3.7216572e-26,1.0
testing15518.jpg,Intermediate,0.9999958,0.9999958,4.1960657e-06,3.7492794e-22
testing15519.jpg,Nanodomain,1.0,0.0,1.0,0.0
testing15520.jpg,Nanodomain,1.0,0.0,1.0,0.0
testing15521.jpg,Nanodomain,1.0,0.0,1.0,0.0
testing15522.jpg,Nanodomain,1.0,0.0,1.0,0.0
testing15523.jpg,Nanodomain,1.0,0.0,1.0,0.0
testing15524.jpg,Nanodomain,1.0,0.0,1.0,0.0
testing15525.jpg,Nanodomain,1.0,0.0,1.0,0.0
testing15526.jpg,Nanodomain,1.0,0.0,1.0,0.0
testing15527.jpg,Nanodomain,1.0,0.0,1.0,0.0
testing15528.jpg,Nanodomain,1.0,0.0,1.0,0.0
testing15529.jpg,Nanodomain,1.0,0.0,1.0,0.0
testing15530.jpg,Nanodomain,1.0,0.0,1.0,0.0
testing15531.jpg,Outside,1.0,4.9945715e-32,3.8990334e-31,1.0
testing15532.jpg,Outside,1.0,7.201552e-30,6.797776e-30,1.0
testing15533.jpg,Outside,1.0,2.085372e-30,2.477612e-30,1.0
testing15534.jpg,Outside,1.0,1.7090445e-30,3.7699852e-32,1.0
testing15535.jpg,Outside,1.0,1.0659365e-31,4.26162e-31,1.0
testing15536.jpg,Intermediate,1.0,1.0,1.507043e-21,6.584809e-23
testing15537.jpg,Intermediate,1.0,1.0,3.203204e-20,3.5360295e-22
testing15538.jpg,Outside,1.0,1.7876649e-14,4.6991856e-24,1.0
testing15539.jpg,Outside,1.0,1.714264e-27,1.2611335e-28,1.0
testing15540.jpg,Outside,1.0,3.9925454e-32,2.9814848e-32,1.0
testing15541.jpg,Nanodomain,1.0,0.0,1.0,0.0
testing15542.jpg,Nanodomain,1.0,0.0,1.0,0.0
testing15543.jpg,Nanodomain,1.0,0.0,1.0,0.0
testing15544.jpg,Nanodomain,1.0,0.0,1.0,0.0
testing15545.jpg,Nanodomain,1.0,0.0,1.0,0.0
testing15546.jpg,Nanodomain,1.0,0.0,1.0,0.0
testing15547.jpg,Nanodomain,1.0,0.0,1.0,0.0
testing15548.jpg,Nanodomain,1.0,0.0,1.0,0.0
testing15549.jpg,Nanodomain,1.0,0.0,1.0,0.0
testing15550.jpg,Nanodomain,1.0,0.0,1.0,0.0
testing15551.jpg,Nanodomain,1.0,0.0,1.0,0.0
testing15552.jpg,Nanodomain,1.0,0.0,1.0,0.0
testing15553.jpg,Nanodomain,1.0,0.0,1.0,0.0
testing15554.jpg,Nanodomain,1.0,0.0,1.0,0.0
testing15555.jpg,Nanodomain,1.0,0.0,1.0,0.0
testing15556.jpg,Nanodomain,1.0,0.0,1.0,0.0
testing15557.jpg,Intermediate,1.0,1.0,2.1316682e-37,7.715672e-25
testing15558.jpg,Intermediate,0.99842936,0.99842936,1.4168437e-20,0.0015705797
testing15559.jpg,Intermediate,1.0,1.0,1.4276566e-28,5.192307e-16
testing15560.jpg,Intermediate,1.0,1.0,4.283772e-30,1.2696078e-16
testing15561.jpg,Outside,1.0,1.4938179e-18,2.3338853e-22,1.0
testing15562.jpg,Intermediate,1.0,1.0,1.1352437e-28,5.171371e-17
testing15563.jpg,Intermediate,1.0,1.0,1.1847521e-21,2.4939947e-10
testing15564.jpg,Outside,1.0,8.93545e-09,1.0639813e-18,1.0
testing15565.jpg,Outside,0.9162675,0.08373251,5.930393e-17,0.9162675
testing15566.jpg,Intermediate,1.0,1.0,3.959247e-28,1.8807032e-14
testing15567.jpg,Intermediate,1.0,1.0,9.088955e-26,2.2120644e-15
testing15568.jpg,Intermediate,0.9065602,0.9065602,5.1804476e-21,0.09343982
testing15569.jpg,Intermediate,1.0,1.0,6.0821435e-26,7.9816384e-13
testing15570.jpg,Intermediate,1.0,1.0,0.0,5.0627902e-30
testing15571.jpg,Outside,1.0,6.698325e-26,1.16943306e-26,1.0
testing15572.jpg,Nanodomain,0.9995129,0.00048703354,0.9995129,3.1354651e-30
testing15573.jpg,Nanodomain,0.99999976,2.1601235e-07,0.99999976,5.9659636e-32
testing15574.jpg,Outside,1.0,3.142533e-26,8.535368e-30,1.0
testing15575.jpg,Outside,1.0,8.0767987e-25,2.695204e-23,1.0
testing15576.jpg,Outside,1.0,2.363762e-26,2.1983296e-28,1.0
testing15577.jpg,Outside,1.0,1.4085791e-25,3.000411e-26,1.0
testing15578.jpg,Outside,1.0,9.878455e-29,4.6266552e-29,1.0
testing15579.jpg,Outside,1.0,2.751009e-28,1.2163886e-27,1.0
testing15580.jpg,Outside,1.0,1.0283673e-24,1.0221121e-27,1.0
testing15581.jpg,Outside,1.0,7.606502e-22,4.1115123e-24,1.0
testing15582.jpg,Outside,1.0,2.538512e-18,1.9644816e-22,1.0
testing15583.jpg,Outside,1.0,1.1990508e-22,2.1068002e-23,1.0
testing15584.jpg,Outside,1.0,5.975842e-27,8.942336e-28,1.0
testing15585.jpg,Outside,1.0,2.9893004e-30,2.969081e-31,1.0
testing15586.jpg,Outside,1.0,3.1774357e-30,2.0439854e-29,1.0
testing15587.jpg,Outside,1.0,1.2594756e-27,4.4034196e-27,1.0
testing15588.jpg,Outside,1.0,8.467974e-23,2.3717645e-26,1.0
testing15589.jpg,Outside,1.0,1.8676835e-22,6.914787e-23,1.0
testing15590.jpg,Outside,1.0,5.1877376e-22,4.8818174e-23,1.0
testing15591.jpg,Intermediate,0.99995625,0.99995625,7.275685e-21,4.3766708e-05
testing15592.jpg,Outside,1.0,1.4545267e-13,1.5935371e-18,1.0
testing15593.jpg,Outside,0.7598439,0.24015608,2.306159e-15,0.7598439
testing15594.jpg,Outside,1.0,3.0851844e-08,2.7540744e-21,1.0
testing15595.jpg,Intermediate,1.0,1.0,2.61938e-35,2.3381724e-29
testing15596.jpg,Intermediate,1.0,1.0,1.3276699e-28,8.034973e-18
testing15597.jpg,Intermediate,1.0,1.0,3.8461415e-08,7.771422e-30
testing15598.jpg,Intermediate,1.0,1.0,1.3816842e-30,8.98183e-34
testing15599.jpg,Intermediate,1.0,1.0,1.2283651e-31,1.4787437e-31
testing15600.jpg,Intermediate,1.0,1.0,0.0,0.0
testing15601.jpg,Intermediate,1.0,1.0,1.2225246e-34,4.436724e-33
testing15602.jpg,Intermediate,1.0,1.0,7.1826473e-38,4.5854098e-32
testing15603.jpg,Intermediate,1.0,1.0,0.0,2.2380804e-37
testing15604.jpg,Intermediate,1.0,1.0,0.0,3.6984536e-30
testing15605.jpg,Intermediate,1.0,1.0,1.2530538e-27,1.7894665e-21
testing15606.jpg,Intermediate,1.0,1.0,2.7615255e-34,8.5031575e-31
testing15607.jpg,Outside,1.0,1.0300143e-09,5.2104143e-19,1.0
testing15608.jpg,Intermediate,1.0,1.0,2.7828985e-26,5.6521314e-15
testing15609.jpg,Outside,1.0,4.435159e-14,6.410404e-21,1.0
testing15610.jpg,Nanodomain,1.0,0.0,1.0,0.0
testing15611.jpg,Nanodomain,1.0,0.0,1.0,0.0
testing15612.jpg,Nanodomain,1.0,0.0,1.0,0.0
testing15613.jpg,Nanodomain,1.0,0.0,1.0,0.0
testing15614.jpg,Nanodomain,1.0,0.0,1.0,0.0
testing15615.jpg,Nanodomain,1.0,0.0,1.0,0.0
testing15616.jpg,Nanodomain,1.0,0.0,1.0,0.0
testing15617.jpg,Nanodomain,1.0,0.0,1.0,0.0
testing15618.jpg,Nanodomain,1.0,0.0,1.0,0.0
testing15619.jpg,Nanodomain,1.0,0.0,1.0,0.0
testing15620.jpg,Nanodomain,1.0,0.0,1.0,0.0
testing15621.jpg,Nanodomain,1.0,0.0,1.0,0.0
testing15622.jpg,Intermediate,1.0,1.0,1.07022975e-33,2.114369e-30
testing15623.jpg,Intermediate,1.0,1.0,1.7890362e-29,9.9190857e-29
testing15624.jpg,Nanodomain,1.0,0.0,1.0,0.0
testing15625.jpg,Nanodomain,1.0,0.0,1.0,0.0
testing15626.jpg,Nanodomain,1.0,0.0,1.0,0.0
testing15627.jpg,Nanodomain,1.0,6.7181264e-35,1.0,0.0
testing15628.jpg,Nanodomain,1.0,0.0,1.0,0.0
testing15629.jpg,Nanodomain,1.0,0.0,1.0,0.0
testing15630.jpg,Nanodomain,1.0,1.4150116e-37,1.0,0.0
testing15631.jpg,Nanodomain,1.0,1.08942376e-35,1.0,0.0
testing15632.jpg,Nanodomain,1.0,2.4606072e-33,1.0,0.0
testing15633.jpg,Nanodomain,1.0,1.1139318e-28,1.0,0.0
testing15634.jpg,Nanodomain,1.0,2.0474168e-31,1.0,0.0
testing15635.jpg,Nanodomain,1.0,9.6702524e-15,1.0,3.9353155e-38
testing15636.jpg,Nanodomain,1.0,1.1506198e-15,1.0,1.2933322e-36
testing15637.jpg,Outside,1.0,7.6595854e-14,3.0713856e-20,1.0
testing15638.jpg,Intermediate,1.0,1.0,1.2712878e-26,3.1093587e-19
testing15639.jpg,Outside,1.0,8.4709206e-29,4.6408825e-30,1.0
testing15640.jpg,Outside,1.0,2.7456308e-28,5.773078e-28,1.0
testing15641.jpg,Nanodomain,1.0,4.596717e-20,1.0,0.0
testing15642.jpg,Intermediate,0.9969133,0.9969133,0.0030867003,1.2859042e-25
testing15643.jpg,Nanodomain,1.0,2.1352322e-15,1.0,3.4841366e-34
testing15644.jpg,Intermediate,0.9990526,0.9990526,0.00094741955,8.7334955e-23
testing15645.jpg,Nanodomain,1.0,1.1910708e-18,1.0,3.8296346e-38
testing15646.jpg,Intermediate,1.0,1.0,3.6175328e-17,1.7156829e-28
testing15647.jpg,Intermediate,1.0,1.0,3.7366168e-29,3.5197197e-29
testing15648.jpg,Intermediate,1.0,1.0,2.1100057e-19,4.985901e-13
testing15649.jpg,Intermediate,1.0,1.0,5.5233727e-29,5.820324e-31
testing15650.jpg,Intermediate,1.0,1.0,9.8210876e-20,6.739246e-29
testing15651.jpg,Nanodomain,1.0,0.0,1.0,0.0
testing15652.jpg,Nanodomain,1.0,0.0,1.0,0.0
testing15653.jpg,Outside,1.0,1.45439545e-33,1.1944703e-32,1.0
testing15654.jpg,Nanodomain,1.0,0.0,1.0,0.0
testing15655.jpg,Outside,1.0,1.4197018e-11,1.0848729e-15,1.0
testing15656.jpg,Intermediate,1.0,1.0,0.0,2.0887018e-28
testing15657.jpg,Outside,1.0,2.3852583e-32,1.9632579e-32,1.0
testing15658.jpg,Outside,1.0,1.7055314e-33,6.1876656e-33,1.0
testing15659.jpg,Outside,1.0,1.9400389e-38,2.6208281e-36,1.0
testing15660.jpg,Outside,1.0,3.6786933e-25,3.618772e-26,1.0
testing15661.jpg,Outside,1.0,5.6405194e-31,9.432801e-32,1.0
testing15662.jpg,Outside,1.0,2.0539812e-30,2.0164063e-30,1.0
testing15663.jpg,Outside,1.0,7.18343e-26,4.703985e-27,1.0
testing15664.jpg,Intermediate,1.0,1.0,2.809951e-26,1.4653653e-12
testing15665.jpg,Outside,1.0,9.664514e-12,1.4081804e-19,1.0
testing15666.jpg,Outside,1.0,9.457941e-19,5.843462e-23,1.0
testing15667.jpg,Outside,0.99999976,2.7569524e-07,2.5836634e-20,0.99999976
testing15668.jpg,Outside,1.0,6.861297e-21,1.3480629e-21,1.0
testing15669.jpg,Nanodomain,1.0,0.0,1.0,0.0
testing15670.jpg,Nanodomain,1.0,0.0,1.0,0.0
testing15671.jpg,Nanodomain,1.0,0.0,1.0,0.0
testing15672.jpg,Nanodomain,1.0,0.0,1.0,0.0
testing15673.jpg,Nanodomain,1.0,0.0,1.0,0.0
testing15674.jpg,Nanodomain,1.0,0.0,1.0,0.0
testing15675.jpg,Nanodomain,1.0,0.0,1.0,0.0
testing15676.jpg,Nanodomain,1.0,0.0,1.0,0.0
testing15677.jpg,Nanodomain,1.0,0.0,1.0,0.0
testing15678.jpg,Nanodomain,1.0,0.0,1.0,0.0
testing15679.jpg,Nanodomain,1.0,0.0,1.0,0.0
testing15680.jpg,Nanodomain,1.0,0.0,1.0,0.0
testing15681.jpg,Nanodomain,1.0,0.0,1.0,0.0
testing15682.jpg,Intermediate,1.0,1.0,1.552354e-32,2.6647504e-22
testing15683.jpg,Nanodomain,1.0,0.0,1.0,0.0
testing15684.jpg,Intermediate,1.0,1.0,2.83775e-21,2.0894683e-08
testing15685.jpg,Intermediate,1.0,1.0,1.2324514e-34,1.8240532e-26
testing15686.jpg,Intermediate,1.0,1.0,1.6922903e-34,2.143467e-22
testing15687.jpg,Intermediate,1.0,1.0,1.5373466e-29,1.0430627e-20
testing15688.jpg,Intermediate,1.0,1.0,6.8569813e-28,3.6589594e-14
testing15689.jpg,Intermediate,1.0,1.0,2.0542423e-20,1.0358563e-08
testing15690.jpg,Intermediate,1.0,1.0,6.811963e-26,1.4686046e-13
testing15691.jpg,Intermediate,0.99999976,0.99999976,1.6935338e-22,1.8374125e-07
testing15692.jpg,Intermediate,0.999954,0.999954,1.3445593e-22,4.6039375e-05
testing15693.jpg,Intermediate,1.0,1.0,1.5930549e-28,8.767448e-18
testing15694.jpg,Intermediate,1.0,1.0,2.1914969e-21,3.1034748e-08
testing15695.jpg,Outside,0.9995778,0.00042221055,3.151866e-18,0.9995778
testing15696.jpg,Intermediate,1.0,1.0,1.0259158e-29,7.77591e-20
testing15697.jpg,Outside,1.0,8.262894e-29,2.5240236e-29,1.0
testing15698.jpg,Outside,1.0,6.8893615e-28,1.8735129e-30,1.0
testing15699.jpg,Outside,1.0,3.128518e-09,7.3262664e-16,1.0
testing15700.jpg,Outside,1.0,1.089751e-22,6.0332496e-25,1.0
testing15701.jpg,Intermediate,0.9999932,0.9999932,3.424132e-21,6.8209306e-06
testing15702.jpg,Outside,1.0,7.13952e-21,1.4677723e-25,1.0
testing15703.jpg,Outside,1.0,4.1247837e-18,6.2144474e-24,1.0
testing15704.jpg,Outside,1.0,6.267992e-24,3.100383e-25,1.0
testing15705.jpg,Outside,1.0,6.4059477e-31,3.191343e-31,1.0
testing15706.jpg,Outside,1.0,6.1057335e-20,7.642822e-24,1.0
testing15707.jpg,Outside,1.0,1.4157253e-13,1.383109e-21,1.0
testing15708.jpg,Outside,1.0,1.2655094e-13,3.0790693e-20,1.0
testing15709.jpg,Outside,1.0,5.413407e-27,9.838132e-31,1.0
testing15710.jpg,Outside,1.0,3.2712388e-31,3.2780375e-29,1.0
testing15711.jpg,Outside,1.0,1.2650691e-22,5.7044757e-26,1.0
testing15712.jpg,Outside,1.0,3.618582e-17,1.2309943e-20,1.0
testing15713.jpg,Outside,1.0,6.424085e-22,1.0381145e-24,1.0
testing15714.jpg,Outside,1.0,3.3508705e-09,8.947112e-21,1.0
testing15715.jpg,Outside,0.9999999,1.14835515e-07,4.6562824e-19,0.9999999
testing15716.jpg,Outside,1.0,9.6412836e-26,5.250495e-28,1.0
testing15717.jpg,Outside,1.0,1.0472565e-21,7.7981095e-25,1.0
testing15718.jpg,Outside,1.0,6.8610733e-25,1.9204663e-24,1.0
testing15719.jpg,Nanodomain,1.0,0.0,1.0,0.0
testing15720.jpg,Nanodomain,1.0,0.0,1.0,0.0
testing15721.jpg,Nanodomain,1.0,0.0,1.0,0.0
testing15722.jpg,Nanodomain,1.0,0.0,1.0,0.0
testing15723.jpg,Intermediate,1.0,1.0,4.652368e-30,8.557165e-33
testing15724.jpg,Intermediate,1.0,1.0,2.593812e-38,1.3006844e-36
testing15725.jpg,Intermediate,1.0,1.0,0.0,0.0
testing15726.jpg,Intermediate,1.0,1.0,0.0,0.0
testing15727.jpg,Intermediate,1.0,1.0,0.0,0.0
testing15728.jpg,Intermediate,1.0,1.0,0.0,8.075533e-33
testing15729.jpg,Intermediate,1.0,1.0,0.0,2.9285417e-38
testing15730.jpg,Intermediate,1.0,1.0,0.0,0.0
testing15731.jpg,Intermediate,1.0,1.0,1.2809893e-27,1.434135e-29
testing15732.jpg,Intermediate,1.0,1.0,0.0,1.8770672e-31
testing15733.jpg,Intermediate,1.0,1.0,1.1807152e-34,3.1679192e-25
testing15734.jpg,Intermediate,1.0,1.0,1.06058e-28,3.0936436e-21
testing15735.jpg,Outside,0.9999999,1.6996533e-07,1.02956575e-14,0.9999999
testing15736.jpg,Outside,1.0,4.1497779e-13,2.860903e-20,1.0
testing15737.jpg,Nanodomain,1.0,0.0,1.0,0.0
testing15738.jpg,Nanodomain,1.0,0.0,1.0,0.0
testing15739.jpg,Nanodomain,1.0,0.0,1.0,0.0
testing15740.jpg,Nanodomain,1.0,0.0,1.0,0.0
testing15741.jpg,Nanodomain,1.0,0.0,1.0,0.0
testing15742.jpg,Nanodomain,1.0,0.0,1.0,0.0
testing15743.jpg,Nanodomain,1.0,0.0,1.0,0.0
testing15744.jpg,Nanodomain,1.0,0.0,1.0,0.0
testing15745.jpg,Nanodomain,1.0,1.728474e-27,1.0,0.0
testing15746.jpg,Nanodomain,1.0,0.0,1.0,0.0
testing15747.jpg,Nanodomain,1.0,0.0,1.0,0.0
testing15748.jpg,Nanodomain,1.0,2.866045e-37,1.0,0.0
testing15749.jpg,Nanodomain,1.0,0.0,1.0,0.0
testing15750.jpg,Nanodomain,1.0,0.0,1.0,0.0
testing15751.jpg,Nanodomain,1.0,2.7988357e-26,1.0,0.0
testing15752.jpg,Nanodomain,1.0,1.1913329e-13,1.0,8.8983746e-35
testing15753.jpg,Nanodomain,0.99995077,4.9269707e-05,0.99995077,1.4936519e-27
testing15754.jpg,Nanodomain,1.0,3.6310516e-26,1.0,0.0
testing15755.jpg,Nanodomain,1.0,1.6677923e-31,1.0,0.0
testing15756.jpg,Nanodomain,1.0,5.8048855e-14,1.0,7.825038e-35
testing15757.jpg,Nanodomain,1.0,5.2547737e-24,1.0,0.0
testing15758.jpg,Nanodomain,1.0,1.1634303e-34,1.0,0.0
testing15759.jpg,Nanodomain,1.0,2.8234343e-27,1.0,0.0
testing15760.jpg,Nanodomain,1.0,7.364035e-24,1.0,0.0
testing15761.jpg,Nanodomain,1.0,1.2705997e-33,1.0,0.0
testing15762.jpg,Nanodomain,1.0,4.243878e-28,1.0,0.0
testing15763.jpg,Nanodomain,1.0,2.016413e-31,1.0,0.0
testing15764.jpg,Nanodomain,1.0,8.1084354e-19,1.0,1.3365222e-35
testing15765.jpg,Nanodomain,1.0,1.6718461e-28,1.0,0.0
testing15766.jpg,Outside,1.0,7.3045795e-32,1.0030893e-33,1.0
testing15767.jpg,Outside,1.0,1.350558e-23,3.1753961e-25,1.0
testing15768.jpg,Intermediate,1.0,1.0,1.3473623e-23,8.1500453e-13
testing15769.jpg,Intermediate,1.0,1.0,2.0628742e-26,1.0953391e-16
testing15770.jpg,Nanodomain,1.0,7.171156e-21,1.0,0.0
testing15771.jpg,Intermediate,1.0,1.0,1.9838069e-13,1.5812986e-26
testing15772.jpg,Intermediate,1.0,1.0,1.8853061e-08,2.6795954e-27
testing15773.jpg,Nanodomain,0.94147605,0.058524013,0.94147605,7.3321095e-24
testing15774.jpg,Intermediate,0.9832651,0.9832651,0.016734915,4.40277e-24
testing15775.jpg,Intermediate,1.0,1.0,2.631657e-14,1.7275981e-26
testing15776.jpg,Nanodomain,1.0,2.3683556e-19,1.0,0.0
testing15777.jpg,Nanodomain,0.65832496,0.34167504,0.65832496,5.1994998e-24
testing15778.jpg,Nanodomain,1.0,8.763335e-14,1.0,1.918829e-36
testing15779.jpg,Intermediate,1.0,1.0,8.948413e-35,3.6888523e-33
testing15780.jpg,Intermediate,1.0,1.0,2.628883e-25,3.4370466e-28
testing15781.jpg,Intermediate,1.0,1.0,6.536807e-23,8.902222e-25
testing15782.jpg,Outside,1.0,1.6534162e-08,5.8977865e-17,1.0
testing15783.jpg,Outside,1.0,2.0469317e-17,6.226773e-21,1.0
testing15784.jpg,Intermediate,1.0,1.0,4.5784526e-25,2.0928554e-11
testing15785.jpg,Outside,1.0,5.6127126e-20,4.1252295e-23,1.0
testing15786.jpg,Outside,1.0,6.5882484e-24,3.4887144e-25,1.0
testing15787.jpg,Outside,1.0,3.664468e-30,2.2303897e-32,1.0
testing15788.jpg,Outside,1.0,2.004828e-27,1.6754789e-28,1.0
testing15789.jpg,Outside,1.0,1.7303731e-28,4.0227756e-29,1.0
testing15790.jpg,Outside,1.0,3.7009338e-32,2.0976657e-31,1.0
testing15791.jpg,Outside,1.0,1.3412513e-28,1.0667156e-27,1.0
testing15792.jpg,Outside,1.0,2.0671105e-35,4.10189e-33,1.0
testing15793.jpg,Outside,1.0,5.0138784e-29,1.1457685e-27,1.0
testing15794.jpg,Outside,1.0,1.02378125e-29,4.3979763e-29,1.0
testing15795.jpg,Outside,1.0,1.2652419e-31,1.1564768e-30,1.0
testing15796.jpg,Outside,1.0,6.375077e-26,1.8753769e-25,1.0
testing15797.jpg,Nanodomain,1.0,0.0,1.0,0.0
testing15798.jpg,Nanodomain,1.0,0.0,1.0,0.0
testing15799.jpg,Nanodomain,1.0,0.0,1.0,0.0
testing15800.jpg,Nanodomain,1.0,0.0,1.0,0.0
testing15801.jpg,Nanodomain,1.0,0.0,1.0,0.0
testing15802.jpg,Nanodomain,1.0,0.0,1.0,0.0
testing15803.jpg,Nanodomain,1.0,0.0,1.0,0.0
testing15804.jpg,Nanodomain,1.0,0.0,1.0,0.0
testing15805.jpg,Nanodomain,1.0,0.0,1.0,0.0
testing15806.jpg,Nanodomain,1.0,0.0,1.0,0.0
testing15807.jpg,Nanodomain,1.0,0.0,1.0,0.0
testing15808.jpg,Nanodomain,1.0,0.0,1.0,0.0
testing15809.jpg,Nanodomain,1.0,0.0,1.0,0.0
testing15810.jpg,Nanodomain,1.0,3.715994e-35,1.0,0.0
testing15811.jpg,Nanodomain,1.0,0.0,1.0,0.0
testing15812.jpg,Nanodomain,1.0,0.0,1.0,0.0
testing15813.jpg,Intermediate,1.0,1.0,3.3047738e-26,1.1584935e-17
testing15814.jpg,Intermediate,1.0,1.0,1.3227994e-31,1.1524585e-18
testing15815.jpg,Intermediate,1.0,1.0,1.9581718e-32,2.2440756e-20
testing15816.jpg,Intermediate,1.0,1.0,6.124415e-36,2.043479e-21
testing15817.jpg,Intermediate,1.0,1.0,2.0421018e-34,8.947208e-22
testing15818.jpg,Intermediate,1.0,1.0,3.2563838e-32,2.1058656e-18
testing15819.jpg,Intermediate,0.9999677,0.9999677,6.6434946e-20,3.231377e-05
testing15820.jpg,Intermediate,1.0,1.0,6.5751525e-36,2.5444957e-24
testing15821.jpg,Intermediate,1.0,1.0,7.488871e-34,5.748239e-23
testing15822.jpg,Outside,0.99944526,0.00055470964,2.2037274e-18,0.99944526
testing15823.jpg,Intermediate,1.0,1.0,1.19938965e-29,2.197755e-17
testing15824.jpg,Outside,1.0,3.654832e-13,6.229722e-20,1.0
testing15825.jpg,Outside,0.99997616,2.3825109e-05,1.7344265e-16,0.99997616
testing15826.jpg,Intermediate,0.9999999,0.9999999,1.2896068e-22,7.041989e-08
testing15827.jpg,Outside,0.9999982,1.7385989e-06,1.8000025e-18,0.9999982
testing15828.jpg,Outside,1.0,1.3284095e-28,3.28232e-27,1.0
testing15829.jpg,Outside,1.0,1.01510675e-26,2.011945e-27,1.0
testing15830.jpg,Intermediate,1.0,1.0,1.0821574e-30,2.8928838e-19
testing15831.jpg,Intermediate,1.0,1.0,2.218527e-32,2.712711e-21
testing15832.jpg,Intermediate,0.99999917,0.99999917,4.2925522e-23,7.768039e-07
testing15833.jpg,Outside,0.9999999,1.1243583e-07,2.5135271e-17,0.9999999
testing15834.jpg,Intermediate,0.9997781,0.9997781,1.7663521e-21,0.00022186014
testing15835.jpg,Intermediate,0.99998605,0.99998605,2.731456e-22,1.3912741e-05
testing15836.jpg,Outside,0.99999726,2.7653628e-06,1.4339349e-13,0.99999726
testing15837.jpg,Outside,0.9992035,0.00079655653,3.2427606e-14,0.9992035
testing15838.jpg,Outside,1.0,2.6787848e-22,6.166695e-25,1.0
testing15839.jpg,Outside,1.0,2.7374732e-28,1.2674998e-28,1.0
testing15840.jpg,Nanodomain,1.0,0.0,1.0,0.0
testing15841.jpg,Nanodomain,1.0,0.0,1.0,0.0
testing15842.jpg,Nanodomain,1.0,0.0,1.0,0.0
testing15843.jpg,Nanodomain,1.0,0.0,1.0,0.0
testing15844.jpg,Nanodomain,1.0,0.0,1.0,0.0
testing15845.jpg,Nanodomain,1.0,0.0,1.0,0.0
testing15846.jpg,Nanodomain,1.0,0.0,1.0,0.0
testing15847.jpg,Nanodomain,1.0,0.0,1.0,0.0
testing15848.jpg,Nanodomain,1.0,0.0,1.0,0.0
testing15849.jpg,Nanodomain,1.0,0.0,1.0,0.0
testing15850.jpg,Nanodomain,1.0,0.0,1.0,0.0
testing15851.jpg,Outside,1.0,4.424152e-17,9.285158e-21,1.0
testing15852.jpg,Intermediate,1.0,1.0,0.0,4.021628e-35
testing15853.jpg,Intermediate,1.0,1.0,1.9472457e-38,1.6453088e-31
testing15854.jpg,Intermediate,1.0,1.0,0.0,1.6124802e-34
testing15855.jpg,Intermediate,1.0,1.0,0.0,6.7682353e-35
testing15856.jpg,Intermediate,1.0,1.0,0.0,8.947172e-30
testing15857.jpg,Intermediate,1.0,1.0,1.1286337e-34,1.1412008e-28
testing15858.jpg,Intermediate,1.0,1.0,0.0,6.1680106e-33
testing15859.jpg,Intermediate,1.0,1.0,9.0505376e-29,6.756197e-25
testing15860.jpg,Intermediate,1.0,1.0,0.0,1.4249022e-30
testing15861.jpg,Intermediate,1.0,1.0,0.0,8.966883e-31
testing15862.jpg,Outside,1.0,1.6219223e-15,1.2033146e-18,1.0
testing15863.jpg,Outside,1.0,3.080511e-11,1.1783863e-16,1.0
testing15864.jpg,Nanodomain,1.0,0.0,1.0,0.0
testing15865.jpg,Nanodomain,1.0,0.0,1.0,0.0
testing15866.jpg,Nanodomain,1.0,0.0,1.0,0.0
testing15867.jpg,Nanodomain,1.0,0.0,1.0,0.0
testing15868.jpg,Nanodomain,1.0,0.0,1.0,0.0
testing15869.jpg,Nanodomain,1.0,0.0,1.0,0.0
testing15870.jpg,Nanodomain,1.0,0.0,1.0,0.0
testing15871.jpg,Nanodomain,1.0,0.0,1.0,0.0
testing15872.jpg,Nanodomain,1.0,0.0,1.0,0.0
testing15873.jpg,Nanodomain,1.0,0.0,1.0,0.0
testing15874.jpg,Nanodomain,1.0,4.371425e-32,1.0,0.0
testing15875.jpg,Nanodomain,1.0,2.0818064e-27,1.0,0.0
testing15876.jpg,Nanodomain,1.0,6.037849e-34,1.0,0.0
testing15877.jpg,Nanodomain,1.0,5.325411e-36,1.0,0.0
testing15878.jpg,Nanodomain,1.0,0.0,1.0,0.0
testing15879.jpg,Intermediate,1.0,1.0,8.260851e-28,4.96106e-23
testing15880.jpg,Nanodomain,1.0,9.343819e-29,1.0,0.0
testing15881.jpg,Nanodomain,1.0,9.118768e-30,1.0,0.0
testing15882.jpg,Nanodomain,1.0,2.5090618e-33,1.0,0.0
testing15883.jpg,Nanodomain,1.0,4.3248638e-33,1.0,0.0
testing15884.jpg,Nanodomain,1.0,7.16746e-37,1.0,0.0
testing15885.jpg,Nanodomain,1.0,6.0412974e-29,1.0,0.0
testing15886.jpg,Nanodomain,1.0,7.824472e-27,1.0,0.0
testing15887.jpg,Nanodomain,1.0,1.3469296e-32,1.0,0.0
testing15888.jpg,Nanodomain,1.0,1.4532464e-27,1.0,0.0
testing15889.jpg,Nanodomain,1.0,3.0378055e-34,1.0,0.0
testing15890.jpg,Nanodomain,1.0,1.1588123e-16,1.0,1.895513e-35
testing15891.jpg,Nanodomain,1.0,3.2049126e-29,1.0,0.0
testing15892.jpg,Nanodomain,1.0,2.4484562e-31,1.0,0.0
testing15893.jpg,Nanodomain,1.0,0.0,1.0,0.0
testing15894.jpg,Nanodomain,1.0,2.4918243e-08,1.0,2.6902782e-27
testing15895.jpg,Intermediate,0.9999956,0.9999956,4.385866e-06,1.2936459e-23
testing15896.jpg,Intermediate,1.0,1.0,3.7367783e-19,3.0047564e-23
testing15897.jpg,Intermediate,0.9998248,0.9998248,0.00017517674,1.2411973e-22
testing15898.jpg,Intermediate,0.8140942,0.8140942,0.18590586,6.650607e-23
testing15899.jpg,Intermediate,0.97492653,0.97492653,0.025073495,5.759549e-23
testing15900.jpg,Intermediate,1.0,1.0,4.7525717e-10,1.352341e-24
testing15901.jpg,Intermediate,1.0,1.0,1.1708076e-19,6.688498e-25
testing15902.jpg,Intermediate,1.0,1.0,7.4341305e-28,5.4893445e-29
testing15903.jpg,Intermediate,1.0,1.0,3.190006e-11,2.4040388e-25
testing15904.jpg,Intermediate,1.0,1.0,1.1050389e-22,2.9766399e-27
testing15905.jpg,Intermediate,1.0,1.0,7.2355856e-23,4.7031775e-27
testing15906.jpg,Intermediate,1.0,1.0,1.3171492e-17,3.62813e-26
testing15907.jpg,Intermediate,0.99999905,0.99999905,9.0482655e-07,2.9728192e-23
testing15908.jpg,Outside,1.0,1.9946202e-13,7.6470663e-20,1.0
testing15909.jpg,Outside,1.0,7.059751e-24,8.253393e-26,1.0
testing15910.jpg,Outside,1.0,8.732496e-19,1.3211765e-22,1.0
testing15911.jpg,Outside,0.7800782,0.21992183,2.1527526e-18,0.7800782
testing15912.jpg,Outside,1.0,2.084197e-28,2.965937e-29,1.0
testing15913.jpg,Outside,1.0,3.5301025e-28,4.6581576e-30,1.0
testing15914.jpg,Outside,1.0,1.6575912e-26,1.7724486e-28,1.0
testing15915.jpg,Outside,1.0,2.9462993e-25,2.3936254e-25,1.0
testing15916.jpg,Outside,1.0,2.0487226e-30,6.1873885e-31,1.0
testing15917.jpg,Outside,1.0,2.6430666e-21,8.378738e-24,1.0
testing15918.jpg,Outside,1.0,5.6946413e-21,1.8103295e-24,1.0
testing15919.jpg,Outside,1.0,1.413291e-29,5.01577e-30,1.0
testing15920.jpg,Outside,1.0,5.406932e-25,1.3678272e-25,1.0
testing15921.jpg,Outside,1.0,8.570559e-33,6.529055e-31,1.0
testing15922.jpg,Outside,1.0,3.5265204e-29,8.066806e-29,1.0
testing15923.jpg,Outside,1.0,4.29101e-26,5.0225913e-28,1.0
testing15924.jpg,Outside,1.0,8.125114e-29,7.2831867e-31,1.0
testing15925.jpg,Nanodomain,1.0,0.0,1.0,0.0
testing15926.jpg,Nanodomain,1.0,0.0,1.0,0.0
testing15927.jpg,Nanodomain,1.0,0.0,1.0,0.0
testing15928.jpg,Nanodomain,1.0,0.0,1.0,0.0
testing15929.jpg,Nanodomain,1.0,0.0,1.0,0.0
testing15930.jpg,Nanodomain,1.0,0.0,1.0,0.0
testing15931.jpg,Nanodomain,1.0,0.0,1.0,0.0
testing15932.jpg,Nanodomain,1.0,0.0,1.0,0.0
testing15933.jpg,Nanodomain,1.0,0.0,1.0,0.0
testing15934.jpg,Nanodomain,1.0,0.0,1.0,0.0
testing15935.jpg,Nanodomain,1.0,0.0,1.0,0.0
testing15936.jpg,Nanodomain,1.0,1.3558853e-38,1.0,0.0
testing15937.jpg,Outside,0.99999976,2.832327e-07,7.325622e-16,0.99999976
testing15938.jpg,Intermediate,1.0,1.0,2.6782807e-32,3.1545263e-22
testing15939.jpg,Intermediate,1.0,1.0,4.8283886e-22,7.868692e-17
testing15940.jpg,Intermediate,1.0,1.0,5.8052257e-30,9.4976124e-17
testing15941.jpg,Intermediate,1.0,1.0,5.0062175e-28,1.6404744e-19
testing15942.jpg,Intermediate,1.0,1.0,4.722576e-27,1.3833521e-13
testing15943.jpg,Intermediate,1.0,1.0,7.565998e-34,5.170865e-22
testing15944.jpg,Intermediate,1.0,1.0,2.1817525e-30,1.4539288e-19
testing15945.jpg,Outside,0.94958174,0.050418224,4.8199392e-18,0.94958174
testing15946.jpg,Intermediate,1.0,1.0,4.5365596e-30,5.2555595e-15
testing15947.jpg,Intermediate,1.0,1.0,1.6730809e-24,1.3627012e-08
testing15948.jpg,Intermediate,1.0,1.0,2.5313637e-27,1.7758307e-15
testing15949.jpg,Intermediate,0.9998708,0.9998708,5.81373e-18,0.00012918192
testing15950.jpg,Intermediate,0.9999999,0.9999999,1.3847871e-22,1.5625241e-07
testing15951.jpg,Intermediate,1.0,1.0,1.1856488e-26,3.3693312e-11
testing15952.jpg,Outside,0.98377246,0.016227508,3.1803412e-19,0.98377246
testing15953.jpg,Outside,1.0,2.247721e-16,7.56348e-21,1.0
testing15954.jpg,Outside,1.0,4.613844e-13,2.9137672e-22,1.0
testing15955.jpg,Intermediate,0.9999999,0.9999999,6.7954327e-25,1.164985e-07
testing15956.jpg,Intermediate,0.99999404,0.99999404,6.2829407e-24,5.968529e-06
testing15957.jpg,Outside,0.99999344,6.5787785e-06,8.945258e-18,0.99999344
testing15958.jpg,Intermediate,1.0,1.0,2.3943381e-32,5.9031055e-22
testing15959.jpg,Outside,0.99999595,4.0361792e-06,1.3612204e-19,0.99999595
testing15960.jpg,Outside,0.9992661,0.00073395367,2.2621133e-19,0.9992661
testing15961.jpg,Intermediate,0.9999945,0.9999945,3.3975916e-22,5.457298e-06
testing15962.jpg,Outside,1.0,1.1813408e-09,1.2854371e-22,1.0
testing15963.jpg,Outside,0.9996245,0.0003755168,7.414642e-18,0.9996245
testing15964.jpg,Intermediate,1.0,1.0,5.0260425e-35,5.5673415e-25
testing15965.jpg,Intermediate,1.0,1.0,5.738924e-24,2.576065e-10
testing15966.jpg,Intermediate,1.0,1.0,4.0674403e-25,2.4825e-10
testing15967.jpg,Outside,1.0,1.1432795e-20,9.7257004e-24,1.0
testing15968.jpg,Nanodomain,1.0,0.0,1.0,0.0
testing15969.jpg,Nanodomain,1.0,0.0,1.0,0.0
testing15970.jpg,Nanodomain,1.0,0.0,1.0,0.0
testing15971.jpg,Nanodomain,1.0,0.0,1.0,0.0
testing15972.jpg,Nanodomain,1.0,0.0,1.0,0.0
testing15973.jpg,Nanodomain,1.0,0.0,1.0,0.0
testing15974.jpg,Nanodomain,1.0,0.0,1.0,0.0
testing15975.jpg,Nanodomain,1.0,0.0,1.0,0.0
testing15976.jpg,Nanodomain,1.0,0.0,1.0,0.0
testing15977.jpg,Nanodomain,1.0,0.0,1.0,0.0
testing15978.jpg,Nanodomain,1.0,0.0,1.0,0.0
testing15979.jpg,Nanodomain,1.0,0.0,1.0,0.0
testing15980.jpg,Outside,1.0,5.1407782e-20,3.2475924e-22,1.0
testing15981.jpg,Outside,1.0,1.1045407e-16,1.5870149e-19,1.0
testing15982.jpg,Intermediate,1.0,1.0,0.0,6.9617204e-36
testing15983.jpg,Intermediate,1.0,1.0,1.486698e-36,1.003532e-28
testing15984.jpg,Intermediate,1.0,1.0,0.0,0.0
testing15985.jpg,Intermediate,1.0,1.0,0.0,5.639707e-29
testing15986.jpg,Intermediate,1.0,1.0,4.950198e-35,2.0461573e-26
testing15987.jpg,Intermediate,1.0,1.0,0.0,4.9875106e-31
testing15988.jpg,Intermediate,0.9999424,0.9999424,1.2766961e-19,5.7609504e-05
testing15989.jpg,Outside,1.0,1.3664764e-10,9.484517e-22,1.0
testing15990.jpg,Outside,1.0,1.9069127e-10,1.710255e-18,1.0
testing15991.jpg,Nanodomain,1.0,0.0,1.0,0.0
testing15992.jpg,Nanodomain,1.0,0.0,1.0,0.0
testing15993.jpg,Nanodomain,1.0,0.0,1.0,0.0
testing15994.jpg,Nanodomain,1.0,0.0,1.0,0.0
testing15995.jpg,Nanodomain,1.0,0.0,1.0,0.0
testing15996.jpg,Nanodomain,1.0,0.0,1.0,0.0
testing15997.jpg,Nanodomain,1.0,0.0,1.0,0.0
testing15998.jpg,Nanodomain,1.0,0.0,1.0,0.0
testing15999.jpg,Nanodomain,1.0,0.0,1.0,0.0
testing16000.jpg,Nanodomain,1.0,0.0,1.0,0.0
testing16001.jpg,Nanodomain,1.0,1.0452441e-30,1.0,0.0
testing16002.jpg,Nanodomain,1.0,1.6987139e-33,1.0,0.0
testing16003.jpg,Nanodomain,1.0,1.8242091e-38,1.0,0.0
testing16004.jpg,Nanodomain,1.0,3.8325438e-30,1.0,0.0
testing16005.jpg,Nanodomain,1.0,5.508733e-27,1.0,0.0
testing16006.jpg,Nanodomain,1.0,0.0,1.0,0.0
testing16007.jpg,Nanodomain,1.0,8.051357e-33,1.0,0.0
testing16008.jpg,Intermediate,1.0,1.0,2.949643e-15,5.079171e-24
testing16009.jpg,Nanodomain,1.0,9.7319403e-23,1.0,0.0
testing16010.jpg,Nanodomain,1.0,5.1996066e-14,1.0,3.401402e-34
testing16011.jpg,Nanodomain,1.0,8.239881e-30,1.0,0.0
testing16012.jpg,Intermediate,1.0,1.0,3.118846e-29,2.3372473e-27
testing16013.jpg,Nanodomain,0.9999999,6.922268e-08,0.9999999,3.0271256e-28
testing16014.jpg,Nanodomain,1.0,3.0182014e-28,1.0,0.0
testing16015.jpg,Nanodomain,1.0,4.3753463e-09,1.0,7.941439e-29
testing16016.jpg,Nanodomain,1.0,0.0,1.0,0.0
testing16017.jpg,Nanodomain,1.0,0.0,1.0,0.0
testing16018.jpg,Nanodomain,0.9839273,0.016072722,0.9839273,1.2884159e-27
testing16019.jpg,Intermediate,0.7409571,0.7409571,0.2590429,1.02912e-25
testing16020.jpg,Nanodomain,0.99999344,6.5784084e-06,0.99999344,3.981155e-26
testing16021.jpg,Intermediate,0.931677,0.931677,0.06832298,4.5198684e-19
testing16022.jpg,Intermediate,0.99999917,0.99999917,6.163709e-23,8.519244e-07
testing16023.jpg,Intermediate,1.0,1.0,4.8671444e-24,4.907369e-12
testing16024.jpg,Intermediate,1.0,1.0,8.619193e-23,1.1618715e-30
testing16025.jpg,Intermediate,1.0,1.0,1.210358e-11,4.9645524e-27
testing16026.jpg,Intermediate,0.9999994,0.9999994,6.26245e-07,1.00315736e-26
testing16027.jpg,Intermediate,1.0,1.0,4.7071973e-20,7.609464e-29
testing16028.jpg,Intermediate,1.0,1.0,4.246762e-20,2.4454158e-29
testing16029.jpg,Intermediate,1.0,1.0,8.857702e-27,6.2950473e-31
testing16030.jpg,Intermediate,1.0,1.0,6.198287e-21,8.856182e-27
testing16031.jpg,Intermediate,1.0,1.0,4.7329526e-32,2.11902e-30
testing16032.jpg,Intermediate,1.0,1.0,2.213004e-35,1.2748334e-33
testing16033.jpg,Intermediate,1.0,1.0,0.0,8.198665e-34
testing16034.jpg,Intermediate,1.0,1.0,3.731989e-28,1.8498007e-15
testing16035.jpg,Outside,1.0,1.503971e-09,8.86165e-21,1.0
testing16036.jpg,Intermediate,1.0,1.0,6.605789e-24,1.9157328e-16
testing16037.jpg,Outside,1.0,1.2478383e-30,1.6324995e-30,1.0
testing16038.jpg,Outside,1.0,8.815279e-31,2.81873e-28,1.0
testing16039.jpg,Outside,1.0,4.3859603e-23,3.6192453e-24,1.0
testing16040.jpg,Outside,1.0,6.856605e-31,4.0516056e-29,1.0
testing16041.jpg,Outside,1.0,2.1200107e-26,3.5683812e-26,1.0
testing16042.jpg,Outside,1.0,1.1213747e-30,1.4506623e-31,1.0
testing16043.jpg,Outside,1.0,2.3361521e-26,1.2440182e-28,1.0
testing16044.jpg,Outside,1.0,2.863742e-20,4.4429427e-24,1.0
testing16045.jpg,Outside,1.0,1.4421069e-28,1.6000466e-28,1.0
testing16046.jpg,Outside,1.0,4.3706523e-27,2.712206e-27,1.0
testing16047.jpg,Outside,1.0,2.127733e-25,3.5033945e-27,1.0
testing16048.jpg,Outside,1.0,8.3300714e-32,3.6613221e-31,1.0
testing16049.jpg,Outside,1.0,4.1143235e-30,1.5690562e-29,1.0
testing16050.jpg,Outside,1.0,3.873843e-32,1.9434478e-29,1.0
testing16051.jpg,Outside,1.0,1.5840673e-29,1.00756734e-28,1.0
testing16052.jpg,Outside,1.0,8.594717e-19,9.707696e-22,1.0
testing16053.jpg,Nanodomain,1.0,0.0,1.0,0.0
testing16054.jpg,Nanodomain,1.0,0.0,1.0,0.0
testing16055.jpg,Nanodomain,1.0,4.652689e-37,1.0,0.0
testing16056.jpg,Nanodomain,1.0,0.0,1.0,0.0
testing16057.jpg,Nanodomain,1.0,1.5431506e-38,1.0,0.0
testing16058.jpg,Nanodomain,1.0,0.0,1.0,0.0
testing16059.jpg,Nanodomain,1.0,0.0,1.0,0.0
testing16060.jpg,Nanodomain,1.0,0.0,1.0,0.0
testing16061.jpg,Nanodomain,1.0,0.0,1.0,0.0
testing16062.jpg,Nanodomain,1.0,3.2236982e-36,1.0,0.0
testing16063.jpg,Nanodomain,1.0,5.6265075e-31,1.0,0.0
testing16064.jpg,Nanodomain,1.0,2.4015703e-35,1.0,0.0
testing16065.jpg,Intermediate,1.0,1.0,2.4284726e-26,4.861303e-15
testing16066.jpg,Outside,0.9966904,0.0033095933,4.8359493e-13,0.9966904
testing16067.jpg,Intermediate,0.99859697,0.99859697,2.864807e-16,0.0014030469
testing16068.jpg,Intermediate,1.0,1.0,2.0780274e-29,4.4119286e-19
testing16069.jpg,Intermediate,1.0,1.0,4.0563574e-27,9.242576e-13
testing16070.jpg,Outside,1.0,1.0434481e-10,3.9312423e-19,1.0
testing16071.jpg,Outside,0.99998057,1.947341e-05,6.900355e-20,0.99998057
testing16072.jpg,Outside,0.99998915,1.0804568e-05,1.3910158e-20,0.99998915
testing16073.jpg,Outside,1.0,1.11397544e-26,3.2760767e-28,1.0
testing16074.jpg,Outside,1.0,3.236574e-14,1.7947717e-21,1.0
testing16075.jpg,Outside,1.0,3.7717482e-28,7.652263e-27,1.0
testing16076.jpg,Outside,1.0,7.147054e-25,2.9613727e-27,1.0
testing16077.jpg,Outside,1.0,2.2607444e-20,5.6293085e-20,1.0
testing16078.jpg,Outside,1.0,1.1159234e-26,6.687092e-26,1.0
testing16079.jpg,Outside,1.0,5.2813537e-08,3.4817187e-19,1.0
testing16080.jpg,Outside,1.0,7.865521e-22,8.617348e-24,1.0
testing16081.jpg,Outside,1.0,2.491162e-32,2.2308686e-30,1.0
testing16082.jpg,Outside,1.0,8.6347623e-11,7.765428e-17,1.0
testing16083.jpg,Outside,1.0,3.7423495e-15,2.360168e-25,1.0
testing16084.jpg,Intermediate,0.99897146,0.99897146,1.4554861e-16,0.0010285014
testing16085.jpg,Outside,0.9977532,0.0022468294,8.0529605e-19,0.9977532
testing16086.jpg,Intermediate,1.0,1.0,1.0038108e-22,3.3314655e-09
testing16087.jpg,Intermediate,1.0,1.0,5.700543e-32,1.3046035e-16
testing16088.jpg,Outside,0.99999976,2.831309e-07,4.7071963e-20,0.99999976
testing16089.jpg,Outside,0.9999987,1.2854374e-06,6.1715113e-25,0.9999987
testing16090.jpg,Outside,1.0,1.610073e-09,1.6334315e-18,1.0
testing16091.jpg,Outside,1.0,3.7899794e-20,8.350267e-26,1.0
testing16092.jpg,Outside,1.0,2.781455e-11,1.7588033e-20,1.0
testing16093.jpg,Intermediate,0.72503835,0.72503835,3.8779332e-17,0.27496162
testing16094.jpg,Outside,0.931614,0.06838598,8.4926964e-18,0.931614
testing16095.jpg,Nanodomain,1.0,0.0,1.0,0.0
testing16096.jpg,Nanodomain,1.0,0.0,1.0,0.0
testing16097.jpg,Nanodomain,1.0,0.0,1.0,0.0
testing16098.jpg,Nanodomain,1.0,0.0,1.0,0.0
testing16099.jpg,Nanodomain,1.0,0.0,1.0,0.0
testing16100.jpg,Nanodomain,1.0,0.0,1.0,0.0
testing16101.jpg,Nanodomain,1.0,0.0,1.0,0.0
testing16102.jpg,Nanodomain,1.0,0.0,1.0,0.0
testing16103.jpg,Nanodomain,1.0,0.0,1.0,0.0
testing16104.jpg,Nanodomain,1.0,0.0,1.0,0.0
testing16105.jpg,Nanodomain,1.0,0.0,1.0,0.0
testing16106.jpg,Nanodomain,1.0,0.0,1.0,0.0
testing16107.jpg,Nanodomain,1.0,0.0,1.0,0.0
testing16108.jpg,Outside,1.0,2.0309315e-18,1.2169115e-22,1.0
testing16109.jpg,Outside,1.0,9.297097e-22,6.329521e-26,1.0
testing16110.jpg,Outside,1.0,2.5191755e-29,1.8713987e-30,1.0
testing16111.jpg,Outside,1.0,2.4606485e-15,1.3301419e-23,1.0
testing16112.jpg,Outside,1.0,1.2771866e-22,6.171039e-28,1.0
testing16113.jpg,Outside,1.0,3.4476848e-12,9.926437e-20,1.0
testing16114.jpg,Intermediate,0.9999082,0.9999082,1.1842997e-14,9.1836206e-05
testing16115.jpg,Outside,1.0,3.734941e-11,3.1507114e-16,1.0
testing16116.jpg,Outside,0.9152492,0.08475071,1.2344924e-12,0.9152492
testing16117.jpg,Outside,1.0,2.7800346e-14,6.4216693e-19,1.0
testing16118.jpg,Nanodomain,1.0,0.0,1.0,0.0
testing16119.jpg,Nanodomain,1.0,0.0,1.0,0.0
testing16120.jpg,Nanodomain,1.0,0.0,1.0,0.0
testing16121.jpg,Nanodomain,1.0,0.0,1.0,0.0
testing16122.jpg,Nanodomain,1.0,0.0,1.0,0.0
testing16123.jpg,Nanodomain,1.0,0.0,1.0,0.0
testing16124.jpg,Nanodomain,1.0,0.0,1.0,0.0
testing16125.jpg,Nanodomain,1.0,0.0,1.0,0.0
testing16126.jpg,Nanodomain,1.0,0.0,1.0,0.0
testing16127.jpg,Nanodomain,1.0,0.0,1.0,0.0
testing16128.jpg,Nanodomain,1.0,0.0,1.0,0.0
testing16129.jpg,Nanodomain,1.0,2.9117605e-19,1.0,1.930223e-36
testing16130.jpg,Nanodomain,1.0,0.0,1.0,0.0
testing16131.jpg,Nanodomain,1.0,0.0,1.0,0.0
testing16132.jpg,Nanodomain,1.0,0.0,1.0,0.0
testing16133.jpg,Nanodomain,1.0,0.0,1.0,0.0
testing16134.jpg,Nanodomain,1.0,0.0,1.0,0.0
testing16135.jpg,Nanodomain,1.0,0.0,1.0,0.0
testing16136.jpg,Nanodomain,1.0,0.0,1.0,0.0
testing16137.jpg,Nanodomain,1.0,0.0,1.0,0.0
testing16138.jpg,Nanodomain,1.0,0.0,1.0,0.0
testing16139.jpg,Nanodomain,1.0,5.246024e-08,1.0,5.8410084e-31
testing16140.jpg,Nanodomain,1.0,1.9904195e-18,1.0,0.0
testing16141.jpg,Nanodomain,1.0,3.4113645e-14,1.0,3.439011e-37
testing16142.jpg,Nanodomain,1.0,0.0,1.0,0.0
testing16143.jpg,Nanodomain,1.0,3.69515e-32,1.0,0.0
testing16144.jpg,Nanodomain,1.0,0.0,1.0,0.0
testing16145.jpg,Nanodomain,1.0,0.0,1.0,0.0
testing16146.jpg,Nanodomain,1.0,3.1696137e-16,1.0,0.0
testing16147.jpg,Intermediate,1.0,1.0,4.3121023e-08,5.455832e-24
testing16148.jpg,Nanodomain,0.9999981,1.8492801e-06,0.9999981,7.2324974e-26
testing16149.jpg,Nanodomain,1.0,1.5781096e-20,1.0,0.0
testing16150.jpg,Intermediate,1.0,1.0,3.7500644e-31,1.7645316e-32
testing16151.jpg,Intermediate,1.0,1.0,5.846229e-22,2.9087333e-24
testing16152.jpg,Intermediate,1.0,1.0,7.678804e-22,1.3893846e-23
testing16153.jpg,Intermediate,1.0,1.0,4.679311e-32,9.962045e-30
testing16154.jpg,Intermediate,1.0,1.0,3.5035776e-14,1.27562495e-20
testing16155.jpg,Intermediate,1.0,1.0,5.9340654e-35,7.561603e-29
testing16156.jpg,Intermediate,1.0,1.0,5.811588e-29,1.3251527e-24
testing16157.jpg,Intermediate,1.0,1.0,7.3064355e-35,4.36851e-31
testing16158.jpg,Intermediate,1.0,1.0,7.2350284e-32,6.943888e-31
testing16159.jpg,Intermediate,1.0,1.0,0.0,3.305661e-38
testing16160.jpg,Intermediate,1.0,1.0,8.679359e-34,2.1859512e-30
testing16161.jpg,Intermediate,1.0,1.0,1.6940506e-30,3.3652747e-28
testing16162.jpg,Intermediate,1.0,1.0,3.7292725e-27,2.802149e-25
testing16163.jpg,Intermediate,1.0,1.0,3.7600456e-25,1.8009818e-25
testing16164.jpg,Intermediate,1.0,1.0,3.3304216e-29,6.998797e-18
testing16165.jpg,Intermediate,1.0,1.0,0.0,2.1116585e-32
testing16166.jpg,Intermediate,1.0,1.0,2.8206302e-38,4.6262387e-26
testing16167.jpg,Intermediate,1.0,1.0,2.67168e-31,2.0750871e-23
testing16168.jpg,Intermediate,1.0,1.0,9.464777e-31,2.582983e-21
testing16169.jpg,Outside,0.9918617,0.008138316,5.18371e-18,0.9918617
testing16170.jpg,Intermediate,1.0,1.0,1.20351445e-29,6.07132e-14
testing16171.jpg,Intermediate,0.9998759,0.9998759,4.7803795e-22,0.00012413075
testing16172.jpg,Outside,1.0,6.834438e-30,5.3823085e-29,1.0
testing16173.jpg,Outside,1.0,5.909087e-26,4.217059e-27,1.0
testing16174.jpg,Intermediate,1.0,1.0,7.9225054e-27,1.4661667e-17
testing16175.jpg,Intermediate,1.0,1.0,1.7381616e-26,2.1105712e-17
testing16176.jpg,Intermediate,1.0,1.0,3.316496e-17,1.5530763e-25
testing16177.jpg,Intermediate,1.0,1.0,1.6155074e-29,2.6578378e-29
testing16178.jpg,Intermediate,1.0,1.0,3.2775914e-34,1.7683204e-30
testing16179.jpg,Intermediate,1.0,1.0,5.554148e-25,3.2805854e-24
testing16180.jpg,Outside,1.0,2.754681e-08,6.6896706e-18,1.0
testing16181.jpg,Intermediate,1.0,1.0,1.626201e-33,3.1253117e-30
testing16182.jpg,Intermediate,1.0,1.0,1.7107552e-28,5.978315e-16
testing16183.jpg,Intermediate,1.0,1.0,8.911215e-35,2.7408225e-24
testing16184.jpg,Nanodomain,1.0,0.0,1.0,0.0
testing16185.jpg,Nanodomain,1.0,0.0,1.0,0.0
testing16186.jpg,Nanodomain,1.0,5.844543e-34,1.0,0.0
testing16187.jpg,Nanodomain,1.0,0.0,1.0,0.0
testing16188.jpg,Nanodomain,1.0,0.0,1.0,0.0
testing16189.jpg,Nanodomain,1.0,1.11493875e-29,1.0,0.0
testing16190.jpg,Nanodomain,1.0,4.2232743e-34,1.0,0.0
testing16191.jpg,Nanodomain,1.0,2.692226e-14,1.0,1.0781537e-35
testing16192.jpg,Intermediate,1.0,1.0,2.4917273e-36,7.6372223e-25
testing16193.jpg,Intermediate,1.0,1.0,3.0300205e-24,2.1592271e-08
testing16194.jpg,Intermediate,1.0,1.0,8.482516e-32,4.777334e-19
testing16195.jpg,Outside,1.0,1.1366104e-25,4.6665085e-26,1.0
testing16196.jpg,Outside,1.0,1.4234298e-15,1.9290663e-22,1.0
testing16197.jpg,Outside,1.0,1.04918484e-19,9.889971e-26,1.0
testing16198.jpg,Outside,1.0,2.7567812e-17,1.6954539e-22,1.0
testing16199.jpg,Outside,1.0,2.5095281e-09,3.225591e-22,1.0
testing16200.jpg,Outside,1.0,1.6066799e-24,7.955572e-28,1.0
testing16201.jpg,Outside,0.99999964,3.6794694e-07,1.716123e-18,0.99999964
testing16202.jpg,Outside,1.0,9.8044566e-11,1.0735085e-19,1.0
testing16203.jpg,Intermediate,1.0,1.0,8.967932e-26,2.1373636e-11
testing16204.jpg,Intermediate,0.93357164,0.93357164,6.330905e-15,0.06642835
testing16205.jpg,Intermediate,0.9979674,0.9979674,5.838182e-20,0.0020325119
testing16206.jpg,Outside,0.9999999,6.490342e-08,2.1774397e-20,0.9999999
testing16207.jpg,Outside,1.0,6.7861503e-09,2.4633052e-16,1.0
testing16208.jpg,Outside,1.0,7.2814164e-14,7.5089776e-20,1.0
testing16209.jpg,Outside,1.0,6.990945e-20,1.662875e-24,1.0
testing16210.jpg,Intermediate,1.0,1.0,9.674645e-37,2.8797863e-23
testing16211.jpg,Outside,1.0,3.1325263e-19,1.68486e-23,1.0
testing16212.jpg,Intermediate,1.0,1.0,1.8741501e-29,9.510315e-14
testing16213.jpg,Outside,1.0,1.7997154e-09,8.4757475e-19,1.0
testing16214.jpg,Outside,1.0,1.3378488e-12,1.2571958e-19,1.0
testing16215.jpg,Outside,0.9999386,6.1407336e-05,1.9744385e-19,0.9999386
testing16216.jpg,Intermediate,1.0,1.0,2.5165704e-23,1.2029279e-09
testing16217.jpg,Outside,1.0,7.871961e-18,1.3460633e-22,1.0
testing16218.jpg,Intermediate,0.9980488,0.9980488,1.1280746e-18,0.0019511794
testing16219.jpg,Outside,1.0,1.1161656e-08,4.7823825e-20,1.0
testing16220.jpg,Outside,1.0,4.7445325e-20,9.75237e-25,1.0
testing16221.jpg,Outside,1.0,1.9482042e-23,1.0243224e-25,1.0
testing16222.jpg,Outside,1.0,5.0091744e-22,1.5617808e-24,1.0
testing16223.jpg,Nanodomain,1.0,0.0,1.0,0.0
testing16224.jpg,Nanodomain,1.0,0.0,1.0,0.0
testing16225.jpg,Nanodomain,1.0,0.0,1.0,0.0
testing16226.jpg,Nanodomain,1.0,0.0,1.0,0.0
testing16227.jpg,Nanodomain,1.0,0.0,1.0,0.0
testing16228.jpg,Nanodomain,1.0,0.0,1.0,0.0
testing16229.jpg,Nanodomain,1.0,0.0,1.0,0.0
testing16230.jpg,Nanodomain,1.0,0.0,1.0,0.0
testing16231.jpg,Nanodomain,1.0,0.0,1.0,0.0
testing16232.jpg,Nanodomain,1.0,0.0,1.0,0.0
testing16233.jpg,Nanodomain,1.0,0.0,1.0,0.0
testing16234.jpg,Nanodomain,1.0,0.0,1.0,0.0
testing16235.jpg,Outside,1.0,2.5539785e-23,3.1170002e-23,1.0
testing16236.jpg,Outside,1.0,7.1237443e-09,1.1567138e-17,1.0
testing16237.jpg,Outside,1.0,5.6996015e-08,1.7852325e-21,1.0
testing16238.jpg,Outside,1.0,4.782874e-13,2.2805801e-20,1.0
testing16239.jpg,Outside,0.61538184,0.38461822,1.8963065e-21,0.61538184
testing16240.jpg,Outside,0.7044032,0.29559678,5.091206e-18,0.7044032
testing16241.jpg,Intermediate,1.0,1.0,1.3008631e-21,3.924643e-11
testing16242.jpg,Intermediate,1.0,1.0,1.6139011e-20,3.4474236e-11
testing16243.jpg,Intermediate,1.0,1.0,2.541857e-24,1.3542211e-15
testing16244.jpg,Intermediate,0.9999032,0.9999032,1.6391654e-18,9.680548e-05
testing16245.jpg,Intermediate,1.0,1.0,3.8234794e-28,5.943779e-22
testing16246.jpg,Nanodomain,1.0,0.0,1.0,0.0
testing16247.jpg,Nanodomain,1.0,0.0,1.0,0.0
testing16248.jpg,Nanodomain,1.0,0.0,1.0,0.0
testing16249.jpg,Nanodomain,1.0,0.0,1.0,0.0
testing16250.jpg,Nanodomain,1.0,0.0,1.0,0.0
testing16251.jpg,Nanodomain,1.0,0.0,1.0,0.0
testing16252.jpg,Nanodomain,1.0,0.0,1.0,0.0
testing16253.jpg,Nanodomain,1.0,0.0,1.0,0.0
testing16254.jpg,Nanodomain,1.0,0.0,1.0,0.0
testing16255.jpg,Nanodomain,1.0,0.0,1.0,0.0
testing16256.jpg,Nanodomain,1.0,0.0,1.0,0.0
testing16257.jpg,Nanodomain,1.0,0.0,1.0,0.0
testing16258.jpg,Nanodomain,1.0,0.0,1.0,0.0
testing16259.jpg,Nanodomain,1.0,0.0,1.0,0.0
testing16260.jpg,Nanodomain,1.0,0.0,1.0,0.0
testing16261.jpg,Nanodomain,1.0,0.0,1.0,0.0
testing16262.jpg,Nanodomain,1.0,0.0,1.0,0.0
testing16263.jpg,Nanodomain,1.0,0.0,1.0,0.0
testing16264.jpg,Nanodomain,1.0,0.0,1.0,0.0
testing16265.jpg,Nanodomain,1.0,0.0,1.0,0.0
testing16266.jpg,Nanodomain,1.0,0.0,1.0,0.0
testing16267.jpg,Nanodomain,1.0,0.0,1.0,0.0
testing16268.jpg,Nanodomain,0.9999914,8.6048785e-06,0.9999914,3.3974945e-27
testing16269.jpg,Nanodomain,1.0,4.5765955e-20,1.0,0.0
testing16270.jpg,Nanodomain,1.0,6.81503e-11,1.0,8.173016e-37
testing16271.jpg,Nanodomain,1.0,0.0,1.0,0.0
testing16272.jpg,Nanodomain,1.0,0.0,1.0,0.0
testing16273.jpg,Nanodomain,1.0,0.0,1.0,0.0
testing16274.jpg,Nanodomain,1.0,0.0,1.0,0.0
testing16275.jpg,Nanodomain,1.0,4.073547e-38,1.0,0.0
testing16276.jpg,Nanodomain,1.0,2.2242547e-25,1.0,0.0
testing16277.jpg,Nanodomain,1.0,3.0905443e-34,1.0,0.0
testing16278.jpg,Nanodomain,1.0,4.2536258e-10,1.0,1.4515956e-34
testing16279.jpg,Intermediate,1.0,1.0,5.546484e-32,1.0092851e-24
testing16280.jpg,Intermediate,1.0,1.0,0.0,1.0556294e-32
testing16281.jpg,Intermediate,1.0,1.0,7.198459e-27,1.7661919e-13
testing16282.jpg,Intermediate,1.0,1.0,6.323794e-28,5.5128225e-23
testing16283.jpg,Intermediate,1.0,1.0,8.872052e-32,3.3248827e-24
testing16284.jpg,Intermediate,1.0,1.0,3.0617673e-29,1.467629e-22
testing16285.jpg,Intermediate,1.0,1.0,1.08309315e-33,3.261407e-24
testing16286.jpg,Intermediate,1.0,1.0,5.795819e-31,2.3377032e-26
testing16287.jpg,Intermediate,1.0,1.0,2.8396523e-31,4.526919e-20
testing16288.jpg,Intermediate,1.0,1.0,6.0713176e-26,1.1468807e-17
testing16289.jpg,Intermediate,1.0,1.0,6.2000256e-32,2.254121e-21
testing16290.jpg,Intermediate,1.0,1.0,6.975938e-30,1.3802362e-14
testing16291.jpg,Intermediate,1.0,1.0,2.2377361e-32,1.3505267e-16
testing16292.jpg,Intermediate,0.98462313,0.98462313,7.37883e-21,0.015376904
testing16293.jpg,Intermediate,1.0,1.0,1.6738291e-30,4.1068263e-16
testing16294.jpg,Intermediate,1.0,1.0,2.8166626e-23,1.097767e-09
testing16295.jpg,Intermediate,1.0,1.0,1.9577874e-28,1.4891572e-19
testing16296.jpg,Outside,0.9207255,0.07927441,5.0213077e-18,0.9207255
testing16297.jpg,Outside,1.0,5.109196e-16,4.0648965e-25,1.0
testing16298.jpg,Outside,1.0,2.5428462e-24,2.059787e-23,1.0
testing16299.jpg,Intermediate,1.0,1.0,5.69548e-24,5.247425e-08
testing16300.jpg,Intermediate,1.0,1.0,7.681377e-31,2.2792882e-24
testing16301.jpg,Intermediate,1.0,1.0,2.0874894e-37,2.7685578e-21
testing16302.jpg,Intermediate,1.0,1.0,9.4463834e-23,2.9495732e-24
testing16303.jpg,Outside,0.9999801,1.9926112e-05,3.0193688e-16,0.9999801
testing16304.jpg,Intermediate,1.0,1.0,1.1954379e-30,6.092435e-17
testing16305.jpg,Intermediate,1.0,1.0,1.4929595e-38,5.4996807e-28
testing16306.jpg,Intermediate,1.0,1.0,1.8315047e-28,1.5338866e-19
testing16307.jpg,Intermediate,1.0,1.0,1.145204e-21,1.65944e-17
testing16308.jpg,Outside,1.0,3.1407505e-09,3.4312684e-21,1.0
testing16309.jpg,Outside,0.9999981,1.8643905e-06,2.8370762e-19,0.9999981
testing16310.jpg,Outside,1.0,1.059851e-30,1.0552049e-28,1.0
testing16311.jpg,Outside,1.0,6.0856586e-15,1.3782695e-20,1.0
testing16312.jpg,Outside,0.99999404,5.9548893e-06,1.8697843e-20,0.99999404
testing16313.jpg,Intermediate,1.0,1.0,8.607883e-32,1.2977458e-28
testing16314.jpg,Nanodomain,1.0,0.0,1.0,0.0
testing16315.jpg,Intermediate,1.0,1.0,8.45745e-23,2.6221613e-26
testing16316.jpg,Nanodomain,1.0,4.1383093e-09,1.0,7.551145e-35
testing16317.jpg,Nanodomain,1.0,1.551033e-26,1.0,0.0
testing16318.jpg,Intermediate,1.0,1.0,1.1717057e-34,4.5069357e-33
testing16319.jpg,Intermediate,1.0,1.0,4.7402047e-29,8.5504196e-16
testing16320.jpg,Intermediate,1.0,1.0,2.271158e-37,2.224011e-23
testing16321.jpg,Outside,0.9987037,0.0012962772,1.7664683e-20,0.9987037
testing16322.jpg,Intermediate,1.0,1.0,3.0734193e-31,2.3322337e-19
testing16323.jpg,Intermediate,1.0,1.0,1.1122894e-34,9.372084e-23
testing16324.jpg,Intermediate,1.0,1.0,2.6371025e-30,1.1776357e-16
testing16325.jpg,Intermediate,1.0,1.0,4.3008995e-30,3.1193039e-18
testing16326.jpg,Outside,0.9991923,0.0008076599,1.1569837e-17,0.9991923
testing16327.jpg,Intermediate,1.0,1.0,4.6698848e-29,7.2424664e-14
testing16328.jpg,Intermediate,0.98494786,0.98494786,4.268464e-20,0.01505207
testing16329.jpg,Intermediate,1.0,1.0,3.9123335e-26,1.2245669e-11
testing16330.jpg,Intermediate,0.68082786,0.68082786,1.0621853e-16,0.31917217
testing16331.jpg,Intermediate,1.0,1.0,1.48465895e-27,1.0452726e-14
testing16332.jpg,Intermediate,0.9999962,0.9999962,1.9844431e-20,3.8058636e-06
testing16333.jpg,Outside,0.99999976,2.0162122e-07,1.9286483e-20,0.99999976
testing16334.jpg,Outside,1.0,1.1028551e-26,1.4143658e-27,1.0
testing16335.jpg,Outside,1.0,1.8896598e-18,3.0768136e-21,1.0
testing16336.jpg,Outside,1.0,7.662444e-23,3.3516247e-24,1.0
testing16337.jpg,Outside,1.0,4.59123e-28,8.7805855e-29,1.0
testing16338.jpg,Outside,1.0,3.2600826e-20,3.7822552e-26,1.0
testing16339.jpg,Outside,0.9994894,0.0005105338,7.773765e-16,0.9994894
testing16340.jpg,Outside,0.9999999,7.255278e-08,6.671451e-17,0.9999999
testing16341.jpg,Outside,1.0,8.40436e-21,4.881738e-25,1.0
testing16342.jpg,Nanodomain,1.0,0.0,1.0,0.0
testing16343.jpg,Nanodomain,1.0,0.0,1.0,0.0
testing16344.jpg,Nanodomain,1.0,0.0,1.0,0.0
testing16345.jpg,Outside,1.0,3.7341786e-11,1.6821498e-23,1.0
testing16346.jpg,Outside,0.99864537,0.0013546764,1.813616e-18,0.99864537
testing16347.jpg,Outside,1.0,5.5241064e-23,8.632318e-24,1.0
testing16348.jpg,Outside,1.0,1.6263608e-27,1.933193e-28,1.0
testing16349.jpg,Nanodomain,1.0,0.0,1.0,0.0
testing16350.jpg,Nanodomain,1.0,0.0,1.0,0.0
testing16351.jpg,Nanodomain,1.0,0.0,1.0,0.0
testing16352.jpg,Nanodomain,1.0,0.0,1.0,0.0
testing16353.jpg,Nanodomain,1.0,0.0,1.0,0.0
testing16354.jpg,Nanodomain,1.0,0.0,1.0,0.0
testing16355.jpg,Nanodomain,1.0,0.0,1.0,0.0
testing16356.jpg,Nanodomain,1.0,0.0,1.0,0.0
testing16357.jpg,Nanodomain,1.0,0.0,1.0,0.0
testing16358.jpg,Nanodomain,1.0,0.0,1.0,0.0
testing16359.jpg,Nanodomain,1.0,0.0,1.0,0.0
testing16360.jpg,Nanodomain,1.0,0.0,1.0,0.0
testing16361.jpg,Nanodomain,1.0,0.0,1.0,0.0
testing16362.jpg,Nanodomain,1.0,0.0,1.0,0.0
testing16363.jpg,Outside,1.0,1.938551e-24,2.0605001e-25,1.0
testing16364.jpg,Outside,1.0,6.8063835e-17,4.5448276e-20,1.0
testing16365.jpg,Outside,1.0,8.291328e-25,6.756974e-24,1.0
testing16366.jpg,Outside,1.0,4.9848095e-16,6.454028e-22,1.0
testing16367.jpg,Outside,1.0,2.962778e-13,4.6425703e-20,1.0
testing16368.jpg,Intermediate,0.9999989,0.9999989,5.523113e-22,1.1004635e-06
testing16369.jpg,Intermediate,1.0,1.0,7.204772e-36,1.8073951e-26
testing16370.jpg,Intermediate,1.0,1.0,2.2310752e-28,1.1666951e-22
testing16371.jpg,Intermediate,1.0,1.0,6.8213896e-22,2.1306457e-09
testing16372.jpg,Intermediate,1.0,1.0,2.3142822e-38,1.9853145e-27
testing16373.jpg,Intermediate,1.0,1.0,6.067686e-25,1.3939155e-27
testing16374.jpg,Nanodomain,1.0,0.0,1.0,0.0
testing16375.jpg,Nanodomain,1.0,0.0,1.0,0.0
testing16376.jpg,Nanodomain,1.0,0.0,1.0,0.0
testing16377.jpg,Nanodomain,1.0,0.0,1.0,0.0
testing16378.jpg,Nanodomain,1.0,0.0,1.0,0.0
testing16379.jpg,Nanodomain,1.0,0.0,1.0,0.0
testing16380.jpg,Nanodomain,1.0,0.0,1.0,0.0
testing16381.jpg,Nanodomain,1.0,0.0,1.0,0.0
testing16382.jpg,Nanodomain,1.0,0.0,1.0,0.0
testing16383.jpg,Nanodomain,1.0,0.0,1.0,0.0
testing16384.jpg,Nanodomain,1.0,0.0,1.0,0.0
